5573;
2898;
5058;
(6260,9237);
(1439,7473);
3031;
8539;
9662;
195;
13116;
15106;
13886;
428;
13640;
6359;
2676;
8062;
15091;
13004;
15470;
14079;
4167;
2393;
563;
8049;
4601;
4703;
234;
543;
12757;
7112;
2851;
12889;
3937;
9527;
5254;
10917;
2735;
530;
11272;
4695;
14257;
9580;
7008;
8799;
6223;
2918;
4308;
7899;
7858;
9983;
3362;
15145;
11138;
2477;
14845;
9345;
697;
5873;
7721;
10998;
6092;
4605;
14721;
12309;
8782;
(2464,11975);
(227,5742);
5616;
8348;
4750;
7992;
2267;
589;
13287;
830;
13230;
14070;
15541;
(1090,14741);
14077;
9668;
12153;
224;
15580;
803;
3006;
3234;
7227;
6039;
11433;
5032;
409;
8815;
5442;
12964;
13884;
8137;
2281;
6560;
10897;
2485;
3272;
10405;
712;
3980;
12150;
14869;
(657,6371);
4237;
2087;
(6626,13781);
4185;
6353;
7803;
14365;
10603;
7005;
(8011,15125);
13107;
6246;
12327;
11349;
5425;
9027;
7820;
8449;
3211;
13233;
10394;
1473;
10698;
5435;
8475;
15083;
2092;
1368;
12539;
10433;
5209;
12025;
4974;
6261;
12041;
1048;
7204;
3925;
2588;
969;
11306;
4092;
4179;
14144;
6706;
5981;
12573;
10064;
1926;
3290;
6082;
15195;
8832;
9644;
(11484,(594,14166));
12151;
(168,11067);
12268;
3337;
12131;
7374;
15056;
(1796,15495);
9436;
4216;
9795;
398;
5008;
1660;
672;
3571;
14914;
4050;
3430;
1003;
12457;
7162;
9117;
2056;
12711;
5188;
9139;
3507;
(12420,(5267,14352));
15254;
2025;
(8841,12253);
4885;
7188;
2041;
(11914,(6787,7293));
12579;
12622;
9790;
11562;
7122;
14922;
(6017,(6719,14155));
3593;
12898;
10250;
2782;
2299;
(480,1868);
15050;
12923;
2659;
13284;
925;
13157;
14206;
10018;
14283;
(4904,(2804,9683));
6061;
12721;
7325;
1986;
3212;
13718;
8261;
7906;
4356;
12062;
8620;
3459;
(2438,(8111,13328));
4681;
9406;
538;
6570;
2870;
9612;
14959;
6220;
13616;
11270;
12332;
12232;
14657;
(4623,14184);
3018;
1924;
2690;
11818;
(4031,5245);
9714;
8573;
14447;
9547;
447;
(1259,11677);
7015;
5103;
(1553,12247);
11495;
6995;
1483;
555;
6069;
6689;
8596;
3812;
4765;
2884;
10761;
14379;
(6766,(1667,(2668,7764)));
12121;
2912;
12434;
13255;
13008;
13305;
9797;
6594;
4662;
4632;
9684;
8588;
11352;
11777;
3228;
8584;
5960;
2969;
8402;
12285;
1129;
2424;
1725;
(2842,3173);
6207;
1413;
11865;
7883;
12921;
2787;
(7048,10101);
7353;
176;
9890;
15208;
8606;
3979;
3839;
((8016,(7172,8502)),((5566,15396),(1237,11982)));
12818;
7674;
10274;
3940;
10894;
15314;
14863;
7164;
4503;
3608;
13558;
6235;
14006;
11845;
(11448,11970);
13119;
4181;
5179;
(6674,14947);
1196;
4016;
11671;
3759;
14661;
4969;
10365;
11395;
2481;
11342;
4466;
9460;
620;
12383;
15673;
(7315,13977);
(4766,9183);
(7428,10498);
6319;
4985;
14667;
12876;
15478;
9876;
2789;
1241;
8529;
8959;
14557;
11287;
1678;
11869;
8550;
4913;
1252;
3525;
5730;
11555;
5416;
1694;
1625;
2655;
5620;
9159;
14496;
10659;
11647;
6975;
15381;
232;
8851;
11571;
13982;
(2917,3481);
14569;
12916;
63;
9225;
12891;
((1461,5449),(5782,15454));
((14525,15286),(6897,8727));
9274;
7779;
9681;
11921;
4992;
8536;
4279;
9906;
4622;
5140;
14047;
5729;
11361;
2985;
5757;
(1041,13303);
14696;
13814;
7080;
7551;
13216;
15139;
2218;
(11620,13956);
12081;
14968;
2712;
11102;
3431;
4409;
(3577,14580);
8248;
5496;
8725;
10040;
13061;
10889;
3852;
2398;
11078;
14592;
(8726,14465);
7079;
12014;
9695;
7556;
6113;
3562;
3097;
10902;
6934;
10148;
12650;
6810;
14583;
1107;
971;
14432;
(4802,12393);
(1808,9286);
6341;
5549;
1150;
1540;
8099;
5520;
13641;
14278;
3295;
11704;
13313;
5665;
12339;
7602;
(1341,8734);
4110;
14391;
4070;
15496;
8740;
(6833,(1303,15350));
2026;
7493;
4825;
11021;
1396;
1111;
7082;
(10150,14540);
3628;
343;
5198;
694;
15241;
8399;
3059;
7724;
(4481,(5564,(4084,11318)));
11337;
(7136,9653);
5099;
5618;
2630;
9136;
14789;
10616;
1642;
11103;
6664;
3101;
7155;
12488;
13286;
6432;
15275;
7488;
8776;
12462;
9018;
10898;
15274;
10753;
1561;
10194;
8544;
349;
6701;
11651;
9748;
9658;
4884;
(3874,12011);
15395;
8572;
21;
6497;
((9545,(11931,14271)),(3993,9218));
12206;
(7889,14523);
12776;
313;
(15122,(2171,13822));
2642;
5461;
6459;
(3249,7355);
(6494,12764);
4250;
13503;
2258;
13777;
11013;
(11220,15507);
13676;
12428;
(5306,6193);
10369;
4967;
5462;
15503;
12920;
2162;
(8309,(10381,12087));
9397;
14224;
2350;
1856;
8912;
15033;
14700;
3040;
4132;
4777;
(2704,6051);
7034;
(337,(8910,9212));
(7548,(12529,(1208,(6881,(4933,5535)))));
(2186,12576);
(5633,14474);
3354;
7595;
(1921,9920);
12004;
8077;
4906;
8744;
1264;
14864;
10260;
4249;
7431;
7716;
11164;
14126;
(3603,14122);
3708;
14030;
350;
9973;
14401;
5944;
5662;
1944;
4542;
6134;
13173;
(4101,13667);
13540;
10257;
12058;
15336;
5214;
(7137,14358);
2871;
(12511,(569,1582));
5068;
(2608,7988);
3720;
13183;
7925;
11027;
10315;
7126;
11288;
3446;
(3462,6499);
864;
13769;
6695;
9267;
1;
3441;
11851;
5011;
7170;
8825;
14478;
7617;
9993;
4280;
647;
9495;
9781;
5154;
7157;
3878;
393;
3693;
15402;
1148;
8538;
1769;
8209;
7273;
7402;
(6922,8542);
1282;
15255;
14590;
5911;
878;
9030;
10900;
10827;
6813;
11967;
13955;
10108;
9680;
14637;
6875;
4801;
9562;
4396;
8078;
534;
7687;
3721;
15264;
11459;
13980;
9604;
11908;
2007;
10994;
4445;
13394;
7592;
737;
9620;
6315;
1105;
2627;
(10461,15491);
10504;
(199,(636,(2423,7943)));
1853;
4565;
3071;
5548;
(9842,15415);
6446;
(10236,10531);
3536;
5205;
(8683,9368);
15469;
13316;
1106;
5050;
4362;
1818;
11258;
10826;
12114;
1773;
12715;
6228;
9532;
(1119,10684);
2637;
14901;
6419;
14954;
5948;
10548;
4539;
7638;
7507;
13827;
8085;
1703;
(2295,3616);
6256;
824;
(3444,9055);
6736;
13295;
13912;
6514;
13551;
2828;
6205;
7061;
9749;
(1215,11797);
9346;
(1877,9222);
13396;
8169;
(1234,(8320,8972));
2116;
15178;
2094;
4467;
(139,11454);
12811;
11595;
2235;
(8240,13851);
(1452,14137);
6634;
12433;
6142;
10634;
13783;
14317;
3604;
8339;
4712;
6938;
558;
8322;
14479;
((587,1074),(5680,10135));
8136;
(12162,14578);
(2390,9757);
14823;
2577;
9480;
12607;
9487;
6318;
8192;
3582;
5529;
11517;
506;
5289;
14469;
4827;
1673;
6610;
3891;
11537;
1784;
(10490,11745);
11410;
2718;
9566;
10012;
10808;
3436;
2541;
2990;
13320;
11217;
9647;
3103;
(3412,10264);
2261;
5726;
15322;
13492;
4759;
7886;
5733;
11525;
11162;
15641;
3131;
11;
4077;
(11071,14139);
(11367,11582);
13680;
14230;
3197;
7485;
4921;
9667;
15554;
2819;
3826;
2874;
5929;
5382;
11700;
(13170,14351);
(10883,(10110,15268));
279;
(12410,(11670,14436));
3886;
5078;
1852;
2872;
(4981,12669);
14182;
12802;
11841;
109;
7472;
3851;
5197;
14558;
11253;
4430;
8368;
13903;
11464;
(1165,11667);
3044;
3972;
4624;
12286;
5207;
(3724,11622);
14876;
(887,7154);
10389;
(11682,14726);
12091;
5491;
15057;
6496;
1403;
(15455,(6117,(4959,5710)));
545;
2123;
10724;
7303;
3389;
7200;
7911;
5030;
6301;
4586;
474;
3322;
14409;
2848;
10580;
6987;
13501;
938;
(7400,11948);
2053;
14015;
7259;
((8698,(11477,13937)),(10611,((10696,14209),((270,4135),(832,(2457,10279))))));
6809;
13793;
1164;
12707;
7562;
11666;
14928;
(8899,(3546,13969));
14564;
14872;
11678;
15109;
9727;
3843;
13897;
5339;
5125;
4049;
11577;
12725;
5483;
3936;
8514;
12856;
14695;
7575;
((13963,15588),(1952,11774));
1751;
134;
15192;
1969;
10326;
5123;
904;
3279;
13452;
13854;
9725;
13447;
(1757,7349);
14242;
6385;
9293;
6703;
(5026,15027);
((230,7908),(1649,11907));
13902;
13433;
13453;
6099;
(1453,11733);
8651;
10594;
424;
9434;
10334;
3440;
15369;
3205;
14153;
846;
(3943,14434);
5223;
8075;
4071;
12748;
7023;
14086;
8160;
4006;
1509;
6794;
5964;
1216;
(3005,9067);
1569;
6041;
8352;
1805;
13466;
5526;
9299;
(5503,5877);
6690;
10174;
11634;
(5044,8706);
10599;
13386;
(1093,(137,2428));
14491;
(5453,(2385,8742));
3034;
8917;
(2456,((6213,8213),(7248,14216)));
365;
14665;
12578;
10790;
(4691,11240);
8519;
14841;
(7084,8828);
10195;
5799;
3938;
10298;
12085;
12317;
8534;
4386;
9303;
6304;
6578;
9035;
12908;
10170;
12160;
4946;
5161;
(6137,13153);
(883,4214);
619;
13792;
(311,496);
5860;
6245;
3718;
8664;
11452;
8383;
11065;
9600;
2174;
2030;
325;
8277;
9886;
7182;
2201;
(3594,3778);
(11881,(9798,14302));
5196;
(3117,10796);
7738;
5826;
5468;
8296;
6157;
11497;
(10435,13108);
5823;
4140;
12732;
277;
6593;
1820;
2893;
10099;
(2781,15087);
3285;
10941;
5374;
10028;
153;
1199;
(8547,14056);
7781;
2948;
5193;
13647;
4232;
1494;
15184;
6722;
4489;
11108;
11265;
12456;
7088;
14305;
7501;
(10786,13054);
(315,7277);
9778;
7697;
9690;
10681;
12970;
(4613,13410);
8253;
12833;
9489;
12120;
3904;
3458;
(6195,(3469,(810,11772)));
(9718,(13377,(11711,14948)));
4033;
622;
7502;
3220;
7644;
7416;
15682;
11209;
6288;
12828;
7874;
7790;
6608;
14799;
14494;
6900;
12924;
15367;
13172;
9476;
(946,8459);
326;
374;
225;
3302;
(8429,14751);
(7740,8874);
12417;
2268;
8086;
13630;
2168;
9415;
12299;
10686;
7441;
9270;
(4853,(1770,8326));
9289;
12451;
2554;
9466;
(3504,4702);
6685;
9590;
2231;
5074;
8142;
1068;
14991;
5053;
13518;
14460;
13086;
(3278,5201);
4104;
(6869,13160);
5593;
(5443,9670);
9419;
443;
12714;
717;
5203;
9307;
15579;
5687;
(1643,11010);
5132;
8504;
(3835,7663);
2514;
5777;
9;
(4518,5131);
5961;
1698;
10752;
5788;
7656;
(4650,4785);
(13464,15323);
14464;
14804;
10005;
188;
4582;
10961;
4134;
8360;
813;
1486;
8865;
72;
10557;
15266;
2024;
13231;
4143;
5352;
11624;
9228;
1548;
9465;
13329;
14307;
(2079,11840);
((11642,(8748,10618)),(10359,12265));
7873;
1443;
1792;
14439;
2494;
7559;
5302;
10661;
9451;
10713;
2941;
170;
11040;
7039;
2943;
14774;
4496;
10891;
9956;
9461;
7785;
5236;
7187;
(8376,(9673,11083));
515;
14909;
5269;
12438;
6830;
1072;
5037;
3179;
(13675,14081);
13109;
2020;
8465;
6240;
607;
13692;
7391;
(8231,10787);
((4106,13522),(1512,14541));
(7216,7885);
7526;
1661;
(10568,15291);
10382;
12506;
3305;
(119,4433);
1658;
13939;
6596;
15550;
1327;
3035;
12170;
8682;
(5872,11488);
(2930,11064);
6312;
2199;
3946;
1025;
7302;
12010;
14865;
(13041,15100);
792;
9377;
3107;
14562;
8761;
(1015,7050);
14786;
13895;
6883;
4442;
7343;
10449;
4532;
6521;
(11130,(1933,14613));
5265;
9511;
1401;
13703;
2688;
(5770,7901);
488;
2775;
4630;
4895;
4461;
9924;
14975;
11383;
9456;
8703;
(11181,(11170,13933));
10376;
11264;
13292;
(1637,10670);
1082;
1605;
9162;
(2660,9512);
11676;
8896;
8199;
5380;
15238;
8518;
3419;
15026;
368;
15462;
6759;
6085;
13051;
15526;
9135;
(2663,7409);
3254;
15671;
(8051,(12061,14542));
6856;
(4926,8271);
10320;
(1160,8521);
12919;
10459;
6398;
13480;
3331;
5588;
2432;
(9375,10774);
(441,15482);
12015;
14174;
(8036,11036);
15103;
8175;
6542;
(8089,15531);
1515;
14272;
(6640,7029);
6725;
(1378,6400);
15118;
15362;
919;
4113;
11261;
8495;
4704;
11409;
(4299,(1442,14085));
3806;
7745;
(4023,13104);
15573;
1448;
1064;
(211,1001);
10948;
8603;
853;
8093;
7973;
6056;
9251;
9896;
15479;
407;
15218;
(11362,(3622,6739));
4561;
5704;
11994;
10342;
(14603,(329,8074));
8685;
14091;
(3912,4590);
1550;
1011;
(((175,9789),(1080,5991)),((7823,9337),(10755,15679)));
(6356,(5480,8332));
1466;
13069;
3189;
10868;
(2404,(5389,10845));
3177;
11001;
9823;
14378;
(41,5898);
10743;
9281;
12779;
13728;
(1412,2579);
12473;
7311;
3411;
3779;
13892;
(8789,14023);
(4814,(14304,(5801,(14818,(2929,10975)))));
5106;
652;
(7321,10076);
13531;
12487;
11887;
10595;
8715;
3819;
(3381,7456);
7920;
(3424,(940,3768));
4406;
12623;
1060;
6543;
8400;
15330;
12515;
15364;
2849;
9202;
(4914,7655);
6890;
6176;
(5130,(12634,14809));
10518;
12652;
3591;
10391;
(10309,15299);
6453;
15045;
4068;
10241;
15220;
11579;
(13075,13398);
11406;
8486;
(4269,7809);
7731;
2995;
(5024,6440);
13461;
821;
14375;
12961;
9316;
7509;
15047;
15490;
15502;
7171;
15113;
11792;
2096;
(9219,9407);
3900;
8238;
4742;
8314;
4322;
2141;
11173;
5388;
15622;
(631,14560);
8787;
11756;
3222;
6057;
4072;
5366;
6396;
2173;
6846;
1142;
9099;
2624;
1541;
9005;
1935;
15089;
426;
12213;
4440;
(7131,11559);
4918;
6534;
2536;
236;
(85,3482);
1590;
(1945,8824);
719;
2447;
9367;
6162;
12180;
8481;
(5293,10739);
(2532,9412);
8018;
2907;
4426;
13515;
7652;
1915;
8183;
9518;
691;
9241;
6121;
10849;
((4886,12289),(3753,5795));
15;
15643;
(8364,9141);
9105;
5783;
5701;
4470;
9783;
(5943,(4891,((4162,(11661,13018)),(13399,(10559,13760)))));
13114;
1137;
12527;
15186;
7821;
5295;
8807;
11990;
(260,5418);
6758;
6305;
4591;
(2155,10259);
6633;
2476;
8932;
7240;
15471;
3315;
(3283,7504);
3760;
1167;
9655;
13149;
13932;
2724;
4648;
965;
94;
(6519,10550);
1127;
(492,13604);
(4846,(2064,(4398,(4156,11829))));
(13431,13674);
2889;
10330;
14094;
8250;
7405;
10396;
12846;
13043;
3201;
(5955,13708);
14878;
(9467,13361);
12099;
7924;
8599;
7327;
4408;
(1429,1715);
2885;
8803;
6600;
13999;
5234;
13709;
13;
266;
(10184,14554);
3348;
1744;
3410;
5159;
8146;
8859;
(2409,8159);
8873;
10623;
9045;
150;
(3535,6350);
15438;
15038;
(2818,14226);
12935;
(449,12453);
12171;
15277;
1294;
4256;
6747;
7699;
12138;
6777;
999;
(9479,14415);
65;
12168;
12808;
716;
4096;
((10672,(2741,14839)),(10027,(2062,7780)));
11299;
4865;
13929;
12291;
1666;
8488;
1632;
2140;
14073;
14438;
8291;
8601;
3566;
6529;
4150;
6806;
1112;
14848;
13013;
10271;
4090;
1141;
12594;
(7590,15172);
13474;
8883;
13770;
12496;
13331;
(1874,14370);
828;
(4757,4810);
1468;
10957;
2169;
(3638,10878);
10400;
12560;
2951;
12602;
101;
8151;
(456,2510);
3564;
6874;
6704;
(13356,(11608,(1179,4133)));
15600;
3746;
10924;
((390,15555),((7565,13885),((14787,(1973,12695)),(495,8257))));
14701;
3100;
6303;
8023;
14705;
11944;
4645;
6214;
13348;
6169;
11465;
14448;
3027;
8766;
(8769,13656);
10784;
5629;
15041;
4928;
1223;
674;
3244;
14;
(5268,6448);
11823;
4348;
857;
14235;
12307;
467;
(3700,(4780,15279));
5401;
11423;
7600;
833;
6089;
5822;
6022;
73;
(966,15081);
13337;
7615;
11755;
(1712,15394);
2911;
13006;
(3848,14364);
12926;
7446;
13913;
13985;
2450;
15567;
8303;
(5428,6218);
7255;
9501;
5262;
3699;
3957;
8205;
(5610,7022);
10813;
8768;
4291;
1857;
(10007,15064);
11430;
15463;
5456;
(1275,14533);
4717;
(15235,(2591,7787));
11366;
14167;
15388;
11060;
15483;
7465;
6563;
11989;
7947;
13713;
7223;
2505;
15134;
975;
15190;
2460;
8431;
12670;
8805;
1182;
9323;
12246;
35;
5547;
(3273,11645);
2023;
2365;
14280;
10812;
3130;
4248;
9873;
(6515,6839);
(8908,9491);
3857;
12376;
3597;
(9634,(345,10336));
12625;
9283;
4665;
9837;
12072;
4035;
5980;
2124;
(5052,9197);
10896;
11893;
9605;
13118;
5333;
5804;
96;
13751;
14220;
11611;
(3659,5838);
12985;
(377,3307);
8916;
13285;
2567;
4088;
6720;
9504;
466;
15154;
11767;
12941;
9988;
6370;
401;
15256;
2420;
4614;
5076;
8119;
9246;
12523;
(2040,4606);
3029;
2847;
5414;
14891;
4640;
6307;
457;
14539;
6743;
4320;
2263;
(11316,12852);
8665;
(1154,11803);
1592;
3083;
13619;
5882;
12442;
8711;
3634;
3512;
(2122,10074);
6273;
10562;
7624;
10411;
5984;
7782;
(5561,(2512,6320));
362;
8275;
5957;
(13249,(3112,11267));
14333;
8901;
9439;
((4032,9492),(3037,5101));
2747;
913;
3425;
2923;
10151;
10918;
13021;
4778;
2394;
5647;
7242;
6270;
(1525,2255);
((1114,2667),(3289,4403));
318;
(1787,15619);
6652;
14556;
2265;
12166;
15553;
4596;
6548;
6651;
(9938,15405);
(7334,(13496,15529));
(1331,7540);
10282;
2501;
9343;
6268;
9157;
7819;
10443;
11762;
577;
(4971,11194);
7817;
4;
9393;
6206;
3275;
4003;
9596;
13281;
623;
1019;
(10475,12277);
12275;
12580;
3374;
(1922,4710);
1277;
2636;
13144;
13469;
((14000,15165),(15398,(5716,(2458,12141))));
12391;
49;
5248;
7028;
13007;
8540;
8245;
392;
(3592,(6083,12089));
15043;
15535;
3400;
3489;
15177;
6480;
(5994,13800);
5976;
14833;
7662;
7425;
4418;
8960;
8548;
8331;
5728;
5349;
1984;
759;
12365;
8617;
15310;
(2061,13368);
6296;
2864;
13652;
6252;
4149;
13471;
2378;
14461;
13965;
13005;
13752;
7411;
3188;
12063;
10300;
3341;
(1032,6199);
10248;
10080;
11002;
2882;
(8369,14507);
11429;
(8790,10966);
13263;
11420;
4861;
2129;
6984;
3744;
9113;
2732;
4229;
6661;
442;
9811;
12338;
6800;
14713;
7952;
(5094,6479);
2509;
6460;
300;
14595;
7842;
3684;
7024;
12358;
13533;
8898;
5261;
1907;
7464;
(2530,9455);
9121;
11938;
9430;
3750;
14522;
2970;
14252;
7799;
3910;
6054;
5712;
6740;
3494;
2570;
14499;
6248;
9726;
635;
13101;
5724;
865;
6366;
(3800,8150);
(4570,12890);
14737;
472;
3081;
5510;
8952;
8837;
14423;
8470;
7931;
(1562,5841);
8237;
(7218,11346);
14655;
9424;
3570;
3961;
13476;
8686;
5631;
1170;
9878;
13321;
5533;
7059;
267;
510;
11888;
11416;
6691;
7201;
3915;
2207;
(7702,15594);
15472;
15357;
7333;
2045;
346;
642;
6831;
3143;
805;
(233,15386);
11095;
13813;
8532;
14624;
8420;
676;
15354;
14258;
3472;
1910;
8341;
(4080,8906);
1577;
(4577,13384);
15028;
5603;
11532;
13853;
11760;
(1103,10190);
257;
2773;
(6835,(12287,15448));
6158;
(4195,11405);
6775;
1685;
8325;
204;
(2484,10439);
13644;
4970;
13594;
6625;
(2421,(5995,12962));
4399;
15325;
3623;
14428;
7358;
11553;
9376;
3545;
11862;
10850;
1855;
(203,15565);
10606;
11250;
798;
7433;
12973;
9400;
15524;
4354;
2279;
7999;
7278;
10016;
12676;
10068;
11504;
(972,2731);
7831;
8419;
8092;
1147;
9742;
(4310,7569);
13207;
5885;
10356;
((256,(14668,(5632,10770))),(5858,9554));
(10386,12127);
1720;
7747;
8707;
13390;
15597;
5432;
3547;
8070;
10417;
7031;
(15372,(15155,(13523,(7978,(12475,13053)))));
656;
3701;
(7280,11461);
1983;
1197;
5458;
13535;
6802;
11531;
8645;
13857;
1291;
9593;
11034;
9663;
10963;
13583;
2949;
8750;
8426;
(8524,(10329,13716));
2563;
(1708,12644);
15453;
(12224,14782);
(6613,(1811,13268));
13790;
(15527,15689);
7;
6796;
15547;
6278;
15040;
7289;
14121;
12958;
11139;
10232;
15168;
4768;
1695;
10416;
2346;
10596;
10392;
6622;
12449;
4866;
(9995,14674);
2772;
8900;
7481;
692;
509;
15474;
1156;
15601;
12043;
9282;
5699;
7198;
249;
((4290,15159),(228,7813));
2368;
(5000,13345);
(6222,(7659,11339));
(1218,5375);
10240;
69;
6589;
715;
5433;
1731;
13620;
8354;
14394;
4568;
(14781,(596,605));
3751;
6449;
(7395,10578);
6450;
2486;
12202;
7608;
3538;
4987;
1168;
12429;
12595;
1440;
7529;
2008;
(121,1823);
6014;
11551;
5648;
8786;
11398;
10474;
15126;
15012;
13826;
9900;
12929;
4443;
9578;
11737;
9821;
4559;
(3633,3981);
(11512,11588);
5320;
12996;
5092;
8451;
5881;
13612;
2528;
(525,(4294,12914));
10366;
12829;
9981;
11915;
8373;
2757;
9338;
(2217,8416);
8021;
15023;
(4148,5326);
10726;
5048;
(5623,14858);
15229;
1771;
7250;
7950;
8995;
12822;
3134;
15320;
8914;
1424;
4236;
6944;
(4915,9165);
7715;
3996;
11186;
4452;
5305;
(100,8604);
3312;
6230;
8966;
13222;
8609;
13289;
240;
15499;
2915;
7912;
13245;
4811;
5051;
9574;
7390;
12778;
7801;
941;
1495;
(2223,15375);
8659;
357;
4756;
1547;
2953;
11507;
8491;
9992;
4371;
2301;
10811;
(3662,(11210,13561));
8624;
6023;
(4331,13732);
10290;
2431;
10270;
1636;
(15374,(5933,14345));
8628;
5222;
10650;
11657;
8054;
12981;
7538;
7254;
(1955,5752);
2150;
15257;
4058;
(51,13334);
(6666,12900);
1903;
15030;
15411;
9247;
3802;
(4047,12046);
7571;
12628;
8227;
2822;
6895;
1006;
2764;
7604;
14413;
3442;
14642;
13265;
9880;
6144;
8340;
3907;
13767;
10442;
12548;
5356;
9499;
3752;
10556;
24;
1503;
(3522,4589);
86;
8576;
13327;
12403;
1923;
1058;
3795;
2894;
14380;
(11335,13225);
5831;
15258;
11959;
9722;
9188;
763;
3396;
(9318,14321);
10932;
9767;
14697;
12340;
6277;
(866,12040);
13990;
8454;
11322;
3615;
4382;
9738;
15380;
4977;
12915;
5412;
5758;
8033;
10657;
7566;
11936;
13868;
6347;
5569;
11237;
4083;
(3243,15406);
9146;
10626;
8969;
14298;
12196;
11336;
10760;
870;
(5922,10189);
11932;
6177;
5703;
(6965,(3621,7406));
2910;
(3871,(2860,12679));
4255;
6940;
12197;
13943;
3366;
14824;
3960;
2615;
(10510,13900);
15344;
3626;
(1570,7665);
2597;
11707;
3206;
(5638,13850);
12097;
11955;
14249;
13614;
4314;
8670;
11134;
6250;
15636;
13376;
3067;
1516;
(7096,11116);
(8088,(14463,(13011,(884,8830))));
7929;
9019;
983;
11726;
7106;
10527;
(5741,6471);
9475;
10493;
12489;
9072;
11665;
((4483,(7517,11364)),(7077,13443));
(3762,14647);
7147;
4434;
6669;
(7063,12848);
7312;
4627;
4555;
2491;
13232;
6915;
6386;
4286;
5124;
3019;
15234;
2960;
9239;
(1780,2634);
3092;
1269;
11748;
7410;
6862;
4978;
12959;
9813;
14402;
11681;
12100;
9304;
15525;
13315;
459;
7153;
944;
14035;
9526;
4425;
10523;
(8555,12211);
13766;
10522;
13636;
8892;
11718;
14962;
13001;
14106;
12207;
1108;
8163;
2334;
2722;
(10942,(3687,7040));
1797;
4598;
(5661,9768);
6324;
687;
4410;
358;
1663;
13603;
13058;
10499;
1043;
8167;
9161;
11550;
13841;
9587;
10830;
15210;
3496;
4774;
13072;
2392;
7093;
(6746,9123);
9975;
(598,2498);
3479;
4342;
14509;
10597;
2275;
7017;
7299;
2865;
4130;
(4803,8933);
9883;
182;
2959;
11709;
(11301,12048);
11317;
13370;
(8587,10454);
7035;
4074;
9087;
6253;
6178;
6789;
6925;
11308;
(2531,5924);
15053;
14457;
11476;
5487;
14906;
13964;
4958;
(7838,14694);
3550;
8911;
1270;
7346;
(5158,8641);
2437;
4309;
(15070,(12399,(4888,14403)));
12616;
231;
2516;
15284;
4438;
15512;
1829;
7691;
2572;
3492;
1690;
5114;
6962;
14131;
713;
4753;
8281;
9249;
10303;
8438;
3224;
7041;
2979;
(3323,(6551,9654));
10718;
7527;
13175;
6997;
4996;
2232;
(585,6769);
384;
15481;
(2284,5565);
5985;
(3379,9209);
12389;
5707;
4273;
5384;
12842;
3194;
14180;
((1018,1724),(9649,11549));
(648,7245);
10642;
7180;
2309;
4405;
1388;
7828;
7550;
4713;
13405;
5013;
(3460,(8507,10758));
(10864,12136);
1431;
12427;
13137;
(3776,5446);
4137;
4893;
10977;
5723;
1311;
15217;
10261;
11603;
15146;
6840;
(7490,8974);
654;
11437;
4180;
3969;
12934;
1687;
10958;
3754;
1754;
1392;
6103;
9507;
13494;
1376;
7769;
13984;
6487;
3238;
(9537,(723,9221));
1913;
590;
4733;
(3599,(5232,10549));
7426;
11649;
3141;
1788;
1608;
(1174,2110);
7489;
7324;
7727;
10216;
13996;
(4516,(1262,11191));
13260;
12726;
(13589,(9686,10348));
2031;
15179;
5996;
9096;
5669;
14313;
14501;
7469;
704;
11199;
1110;
567;
9107;
2937;
2090;
2877;
951;
3842;
(9939,15425);
3032;
11859;
9350;
13454;
6637;
4882;
1039;
4521;
6413;
7574;
9514;
10491;
4412;
1806;
9824;
995;
1377;
8297;
3527;
(5754,(7306,8580));
8274;
3217;
8094;
(3793,13451);
11243;
1422;
2193;
4666;
((11419,(11685,14645)),(5143,6851));
(4870,11705);
8633;
2319;
9426;
3895;
11816;
13617;
5441;
4508;
485;
10014;
8061;
10976;
13879;
7625;
2352;
11800;
2963;
7935;
4158;
2480;
10767;
1046;
9812;
272;
2511;
3091;
13637;
3755;
14353;
12221;
10063;
8848;
10852;
3947;
659;
1295;
2695;
8903;
14656;
5255;
5893;
9104;
14074;
9710;
9244;
15135;
1914;
67;
1271;
14300;
2714;
7730;
13874;
9170;
13893;
6008;
15074;
4905;
(12673,13223);
14805;
(9216,13418);
(15452,15549);
14055;
2977;
14191;
12342;
7159;
12134;
4519;
(4024,9431);
4230;
(1840,9007);
9807;
356;
3128;
9133;
7011;
(8414,8535);
(4168,(12771,13678));
9888;
(9090,10996);
12566;
13162;
1066;
14510;
6094;
8661;
99;
2472;
14472;
7075;
6136;
10682;
3785;
7578;
10586;
14050;
2504;
14760;
4719;
11839;
(6864,(2934,(2001,13906)));
14277;
6793;
12649;
14807;
5184;
7937;
9723;
7275;
(7829,(6458,9365));
9122;
(6098,7797);
11177;
14531;
643;
3242;
(3510,13445);
3465;
12108;
4124;
12917;
8937;
766;
10120;
7429;
2517;
10460;
1077;
8591;
5692;
4822;
6850;
12030;
921;
734;
15638;
14649;
6982;
(6476,15450);
7825;
13022;
8835;
9752;
(1651,(7297,(14933,(1785,4027))));
5554;
15020;
12478;
11731;
8000;
14336;
430;
11066;
(9870,13916);
(6148,11906);
890;
10054;
8589;
(10909,12172);
1125;
14985;
9166;
11141;
3944;
14359;
2765;
10888;
12022;
10041;
10445;
11945;
12372;
2891;
14445;
12472;
1629;
9903;
11775;
8780;
4991;
14371;
4784;
8723;
9581;
(287,(5670,9254));
7796;
(9608,12337);
(11703,(2339,10372));
8347;
592;
1383;
3135;
2112;
10000;
7270;
(7283,8025);
14411;
(6566,15006);
13191;
(1095,(6836,14013));
6614;
8763;
11051;
15161;
2866;
15629;
1235;
1802;
11827;
15397;
1207;
12666;
5096;
503;
8143;
6483;
12899;
13844;
13938;
(3519,(3692,8746));
14145;
14390;
7109;
6434;
(7120,((5139,11820),((2968,3555),(3064,5545))));
(3003,8515);
11741;
(14801,(12325,12477));
8147;
5601;
194;
13402;
8371;
14172;
10789;
6788;
2440;
1350;
9231;
(7967,(11543,(6058,9120)));
3885;
11739;
14329;
(869,4752);
(11597,14589);
9378;
14743;
9977;
2402;
10075;
(7773,11101);
2136;
9656;
949;
((7375,11033),(6718,9331));
2798;
8694;
(907,8098);
6920;
3859;
11942;
5862;
10763;
13541;
6493;
868;
2065;
2726;
6893;
10021;
7846;
10665;
(2760,15662);
2325;
7621;
(1227,15191);
8165;
845;
411;
6463;
(2640,8152);
9048;
(11163,12967);
5572;
9025;
10823;
12306;
933;
8355;
12184;
10358;
(1729,6630);
(1523,2159);
334;
8196;
10593;
1972;
9579;
1801;
6520;
13085;
13824;
12837;
8619;
2436;
14516;
4655;
11738;
12398;
1544;
15686;
5667;
13174;
2212;
3036;
955;
7976;
13950;
(7609,11505);
(283,3434);
11515;
10707;
911;
14316;
12598;
13044;
3921;
4211;
9174;
4901;
13089;
(11227,13593);
7653;
12450;
12793;
(4699,13556);
4787;
8649;
9057;
5239;
5930;
15108;
12044;
(5402,11753);
9354;
(2654,(5717,13293));
11165;
(3658,8356);
(5585,13129);
(8226,13062);
4659;
11023;
14042;
253;
5472;
9482;
(4288,14988);
13482;
15609;
105;
4009;
2645;
9026;
10308;
(6550,12859);
(2560,7751);
8288;
9089;
10058;
11475;
(5039,9611);
7123;
4696;
2280;
6611;
(1814,6331);
6795;
6729;
7417;
4877;
13113;
11545;
682;
11727;
11790;
11899;
9255;
10731;
2189;
993;
1747;
7108;
14454;
13205;
10547;
12661;
6894;
14777;
161;
13979;
3170;
9258;
6276;
10765;
14338;
7645;
3830;
14504;
7086;
3639;
2814;
15581;
13605;
7962;
13832;
1626;
5246;
6943;
7882;
3162;
11174;
(1987,6200);
13475;
8234;
8775;
10378;
363;
15387;
5475;
13102;
13141;
2101;
13009;
8671;
6258;
13332;
11045;
(8636,10779);
1499;
8278;
11836;
(11373,13582);
11080;
7181;
7135;
945;
11627;
8072;
5989;
29;
2245;
15347;
9366;
2425;
6388;
(8138,9138);
10687;
3363;
(9256,11486);
9921;
11785;
3850;
3899;
5809;
3328;
11534;
5609;
15002;
728;
532;
14798;
13931;
(3863,11524);
12060;
662;
8885;
9571;
3048;
9815;
4887;
15586;
7205;
10019;
7852;
(4002,10082);
12895;
6891;
6586;
5304;
(1017,15666);
709;
8317;
6006;
7179;
729;
13891;
15110;
9181;
6357;
6402;
10745;
4874;
7830;
13039;
11494;
15180;
4453;
7398;
7668;
2707;
12149;
12883;
7138;
6524;
7249;
(4304,14170);
12494;
(10911,(15054,(4030,4902)));
1839;
10953;
4223;
779;
9713;
7271;
14221;
(10230,13112);
6958;
13645;
1761;
13665;
8751;
9086;
3447;
(13796,(4957,7515));
(3258,6733);
6887;
13509;
11091;
8308;
9369;
15259;
7892;
133;
13935;
6322;
11572;
276;
13151;
3922;
9760;
8752;
8913;
(3435,14708);
(1053,11313);
3796;
2914;
3046;
10013;
6146;
12026;
2376;
10015;
14692;
9931;
5771;
9488;
9103;
(2037,14223);
(14037,14253);
5448;
(2359,(8988,10649));
614;
13691;
1500;
7938;
15339;
9224;
6332;
9394;
10050;
9194;
3471;
6969;
15281;
1573;
3422;
8464;
8174;
2888;
3090;
15243;
15343;
1778;
9721;
14587;
(2427,14640);
708;
1425;
3367;
6941;
(7673,7767);
7291;
1272;
13683;
14202;
6474;
2125;
15248;
2290;
9435;
8389;
(2254,9033);
11050;
14312;
5678;
6024;
2270;
11245;
7158;
9290;
5357;
13477;
7758;
11279;
4281;
10700;
3856;
1909;
15349;
(9248,(6238,(15133,15625)));
1843;
10737;
15670;
11355;
15409;
12722;
9102;
12684;
4414;
10746;
8243;
10638;
360;
782;
13837;
(6394,8201);
9314;
(10628,14855);
12830;
(1838,9388);
12971;
14862;
7991;
7454;
13352;
3033;
15431;
6564;
15010;
(2202,15678);
1782;
5014;
10962;
(2126,9395);
7365;
2449;
(5792,6374);
3114;
12849;
4939;
4197;
7480;
1132;
6973;
3841;
10714;
6693;
13750;
3288;
14349;
10554;
12105;
4501;
8158;
(8311,(10217,12765));
(9980,13256);
8055;
9833;
13134;
5411;
11483;
8123;
9310;
11332;
3291;
2672;
4367;
(2519,10577);
1563;
1008;
10296;
12491;
252;
11956;
10339;
2890;
9261;
3086;
13490;
10371;
5160;
15112;
2072;
604;
28;
3377;
5797;
14843;
7129;
15467;
10535;
9636;
310;
10193;
5073;
8585;
10862;
9298;
(12911,13536);
6310;
14601;
12379;
2016;
410;
9317;
4634;
14449;
1493;
6918;
11059;
10093;
490;
11843;
15202;
(4235,9609);
12294;
12314;
381;
5511;
(5660,10512);
14265;
15226;
6849;
5983;
9561;
1885;
14974;
10912;
12621;
2575;
5843;
12753;
942;
12653;
14197;
9259;
12880;
15650;
9691;
13247;
11022;
308;
2913;
6650;
10103;
4929;
6484;
4139;
4056;
8983;
14038;
10751;
10187;
(3041,14955);
14477;
5060;
1994;
9947;
15348;
(2029,7401);
5175;
10208;
8299;
9382;
13546;
(8100,9826);
10105;
13947;
9740;
11691;
7555;
305;
6635;
3497;
9772;
7916;
9628;
8880;
3214;
6803;
12249;
7266;
14611;
12028;
140;
14203;
15233;
(165,4615);
7856;
3675;
9989;
12977;
12200;
13673;
13634;
7753;
10196;
7184;
2443;
(8918,((5560,12994),(9059,11965)));
419;
(4446,13050);
548;
5578;
8971;
10121;
11702;
7447;
143;
3185;
10860;
3113;
8882;
1399;
(5507,(10186,11415));
14128;
11633;
9169;
6888;
437;
6194;
3397;
11835;
2167;
5116;
10677;
(4592,13056);
8993;
12706;
14250;
5362;
12507;
14049;
7547;
3052;
3110;
15046;
2227;
5244;
11155;
5341;
12696;
7407;
9777;
(1722,5748);
8344;
10355;
10503;
11815;
5619;
13998;
15225;
4804;
14231;
(5968,13942);
(5376,8530);
7520;
10539;
11568;
5036;
6135;
12300;
(3116,(2598,13408));
551;
4706;
10589;
7541;
1083;
14354;
3413;
1172;
(9543,(7970,8876));
14585;
11219;
5272;
3326;
(573,4234);
3277;
12709;
(2068,7855);
15485;
22;
11628;
15384;
4419;
4263;
15476;
(4680,15117);
14926;
13973;
11142;
13953;
8629;
2076;
4277;
264;
3792;
7514;
4867;
11581;
10600;
3276;
15373;
13156;
6495;
12508;
617;
14916;
(8699,15515);
4108;
13304;
11801;
15337;
4347;
(3702,(9155,(10723,(9498,13158))));
(7210,8625);
12933;
(10927,13810);
9892;
10078;
2935;
9522;
8600;
8553;
4698;
4563;
14717;
15621;
1749;
13192;
6576;
6422;
8808;
(13424,15086);
7786;
(12426,(3868,5452));
7233;
3929;
8002;
(1348,3077);
13638;
11350;
9163;
8315;
9452;
12019;
10968;
14680;
11554;
(750,13753);
10534;
6886;
8684;
7166;
10592;
8577;
4115;
(1140,10990);
11321;
7286;
7468;
10807;
6735;
10936;
10943;
5856;
14297;
14800;
12116;
2767;
10009;
15433;
1833;
(10038,14584);
1444;
(2584,6667);
1755;
8716;
(3439,15059);
12617;
2463;
2596;
535;
8976;
10676;
5243;
7500;
13887;
1096;
1057;
1109;
9265;
13731;
11786;
(641,3847);
1793;
8391;
8821;
13185;
10818;
5576;
13749;
19;
11205;
2133;
(12667,(7933,11884));
14822;
6282;
12662;
14274;
2853;
7453;
4797;
10207;
13133;
14459;
3395;
7020;
15245;
1322;
9933;
7305;
3567;
8561;
9925;
6636;
9272;
(3710,11200);
600;
(2338,(8283,10793));
2635;
3926;
10846;
12395;
14450;
(10978,13346);
8827;
575;
6105;
893;
14480;
14476;
6782;
3213;
952;
(1727,9250);
5875;
6649;
12204;
4966;
1677;
14977;
(2958,8492);
13483;
13682;
((6855,12879),(11846,15111));
2564;
9942;
(10887,((14027,(12448,12739)),(3486,6571)));
9911;
2119;
3976;
4638;
8759;
4247;
1507;
13661;
15582;
(3483,14222);
4100;
(4160,7224);
(5765,8987);
(6556,9945);
2182;
82;
12098;
15654;
1693;
(351,8531);
432;
8818;
379;
9297;
1333;
1564;
12510;
(6171,12784);
220;
14341;
(206,10481);
1527;
13803;
3973;
6933;
1243;
1760;
1756;
14958;
9751;
12957;
12770;
5110;
9024;
3600;
8112;
10901;
(4689,11127);
3372;
(15500,15571);
3502;
8293;
8575;
9971;
11934;
(1726,11694);
12581;
13548;
5740;
10719;
4145;
11081;
1711;
(10419,14114);
14169;
12366;
3862;
11154;
2932;
7696;
14528;
11184;
11824;
(5541,10304);
7025;
2947;
(12834,12882);
6188;
9702;
6557;
11085;
(10032,11075);
14993;
5226;
(11182,(3171,8756));
9108;
7347;
5674;
2095;
8319;
6909;
2524;
10284;
1740;
3735;
6778;
3928;
5399;
8029;
6186;
4210;
14976;
5129;
7344;
4543;
4472;
1982;
14426;
38;
11972;
2329;
7876;
12006;
14008;
12632;
(2343,11920);
10538;
1192;
13094;
14703;
4066;
7042;
13730;
(4238,15302);
982;
((9137,10140),(11126,12990));
12482;
(13706,15173);
6174;
5450;
9132;
7119;
15627;
1831;
6067;
12502;
10451;
1976;
6792;
4616;
2859;
5288;
8836;
2548;
8038;
12029;
3660;
9796;
14136;
11541;
11099;
11521;
12680;
11765;
12689;
(1813,(9325,9829));
6309;
8812;
299;
13353;
9763;
11763;
6535;
1014;
9540;
685;
11487;
(8164,15513);
1092;
6653;
5089;
12209;
3769;
5312;
(4720,4963);
1894;
(250,(3974,4709));
13092;
10635;
7466;
2600;
13715;
13244;
4725;
4531;
(2616,7279);
4721;
(7510,14383);
10709;
9753;
3172;
15451;
7095;
11490;
13858;
11891;
9849;
1178;
14337;
2067;
4041;
4788;
2790;
(2176,3079);
(6116,14318);
3385;
4053;
14016;
(3790,13110);
(9352,(281,13210));
5347;
8845;
11314;
11363;
2666;
14289;
3058;
13591;
2316;
11964;
8822;
5069;
5322;
10166;
158;
(7895,10084);
1471;
75;
(2984,8875);
(5328,8878);
14917;
13815;
880;
10795;
13940;
11028;
1635;
(14857,15370);
8300;
9549;
5087;
14757;
(13908,14111);
12346;
5575;
8710;
13322;
15442;
5301;
8522;
15102;
14981;
11146;
3317;
(2083,3825);
3296;
12553;
3327;
14165;
13547;
9894;
12922;
8702;
4487;
2058;
399;
1054;
10141;
((4554,6771),(10847,15587));
(3578,12718);
5108;
11242;
9553;
4842;
8647;
1373;
6619;
14498;
8374;
6540;
882;
(8608,11280);
777;
9101;
1897;
14386;
4297;
2906;
8178;
2679;
1918;
8358;
11178;
1338;
6504;
3935;
12096;
9736;
7822;
14043;
6338;
3625;
14187;
5134;
(332,8497);
4491;
(2342,6445);
1710;
11958;
1244;
13991;
2461;
4065;
3530;
4643;
5105;
(10104,11988);
10086;
4339;
5314;
1166;
(5145,10984);
13282;
8981;
7647;
12677;
2248;
873;
2628;
15583;
14134;
(172,12760);
6045;
8526;
12373;
7328;
12700;
5241;
12710;
6027;
13126;
14572;
4727;
11898;
14653;
12119;
5690;
12115;
(6963,11795);
2426;
7843;
8973;
9517;
990;
(3167,8050);
12432;
13876;
3204;
11872;
(12651,(5867,13098));
13459;
3268;
14332;
12525;
10404;
6131;
12269;
(5864,5982);
(3499,(5888,7525));
7150;
11347;
11968;
3556;
4323;
1965;
(1091,11266);
(((219,12435),(7301,7742)),((3581,12185),(9344,15440)));
15246;
(3287,12031);
10437;
4817;
13357;
3725;
(11014,13330);
10251;
755;
(12001,14877);
1288;
6298;
3908;
10346;
15175;
(7513,(11821,12575));
4894;
14883;
3219;
3514;
301;
2626;
3666;
307;
9966;
13196;
11069;
(9597,12333);
11408;
10048;
5604;
6986;
11830;
3548;
11284;
9508;
5494;
9703;
13066;
7613;
2954;
6980;
3118;
12586;
10537;
8382;
1870;
(1598,7936);
(8168,12723);
5974;
6770;
(3823,5082);
(3417,14301);
9326;
3875;
6845;
10706;
13699;
13297;
1456;
14678;
2843;
854;
434;
11297;
2282;
4515;
11890;
15176;
(317,11262);
(2330,14020);
2526;
9420;
13463;
3017;
7359;
5532;
6545;
7089;
11784;
3541;
726;
4746;
14513;
5834;
8052;
4625;
13659;
9093;
12631;
13834;
10318;
7959;
1603;
6917;
5697;
2887;
11813;
3229;
13909;
1588;
(2863,6231);
12465;
(6588,9515);
2539;
7612;
(5190,5990);
7694;
13148;
616;
14208;
8869;
7010;
3406;
2439;
2192;
13121;
8510;
8063;
1597;
10235;
2446;
2128;
((7610,(1101,10636)),(2315,6065));
11614;
13507;
7438;
(4480,5499);
11855;
((7826,14785),(8090,14418));
4736;
2713;
((10945,(5282,15646)),(14766,(14143,(12600,(5582,(15376,(12164,(14837,(9269,11675)))))))));
2762;
6156;
1281;
5849;
15326;
10327;
6102;
14084;
14672;
1211;
5192;
11808;
14651;
3880;
(13363,13976);
(11917,11935);
4863;
9454;
1752;
7672;
13274;
2063;
4973;
2253;
663;
13299;
((5746,7413),(8222,14662));
1459;
5516;
7573;
1583;
11812;
13907;
9845;
1589;
14634;
7083;
5847;
4862;
11631;
10768;
10579;
13514;
3730;
7524;
1007;
1581;
3053;
8045;
8180;
14934;
1297;
3250;
6815;
5034;
3716;
5515;
3572;
(3997,10145);
1267;
1684;
11761;
6133;
6503;
2262;
4123;
8430;
4672;
12284;
13318;
15599;
7459;
1748;
12341;
6481;
4459;
12965;
6738;
(14183,(4413,7482));
1566;
3673;
8204;
14716;
14154;
7519;
8697;
2715;
(3057,(2574,4925));
11400;
3964;
9586;
15518;
1675;
12273;
6923;
9560;
(7234,9856);
10338;
(455,4407);
12866;
11520;
584;
11894;
8940;
14097;
9097;
3265;
(3818,9808);
14350;
861;
7195;
11478;
9744;
8418;
(2665,12847);
5891;
11443;
2779;
7414;
10602;
4328;
9650;
12352;
(7276,11924);
9497;
6466;
3324;
1555;
12217;
13615;
618;
4514;
6439;
7215;
14207;
9810;
9008;
6380;
6817;
7348;
3129;
3271;
9179;
4126;
12362;
7290;
5722;
6990;
15603;
8153;
452;
3153;
7002;
1398;
4762;
8701;
(4897,7989);
9575;
(13142,(10715,12214));
4951;
((11832,15632),(5993,8202));
9128;
8349;
14287;
(3784,14753);
(5208,5343);
5019;
(7941,(5360,(2827,11150)));
11875;
(13301,(7102,13600));
2723;
(3346,4011);
10469;
15572;
3351;
14526;
11771;
9428;
6482;
(1739,2345);
(10644,13878);
(8260,10119);
6750;
11117;
2181;
10025;
2099;
9112;
12550;
15675;
(2047,8630);
1707;
6655;
9990;
(10508,14937);
8047;
11334;
11471;
10281;
(14658,(2738,(10036,12444)));
(1501,(15193,(4621,(1916,7588))));
6251;
6641;
1999;
10921;
4818;
14899;
(14311,14443);
10928;
10347;
12375;
(5390,9068);
5608;
11315;
979;
8026;
6346;
6376;
(11558,(5794,11873));
13498;
9432;
10138;
3047;
10705;
(13012,13994);
2331;
(12066,14112);
10495;
14064;
10701;
7884;
15530;
(11996,(6801,10863));
1124;
12094;
12703;
103;
5915;
1335;
(4375,12992);
84;
(481,(2622,8525));
11195;
2138;
6325;
(815,7139);
11878;
2412;
10631;
(4685,4782);
3203;
12773;
13288;
3062;
12572;
6196;
15360;
7508;
((5210,12178),(3882,(10624,15068)));
13164;
15261;
10717;
296;
5668;
784;
15242;
953;
2490;
(13071,(312,1738));
2057;
205;
11015;
7256;
3380;
7114;
3736;
13074;
(107,11235);
1816;
9243;
2314;
14325;
5292;
8813;
(5584,(7134,9832));
1118;
10034;
4520;
10620;
11569;
5952;
8066;
4020;
(4040,(4952,5977));
13669;
(439,13310);
1098;
(1830,10377);
(6838,8963);
14270;
1809;
2397;
14286;
13099;
(1631,11997);
10640;
7528;
7354;
6696;
4841;
6983;
2380;
8616;
2283;
12563;
8980;
14299;
3774;
((6316,15522),(2658,(11770,14547)));
15018;
(9000,11724);
7117;
5577;
13073;
12407;
12439;
7067;
12978;
1421;
9503;
8764;
12406;
5611;
12526;
(6090,(11916,12939));
5005;
7543;
7671;
8811;
458;
15128;
626;
11538;
30;
4296;
(13283,14451);
10221;
11941;
7380;
(2774,7635);
1157;
14879;
6232;
5477;
8236;
(6330,15423);
13084;
5004;
13208;
(3075,(11897,12374));
12203;
(7995,9213);
3552;
(3233,9074);
8166;
7800;
9940;
14771;
12609;
2538;
4547;
7921;
(6208,9735);
11573;
11695;
12190;
(15461,(8108,(6707,9782)));
3998;
10252;
9363;
(6239,10209);
15294;
11723;
13791;
15487;
14931;
7427;
5017;
((5331,10929),(14214,15004));
14727;
9189;
10171;
8109;
11766;
13395;
8452;
8185;
6284;
6942;
9630;
(2841,10792);
(2044,14334);
(10001,15428);
(1120,2999);
4860;
11427;
(201,7722);
1462;
859;
7664;
12825;
14684;
(5431,9006);
2693;
3845;
4120;
(3532,8961);
(5587,8117);
15185;
15065;
6290;
5932;
11607;
5354;
4671;
11861;
14619;
7412;
8479;
14105;
3537;
(12007,12397);
(106,15633);
1146;
6841;
1638;
(12282,14936);
4564;
3176;
12310;
5227;
7703;
2225;
13596;
7760;
2578;
3126;
13707;
7435;
6834;
2395;
8879;
9976;
3286;
6554;
7546;
1049;
15088;
3240;
10107;
(1837,3646);
10231;
7868;
2546;
6884;
5784;
15434;
1454;
154;
3783;
2198;
13915;
10619;
12480;
1316;
12460;
7418;
6491;
10222;
1719;
1892;
2998;
13189;
7386;
(2210,(7363,13983));
(6367,6420);
1676;
8334;
11502;
12692;
216;
77;
13078;
(4690,6675);
1061;
11599;
221;
4579;
14549;
11244;
10181;
7827;
(15219,(3873,((((5934,11985),(2820,7094)),(518,9036)),(9689,14281))));
9544;
8446;
(3872,4385);
5400;
13413;
5408;
7761;
1005;
9538;
(5033,14997);
167;
12490;
8056;
15147;
(8304,15520);
8579;
8014;
11273;
4510;
11213;
5398;
50;
8968;
1481;
13688;
10002;
9621;
14188;
9614;
12181;
2190;
3821;
9336;
(11135,(7207,14429));
(14407,(8663,10524));
8425;
14622;
14416;
15610;
11912;
469;
(3869,4668);
8891;
6587;
13986;
10242;
(5837,7487);
5937;
3531;
4995;
418;
8948;
13404;
11087;
12777;
(4402,8440);
269;
1246;
(629,11940);
9421;
5735;
6665;
8720;
11909;
10427;
14907;
(413,11857);
2147;
14570;
15082;
3111;
14471;
11863;
9054;
2821;
(8623,9901);
9623;
8558;
6678;
9106;
6929;
5889;
5614;
4730;
12233;
(6038,8852);
4540;
9529;
(1721,7099);
11759;
14060;
6518;
10095;
5850;
(2197,7637);
4572;
12736;
1247;
13762;
705;
5562;
6954;
5959;
10923;
8650;
(1411,6533);
7567;
7961;
7594;
10424;
9211;
14410;
8895;
10430;
8273;
4843;
7619;
2139;
13381;
11983;
8546;
15313;
(6469,(12483,14699));
6541;
7304;
9142;
8483;
628;
13945;
(4161,14930);
12255;
14251;
4923;
2975;
8989;
1647;
1587;
10314;
6203;
4361;
14083;
5654;
6122;
9463;
(12746,(1827,4010));
(6344,(2312,14412));
7802;
5778;
14571;
1558;
1835;
788;
4363;
13392;
(3808,9348);
(7850,12913);
9328;
5454;
12264;
8939;
(66,5471);
12065;
14288;
2661;
8997;
4194;
13745;
1845;
7841;
(6549,7373);
15340;
15214;
12447;
11656;
10836;
7913;
15605;
(2617,4225);
8350;
14868;
(909,1904);
6583;
10776;
(1023,4178);
1612;
886;
9602;
243;
8476;
12297;
8866;
(11510,12059);
9226;
8439;
(3824,5739);
2215;
12111;
10123;
9769;
8258;
9997;
11662;
11780;
3357;
9732;
2673;
(7366,7719);
(6949,10312);
7185;
479;
12093;
1777;
15464;
1175;
(7251,11144);
12152;
4993;
11674;
7062;
3452;
3584;
12154;
2629;
11523;
14149;
12288;
(6470,8270);
6679;
8290;
8456;
7474;
129;
9780;
4956;
4327;
8186;
144;
12161;
8321;
11719;
1697;
12851;
8006;
9340;
10428;
386;
(11286,15016);
8788;
4580;
12774;
9481;
5693;
115;
8210;
14164;
9970;
5284;
10573;
(8462,13920);
23;
460;
14856;
15436;
((5009,9698),(477,13106));
171;
330;
8140;
14925;
7784;
14915;
10254;
10165;
12517;
9755;
11457;
13374;
7191;
14431;
1617;
5869;
11641;
8217;
(711,8574);
(13047,14178);
14844;
9960;
6084;
633;
12638;
9362;
6663;
12157;
5091;
3647;
10585;
4911;
(12018,14368);
1781;
2142;
12057;
10590;
3115;
13030;
2307;
(12430,(12321,14026));
9696;
6410;
(5598,6880);
2728;
1381;
11867;
13657;
(378,2740);
8244;
14048;
1352;
5813;
2586;
9533;
13488;
14543;
210;
((8672,12240),(2649,11094));
15676;
1145;
13949;
5842;
12674;
10202;
9500;
2364;
2756;
5358;
1063;
10458;
10072;
6629;
(((8395,13199),(3686,9651)),(146,12762));
7881;
11533;
5481;
12948;
11084;
14536;
9534;
(10198,15332);
453;
11493;
4781;
808;
3741;
13744;
11806;
(5350,9486);
2341;
2582;
4059;
5942;
15182;
14889;
(2105,12236);
5556;
10920;
14490;
4947;
3010;
12137;
5225;
7994;
5307;
(1375,6428);
(3959,(1571,2955));
10128;
8755;
7774;
7545;
(13261,14511);
7007;
6425;
7165;
8144;
14040;
15645;
10053;
((10393,12720),(10060,10462));
8890;
10173;
3191;
9291;
6389;
(3654,5640);
14815;
15114;
2793;
2259;
(5744,11223);
11833;
14186;
7152;
13493;
7658;
8469;
14593;
13978;
10426;
9603;
14088;
5807;
(9182,12960);
6774;
6401;
4012;
12530;
8125;
(6059,8242);
13067;
7115;
13037;
5321;
13258;
2904;
2495;
12017;
157;
3838;
14441;
4635;
1047;
14444;
6647;
5817;
4085;
14670;
5327;
1917;
11728;
(2328,(11038,11781));
8393;
6832;
3781;
13088;
(3066,7506);
1203;
(5167,14840);
10229;
13873;
(13816,(3360,9339));
11121;
6715;
(3523,8915);
2729;
10255;
13422;
9705;
4415;
13000;
840;
11105;
1194;
11928;
3466;
871;
8101;
74;
613;
(3202,14939);
14067;
1641;
180;
11097;
2410;
12039;
4260;
8212;
12747;
12690;
(2403,14113);
(6016,12743);
15296;
8493;
(2592,15410);
6406;
10748;
5490;
(5370,12520);
7424;
2744;
6717;
10954;
8233;
4654;
9422;
(6829,(355,13888));
7151;
12070;
5673;
13914;
5505;
5607;
10675;
6317;
14232;
11125;
10332;
5093;
9062;
1250;
1791;
13159;
7193;
736;
7577;
11407;
4840;
1783;
8674;
5796;
6926;
(7968,((7657,(5768,14133)),(9266,12982)));
6620;
5581;
8747;
2104;
(15079,(3682,14406));
10130;
12174;
15577;
5029;
10965;
3637;
14462;
11402;
561;
4687;
4769;
1263;
14659;
14248;
4062;
11610;
901;
420;
3339;
4437;
9009;
2170;
13825;
14193;
14826;
15005;
12142;
(6143,(6988,(4552,12144)));
1002;
((4313,9576),(2135,6070));
9342;
7629;
3975;
2901;
2766;
11371;
3719;
3663;
14205;
1679;
4169;
10476;
908;
(135,1758);
11637;
8754;
852;
9771;
3370;
(7018,8998);
(6478,(11360,(4594,11896)));
2543;
13607;
4219;
(6080,(2483,5377));
(6287,13403);
6805;
(8428,(271,(4602,6672)));
6399;
3160;
8161;
5467;
4378;
7903;
9374;
6387;
2054;
849;
(5256,5518);
2459;
1871;
1432;
8947;
599;
5763;
6539;
7030;
7219;
8970;
9207;
7499;
14009;
10109;
15039;
12347;
6335;
5596;
3855;
13818;
3161;
2370;
4319;
5776;
12467;
8920;
6702;
4240;
14769;
15024;
2028;
166;
6916;
7267;
251;
6599;
1042;
962;
(4321,12069);
1535;
15444;
5848;
7124;
(2120,12659);
7734;
(12113,13917);
14282;
(15631,15683);
7914;
6687;
12423;
(6182,7618);
15497;
(12378,13579);
(4144,7837);
5259;
8357;
1519;
15378;
14698;
4079;
6274;
9788;
7951;
4013;
6184;
5819;
13664;
9617;
14173;
8359;
12355;
8229;
14335;
2357;
(3293,5045);
(5023,12128);
3694;
9198;
(10630,13537);
1865;
(2332,(11946,12192));
4069;
11446;
1981;
6946;
1824;
7382;
10100;
13448;
14239;
12145;
9205;
2559;
4529;
1374;
9583;
12117;
(8208,8639);
6823;
2696;
(6670,(370,8597));
12349;
9445;
14176;
11630;
1650;
5558;
15060;
566;
4731;
4199;
14175;
13220;
6097;
3392;
14493;
2337;
6404;
10993;
14069;
2739;
13625;
8478;
12687;
8207;
8473;
3815;
14046;
3262;
8527;
13572;
8468;
(3485,6173);
((3093,4847),(11506,13765));
2091;
(690,10788);
12343;
14629;
2127;
8643;
3866;
12012;
1614;
6753;
12102;
499;
11736;
(8704,(5800,14324));
8171;
12274;
4903;
9558;
((13273,13941),(695,8224));
8767;
2812;
10810;
5166;
15189;
1195;
9469;
3216;
8415;
11329;
14215;
9805;
423;
9403;
1692;
12843;
1256;
9568;
14750;
15105;
12537;
9895;
(8877,8962);
3520;
7001;
11984;
2293;
6;
9335;
10289;
(9443,(5113,9951));
11056;
12191;
3798;
15236;
190;
14310;
3192;
1365;
4758;
4000;
(1662,7331);
(9385,9881);
11480;
13491;
9741;
549;
3948;
5830;
706;
12293;
218;
6457;
13096;
13930;
7534;
13407;
1963;
(8292,15200);
11375;
1826;
3256;
8461;
197;
(7101,14764);
15123;
12461;
1314;
8749;
12758;
11098;
14468;
1585;
5049;
(4998,7851);
(6110,11325);
10210;
3149;
3681;
12364;
13143;
10895;
3971;
2595;
15570;
10035;
3931;
11482;
(1430,13525);
2348;
14263;
4793;
(48,3178);
15093;
7688;
5595;
14854;
13521;
15351;
3084;
1680;
11638;
(4495,13217);
3415;
1336;
10621;
6336;
8289;
12862;
6049;
6505;
7985;
7478;
14456;
14279;
12396;
(7704,12194);
10598;
1534;
11826;
494;
14567;
6326;
431;
12036;
6781;
(5863,14147);
13727;
5570;
4284;
3657;
12693;
15602;
(11796,(4060,9899));
6985;
7340;
5492;
8190;
12801;
12414;
10487;
4174;
8557;
3450;
13470;
9332;
3350;
2081;
(835,(8870,12208));
9513;
1428;
13764;
14714;
13642;
9175;
4732;
926;
12110;
1283;
15489;
11895;
6784;
(4428,9828);
(789,4835);
5276;
3303;
2926;
3588;
2933;
11807;
10874;
15075;
3065;
(483,14059);
5195;
3743;
8017;
12500;
6523;
4740;
9570;
5567;
13238;
(((9629,13029),(5767,10832)),((4597,5786),(2833,8559)));
1128;
4504;
(8034,12871);
958;
8409;
11073;
11259;
5316;
11449;
10273;
10183;
13679;
4427;
8345;
6681;
9449;
(13597,15445);
2703;
11472;
11109;
(5393,11434);
(4111,7607);
10879;
10725;
12547;
13686;
14363;
1159;
13997;
15361;
916;
341;
8831;
12627;
5396;
6461;
9302;
4892;
10877;
(2036,15292);
10950;
1085;
138;
922;
4479;
(8141,15661);
3490;
7360;
533;
(7057,14607);
10540;
(7835,13478);
12850;
2323;
7016;
7003;
14266;
677;
7533;
(8155,10514);
(4324,12308);
(6329,6562);
6657;
4469;
4043;
10024;
6202;
2401;
8338;
6609;
6052;
10809;
15290;
6824;
9949;
3865;
(34,14529);
(1274,14941);
2466;
(3645,4067);
7639;
(738,6605);
5486;
13648;
8081;
6145;
8618;
9004;
10967;
(2838,3376);
(1084,5437);
12008;
6015;
13510;
2246;
10558;
5303;
11119;
12540;
5624;
(3016,12335);
(1482,13228);
(12455,13387);
(7896,8677);
10710;
(7092,9510);
7563;
7246;
9349;
(3664,3767);
13306;
5896;
10989;
4118;
9493;
(4546,12130);
(4869,(2012,13017));
4449;
14896;
12220;
9618;
1289;
(9040,(10722,12244));
4936;
11188;
15658;
10892;
3252;
1121;
7226;
3939;
985;
14606;
4617;
10373;
8375;
12664;
2291;
7371;
5323;
3927;
12261;
1236;
7684;
6166;
6159;
(3365,7235);
11966;
9296;
10457;
11601;
3661;
14682;
12363;
5407;
((6807,10087),(1640,3414));
8107;
10890;
1238;
1313;
4653;
4583;
11919;
11501;
(8691,9358);
12954;
11055;
14973;
57;
9031;
12252;
12699;
396;
3383;
2288;
6300;
11575;
8893;
(3000,8259);
10875;
13737;
1355;
2836;
9794;
6217;
7071;
5655;
10744;
9160;
(6109,14816);
9238;
1286;
(5542,12567);
(8739,15534);
1537;
8194;
(3260,(8551,13271));
5079;
((2496,9405),(1683,13046));
(13714,(12909,12989));
7036;
1485;
(3223,8272);
(2289,13852);
6755;
5592;
(15416,(4741,14362));
3619;
10447;
2604;
2085;
1353;
4916;
1538;
14830;
13035;
13340;
9887;
4907;
5405;
12857;
3780;
3832;
1287;
669;
7839;
15492;
6579;
(3579,11016);
2978;
15576;
4387;
11463;
13696;
2924;
14575;
7160;
6711;
15283;
5088;
7669;
(4852,(12271,(8778,14032)));
3159;
6115;
(5440,12531);
12838;
4432;
1044;
9819;
2102;
9552;
12411;
8337;
1315;
15680;
2153;
427;
12000;
(9330,14095);
(3427,10091);
(6462,10970);
9164;
8024;
8172;
7963;
14874;
10247;
5750;
1390;
4760;
8644;
(5753,13741);
2132;
11042;
11388;
14181;
13124;
(2286,2558);
8857;
11283;
7049;
10143;
13833;
1416;
3056;
4636;
15263;
7666;
12894;
13358;
11133;
7996;
2038;
1971;
12735;
11171;
988;
10692;
5379;
(1492,12874);
9913;
13417;
11593;
1619;
12727;
(3688,6026);
3508;
8653;
5257;
12620;
8765;
9672;
7678;
544;
(5745,(4498,5689));
15055;
8724;
12505;
10884;
3641;
14424;
7568;
(1434,2618);
321;
1750;
9359;
(3992,13458);
1526;
500;
2745;
5097;
5212;
(7593,14066);
9758;
1161;
6976;
9792;
4626;
6761;
7323;
11281;
5827;
7940;
5676;
11901;
4037;
6486;
3024;
(5242,(917,5528));
1000;
11949;
2416;
7597;
5451;
3670;
2238;
546;
15121;
6507;
1033;
11436;
6271;
((7229,9294),(13388,13919));
2966;
5003;
(3870,6748);
8826;
5353;
(5969,(10939,12892));
7285;
7060;
7537;
572;
14729;
322;
2013;
13863;
(120,7741);
12336;
8626;
(5263,13136);
950;
(11024,13237);
14264;
6395;
15204;
3706;
6642;
1122;
10178;
3069;
3180;
15407;
11547;
11773;
11058;
3391;
(2252,8110);
6873;
7725;
(13881,(13567,13722));
10797;
3218;
8027;
7918;
4674;
(5162,8598);
5502;
7167;
10397;
13610;
9039;
1024;
1989;
7710;
8435;
15034;
1704;
(639,6454);
9124;
6066;
1292;
4575;
14577;
(8567,13045);
(3894,14141);
3457;
15211;
2940;
(7880,15563);
8246;
4900;
7069;
294;
754;
14466;
15152;
6289;
5627;
2788;
14792;
10071;
7268;
11546;
1741;
7887;
10627;
(2435,6243);
4726;
10124;
1343;
8695;
5133;
13740;
9273;
6209;
4226;
15540;
7518;
14360;
3231;
14744;
2936;
9991;
8730;
14309;
15564;
13721;
12705;
9152;
1854;
10904;
12668;
6010;
6473;
14340;
10020;
13250;
((3264,5482),(3089,14625));
(3963,6091);
15545;
6764;
12604;
15115;
6071;
7130;
4473;
15368;
4922;
2542;
12559;
8931;
5702;
(7582,(4523,8796));
(116,6752);
14623;
6866;
4920;
10625;
15181;
5164;
((739,13671),(627,6654));
9627;
(912,14405);
11574;
12088;
(7958,(12768,(2367,2748)));
13420;
10654;
12782;
5682;
15244;
12296;
306;
11004;
13226;
1242;
(7818,13794);
8220;
3015;
4265;
7706;
5002;
5270;
444;
2177;
214;
3867;
13460;
2356;
9866;
1872;
1701;
6730;
3827;
3428;
13040;
7087;
(12904,13855);
1878;
11128;
4390;
(6087,10528);
11215;
3183;
(5346,8019);
14115;
1478;
3807;
4366;
4652;
223;
1190;
11644;
6785;
13248;
10645;
(8316,13055);
8783;
371;
10679;
6692;
8443;
14357;
3094;
14767;
5022;
(83,2700);
12225;
14768;
9830;
3146;
2117;
1586;
7288;
10732;
7736;
7808;
117;
4819;
13068;
5829;
1395;
998;
2134;
8041;
14210;
13573;
11202;
(136,15408);
(2867,(10515,14646));
4940;
14565;
(1867,3308);
13743;
6908;
1938;
4039;
2556;
4858;
3506;
3190;
4493;
6154;
9144;
9936;
(1402,11943);
4779;
11092;
(5498,8781);
4157;
11548;
12266;
5574;
4949;
9268;
7308;
14984;
9278;
13882;
(2991,3388);
13922;
10871;
14888;
9967;
14838;
785;
7261;
15560;
9743;
7392;
11747;
6451;
6994;
8858;
3733;
6500;
15276;
(2163,5421);
1848;
(1995,4831);
6683;
588;
(793,1344);
(6225,10771);
9245;
15419;
9390;
15552;
8343;
12754;
844;
(246,12790);
8735;
3902;
(2100,11399);
5785;
10778;
2191;
11236;
11858;
1531;
3620;
2763;
10206;
10266;
(11256,12814);
11838;
1880;
(9143,12972);
780;
3501;
7361;
9814;
3704;
9049;
3352;
13555;
(3917,4506);
15308;
13449;
(2988,6937);
12800;
4857;
11689;
(2609,6978);
3345;
10908;
2382;
1775;
5513;
3613;
1180;
12869;
3144;
5780;
15617;
10777;
12469;
3557;
(8191,13685);
10129;
10191;
6435;
13239;
9044;
8225;
9557;
10569;
3124;
6656;
9963;
13177;
2761;
286;
1542;
9414;
(6819,9416);
13845;
(3127,12826);
(4999,9223);
11390;
(9077,(6093,12844));
(2470,15664);
6861;
8378;
6876;
7221;
6901;
(7549,15072);
(4839,(10413,15170));
14161;
2689;
(275,9398);
5563;
1733;
3734;
10529;
3945;
4988;
15187;
(3786,6237);
5613;
12930;
13506;
(10452,13710);
4604;
11046;
2287;
6584;
(6032,8955);
258;
4357;
14609;
12068;
12486;
(5870,8635);
8060;
751;
6036;
3136;
11348;
10678;
5054;
13212;
274;
6302;
11076;
13595;
5773;
11860;
8741;
11503;
1927;
14773;
15171;
(960,12558);
14748;
7523;
(6928,13799);
3369;
13971;
(1285,13341);
1078;
(2362,(1600,10263));
5150;
5895;
3239;
6337;
6903;
9946;
15149;
(11802,12053);
2641;
2216;
(((9081,14905),(6063,9092)),(2675,6724));
762;
5065;
1772;
7762;
(15335,(3671,7654));
6373;
2639;
1939;
12555;
14688;
2493;
9441;
14825;
15017;
(298,13554);
10360;
11981;
13735;
10882;
1800;
7263;
5878;
5148;
15593;
15544;
4943;
6677;
11648;
12875;
9404;
5902;
6265;
(10432,12227);
645;
12816;
14880;
4669;
12295;
15304;
1026;
11020;
1144;
10297;
8485;
6921;
2399;
10983;
2070;
7295;
1230;
9171;
13602;
(8463,9496);
3930;
11744;
15449;
5761;
10444;
(3209,9909);
5522;
8512;
8102;
14484;
10156;
3150;
3962;
528;
11557;
(978,9200);
9315;
12078;
(3782,8195);
9724;
3122;
14894;
(43,14853);
12359;
4152;
2113;
1819;
1458;
5104;
7648;
12658;
4258;
4728;
(14904,15665);
(8772,9309);
804;
(624,2429);
3989;
2650;
3903;
13960;
10689;
4502;
13820;
15201;
6966;
12810;
4678;
6254;
2825;
6272;
6612;
13253;
13195;
13378;
13219;
13163;
13569;
1488;
(1920,(11783,(2971,15271)));
6236;
1977;
6996;
1728;
9061;
11344;
9015;
8562;
9958;
11212;
(33,3586);
5833;
4864;
3652;
2671;
1030;
2830;
4792;
11061;
10310;
3987;
701;
11032;
6433;
319;
13167;
(8336,14722);
12092;
2962;
9764;
6167;
12749;
5348;
5111;
10464;
13860;
8904;
1224;
13904;
5820;
12023;
13923;
6455;
(12803,13821);
664;
3953;
4365;
3464;
14261;
747;
1876;
10153;
4093;
8187;
(5015,12290);
15392;
(11005,12458);
2383;
7241;
12884;
9263;
4688;
11991;
15612;
6559;
2035;
5652;
12979;
6767;
(3763,(7701,9641));
1088;
9874;
4585;
7367;
5884;
10520;
2302;
18;
1169;
(10440,10582);
13077;
862;
1254;
5163;
9208;
(14098,14650);
6546;
5417;
13729;
10985;
4191;
6465;
(6216,(3849,15153));
7927;
12528;
4587;
36;
1491;
10340;
8388;
12763;
8450;
1219;
4935;
11008;
12521;
6552;
3715;
7032;
(2553,11980);
(783,14803);
4844;
6617;
9257;
13383;
12733;
8569;
11528;
14870;
3292;
7097;
9841;
9429;
967;
10617;
15473;
13528;
10211;
10218;
14489;
6945;
15085;
12167;
4954;
12582;
7919;
(10893,14886);
4352;
8377;
8967;
2566;
4562;
10144;
1844;
5016;
718;
(1332,13785);
13527;
340;
(2333,9923);
14576;
1304;
4190;
8008;
4849;
14373;
6904;
(5844,11509);
10643;
6180;
4833;
7614;
(1934,11589);
(2004,11566);
3627;
12155;
3846;
14376;
11412;
14966;
12730;
1593;
10301;
14076;
12459;
5963;
3210;
15212;
3954;
((10225,14385),(12805,15516));
7805;
7750;
4207;
2344;
(13179,14315);
(10919,(12974,(6898,(7320,(6572,10802)))));
7055;
14812;
(5168,14327);
(10816,13806);
807;
6516;
2982;
13681;
10383;
((4209,6247),(2685,6555));
((6597,10653),(3438,11467));
(6858,9972);
7052;
7090;
1705;
15076;
12593;
3230;
13592;
4369;
11692;
914;
14866;
8346;
7765;
3685;
8298;
12367;
7732;
6581;
14356;
14709;
14738;
2632;
14614;
9191;
3404;
14702;
(688,14758);
5861;
15401;
1579;
3977;
8774;
2165;
(2507,3255);
7457;
3757;
7264;
7085;
11636;
2011;
(6333,12326);
13564;
6345;
8872;
4401;
215;
7589;
8992;
244;
935;
4054;
3723;
15607;
3978;
13747;
9292;
1436;
(10139,13487);
1949;
9384;
5470;
12614;
8411;
12901;
(12988,15611);
9399;
436;
11788;
1423;
4177;
9864;
145;
14381;
14140;
6189;
(3585,8951);
11514;
2074;
15099;
9573;
6141;
(14544,(3791,7196));
14500;
11282;
14612;
11203;
3384;
3695;
13883;
7189;
7591;
12107;
5109;
3986;
14219;
8087;
14014;
10805;
13366;
2266;
8214;
(((4693,9746),(5438,8500)),((4311,5927),(3030,10277)));
7572;
2241;
2066;
(5700,(3984,6508));
10420;
11619;
8422;
12123;
(3696,(7322,10258));
15458;
((4500,8944),(8770,10388));
6525;
4364;
13504;
2405;
855;
3158;
3648;
6328;
9172;
10583;
4745;
6852;
2415;
7274;
881;
207;
(9657,10727);
(((4879,6308),(1732,12298)),((13621,14919),(3837,11787)));
7685;
8823;
8849;
5152;
13670;
13705;
1948;
8528;
3568;
(10,3890);
10509;
1578;
8113;
8850;
(6293,11623);
(10422,15300);
8254;
7074;
(6234,14685);
(14734,15317);
14957;
(15318,((12991,(8489,8982)),(147,8501)));
11007;
7554;
15590;
12421;
8096;
2419;
13024;
2195;
3775;
9704;
(5825,13952);
4854;
12351;
10581;
(8279,9965);
(2670,11090);
(1013,11012);
3088;
64;
1171;
15616;
(12940,13633);
(1682,(8871,(10482,(5866,8965))));
4251;
(7394,14677);
3918;
8046;
13871;
2829;
10956;
6779;
11303;
6147;
10249;
2778;
3505;
(612,5127);
9804;
1386;
1031;
8621;
10489;
(9613,11000);
5238;
(3358,7862);
11561;
(1557,10008);
3429;
13778;
3022;
12824;
8020;
11340;
7238;
((1633,6043),(1607,2166));
6716;
10754;
915;
4649;
5612;
1185;
10564;
(2817,7844);
10762;
(6506,14636);
11114;
1864;
6991;
6062;
(3,13672);
12345;
6676;
15295;
14903;
14639;
3157;
5759;
4034;
(504,5219);
11584;
7423;
12002;
7064;
13702;
186;
2602;
8675;
7869;
15596;
9324;
1940;
6042;
(2108,4574);
11425;
8216;
10283;
9012;
11241;
200;
4937;
8889;
556;
2003;
4856;
2561;
1323;
9321;
13349;
(14330,(12955,13169));
579;
3245;
5040;
(8654,13440);
6799;
(521,12424);
7948;
2537;
7054;
6229;
10734;
2759;
9631;
12215;
14631;
12893;
3102;
14617;
3773;
11393;
15429;
(11757,(897,9229));
3133;
(291,6882);
5463;
10566;
12248;
4374;
2683;
14626;
10089;
14031;
(8239,15169);
((13513,15138),(5671,13171));
2681;
(7980,11166);
12647;
(4340,6211);
15298;
12927;
3448;
758;
10126;
11905;
8999;
3717;
10352;
12772;
5151;
12095;
4828;
9373;
(2274,6686);
14600;
5698;
(4173,5478);
1734;
4198;
809;
4082;
12983;
(13899,(11089,15158));
10438;
13154;
9720;
(5808,13795);
15164;
14019;
14731;
11160;
(12969,(385,4098));
6577;
3382;
13014;
15227;
9295;
10688;
6591;
15143;
(8564,(7027,9632));
12148;
(1520,7966);
7728;
557;
10045;
10146;
(1505,5500);
15077;
(((1942,11275),(12082,14755)),((1937,14323),(781,2880)));
15095;
7100;
2807;
10641;
7791;
8820;
1594;
7169;
9519;
3749;
8307;
527;
3195;
9756;
12267;
10720;
2106;
(4809,8135);
508;
13355;
10453;
12147;
3810;
3678;
1991;
9858;
5271;
7116;
3772;
9776;
6699;
5028;
11779;
11131;
7598;
8946;
5409;
(3163,4744);
11149;
14238;
(4729,(6526,14951));
5217;
655;
9919;
1672;
4268;
10322;
487;
1901;
6104;
2434;
905;
(6151,(2296,11234));
3955;
14806;
10256;
733;
7642;
(1472,9524);
2433;
1574;
(3186,7163);
((((2175,4986),(2448,14940)),(4463,7113)),((3630,6281),(7512,8957)));
((923,5447),(448,5920));
9071;
8640;
5090;
13317;
12896;
6165;
10738;
(238,8556);
(5059,11925);
(1220,4794);
12188;
2565;
6585;
12324;
9652;
2360;
948;
202;
8839;
15687;
5949;
4488;
3698;
9809;
1543;
10097;
10494;
4682;
9773;
3002;
10062;
630;
5064;
7121;
10149;
2205;
(438,14118);
13568;
4924;
13622;
603;
3054;
12003;
15505;
6408;
8219;
1956;
(6531,12570);
6306;
14025;
1391;
6513;
11225;
1627;
2922;
1812;
2311;
10244;
1334;
15584;
217;
(732,2292);
702;
4315;
9327;
12512;
5696;
2585;
3200;
14621;
8145;
13127;
5484;
8076;
(5310,(6714,11233));
2051;
(4485,13663);
9838;
13421;
5277;
14632;
12443;
3426;
12320;
4807;
12283;
13252;
12861;
1408;
14396;
7530;
44;
1790;
5220;
2034;
4351;
13519;
14736;
8935;
8717;
6860;
1268;
3898;
5359;
(4705,4950);
15328;
2111;
1173;
806;
15130;
4588;
10368;
(4948,7626);
7561;
1779;
1681;
5793;
12313;
5229;
4715;
610;
2721;
13206;
10669;
4569;
10049;
9410;
7993;
9785;
8448;
9076;
14596;
3329;
13147;
5025;
12840;
653;
5835;
10180;
14884;
((2896,11122),(5814,13719));
5708;
2130;
13468;
14003;
13311;
11048;
1189;
(((4767,8385),(2347,9355)),((973,13076),(4773,11324)));
15578;
14200;
5756;
15311;
8705;
7451;
13847;
10375;
10306;
14530;
6952;
(10991,((2680,12912),(7953,8592)));
537;
520;
8688;
3402;
13601;
2320;
8666;
13371;
13560;
11854;
3314;
14938;
4806;
12146;
5057;
6153;
1116;
380;
3988;
15324;
2184;
10873;
6005;
10223;
13354;
3470;
2221;
7990;
6615;
13840;
2856;
446;
1404;
13626;
1229;
14953;
9145;
1253;
4848;
902;
2196;
10288;
9418;
3145;
9158;
8188;
2230;
9737;
(5043,8421);
5641;
1841;
8131;
4298;
7214;
14189;
(675,10353);
(6544,13693);
7783;
7444;
11296;
4231;
14900;
6001;
185;
(11544,((7389,12514),(2730,11176)));
10311;
196;
2411;
6362;
12499;
11725;
(10804,14885);
(7650,15136);
(1743,4122);
213;
7397;
15404;
(10721,(13704,14673));
13294;
8593;
3934;
5351;
5685;
3098;
15013;
8964;
8667;
(8040,13974);
(1815,5336);
9867;
(4524,15465);
14923;
15557;
9459;
(3740,14021);
5415;
12239;
10652;
562;
4042;
10815;
4953;
12719;
10541;
8269;
7775;
8648;
(1968,9457);
(3467,9458);
2794;
4388;
10664;
3540;
1709;
8095;
13182;
12280;
12931;
4099;
1117;
9391;
14779;
14241;
(7258,13586);
13779;
9134;
15293;
7558;
9371;
5954;
3738;
13267;
5297;
(2059,4318);
4983;
13091;
831;
2719;
7792;
894;
5457;
740;
14752;
12158;
3026;
7362;
11530;
954;
1825;
10502;
(10639,13823);
8986;
10646;
7449;
9928;
14344;
1406;
10403;
12868;
1487;
11923;
4544;
(4629,(2973,3007));
6007;
7599;
11370;
2188;
4868;
15237;
3913;
4301;
(11587,15488);
(5406,14320);
1364;
2185;
2733;
9801;
10843;
4716;
(4142,12613);
9712;
2709;
8031;
2264;
12655;
14117;
7044;
13120;
4233;
10716;
12118;
6175;
6872;
13115;
10781;
(328,10059);
928;
11519;
15224;
9311;
13049;
7098;
15097;
(3515,14010);
8366;
6616;
7915;
4379;
4964;
14150;
10364;
5644;
6168;
7542;
9195;
12903;
10988;
8173;
15575;
2705;
11485;
(2522,9539);
13209;
7763;
2777;
11764;
6321;
4064;
12956;
7683;
12635;
10003;
14374;
6644;
10834;
6765;
4095;
15613;
(13962,(10237,14980));
1490;
14735;
4836;
6723;
(2916,10136);
1875;
(3012,3787);
1162;
1648;
771;
7670;
2475;
3916;
4300;
7954;
11640;
(10930,(8513,14041));
248;
(193,1630);
8484;
288;
10070;
7712;
730;
9308;
8397;
7636;
2961;
5706;
(4381,8605);
14052;
2606;
2840;
9531;
888;
(2648,5663);
(4670,(5818,9850));
10042;
5992;
1652;
15015;
(9361,13269);
7709;
5672;
7437;
3950;
11077;
5185;
(2845,8268);
12390;
14123;
9875;
14793;
14794;
7904;
((2938,10399),(11043,11309));
1753;
8994;
6756;
3559;
8613;
12867;
4878;
14163;
13203;
583;
5538;
((4078,(11204,(8842,11500))),(7212,12987));
11686;
2194;
10980;
((8545,(7849,10418)),(2664,12636));
13944;
5938;
7692;
(6791,8927);
15262;
8583;
14686;
693;
2179;
3356;
6582;
6820;
2931;
2462;
9836;
4796;
9598;
7133;
4875;
2180;
4990;
1849;
11271;
7737;
13338;
7243;
(661,13184);
5281;
541;
(6919,(2623,4676));
333;
(1073,2017);
2831;
4584;
12701;
10044;
6621;
5035;
7440;
3371;
13571;
9952;
7875;
1126;
8978;
(285,2850);
189;
7043;
13627;
208;
6073;
8471;
1774;
957;
9277;
11330;
9199;
10125;
9227;
11586;
3777;
11389;
9126;
2785;
8668;
5041;
15228;
7471;
8176;
4628;
14194;
15069;
15528;
1511;
5521;
15459;
6280;
1051;
12256;
(4004,10169);
678;
15460;
2482;
5738;
7934;
2369;
9730;
8607;
15511;
12845;
4218;
(45,8276);
5420;
(5237,8424);
3338;
6547;
1696;
2657;
(10212,10574);
20;
15379;
10516;
12394;
14492;
13382;
3707;
7584;
1893;
3677;
52;
15435;
8280;
(4044,5926);
1349;
6339;
10995;
3480;
2593;
15391;
858;
9360;
10858;
15484;
14979;
1514;
10052;
9381;
3475;
13609;
9889;
5718;
14920;
6889;
11432;
12201;
14711;
(1688,5338);
(4051,7183);
3355;
3449;
10292;
13240;
6606;
6932;
7623;
3672;
8806;
((552,14724),(1115,9073));
7866;
9822;
5621;
12371;
13105;
7905;
(8784,9021);
12195;
7450;
10485;
14295;
111;
5711;
11697;
8810;
11274;
1433;
5135;
12090;
14185;
8442;
9879;
9843;
(11604,12425);
17;
5737;
8126;
14488;
7377;
(9585,(892,14574));
11047;
(4458,9759);
5997;
2844;
7521;
4982;
6409;
3624;
14053;
13412;
14725;
11218;
4055;
(2002,5805);
10380;
14213;
3407;
(2442,13290);
118;
10201;
9717;
(1645,3013);
1869;
8118;
11578;
5681;
1804;
1887;
6826;
(1508,4658);
13432;
6034;
6786;
(6772,10228);
12953;
501;
1539;
2353;
3583;
1418;
13687;
10302;
1654;
13419;
7445;
(1361,15003);
5251;
5531;
3095;
(13613,15418);
14927;
5615;
1941;
14775;
14267;
1700;
13690;
8853;
11374;
10730;
13430;
4679;
4038;
11849;
11289;
11714;
13748;
12226;
8030;
3306;
5419;
4919;
6414;
9474;
(2945,11987);
(3893,11041);
13774;
6377;
14151;
2711;
14195;
(9706,(4708,5906));
10384;
(1210,(12413,12787));
9969;
13801;
4637;
7497;
1763;
1891;
155;
15532;
1602;
11368;
2743;
5172;
4017;
7984;
5657;
5919;
7532;
5027;
7770;
1340;
12717;
15157;
2468;
13302;
14388;
3640;
7633;
2750;
3805;
6468;
9551;
5121;
344;
1067;
12568;
12831;
(13517,13552);
(898,8719);
10496;
6464;
(2492,(1437,12348));
3500;
5395;
1228;
8834;
(2569,4972);
5155;
5945;
11732;
((6155,10742),(15196,(3021,(3014,4282))));
1776;
511;
679;
1624;
361;
994;
9762;
634;
7894;
1745;
11468;
(2550,11019);
10483;
6262;
5836;
8652;
6192;
6012;
5781;
13019;
3920;
9918;
187;
8655;
5200;
93;
8554;
7641;
4025;
934;
13926;
6993;
2737;
8324;
(9619,(2656,8064));
6437;
6877;
12564;
4014;
5464;
11847;
6859;
8249;
(1568,3727);
15287;
13323;
6183;
10354;
(54,9264);
(8,(15120,(4549,13082)));
6255;
11529;
9635;
9190;
9999;
5149;
4855;
2384;
6047;
3060;
12241;
5138;
(4707,8887);
2513;
37;
13333;
14918;
(4701,7714);
1671;
13103;
3607;
13811;
1768;
141;
6053;
4548;
2562;
4395;
(1665,13235);
(5553,(1306,5639));
11740;
6334;
5403;
772;
(4484,14075);
2239;
5832;
6808;
15129;
11976;
956;
1510;
15048;
6510;
7974;
(3844,9820);
12016;
8941;
4663;
4509;
7462;
10280;
14467;
658;
8886;
1310;
1451;
10253;
13499;
(1419,4416);
7475;
774;
14733;
6847;
7460;
12386;
8634;
((6538,(12543,(15352,(3884,(9700,(3332,(6602,(7749,7863)))))))),(5894,(7898,12504)));
3589;
4530;
2583;
10981;
12918;
12199;
6291;
15691;
10162;
11249;
13578;
2957;
14497;
1866;
10960;
13197;
4944;
4475;
(5258,(5675,13742));
9370;
12518;
4193;
7455;
(1405,2071);
2413;
(3050,9453);
13896;
6221;
4749;
6914;
8829;
8560;
(841,5892);
1596;
6233;
1795;
(130,3968);
(12860,(5907,13804));
14389;
727;
3368;
15137;
984;
10155;
9305;
6086;
4611;
2749;
14652;
11592;
(12980,(484,12993));
6818;
6688;
512;
(((15073,15628),(4201,(10098,(6974,(580,12708))))),(6811,8333));
5650;
523;
9242;
14534;
14343;
(1723,10733);
10429;
11222;
11708;
6424;
11933;
6957;
(4336,10479);
(15104,(10268,11302));
1552;
4737;
14527;
15446;
6825;
6842;
11864;
4738;
9528;
4136;
12125;
9930;
5714;
13720;
707;
12210;
9848;
(5084,5852);
(497,9646);
12272;
7247;
6407;
9692;
(3602,14044);
(10466,14720);
6814;
12122;
15653;
14228;
8762;
8856;
9364;
5176;
450;
5122;
5646;
6138;
5987;
(8235,(1575,12133));
14813;
7203;
6848;
((5355,5917),((4462,8722),(5329,5923)));
10115;
14605;
13590;
7729;
10829;
11591;
3387;
906;
(9770,11880);
316;
7298;
14683;
4837;
13628;
10607;
9149;
1308;
12035;
(4899,11977);
15209;
12729;
11963;
6867;
6187;
10632;
6215;
10773;
745;
775;
(4673,6671);
8586;
14932;
3154;
(1371,4525);
3325;
3318;
7477;
920;
1674;
1655;
6257;
10112;
1266;
(4527,12672);
14233;
13025;
112;
3551;
2137;
14355;
3771;
11751;
4221;
2187;
88;
2043;
9677;
4187;
12522;
7788;
(2478,14986);
14247;
(10704,11462);
10446;
9151;
1898;
4146;
(4595,6708);
6947;
9180;
4147;
3691;
9427;
1890;
12688;
6951;
10973;
14902;
4889;
5940;
13662;
2576;
5897;
(((769,2107),(1668,15672)),(13508,(2260,5247)));
10949;
8954;
2379;
10555;
4353;
11902;
1417;
14361;
927;
13145;
3123;
10455;
9671;
5144;
992;
8709;
14237;
1213;
1212;
12223;
(((1799,5170),(13524,15267)),((4349,5622),(6631,12657)));
6498;
(7686,(13849,((9521,(12262,13324)),(6198,(6029,7872)))));
(3674,8690);
10026;
7949;
(11208,13042);
8114;
5493;
14732;
14618;
9192;
547;
14135;
5146;
3803;
8287;
(1639,1656);
12216;
10345;
3665;
7337;
((3896,10633),(2269,8949));
5999;
9775;
1379;
292;
11359;
15589;
14039;
4447;
7364;
152;
1606;
10480;
14369;
3919;
12464;
9825;
12532;
3509;
1489;
10182;
11904;
14427;
12946;
11072;
11615;
4330;
(2391,2527);
(10605,14446);
9872;
13646;
9088;
13512;
8943;
10519;
15457;
651;
10379;
4723;
3511;
280;
14244;
(3063,6000);
(6018,12382);
4739;
10530;
1290;
7081;
348;
(10203,14421);
454;
9964;
(756,10238);
8656;
2802;
4808;
7033;
2601;
14912;
8658;
10848;
12234;
4994;
7939;
12975;
7586;
8477;
(11201,(2768,7888));
13545;
1086;
924;
4941;
9271;
5476;
14104;
14211;
1545;
13653;
3174;
(3182,12569);
5012;
8638;
3330;
14983;
1138;
(2795,12292);
2994;
2876;
7771;
12360;
2708;
650;
11257;
(5308,14519);
3453;
11937;
1657;
581;
2441;
9855;
9950;
(9803,14116);
(1998,(10708,(12928,12951)));
1056;
(8263,11255);
4581;
1615;
(1862,6076);
(1385,10188);
6046;
(2678,8844);
12415;
2776;
1713;
12887;
3361;
8197;
(977,6601);
(1930,13168);
2033;
2868;
2148;
7272;
10478;
((7339,9719),((516,14996),(1427,11629)));
6638;
14028;
6411;
13677;
1009;
752;
4189;
4692;
13934;
7495;
11560;
8472;
7479;
1484;
7232;
3304;
9070;
12106;
5719;
(((2219,7432),(9860,13695)),(95,12938));
13655;
1847;
10094;
2226;
9022;
5956;
12783;
(4036,7368);
(10971,(3437,13032));
14908;
(183,2905);
10265;
(2453,10532);
10647;
8445;
278;
8795;
2048;
11564;
970;
3965;
14018;
11870;
(4151,11447);
8797;
13087;
3697;
1832;
14100;
(6241,(2069,7408));
13553;
6285;
387;
11939;
791;
8433;
1836;
11971;
9065;
8791;
4460;
3756;
5489;
822;
13631;
4163;
9484;
4422;
9854;
8511;
10822;
1205;
1021;
13339;
6913;
14669;
1296;
15377;
6019;
(2273,6568);
9034;
13198;
14514;
15536;
2488;
6673;
2082;
4711;
8218;
10401;
(8079,10408);
5903;
5810;
13725;
7385;
(4312,13581);
11426;
(3526,4346);
12601;
13864;
46;
6125;
(9003,11132);
4103;
7404;
9168;
14148;
12334;
15537;
14218;
670;
3247;
7581;
245;
10613;
4376;
13484;
7319;
10553;
2682;
14096;
1317;
7982;
15252;
6645;
11646;
15021;
14871;
3554;
8105;
2869;
2533;
11570;
3028;
8091;
8505;
7833;
9217;
7969;
680;
2300;
11310;
(198,3299);
9020;
7864;
(7228,10351);
435;
(8294,12841);
9063;
15382;
9530;
367;
90;
11088;
9955;
4252;
(14045,(2568,13350));
13562;
6013;
11716;
(12387,12633);
3207;
12583;
4204;
14273;
4335;
13367;
12678;
11392;
5278;
(1438,9413);
9485;
4618;
3445;
11848;
1255;
12437;
574;
13462;
9056;
7810;
9599;
13651;
3897;
6244;
15642;
12330;
9622;
2633;
6528;
15289;
13298;
(2358,3148);
(6149,10127);
3656;
10575;
14602;
2204;
1062;
10096;
2086;
15150;
7239;
8262;
6865;
(12724,(2908,9148));
7522;
12561;
5325;
5216;
(12562,13789);
10215;
6267;
9408;
14435;
15342;
12086;
7038;
10749;
(686,11441);
2;
12305;
3125;
12936;
4800;
13550;
10137;
582;
15647;
10164;
11112;
14082;
1152;
13575;
10468;
(3598,15363);
10262;
13450;
11143;
5181;
4022;
1789;
15649;
126;
5080;
5590;
2800;
11492;
9697;
12796;
((3642,12384),((10622,12047),(8127,10782)));
10477;
12474;
113;
5372;
3831;
265;
5978;
3068;
2455;
6313;
11889;
(9687,11539);
6088;
9926;
8925;
9115;
7932;
11962;
2121;
540;
15078;
(1810,5534);
559;
1191;
15417;
9176;
(4747,5141);
7146;
10667;
12608;
14911;
(1554,1925);
4609;
9987;
(1104,2324);
13200;
(2308,15656);
125;
13081;
13497;
1360;
92;
15269;
13033;
((8757,13697),(7175,8861));
1393;
31;
15519;
12545;
11263;
(2503,7125);
14687;
2826;
14675;
14393;
12245;
9253;
(1076,12963);
2032;
1646;
6219;
5658;
8673;
768;
12222;
8520;
5485;
14890;
10933;
5319;
14107;
4735;
6977;
9565;
(7824,(5539,14503));
4816;
2018;
3375;
((7587,9153),((2702,15543),(3269,14453)));
395;
4610;
13444;
4714;
3606;
2502;
8729;
13456;
(5126,(6227,12691));
13495;
3226;
8508;
(7580,8004);
14475;
963;
1659;
(4694,13786);
1372;
14229;
11598;
3739;
(10934,13048);
15141;
964;
11655;
14978;
4642;
13229;
11877;
(812,9984);
6477;
4545;
3297;
87;
11809;
(9464,14949);
1302;
11625;
(2755,3487);
8632;
10668;
2326;
7690;
9595;
12344;
11746;
13186;
4107;
(1873,3958);
5147;
3655;
(7452,10344);
(646,7140);
14615;
10662;
4257;
(2022,5107);
1202;
6112;
12005;
8610;
4945;
475;
11026;
896;
(6821,12640);
6698;
7983;
(489,((1455,7646),(3612,8938)));
3709;
10157;
(1954,11246);
10088;
860;
5550;
11616;
9937;
6383;
15393;
11892;
8313;
5775;
724;
(3076,11003);
282;
(9891,(6127,11658));
7252;
12949;
7611;
2902;
3747;
7056;
7091;
4507;
10697;
14641;
10305;
(11995,15223);
(14515,14643);
(5180,8611);
8602;
3635;
14852;
7078;
13003;
6709;
10545;
(1153,4128);
15365;
8578;
6111;
13739;
5394;
7998;
10436;
14765;
11470;
429;
10859;
11044;
12357;
7307;
8177;
(12169,13439);
6927;
10851;
2305;
2552;
8351;
8009;
(725,10869);
4600;
9353;
4105;
9852;
8934;
757;
4536;
2547;
10783;
12642;
(570,2444);
(1151,1951);
2792;
4243;
11758;
15426;
1628;
12392;
13372;
5904;
15475;
5211;
4686;
10828;
3106;
(6224,8182);
7848;
12737;
7865;
440;
9279;
7806;
13266;
3587;
(3801,13411);
1276;
4224;
6201;
(3491,7370);
816;
6108;
(4997,12468);
14671;
9232;
8676;
5340;
9915;
11311;
6812;
13132;
13441;
11039;
13180;
((3809,7601),(473,5568));
11356;
((2506,13020),(5460,15688));
(4332,7208);
(5787,12498);
6050;
14945;
2021;
7909;
3421;
5732;
12212;
11025;
10979;
7458;
11379;
15001;
342;
10604;
10272;
11536;
6490;
(3038,5066);
(7369,8570);
9440;
13435;
12639;
9941;
10163;
6297;
2687;
((8122,11750),(2581,3539));
514;
14198;
6294;
(2754,5916);
12075;
(169,9986);
6003;
14553;
2996;
(11431,14998);
15663;
13369;
4420;
12042;
(6011,13632);
(8506,(14867,(1502,4073)));
13416;
1929;
2613;
15232;
6964;
13131;
2131;
13968;
10051;
(7766,14832);
10736;
((1861,3193),(15199,(6438,13761)));
6603;
5474;
(900,10470);
10214;
15644;
(1299,11926);
4751;
3282;
2005;
(9014,12071);
5918;
15230;
14458;
(2042,12270);
12013;
3055;
5368;
9857;
(405,3463);
(6488,(5851,13312));
13079;
4057;
3155;
7960;
5555;
10824;
(15160,15659);
11613;
(9709,14275);
(8909,12493);
519;
14422;
8595;
3237;
7679;
11810;
11260;
(3879,(1441,8198));
(7498,14749);
6002;
(3558,(11445,(9478,13211)));
(8814,12231);
15250;
12380;
15222;
12027;
3235;
11789;
14292;
796;
2009;
1328;
8637;
8582;
(13574,(3137,9043));
11754;
10319;
9626;
9859;
12052;
(1576,8372);
3246;
(1257,4303);
4499;
3316;
5385;
2006;
149;
1524;
15272;
11930;
3061;
1123;
15562;
4117;
(2373,9897);
11428;
13755;
13015;
8928;
(1470,5751);
10033;
2520;
9985;
(1962,(3196,8785));
15341;
2521;
3956;
797;
10772;
591;
15608;
8370;
7667;
7253;
4683;
13606;
9047;
14797;
9734;
4677;
3208;
10269;
3853;
(6935,(4795,(4955,9154)));
(3560,6989);
1610;
11123;
15566;
4435;
820;
3932;
(1858,(404,5365));
5413;
254;
8679;
4851;
8381;
11466;
4439;
13224;
3074;
6844;
11856;
3085;
13802;
6822;
4820;
7878;
10533;
6662;
1634;
10083;
3985;
13771;
3804;
14788;
1010;
14109;
12186;
3999;
5815;
13093;
6124;
(3334,13128);
10838;
(1038,1445);
12084;
11822;
14160;
12193;
586;
12219;
13064;
12806;
13347;
9409;
4045;
8516;
4567;
2336;
3280;
6390;
15443;
12872;
2388;
12660;
1389;
6955;
(8103,13756);
11298;
15319;
(7110,11269);
12329;
15207;
6126;
295;
4326;
8693;
76;
(5252,(3705,(2855,5605)));
(986,(8543,(12074,(5736,5760))));
8777;
13065;
9953;
2164;
14022;
6033;
6971;
9100;
2925;
10560;
6358;
12968;
11618;
9851;
1559;
(2706,14157);
3631;
13808;
1735;
11522;
10456;
4212;
12466;
5473;
11567;
1992;
9438;
7421;
1565;
6700;
14772;
(4272,14616);
12176;
12315;
13342;
1307;
6854;
5213;
1231;
14437;
12183;
9240;
(2590,11594);
10935;
12109;
10213;
58;
2614;
13856;
2967;
(13649,(9693,(6431,12156)));
5599;
7111;
6269;
13668;
14414;
4471;
373;
11844;
1595;
12798;
13534;
3653;
(5429,11688);
8533;
15273;
(7317,9423);
1301;
13846;
(1993,12812);
12870;
9111;
12242;
(7854,9494);
209;
(2783,(5859,14204));
1513;
3770;
14597;
10294;
895;
13060;
4436;
14897;
15282;
6783;
9387;
5434;
6311;
3549;
3416;
9001;
7923;
3668;
11712;
13772;
10295;
(7681,12599);
14012;
6181;
(6242,11152);
(10159,(5649,6382));
12986;
7606;
13954;
8328;
11413;
2607;
(9193,14681);
2278;
(1522,10552);
13380;
(10501,(7260,9306));
6009;
6299;
8612;
14303;
13838;
2621;
4424;
10614;
12260;
6624;
(2417,(7928,9615));
(9907,15637);
(3683,6378);
14517;
9884;
2862;
13409;
9252;
7202;
9234;
8924;
1188;
273;
14331;
9173;
8437;
(8753,11998);
5115;
9589;
14036;
6021;
104;
11221;
2944;
2540;
4018;
12685;
13700;
13234;
4770;
(8700,15198);
359;
2487;
1475;
7484;
10925;
8563;
(4159,9729);
13100;
9470;
7318;
6384;
(7511,14630);
12350;
6072;
9042;
4344;
6816;
5102;
12813;
14828;
(2146,8097);
(9341,(14538,14660));
5275;
12412;
6365;
416;
(1075,9548);
6512;
4246;
3788;
15514;
8809;
(4176,9637);
(11776,12436);
5871;
13080;
6953;
3099;
939;
(3861,6068);
9910;
12742;
11804;
817;
13526;
9437;
11376;
11129;
3533;
2927;
5018;
(13202,13859);
5602;
445;
5544;
5224;
699;
3495;
2652;
9167;
5600;
5332;
2355;
(5273,13733);
794;
1496;
5731;
1065;
4397;
10690;
123;
14065;
11228;
10817;
4783;
2647;
15080;
8687;
4896;
10118;
(2073,3139);
15655;
5508;
14707;
(931,11151);
13689;
12073;
15521;
1560;
11929;
(3477,(4979,5546));
14062;
14326;
14537;
10177;
(3020,(843,9516));
4155;
(5465,10387);
15620;
15327;
11961;
(4441,15014);
15667;
11911;
9083;
(262,13763);
12610;
2980;
14535;
(1961,9861);
4329;
9058;
8071;
2237;
9786;
5591;
(10856,(10406,13307));
8881;
1158;
14972;
1846;
11354;
15640;
(476,9733);
5056;
4872;
2557;
2769;
9591;
8444;
(671,8922);
9114;
14802;
937;
14087;
8568;
12129;
6204;
8323;
(4492,13805);
3605;
(10363,14944);
9816;
7244;
5387;
12587;
2952;
(11290,11583);
10591;
11372;
6843;
(((493,9665),(5651,9010)),(9322,(3478,(12786,15156))));
242;
5410;
14179;
6567;
12910;
10780;
(7930,8499);
1622;
11292;
8065;
5597;
11900;
1324;
12368;
10278;
10944;
14322;
9572;
80;
7439;
1036;
12888;
(5802,14119);
3737;
2206;
11831;
7857;
8745;
9564;
1988;
(8330,(1530,2883));
14481;
9688;
13565;
15498;
6742;
(4560,6899);
4664;
7294;
8953;
4477;
5397;
10757;
9868;
6592;
6191;
(47,1480);
4276;
(1362,14294);
8692;
11179;
1037;
5218;
5790;
10656;
10612;
8455;
13319;
12788;
11672;
9959;
1020;
12034;
8206;
11853;
5424;
(11511,13138);
2992;
3732;
8394;
9779;
698;
4557;
13580;
2010;
14969;
5828;
4859;
7861;
8115;
114;
8867;
7890;
13981;
2247;
(6553,11617);
7213;
4343;
8509;
14234;
(4961,14706);
1134;
8380;
12533;
14268;
(5900,6804);
15681;
11251;
10488;
13872;
1601;
7552;
148;
10069;
6960;
6607;
255;
6264;
3503;
10986;
1426;
4306;
1476;
10409;
7847;
14987;
(10323,12445);
11396;
(8614,14051);
4368;
13090;
13415;
14648;
(7486,15383);
14002;
(5361,11345);
13277;
12549;
14982;
6074;
12524;
71;
6912;
2158;
(6349,11481);
(9380,12643);
12312;
10167;
936;
11118;
11799;
(2801,14101);
5636;
8816;
10047;
3353;
12645;
263;
4208;
(433,14348);
(6444,10204);
7310;
12855;
7309;
8523;
(7711,8457);
3168;
13635;
(6485,12646);
(10245,11654);
15598;
11643;
1653;
14033;
876;
13773;
10511;
8327;
(5334,6598);
8392;
10473;
9750;
1908;
689;
11974;
2809;
11496;
9929;
8310;
5233;
3596;
13002;
2997;
11563;
7332;
11115;
8862;
2900;
6911;
5688;
6905;
786;
6421;
10905;
98;
5935;
11805;
(5886,13865);
8417;
15345;
(5890,7871);
14712;
6492;
2366;
4776;
14831;
3816;
9624;
(9754,12858);
15414;
8436;
8846;
11535;
(1980,14550);
(989,1900);
3941;
8718;
1226;
(8129,13437);
(1016,8712);
1284;
13426;
13988;
4651;
13375;
6393;
(10161,12124);
235;
12189;
8116;
3039;
(4812,12799);
7470;
2684;
14836;
11752;
6129;
2454;
1979;
(181,8058);
5501;
15000;
(177,8615);
(2451,6575);
6595;
1821;
13970;
5274;
10820;
13204;
7643;
(2386,(14846,(3096,13544)));
5905;
1187;
11196;
7631;
9908;
554;
12050;
3004;
10831;
13365;
11734;
15260;
(5666,6025);
5628;
10799;
5694;
2445;
4196;
3714;
6623;
7494;
1604;
5519;
2603;
5913;
131;
7262;
10546;
6763;
11137;
15148;
(3408,(4451,10842));
6712;
1450;
(5879,15084);
8942;
12597;
2049;
4008;
2317;
13754;
14635;
5046;
3543;
10367;
837;
(13259,15403);
(1279,3476);
12767;
12984;
10414;
13782;
8794;
9186;
13993;
(7972,13251);
12663;
10055;
11960;
2014;
9383;
11411;
(5504,14791);
13336;
5311;
14999;
10307;
667;
(1859,13314);
9233;
5345;
9592;
(9707,(7634,15439));
15338;
12205;
8565;
(5249,13218);
14057;
2084;
8059;
6939;
9023;
2518;
15568;
7338;
1278;
(529,(3294,10563));
(7689,11828);
461;
3829;
4917;
1370;
10197;
760;
5318;
10567;
9685;
11148;
720;
14306;
9943;
12143;
(3359,(61,4244));
10750;
7752;
3513;
12322;
4511;
10587;
13300;
(13768,14217);
9230;
3042;
366;
(4482,7836);
4200;
14821;
15668;
553;
11247;
8035;
9787;
4537;
3423;
5469;
11351;
335;
6879;
2243;
2400;
9904;
2149;
(8503,(5643,7759));
15606;
6263;
1081;
8251;
681;
2771;
4293;
2256;
4411;
15674;
10906;
10997;
13924;
421;
15251;
10335;
11866;
14103;
1407;
3906;
((((8800,9556),(8549,12873)),(3156,6379)),(7735,15427));
(1113,3576);
7723;
13500;
10172;
7430;
(9844,12906);
11834;
9396;
12619;
4927;
918;
59;
4217;
8855;
8622;
6314;
8121;
14895;
7068;
3001;
13070;
(684,10695);
11093;
11947;
3498;
11248;
13901;
5373;
1958;
5081;
5695;
(3364,13875);
5970;
1367;
4431;
5381;
9839;
7877;
1232;
1240;
1889;
13936;
10061;
15066;
11381;
13457;
11621;
1623;
14063;
7387;
13866;
10699;
(609,2846);
6999;
7211;
26;
6119;
1251;
2508;
6352;
8517;
834;
1906;
5958;
8743;
4052;
(8984,12750);
2208;
6077;
(848,15624);
4834;
4384;
4239;
14742;
4898;
7287;
12318;
(6426,6728);
(9898,12238);
6430;
(910,7000);
11327;
(9446,11049);
1764;
12836;
6979;
2408;
(11852,(5221,6467));
1902;
15194;
10043;
753;
3516;
11871;
9483;
12905;
4228;
2784;
5085;
13276;
2145;
3887;
4102;
4644;
3164;
6780;
14532;
1686;
11687;
(2594,7021);
369;
(2861,10192);
980;
5914;
6604;
(14566,(9745,14591));
13397;
4593;
8991;
5617;
1004;
(12279,(6164,9220));
5941;
9091;
5559;
2878;
2746;
4763;
(8398,14089);
6163;
7893;
9118;
11954;
3199;
15366;
(5635,14061);
14505;
3726;
12083;
15574;
9944;
14138;
11380;
539;
9028;
(872,9525);
9675;
9127;
9699;
(339,15127);
468;
9262;
9411;
11180;
12079;
11343;
9640;
10500;
8301;
7640;
(2396,6749);
14256;
12630;
1928;
1611;
5001;
571;
6351;
6140;
5466;
3834;
997;
7596;
1517;
564;
2103;
13992;
8228;
7127;
5100;
11499;
3401;
8365;
(8265,10693);
(7853,(11969,14739));
12795;
(8247,11385);
14599;
850;
12611;
(4377,8203);
5422;
14346;
(3043,(9011,15142));
7811;
6452;
4393;
5337;
10441;
15131;
13539;
10866;
14196;
2354;
10507;
7812;
3797;
3667;
761;
5962;
15677;
5967;
(2213,2669);
1345;
2987;
1097;
(3542,10179);
5540;
1828;
11140;
593;
9041;
(9402,15501);
5378;
5840;
4667;
9731;
(5020,11403);
(1380,11074);
11565;
2050;
3524;
13272;
10132;
9567;
12402;
(2229,(1669,1947));
11305;
(9356,13502);
11552;
7225;
(5853,10974);
5979;
12740;
2027;
15466;
10142;
15356;
11793;
8128;
11268;
13654;
8494;
(12886,14001);
10425;
(1357,4227);
(12388,15660);
4450;
3261;
13724;
9379;
4942;
14963;
3267;
4444;
4528;
8379;
13479;
7492;
10316;
(3609,14559);
(2986,5789);
12187;
(10853,14254);
9669;
8028;
1300;
7396;
(11950,15007);
(10572,14518);
10004;
5727;
2981;
12077;
10357;
13309;
11053;
10702;
9862;
930;
996;
8733;
14152;
9505;
(4464,10022);
6106;
10471;
4576;
8223;
11110;
1895;
6902;
9827;
3333;
9645;
9555;
5315;
875;
13028;
9214;
2725;
3517;
9389;
799;
10964;
11009;
6055;
(2297,6427);
9236;
(4457,7046);
2078;
5228;
9235;
1850;
12177;
11057;
13291;
12476;
4048;
6907;
13362;
(4423,13584);
11825;
1309;
4109;
164;
8490;
2303;
11211;
(746,((1363,13608),(2972,6731)));
5031;
4960;
5199;
15399;
11031;
13221;
4909;
11606;
7693;
13830;
4497;
2692;
3175;
14125;
8130;
9080;
4202;
1464;
12697;
(7707,8412);
5806;
11444;
10791;
7553;
6710;
8929;
13835;
2249;
12565;
3703;
290;
1718;
13111;
(412,(10814,(814,10844)));
7946;
2909;
13807;
9401;
14693;
10865;
3301;
13326;
3864;
11450;
1351;
(5725,13236);
13063;
1149;
11054;
842;
(7776,10517);
4697;
1957;
3468;
3967;
(13520,(11814,14190));
406;
4455;
4188;
14719;
(2897,15063);
6030;
644;
4222;
1409;
5972;
6355;
1817;
4932;
(4815,12311);
6130;
15206;
1556;
1884;
174;
(7336,8404);
5086;
14689;
(710,2361);
11690;
2389;
903;
1919;
2699;
12585;
3712;
13181;
1136;
13643;
517;
(4372,9761);
14893;
14924;
4373;
(303,2523);
(6120,9916);
9520;
13711;
2093;
11124;
827;
124;
(159,10402);
7148;
(2327,10876);
(4551,5755);
7104;
68;
8977;
14004;
1609;
6697;
400;
14633;
12716;
4046;
9666;
14314;
1518;
11992;
13038;
2052;
6537;
14328;
1975;
9187;
1214;
10030;
2631;
(3651,14078);
11206;
(4026,11113);
8642;
10601;
10969;
15140;
12885;
12702;
8181;
4171;
5204;
(1069,14377);
2892;
13658;
11817;
11458;
8894;
8793;
1932;
13532;
1689;
9715;
14654;
13275;
((826,11277),(6837,14417));
9116;
1209;
1618;
7660;
10385;
11868;
13034;
2858;
14898;
12431;
(10637,12032);
6574;
10199;
9869;
(5287,(13095,((3528,6081),(((4754,13150),(12,4266)),(5679,11153)))));
9793;
10331;
14440;
1762;
2152;
12179;
9817;
(714,8361);
2879;
1050;
13401;
10031;
4448;
6509;
6360;
4962;
11107;
(4112,12538);
14859;
15306;
(637,10205);
14397;
10117;
((14158,14663),(10341,11693));
11609;
2580;
11328;
13843;
14745;
13869;
15240;
3923;
2857;
6892;
(5006,12734);
8474;
4558;
(4608,13623);
(8154,14778);
12853;
15022;
11474;
1759;
12654;
4360;
7341;
11526;
5774;
9994;
9765;
(14644,14892);
15533;
1410;
(615,1420);
((347,10741),(8353,15539));
2852;
7176;
11226;
13961;
7957;
4571;
3221;
7330;
3142;
10907;
(10735,(13057,14308));
10224;
3455;
(2414,11673);
1479;
(8184,(823,14664));
608;
2430;
11104;
12591;
11715;
8979;
11876;
15390;
12258;
6107;
1967;
11442;
13967;
(3575,5606);
4639;
11401;
12385;
7705;
4968;
6694;
10090;
11542;
5206;
2298;
4165;
2796;
3405;
13178;
15546;
8537;
5953;
14754;
7292;
15441;
13948;
6079;
8390;
2651;
9196;
1027;
10407;
(1139,2605);
9178;
10233;
4287;
3454;
(422,425);
11540;
12809;
5187;
2791;
3982;
7351;
9046;
11190;
550;
8696;
(391,6343);
6348;
1946;
9351;
8139;
3147;
482;
1233;
(13423,15036);
10337;
(132,10648);
5260;
15486;
5047;
13486;
2000;
((3342,11668),(4526,7585));
(12794,(1931,3951));
13587;
5921;
5300;
10872;
11252;
2525;
9638;
2371;
4850;
56;
(3078,8923);
3764;
1400;
11231;
5530;
744;
11291;
8817;
15329;
302;
3023;
8285;
11652;
13666;
11333;
(10576,12584);
15188;
7535;
376;
470;
13442;
15025;
12761;
13434;
5253;
(13227,(1201,14790));
3165;
5240;
13557;
162;
1414;
8284;
2993;
10756;
11229;
6342;
13031;
8022;
4170;
4573;
11106;
1329;
4556;
268;
327;
4350;
11169;
12641;
2055;
8480;
5042;
1273;
(3765,13026);
13738;
5280;
13194;
(3184,7772);
8487;
5364;
11030;
4325;
108;
12556;
1347;
4206;
6713;
1181;
7922;
14728;
10158;
9060;
2786;
(3311,12301);
4254;
9386;
7840;
2335;
10992;
10521;
10085;
13436;
9846;
1950;
4275;
839;
9905;
11386;
10959;
15652;
11319;
12648;
10291;
12577;
10073;
7675;
10168;
12835;
12546;
11612;
11605;
(12863,14776);
10703;
8847;
3728;
(8157,15011);
(7037,12132);
14124;
(12541,13831);
7265;
11082;
1059;
13425;
7956;
(8863,10766);
13563;
3025;
128;
3394;
7132;
14710;
11018;
309;
9847;
9978;
15358;
14093;
12925;
13530;
13836;
11794;
4881;
5;
10450;
10839;
10629;
(6210,12173);
13016;
(3933,15215);
3952;
3386;
15548;
16;
5988;
683;
9784;
4138;
13516;
3263;
(5747,7926);
8714;
8802;
1974;
5120;
5683;
5594;
10916;
12713;
2161;
5772;
229;
11189;
13736;
7314;
721;
9569;
6744;
6423;
3409;
8627;
8792;
(889,15569);
(7443,15052);
402;
5128;
5517;
(10926,10938);
10571;
4271;
14875;
8738;
(10029,12235);
(5055,15044);
14588;
13543;
5266;
9594;
15480;
2294;
(4775,10492);
6197;
10102;
(9550,10999);
(4724,12552);
773;
4121;
10952;
1551;
(13241,(4166,13351));
15517;
8552;
12513;
12049;
4417;
(11100,14080);
7814;
12605;
15316;
6798;
9536;
5973;
2497;
1321;
9075;
(4175,5021);
403;
11460;
9300;
1591;
8405;
(7356,12738);
15523;
9831;
14715;
3270;
13975;
12228;
(3649,5824);
10910;
7579;
13966;
749;
7070;
12495;
9877;
13190;
3676;
10663;
2313;
9664;
9865;
14262;
1155;
12728;
(3590,12535);
10584;
13812;
13890;
10313;
5156;
3378;
(12542,14746);
(3473,3840);
(12024,15321);
10899;
11683;
578;
14887;
15029;
9659;
10821;
6930;
(4355,14740);
(6871,8467);
9728;
(9818,(6170,((10472,(4476,6212)),(6721,(6132,10785)))));
7965;
7350;
14913;
3521;
11720;
2544;
568;
6150;
9131;
1248;
(1959,6417);
14285;
12797;
((8189,12446),(397,(10154,(9509,(5426,7006)))));
10588;
4114;
(877,10370);
10415;
(6627,(338,10685));
(3617,(8498,11953));
14628;
15604;
(6968,10931);
13027;
15183;
14849;
7632;
14829;
(778,9917);
(1133,10526);
4490;
8106;
13296;
10067;
10711;
(9313,10951);
471;
9957;
1842;
(7103,7917);
13972;
14177;
4607;
5285;
12103;
4931;
(14455,15009);
5928;
3082;
13036;
7603;
13921;
3433;
10023;
5637;
764;
14842;
(5445,14508);
9285;
4454;
(1447,3347);
6031;
160;
12832;
8396;
7859;
3614;
12302;
7979;
7986;
1079;
4755;
15213;
8843;
10867;
9678;
10361;
2077;
7726;
(10226,(1342,13798));
192;
2697;
(4830,10940);
10903;
(1716,5899);
15651;
7076;
595;
5769;
6741;
3241;
6128;
6412;
7496;
13870;
(11158,14130);
14989;
15144;
12009;
5642;
(10840,(1497,2881));
10321;
7794;
6659;
8930;
11842;
10673;
(1736,2499);
1911;
4116;
14171;
11819;
7051;
2545;
1970;
4633;
(8466,11382);
4394;
6040;
6489;
7955;
13155;
6327;
(5215,(2751,2974));
1200;
10114;
7700;
5839;
11701;
6375;
1664;
10937;
11491;
5363;
14814;
(13117,(9276,11973));
5459;
3461;
12163;
6064;
8282;
(1803,9542);
11230;
11111;
6618;
6044;
(5153,(4541,14034));
12554;
3251;
((4261,7832),(3215,9660));
10855;
6364;
13712;
4259;
10243;
5791;
(3883,6443);
2349;
2242;
15420;
11576;
2109;
(2770,3009);
7544;
4021;
8860;
8432;
14347;
3713;
(10065,12243);
(6853,12656);
9275;
(7156,10010);
(5264,12381);
15098;
4316;
11885;
12441;
(3595,6172);
5855;
1572;
4094;
15253;
(7145,(2489,3335));
3822;
4253;
576;
8312;
6361;
2381;
5966;
3518;
(1899,14395);
14259;
(10972,15061);
2479;
(1879,10803);
6118;
11743;
8921;
13010;
7651;
15648;
(3949,4087);
12775;
12792;
3443;
1644;
6028;
748;
3281;
7012;
7713;
13726;
(6956,8975);
15639;
(12316,(7420,8387));
3343;
8005;
15307;
8662;
9084;
3814;
11590;
4400;
15163;
6569;
9676;
14404;
(465,4307);
5854;
11438;
2824;
11735;
4205;
12198;
3679;
3833;
(4028,13406);
(3544,12997);
8854;
(4220,7793);
2965;
5063;
9201;
4612;
11037;
5512;
5625;
15101;
8985;
14058;
(11518,14579);
15037;
14608;
5298;
10544;
11580;
5189;
9184;
5684;
6161;
12839;
4829;
13165;
11730;
4522;
5294;
9052;
4341;
4370;
11874;
2172;
14950;
6517;
8335;
4734;
6924;
2611;
(2471,15197);
11145;
3889;
14090;
(6354,9802);
12319;
10246;
6415;
(10561,(3722,11585));
(5330,6684);
14992;
14227;
15657;
5423;
2610;
10660;
4019;
(4535,7269);
2306;
7505;
(5821,10286);
1528;
6639;
3766;
2646;
947;
8252;
1094;
10017;
10881;
8342;
6190;
560;
11882;
(3813,(5178,10343));
787;
(1567,4270);
5391;
13379;
6573;
8003;
9968;
7744;
14956;
4127;
(851,(10467,13577));
2736;
4063;
8447;
11850;
4192;
11086;
4989;
12704;
1415;
(3789,11326);
15285;
9716;
(((4241,6878),(1330,2835)),((5571,8156),(5656,8423)));
3636;
1100;
15506;
(8926,12878);
1834;
486;
13639;
(825,5010);
7757;
(11435,(6768,(7436,14017)));
(5083,5313);
13097;
3313;
7004;
(2144,14372);
2097;
(7313,15538);
8083;
14568;
(5634,11684);
6286;
1312;
12516;
14246;
611;
(1599,12064);
14676;
10922;
14284;
4813;
3632;
1318;
660;
6416;
3484;
2813;
81;
12259;
(4791,7236);
14120;
14398;
12328;
11513;
531;
6561;
6447;
12135;
3892;
(621,6643);
14159;
12589;
(259,6751);
1807;
9032;
(14108,14598);
10066;
8905;
3669;
13817;
(14485,(12401,13335));
8044;
(3643,9633);
13213;
2236;
11722;
((2418,4513),(13393,14942));
7281;
3140;
7755;
12590;
13889;
891;
1765;
14820;
5543;
4631;
3051;
4164;
8902;
15630;
12323;
9639;
12492;
8170;
14783;
10037;
14882;
2529;
2694;
15561;
14092;
(1071,11172);
847;
1135;
(4619,9643);
11951;
(7676,12588);
(1099,7981);
14610;
11079;
4538;
2500;
12251;
8721;
5630;
4129;
11639;
15239;
14342;
11473;
5514;
1621;
2406;
5931;
(7718,13308);
14425;
6773;
5909;
(11175,12942);
5488;
8950;
9078;
(191,1366);
1767;
9506;
12791;
5186;
1506;
13359;
11451;
668;
(12175,13385);
3529;
13125;
3580;
5912;
11600;
3858;
565;
13559;
7197;
13187;
14561;
6475;
6870;
4880;
3983;
6628;
(522,12675);
5404;
4141;
5925;
3403;
13467;
968;
5342;
12422;
5436;
4215;
15509;
12821;
7072;
11377;
6442;
(5509,8631);
10200;
7756;
13877;
7422;
13280;
12694;
(1325,11886);
8833;
4938;
11626;
7257;
7335;
(3398,13549);
8441;
15447;
5119;
2619;
(1691,9013);
212;
6754;
((5283,14245),(5344,11320));
12755;
14817;
11698;
(10398,14399);
2318;
14024;
1354;
12405;
389;
10328;
11439;
6397;
(((7536,12356),(1261,1883)),((9739,10349),(8660,15151)));
(14551,15265);
7174;
1384;
9541;
1460;
(1225,10666);
2474;
4832;
173;
7168;
9215;
13684;
10880;
6279;
5369;
649;
9800;
7987;
9882;
(9871,12076);
9863;
(1742,9577);
8329;
12907;
12454;
2964;
8453;
8149;
6762;
8362;
(5589,13270);
(9177,9372);
2752;
5580;
4245;
6648;
6734;
7141;
10287;
8267;
8571;
1532;
11197;
1966;
14952;
14546;
9927;
3565;
9450;
7816;
110;
4131;
2351;
2758;
741;
5686;
4660;
10886;
976;
(13135,(9312,14770));
2277;
6527;
13429;
11883;
3924;
15203;
9473;
11811;
(4474,5296);
10299;
(2625,4262);
6776;
7531;
9934;
15494;
6391;
13848;
((6100,14747),(9616,13839));
11769;
12712;
9185;
7073;
7230;
12055;
15669;
12404;
14861;
8120;
2375;
13455;
14810;
4845;
8232;
2114;
8460;
5309;
4620;
(((1670,9546),(5720,14581)),((2322,12370),(1265,9471)));
2734;
7442;
324;
14851;
(10543,15051);
((879,10081),(7680,9140));
11394;
9038;
4333;
6705;
7717;
2535;
4908;
12112;
(9610,14201);
9708;
2653;
13925;
4700;
(5286,15297);
12377;
2549;
11358;
8406;
5142;
3836;
4722;
(2154,3120);
3601;
5762;
14563;
11986;
7206;
4826;
10039;
14029;
12140;
9806;
5653;
4292;
9333;
2834;
15231;
4089;
(12101,12682);
10870;
7209;
11183;
178;
2039;
8919;
12331;
(8689,13243);
408;
4553;
(14366,14723);
5038;
11156;
3574;
11278;
10092;
8680;
507;
6868;
5506;
6961;
(415,11424);
14296;
8713;
10234;
12067;
(9840,9853);
14582;
4873;
(7975,(5874,13325));
11918;
9962;
2701;
9922;
5527;
15504;
4383;
3970;
10220;
(14142,(3888,8306));
4824;
7971;
2240;
(2620,3966);
3080;
14545;
(364,3248);
2469;
14168;
12944;
11387;
6179;
1034;
((1798,9129),(6950,7352));
12603;
696;
5117;
8255;
2251;
9433;
3761;
4267;
5290;
3319;
353;
819;
13894;
597;
(2710,9954);
5095;
12056;
4743;
3991;
11455;
11136;
15270;
4656;
1465;
15247;
12854;
5444;
11479;
15049;
11952;
12408;
15096;
(6970,(15558,(4980,10285)));
11300;
2372;
14072;
(5779,8057);
15592;
743;
2816;
703;
3070;
974;
13928;
293;
5062;
1580;
7326;
(502,14704);
5965;
(10913,13427);
289;
1131;
8010;
3680;
13023;
11224;
6565;
15424;
11304;
14994;
12819;
(4380,14290);
7045;
8681;
6266;
6075;
14293;
5299;
(12165,14520);
13694;
10434;
1860;
1143;
(7891,9329);
7144;
13784;
12745;
5749;
(10651,15334);
1953;
1040;
10056;
5664;
8037;
12536;
11453;
8043;
1702;
5845;
9996;
13176;
9998;
6530;
10463;
11254;
5734;
14192;
13505;
7461;
(12534,13264);
5317;
8266;
8012;
4061;
3008;
(4421,9914);
1851;
2946;
14960;
(261,12544);
(32,6139);
2803;
12976;
2321;
1886;
14808;
7743;
11798;
11957;
14068;
3748;
6906;
7944;
15510;
(10412,11357);
336;
13083;
15591;
2920;
8737;
3690;
3344;
12823;
5386;
14690;
6004;
7014;
9932;
7516;
867;
4876;
8305;
(2686,5586);
3573;
9682;
9029;
11214;
4603;
11285;
(8132,(3119,6828));
11307;
13959;
991;
9284;
(8482,13278);
8001;
11999;
352;
6283;
12254;
(6931,(5430,12950));
2921;
7605;
10410;
184;
10609;
5865;
12596;
5371;
14834;
4661;
1394;
5194;
7879;
((3108,7142),(2839,6936));
3860;
7019;
5557;
12947;
7746;
388;
10764;
3320;
(25,15477);
11556;
7733;
3225;
6660;
11068;
1469;
4097;
(1045,11713);
1217;
12683;
(3811,7143);
10728;
11596;
2742;
142;
15468;
6981;
7942;
2515;
12501;
6885;
464;
536;
7739;
8779;
14162;
13927;
13146;
(7560,13788);
15626;
8162;
13246;
(2753,5645);
6101;
2115;
3432;
6114;
1714;
383;
2573;
9502;
14387;
7372;
(11993,(372,11052));
9674;
12551;
10835;
10536;
14819;
1936;
1905;
3914;
14132;
2220;
78;
2089;
(10390,14759);
11417;
14005;
5072;
5677;
5709;
12681;
12230;
5525;
6078;
10800;
7463;
(3644,12864);
102;
1305;
10276;
7977;
14961;
(13611,15359);
14967;
14495;
14627;
2950;
10362;
3298;
5479;
10175;
7388;
10513;
12485;
(2156,5182);
11421;
4566;
11508;
13588;
3152;
5070;
2919;
5077;
10794;
(6948,9582);
(2837,5071);
6682;
6323;
9280;
2873;
(7620,11650);
6429;
7900;
14850;
542;
8804;
(13989,14811);
15090;
(1613,12257);
9444;
10325;
2698;
15556;
2815;
7118;
3072;
13140;
2717;
2160;
14367;
247;
394;
829;
12781;
4930;
10946;
237;
5137;
4392;
5191;
14452;
3227;
14212;
15371;
13188;
1960;
12789;
14255;
2157;
13957;
10046;
2644;
2203;
9016;
14243;
2285;
6037;
14762;
7708;
4317;
7149;
4910;
10324;
9098;
11147;
(15385,15437);
13360;
((2643,5098),(4675,12618));
12497;
10570;
10955;
15116;
2808;
12250;
4984;
13624;
(6501,13918);
7393;
7557;
11489;
7378;
491;
(9085,13215);
5523;
4534;
7748;
13759;
284;
2211;
7237;
4015;
5583;
6863;
9442;
15432;
(1320,1794);
14129;
10185;
239;
13481;
(4359,7630);
(1358,3995);
(4334,6522);
4533;
14199;
(2377,10683);
3990;
3087;
6959;
4391;
8080;
1177;
7296;
304;
(1130,7804);
10740;
14964;
10914;
14408;
795;
14995;
(2875,5846);
6418;
15559;
7476;
2098;
(802,9069);
2228;
14730;
8384;
1319;
10160;
1477;
12820;
7300;
2452;
2257;
9017;
13828;
5971;
10317;
(6760,7902);
(3390,11742);
8907;
3049;
14881;
4771;
(4599,11323);
12966;
(4975,(5947,(12574,15062)));
1239;
4976;
10423;
5986;
6095;
11903;
7403;
12952;
1521;
11913;
12104;
6226;
15305;
7013;
(1978,13570);
13152;
2374;
5231;
10551;
11397;
790;
11778;
10854;
297;
13698;
13809;
4285;
9037;
4172;
11663;
11295;
15162;
(4512,8731);
3045;
(8496,10775);
13880;
451;
8897;
6249;
2780;
4823;
14430;
12698;
8884;
2214;
4242;
7345;
8801;
2178;
8840;
375;
3488;
14573;
12519;
770;
222;
(640,1070);
13995;
4517;
12626;
12612;
14990;
(7628,(2151,12780));
6292;
9701;
836;
417;
5250;
12817;
8067;
(666,13130);
1529;
1089;
722;
(856,12637);
10712;
2465;
12037;
11232;
12440;
62;
10106;
731;
8241;
11418;
12463;
7009;
2534;
14512;
11660;
151;
10861;
13905;
1730;
8771;
7682;
1249;
11035;
9774;
6998;
12361;
5174;
15346;
5764;
3321;
3650;
3105;
9066;
(12416,14935);
11527;
9319;
10947;
8134;
9051;
13391;
12218;
13775;
6910;
5766;
6456;
70;
14921;
9477;
8956;
13438;
2983;
6580;
13650;
15174;
3420;
(9203,11193);
15333;
8864;
7789;
13123;
5497;
6827;
526;
6096;
(7503,14054);
7178;
(3994,12881);
1346;
11276;
899;
4890;
2823;
11167;
15618;
462;
12470;
(6020,14099);
15008;
1990;
(5868,10152);
9417;
2244;
7649;
463;
625;
10497;
9679;
(8646,(2638,11729));
7807;
7491;
14638;
(1293,13618);
14718;
(1339,5946);
(2899,7047);
8736;
1620;
1863;
1446;
(7186,(8124,(513,14382)));
13910;
(800,12686);
12278;
7622;
6340;
12759;
7107;
7357;
943;
(4203,8708);
9448;
(5803,5901);
14470;
7910;
9064;
15309;
4798;
1298;
13166;
(2088,2939);
14552;
12945;
1896;
55;
((10134,(6992,13161)),(11669,14419));
3257;
3456;
9912;
((3166,4838),(3474,10395));
12276;
15413;
13629;
13842;
15315;
2387;
10176;
(4790,15019);
9392;
6405;
8669;
9711;
5183;
14835;
(8996,12756);
4478;
8104;
(12303,13344);
1964;
10122;
414;
(8407,13598);
10006;
6972;
(11664,12804);
2304;
(14691,14847);
((9625,12815),(4295,(6295,15331)));
(602,(1435,5439));
4965;
12827;
14007;
9287;
14236;
11699;
8566;
2903;
8427;
6035;
4289;
13473;
(10608,15615);
9110;
13465;
12665;
13257;
4086;
10374;
9357;
2674;
700;
10431;
3689;
3817;
323;
9301;
8590;
12484;
11161;
12752;
14400;
5876;
14506;
4799;
4081;
505;
7222;
4029;
11216;
8295;
1467;
7419;
7627;
12263;
(959,10987);
6502;
10694;
3711;
2080;
5951;
9584;
11062;
13862;
12159;
5659;
6590;
7192;
9095;
15614;
(122,(7161,(3121,11187)));
(6668,12571);
2276;
6123;
4468;
3610;
13511;
863;
11029;
40;
12902;
3745;
5812;
7834;
6680;
14420;
1997;
8193;
1786;
12937;
12999;
13193;
6797;
5743;
14482;
2677;
11469;
(5537,14910);
(10982,11331);
(1766,(5202,9150));
8990;
15456;
((8015,13911),(1245,4772));
7217;
(1012,9606);
(4486,11602);
12020;
14146;
(11910,15119);
12139;
15421;
1546;
6632;
11120;
11207;
15031;
13757;
12807;
11238;
9747;
1382;
7583;
(10219,13489);
3563;
13776;
11717;
4550;
10885;
7177;
(3877,14486);
9082;
314;
4184;
5910;
14679;
10833;
5335;
987;
2019;
7467;
15205;
39;
14620;
765;
4005;
11063;
9119;
(13446,(524,2854));
10293;
(3232,15508);
4182;
(5118,13428);
6368;
7945;
14970;
7199;
15585;
3284;
7284;
9563;
3198;
(8133,14240);
8069;
10769;
2799;
5136;
(3493,13389);
12998;
10801;
11632;
4764;
13958;
42;
14943;
5816;
5165;
12943;
14276;
14784;
2222;
3151;
10116;
14483;
6532;
(1055,10267);
6646;
15278;
2015;
10079;
4283;
10131;
2716;
4805;
9902;
6857;
12229;
14384;
2422;
5067;
12481;
7220;
13472;
(9979,14110);
(3373,4007);
2407;
2895;
13797;
9050;
(5798,15690);
8936;
(3073,8039);
12557;
10227;
8286;
1387;
8318;
6896;
1102;
14260;
11791;
13254;
15249;
3418;
(8302,14555);
2271;
1184;
8215;
4465;
3742;
(776,15032);
9661;
5811;
818;
1746;
(4358,8458);
11635;
12419;
14442;
5367;
1337;
6259;
15635;
801;
2046;
(5383,13987);
1996;
1035;
127;
(11440,12452);
(932,9791);
15623;
15493;
2727;
3731;
7778;
3300;
(7376,11768);
8728;
7231;
2811;
13951;
15132;
6185;
(1258,7383);
13538;
3259;
2587;
3569;
8386;
12592;
7384;
3393;
15166;
6967;
15422;
13723;
9447;
4274;
10691;
(1326,1985);
13279;
15280;
53;
4264;
10147;
14594;
(5705,(13122,14339));
14860;
13414;
12766;
5112;
10610;
4821;
12045;
8053;
((9462,10565),(3451,11749));
7695;
2555;
1369;
478;
8211;
8230;
2589;
3181;
5075;
1536;
5324;
4154;
8082;
13734;
6160;
15071;
1183;
12237;
6511;
8073;
10333;
3854;
8581;
9694;
14763;
14780;
9935;
3336;
13787;
(4075,9472);
638;
2976;
2551;
9079;
9125;
15430;
12281;
(10759,13542);
(10819,13660);
9559;
4119;
5279;
10486;
7564;
11498;
2209;
12877;
(2310,15107);
13717;
((1206,4125),(9961,12051));
7415;
(1356,11706);
6732;
2989;
7539;
1504;
(4404,14102);
4213;
3876;
10806;
1881;
14524;
14319;
12671;
14756;
929;
3253;
6727;
60;
11414;
(89,(3011,9468));
3911;
11369;
5579;
2224;
6369;
8007;
12731;
2118;
8403;
4076;
3561;
(2928,11927);
3881;
(9648,(7342,12932));
4871;
5173;
838;
13758;
10671;
9347;
12751;
8541;
4345;
3266;
10275;
11011;
11353;
8945;
226;
7194;
12038;
7058;
14011;
10484;
2599;
2942;
6372;
5939;
79;
4456;
4338;
7777;
13214;
15092;
11294;
14604;
5061;
9588;
1943;
1498;
14929;
9490;
10057;
13780;
7576;
(10747,14795);
7867;
14473;
14269;
12369;
7065;
13701;
1052;
2060;
1204;
3820;
(11096,(1029,4278));
4153;
10525;
(8434,(11653,12897));
5536;
14965;
4761;
874;
3553;
(1397,10857);
9642;
811;
10133;
3399;
8413;
5721;
3729;
12615;
3169;
(10239,(1221,4912));
(3109,11979);
2797;
5975;
15124;
13052;
(13201,14071);
4494;
2200;
4302;
4718;
8084;
(14291,15058);
7897;
13373;
(1888,2234);
12606;
(11365,(179,15692));
6658;
5230;
9288;
5169;
3794;
12182;
1449;
14946;
7798;
13819;
5936;
14873;
(1198,(9766,(11391,(735,(8032,(11198,11922))))));
7795;
14156;
9535;
4305;
8042;
5427;
2886;
6436;
5455;
10421;
5883;
(7066,(7026,8819));
13139;
6472;
11721;
632;
(2467,(9204,(8048,10506)));
11680;
6392;
8148;
10798;
13364;
6745;
9260;
382;
(331,4091);
8256;
10111;
8594;
11516;
8732;
(320,1359);
7190;
3611;
8868;
10729;
(767,4001);
8408;
9425;
(13566,14548);
(11017,12479);
9156;
9982;
9885;
1699;
665;
10011;
7616;
11837;
13867;
7677;
5551;
11341;
6048;
7907;
2832;
9948;
(2691,15221);
1737;
8758;
11185;
(2662,5235);
1022;
8798;
2473;
4337;
27;
15542;
14521;
7997;
8760;
7815;
13576;
14796;
6558;
10837;
9834;
13861;
7570;
10841;
(91,8401);
12354;
12503;
4641;
2075;
8773;
(2805,7316);
10615;
11696;
5007;
12471;
4786;
(8410,13242);
3274;
5950;
15355;
15216;
10542;
7860;
5880;
8657;
4657;
11159;
3138;
12304;
13746;
15067;
354;
13898;
12126;
12995;
7964;
12769;
15685;
7768;
2233;
7845;
11070;
7754;
(5908,8888);
1087;
(9799,12741);
1222;
12629;
7379;
1584;
4883;
9974;
5157;
1163;
15684;
(7661,15301);
5495;
2571;
13262;
15412;
10350;
742;
3236;
2612;
12400;
7053;
(9893,12418);
2363;
1616;
9601;
8367;
4646;
2806;
5171;
9835;
12033;
3828;
11422;
(13059,14433);
1193;
7870;
11384;
5998;
(5857,(11293,(4578,5392)));
601;
1822;
8363;
673;
1549;
4934;
1463;
(6363,6441);
10505;
15167;
2956;
4186;
12624;
4389;
14392;
14502;
2340;
4505;
12353;
15303;
2720;
9053;
6536;
14586;
11782;
15288;
(9109,12785);
3132;
(1912,5691);
5177;
(1280,3309);
8179;
7329;
15035;
6737;
(8958,11157);
15042;
7173;
6381;
156;
(6757,(7128,11378));
14761;
9607;
1533;
5887;
((6403,10674),(9094,(12509,14487)));
9334;
(6790,15094);
885;
(11312,13946);
606;
981;
7434;
3909;
(5626,11710);
163;
13400;
13529;
15353;
8264;
7483;
1260;
13585;
961;
4183;
3310;
(9147,12744);
4789;
10465;
(11006,13485);
9206;
11679;
11338;
13343;
10680;
14225;
5291;
7720;
1028;
10077;
11404;
1457;
5552;
9523;
3758;
4647;
(8221,12021);
(3618,10915);
2810;
1474;
(3104,15400);
15551;
3901;
7381;
3905;
(2143,3340);
4429;
1706;
(10655,10825);
(2250,11239);
15634;
12865;
12080;
(1882,8200);
9210;
7399;
3629;
6275;
7698;
241;
6726;
(1176,9320);
1186;
3534;
498;
14127;
11978;
14666;
11192;
4684;
11168;
((3187,13599),(9002,11879));
14827;
3349;
11456;
7448;
8678;
(5524,8068);
6152;
7282;
1717;
(2183,3942);
((6060,(8013,10448)),(2272,7105));
8838;
4748;
15389;
12054;
10658;
97;
15312;
14971;
3799;
10113;
15595;
11659;
12409;
9130;
5713;
13829;
5715;
