(246,12790);
(4998,7851);
(315,7277);
(5741,6471);
(1357,4227);
(5015,12290);
(3790,13110);
(13675,14081);
(2414,11673);
(10909,12172);
(1742,9577);
(959,10987);
(856,12637);
(4685,4782);
(3649,5824);
(32,6139);
(1838,9388);
(688,14758);
(6020,14099);
(1525,2255);
(14734,15317);
(2774,7635);
(2036,15292);
(83,2700);
(311,496);
(1041,13303);
(1708,12644);
(2037,14223);
(2805,7316);
(5428,6218);
(1888,2234);
(6098,7797);
(5024,6440);
(2678,8844);
(8482,13278);
(1053,11313);
(5647,5797);
(460,15264);
(76,8295);
(4154,7461);
(2368,3718);
(1364,3834);
(1529,3795);
(3721,8264);
(11544,13557);
(6364,9740);
(3738,15065);
(870,1464);
(2578,15582);
(6581,9192);
(2571,12635);
(1051,8000);
(873,15469);
(13178,15245);
(5156,7566);
(668,14160);
(7117,15024);
(2239,8601);
(2769,9396);
(353,4730);
(953,11786);
(4069,5315);
(590,11905);
(1821,2814);
(1793,4165);
(2580,13120);
(7712,8451);
(7640,9620);
(188,5128);
(4448,11221);
(6914,8054);
(9275,15194);
(268,7159);
(2112,11605);
(15098,15460);
(13519,15000);
(634,4726);
(1087,13880);
(6455,6875);
(837,2943);
(1322,1376);
(9281,14774);
(3384,12896);
(8211,14834);
(1842,9592);
(6189,7521);
(3924,10449);
(266,11503);
(1748,4845);
(11192,12791);
(11300,14981);
(6599,8379);
(2717,13275);
(5317,13724);
(790,8324);
(1642,8384);
(8766,11433);
(4388,12757);
(6865,7595);
(13913,14230);
(1551,11913);
(323,8065);
(1687,13679);
(3634,5558);
(3370,5269);
(5536,11819);
(8566,9255);
(8210,8366);
(4198,14727);
(12120,12957);
(10015,10955);
(6814,11957);
(1702,4437);
(4607,9245);
(12929,14303);
(9480,13578);
(9117,12014);
(5081,8839);
(8911,11261);
(4410,9297);
(1146,6516);
(2279,15293);
(243,470);
(5594,6546);
(2792,2932);
(4109,5987);
(2089,5324);
(9099,9536);
(9551,13333);
(252,11760);
(12218,12377);
(6902,12561);
(7647,15472);
(1614,7425);
(2750,4255);
(406,6502);
(13726,15304);
(4746,12586);
(1236,14999);
(2187,13754);
(3625,6327);
(9847,12126);
(8167,13527);
(9362,13405);
(395,8095);
(4935,15092);
(3237,6901);
(5654,15089);
(8505,13973);
(2024,13080);
(1313,5668);
(4183,9639);
(10527,14439);
(5080,10589);
(8886,9835);
(5022,5096);
(3746,11834);
(3371,8991);
(8637,11274);
(4338,7783);
(10516,11513);
(1305,13594);
(482,933);
(4833,9848);
(8021,13703);
(9959,12492);
(773,8174);
(10734,12092);
(6230,13192);
(7685,14918);
(3161,8716);
(4962,7535);
(7875,11054);
(807,6128);
(3142,8528);
(614,2564);
(1353,11420);
(2541,15236);
(2487,12228);
(7144,7697);
(7225,13068);
(607,6315);
(4029,5514);
(1005,4200);
(9057,13091);
(660,4014);
(8491,11249);
(6050,12490);
(6694,6824);
(763,2392);
(8086,11354);
(8835,14597);
(5063,7135);
(1839,11030);
(7519,11844);
(13516,14394);
(3819,11334);
(4016,5989);
(9191,10604);
(3470,11947);
(4761,7273);
(5479,8590);
(9083,14489);
(9777,11423);
(13605,14849);
(6925,11842);
(2074,6159);
(831,13323);
(577,3006);
(10137,12352);
(2196,15399);
(6688,6777);
(8378,9622);
(1836,9593);
(6975,10078);
(6464,10923);
(1694,4443);
(6219,12568);
(6637,12008);
(3191,3550);
(4418,9532);
(6764,11496);
(5473,10168);
(2356,3804);
(10968,14035);
(531,2305);
(9424,10026);
(13751,14931);
(8059,8901);
(9667,14987);
(7806,14192);
(2298,8638);
(4249,11911);
(2982,4918);
(5550,11108);
(11248,12894);
(11533,13595);
(20,955);
(5280,11124);
(10484,11568);
(2253,5629);
(2759,13298);
(699,11392);
(5637,13279);
(5707,8212);
(8123,10690);
(1100,15206);
(1144,8209);
(4651,5733);
(2779,14458);
(3036,9157);
(10227,10382);
(5075,15218);
(229,12473);
(3251,14953);
(1395,7259);
(3561,5053);
(5819,14125);
(2009,3257);
(12728,15082);
(3242,12437);
(7392,13896);
(1641,4306);
(1500,12522);
(6493,7109);
(2923,4050);
(1232,14575);
(8018,14842);
(1692,11831);
(5161,7564);
(6286,13003);
(1781,11388);
(10202,13628);
(2894,14983);
(3105,3330);
(5562,7307);
(5902,10039);
(2612,2981);
(1288,10977);
(1287,9324);
(1774,10317);
(9104,10355);
(8913,9778);
(5214,12726);
(9642,12491);
(9571,14965);
(4585,9935);
(10579,15466);
(4617,10021);
(4849,8843);
(9725,13619);
(278,10794);
(2043,8493);
(957,1307);
(4193,11692);
(5218,5750);
(309,12609);
(12098,15298);
(8659,10165);
(2693,7335);
(5017,11715);
(23,14441);
(5123,12885);
(2091,4553);
(2635,12606);
(5597,8258);
(2466,3829);
(6927,12747);
(2689,7038);
(4371,8588);
(8780,13992);
(5583,13961);
(10992,13934);
(8246,12034);
(1284,4479);
(9825,11283);
(2261,4635);
(1072,5477);
(5694,12429);
(1983,7195);
(10895,13401);
(10841,12283);
(1145,3944);
(7594,14906);
(7996,13299);
(6351,14229);
(6423,14656);
(1963,4039);
(209,11072);
(7324,12385);
(307,8126);
(2475,6916);
(1204,12324);
(5031,9371);
(13532,13845);
(7255,7270);
(4095,13297);
(6009,15652);
(8715,10347);
(2552,8670);
(9555,15650);
(5497,6918);
(9442,13499);
(4152,15020);
(4415,14822);
(9144,9998);
(2157,9391);
(1295,2525);
(8476,11114);
(2034,7705);
(2864,3110);
(1526,9274);
(7631,10917);
(1709,8759);
(9937,11777);
(8921,15432);
(2626,15536);
(2225,10451);
(10650,14700);
(2439,5028);
(5138,12661);
(10176,11610);
(9612,13413);
(59,2577);
(1027,10686);
(255,12505);
(4253,9439);
(734,6312);
(1481,2518);
(2203,4333);
(292,4426);
(1994,8008);
(12689,14743);
(9176,9303);
(2380,2832);
(1828,10416);
(9105,13897);
(3502,11833);
(5761,15391);
(1701,9626);
(3867,15253);
(1147,5690);
(5358,11655);
(8109,10332);
(5693,15384);
(10178,13540);
(14036,14228);
(4414,8711);
(145,13196);
(2133,9786);
(4248,9991);
(3610,5931);
(3082,11975);
(2451,15492);
(556,10294);
(4231,10593);
(1679,3709);
(5137,9232);
(9873,10275);
(1875,14891);
(499,2098);
(6933,7589);
(232,15475);
(3268,11333);
(7411,13181);
(766,14639);
(583,13105);
(11190,13501);
(3897,9194);
(434,5659);
(8894,12420);
(3495,7202);
(407,4305);
(8234,8628);
(1110,4006);
(2524,6570);
(13936,14176);
(6264,7116);
(1988,4659);
(3081,14459);
(7541,9178);
(1605,5719);
(963,9503);
(1085,8981);
(1689,7639);
(2140,4928);
(3513,9319);
(7574,7615);
(716,14719);
(1039,11698);
(11707,15479);
(990,1872);
(1123,5523);
(4432,6214);
(1831,12716);
(416,3745);
(2566,13647);
(1903,6767);
(2464,10928);
(7950,13773);
(954,5271);
(3430,7440);
(1546,4536);
(1396,6982);
(5602,13412);
(934,1503);
(1048,8318);
(1096,14309);
(6265,11001);
(13094,15654);
(7717,8702);
(6015,9404);
(1574,5204);
(4268,9810);
(2554,13779);
(11299,13572);
(10251,14496);
(3199,15568);
(9730,10024);
(553,5034);
(13035,15559);
(279,3498);
(6782,12875);
(14047,14610);
(3314,10587);
(1416,4391);
(7834,13950);
(227,1518);
(5159,7155);
(9095,12823);
(7319,10905);
(9062,12112);
(2178,11390);
(11045,13100);
(849,15339);
(2789,3640);
(7275,9949);
(7957,12481);
(10229,12215);
(5490,13909);
(8479,9915);
(142,1870);
(9508,11493);
(58,14975);
(8979,9573);
(4041,7473);
(1594,13876);
(2874,9374);
(4379,10061);
(6621,13070);
(140,13476);
(2446,10333);
(8469,15462);
(2826,10089);
(6979,9776);
(4929,10095);
(1524,13156);
(5662,14239);
(5493,9298);
(6848,9279);
(2727,11779);
(1788,2688);
(1555,7302);
(3369,15285);
(6342,7959);
(6781,14193);
(9688,12230);
(3673,8798);
(2957,9779);
(5636,12250);
(5074,14388);
(6291,13114);
(3946,12199);
(1036,2646);
(4374,6380);
(9721,14611);
(3580,6001);
(2607,11022);
(11289,14854);
(4356,7075);
(3421,4090);
(6010,12407);
(13477,14490);
(11394,12867);
(1782,13648);
(703,3697);
(1547,6112);
(3254,6912);
(1407,2509);
(2588,13873);
(5856,12507);
(9005,11456);
(7472,8855);
(4139,11143);
(9963,14506);
(7921,14783);
(10013,10621);
(6548,14958);
(3010,5368);
(115,8473);
(9948,9981);
(9415,12083);
(2072,2900);
(2821,8375);
(98,11174);
(6529,7909);
(10732,13302);
(1409,4922);
(7721,15407);
(6964,12587);
(4373,14083);
(10028,12414);
(10958,15468);
(2947,9987);
(11678,11867);
(2164,15251);
(6377,7357);
(4470,10473);
(3859,5642);
(754,9030);
(6319,11327);
(57,6729);
(6321,7455);
(993,6693);
(13007,14526);
(3866,13288);
(7938,8301);
(5540,11284);
(5657,14466);
(6404,6628);
(12769,14260);
(4400,12183);
(2794,5294);
(5469,15670);
(2389,3589);
(5957,6433);
(3149,3213);
(2687,11498);
(9910,10967);
(3055,10130);
(1277,5911);
(7860,15691);
(2724,6862);
(9659,14461);
(911,4435);
(8642,15184);
(9181,9277);
(423,4059);
(4114,4722);
(961,7025);
(5011,9851);
(653,1107);
(12918,14635);
(7555,14480);
(3794,8873);
(1044,12626);
(6398,9812);
(5641,6876);
(4207,12971);
(12103,12948);
(8882,14593);
(4909,11679);
(4561,7332);
(403,13568);
(6805,10160);
(5197,13784);
(9084,11120);
(9823,12754);
(9864,13921);
(3172,10880);
(359,10320);
(5241,14973);
(630,6057);
(9101,12524);
(1267,15015);
(3990,4322);
(2683,8390);
(4640,5405);
(2076,15314);
(9066,9736);
(2949,15093);
(10691,14146);
(1986,14296);
(11934,12299);
(5686,8422);
(343,4871);
(928,6373);
(2411,8041);
(4136,11758);
(12075,13111);
(12339,13008);
(2904,15225);
(7013,9682);
(7309,8593);
(2884,13930);
(12223,13615);
(10776,10836);
(6163,8763);
(599,11004);
(8116,10273);
(2424,8101);
(10858,13061);
(3803,12884);
(1449,8945);
(9383,10783);
(10761,15113);
(8448,9694);
(10471,13528);
(4455,15586);
(12981,13340);
(10291,11648);
(12319,12649);
(720,3666);
(511,14678);
(1635,15143);
(10545,12688);
(4210,6712);
(8020,9883);
(6273,14829);
(3262,8389);
(1056,3447);
(7450,10665);
(6973,14728);
(9966,13662);
(3324,13948);
(1795,11216);
(3797,8468);
(5715,8484);
(10389,10873);
(5997,14861);
(3253,12647);
(4204,10103);
(6661,7520);
(8733,13203);
(8745,9190);
(3426,14252);
(11811,11986);
(6998,8453);
(487,5986);
(10265,14970);
(2890,10558);
(11027,13296);
(565,5371);
(3266,9841);
(67,2354);
(11427,12639);
(3533,14769);
(5581,8651);
(4843,14131);
(906,5292);
(6118,12486);
(9741,13162);
(1514,6996);
(5776,14012);
(10629,11057);
(722,10623);
(3878,8609);
(9727,11062);
(1806,9243);
(1200,5627);
(9900,14093);
(9628,14213);
(1675,9557);
(5119,6073);
(11737,15441);
(7123,8995);
(2726,11537);
(4335,8832);
(3796,12404);
(5109,15647);
(576,10678);
(9988,14852);
(1734,15551);
(6716,10697);
(600,2346);
(440,2101);
(11355,15121);
(9461,14928);
(4778,14025);
(3415,10468);
(12811,15649);
(3496,5481);
(420,7005);
(7687,8305);
(3830,6505);
(2926,5468);
(3973,6410);
(700,15110);
(9811,14627);
(236,1761);
(4703,10724);
(9167,12503);
(9401,11645);
(2130,6332);
(9485,11206);
(5759,8343);
(4056,13872);
(10652,12827);
(7624,7679);
(4734,13060);
(14742,15034);
(3261,14478);
(1006,11887);
(88,12777);
(3468,15246);
(860,6575);
(2976,7095);
(8687,14120);
(4657,8803);
(8889,15367);
(2966,8027);
(1620,10102);
(4489,12340);
(134,13642);
(1915,10079);
(1263,14409);
(7298,14379);
(8165,14851);
(8250,10815);
(7158,14567);
(4503,9731);
(10541,11429);
(13759,15101);
(840,5348);
(327,5303);
(9875,12926);
(10713,12030);
(2786,12630);
(9270,12883);
(1807,4427);
(5617,6385);
(9495,13915);
(14288,14897);
(3960,10745);
(1276,2441);
(10170,12935);
(721,15290);
(2960,3292);
(2321,10385);
(3921,11344);
(1068,3780);
(1544,10166);
(6697,7271);
(676,5351);
(7554,11492);
(5769,14642);
(11379,11937);
(1058,5266);
(3854,5676);
(878,7820);
(1957,3999);
(1984,12302);
(7079,12263);
(8524,(10329,13716));
(11181,(11170,13933));
(11852,(5221,6467));
(6344,(2312,14412));
(11796,(4060,9899));
(14603,(329,8074));
(12316,(7420,8387));
(13249,(3112,11267));
(6833,(1303,15350));
(13899,(11089,15158));
(11703,(2339,10372));
(5453,(2385,8742));
(4853,(1770,8326));
(13881,(13567,13722));
(8132,(3119,6828));
(851,(10467,13577));
(5561,(2512,6320));
(5700,(3984,6508));
(5522,(11950,15007));
(14521,(1358,3995));
(10182,(5000,13345));
(8066,(4195,11405));
(10247,(14037,14253));
(15076,(1419,4416));
(7961,(1218,5375));
(2766,(1438,9413));
(2529,(4897,7989));
(13198,(6922,8542));
(8205,(4546,12130));
(13265,(2250,11239));
(10051,(4332,7208));
(12664,(3893,11041));
(2505,(4994,6779));
(1737,(2436,2793));
(11452,(5027,10575));
(6369,(8407,13598));
(4169,(1712,15394));
(14457,(7891,9329));
(267,(1153,4128));
(7434,(7369,8570));
(10434,(7217,11218));
(14615,(994,5060));
(1286,(2333,9923));
(12792,(1274,14941));
(10345,(5661,9768));
(2885,(4474,5296));
(14115,(1505,5500));
(11945,(2047,8630));
(705,(7321,10076));
(369,(2945,11987));
(1382,(6506,14636));
(3730,(11253,12681));
(2690,(10615,11322));
(4520,(7428,10498));
(1466,(4336,10479));
(15607,(2917,3481));
(12761,(5083,5313));
(8526,(8304,15520));
(7572,(261,12544));
(2109,(1332,13785));
(12039,(3407,10560));
(15426,(5308,14519));
(8104,(201,7722));
(4103,(1616,7757));
(9794,(4570,12890));
(2657,(2706,14157));
(2395,(2289,13852));
(2819,(1260,10598));
(9775,(2873,6903));
(2008,(725,10869));
(9623,(690,10788));
(7769,(4046,6827));
(6484,(8784,9021));
(12206,(2770,3009));
(7181,(8221,12021));
(7651,(612,5127));
(5508,(2163,5421));
(8362,(13073,14750));
(13319,(727,10567));
(6003,(7258,13586));
(14916,(1252,3118));
(13793,(6971,8511));
(4649,(7433,9127));
(4873,(3455,12833));
(14007,(6867,13958));
(6194,(8036,11036));
(7073,(1716,5899));
(4898,(5810,10534));
(1381,(11664,12804));
(14923,(2142,11336));
(13267,(1139,2605));
(7039,(12175,13385));
(11102,(2522,9539));
(12361,(6623,14501));
(13077,(5697,14237));
(12140,(802,9069));
(14005,(4310,7569));
(13817,(4691,11240));
(9922,(4858,8426));
(916,(4595,6708));
(10423,(2276,12318));
(8483,(1863,5932));
(11876,(4543,15547));
(11540,(7023,12582));
(7308,(2284,5565));
(12394,(1032,6199));
(14813,(10029,12235));
(35,(1203,11444));
(13493,(2002,5805));
(11091,(1691,9013));
(9704,(1496,5120));
(4267,(10645,13447));
(9652,(1380,11074));
(14286,(6034,11330));
(6990,(7336,8404));
(6299,(4434,12079));
(15485,(5208,5343));
(6144,(10605,14446));
(13426,(8344,12114));
(12368,(9219,9407));
(13064,(2857,5148));
(9911,(2465,6178));
(1081,(2057,3805));
(7314,(4173,5478));
(2495,(8429,14751));
(4923,(9831,15453));
(9697,(77,14300));
(6207,(3399,15074));
(12796,(7773,11101));
(4759,(5737,6873));
(6487,(1026,2303));
(318,(3278,5201));
(10319,(10299,14477));
(3357,(6556,9945));
(6823,(622,3040));
(7188,(930,14219));
(12186,(3542,10179));
(1581,(793,1344));
(13964,(8030,8816));
(4265,(5251,11640));
(7012,(1184,15548));
(5472,(5879,15084));
(4960,(4484,14075));
(15597,(6611,7429));
(1629,(12378,13579));
(15132,(5598,6880));
(1246,(8539,14267));
(4145,(3051,7426));
(6520,(12605,14835));
(11741,(5057,7106));
(3433,(4051,7183));
(2054,(4789,6357));
(3920,(1705,12563));
(12692,(1431,3115));
(12170,(14515,14643));
(6689,(1579,14954));
(7753,(10508,14937));
(6525,(9550,10999));
(3565,(8062,9288));
(6665,(5006,12734));
(7211,(7782,14908));
(4711,(14691,14847));
(2516,(4999,9223));
(15583,(2401,8388));
(14956,(12288,15211));
(488,(1662,7331));
(4930,(5361,11345));
(10986,(586,908));
(192,(2801,14101));
(4468,(7191,9903));
(13154,(898,8719));
(6339,(8877,8962));
(2775,(11510,12059));
(6246,(9799,12741));
(7311,(812,9984));
(11644,(6816,7178));
(14628,(2460,14092));
(4637,(2936,13250));
(4298,(1485,13200));
(5166,(13036,15234));
(8575,(7282,8405));
(3153,(7770,8749));
(6644,(12286,15680));
(5685,(2796,9530));
(1597,(2116,8183));
(6346,(4237,15041));
(13902,(1346,2732));
(3146,(9702,13357));
(8308,(1448,5297));
(5049,(7689,11828));
(13711,(12195,12683));
(105,(163,11625));
(15077,(5725,13236));
(557,(3346,4011));
(11687,(5803,5901));
(8317,(414,11478));
(2994,(5267,14352));
(7526,(2713,14797));
(5391,(7670,10953));
(5171,(317,11262));
(3226,(7688,11789));
(13209,(12496,14959));
(13838,(11422,13877));
(11103,(865,7591));
(14921,(1349,4786));
(13484,(11335,13225));
(6412,(1843,12590));
(1297,(11286,15016));
(14295,(1161,13174));
(7082,(671,8922));
(4614,(12594,15457));
(13993,(1170,9926));
(10085,(2051,15188));
(12537,(14763,15237));
(13482,(328,10059));
(11883,(3631,12616));
(15600,(364,3248));
(929,(3703,5068));
(6039,(6625,10607));
(8403,(7531,14875));
(10544,(8920,9087));
(14168,(13609,14815));
(874,(4604,10276));
(15131,(9938,15405));
(15623,(158,12403));
(13194,(11827,14088));
(8829,(13706,15173));
(948,(1792,8519));
(53,(1472,9524));
(10409,(3311,12301));
(1270,(6856,13882));
(11337,(6329,6562));
(13559,(6858,9972));
(5100,(848,15624));
(2222,(6819,9416));
(6046,(497,9646));
(15610,(6119,9560));
(7754,(469,12129));
(4439,(786,4459));
(7180,(13030,14812));
(7100,(12710,14117));
(9028,(1840,9007));
(14189,(3076,11003));
(14221,(10789,12229));
(10410,(3623,3911));
(5904,(2377,10683));
(12431,(1950,4825));
(326,(4829,14903));
(7771,(7,8845));
(1243,(738,6605));
(6676,(7400,11948));
(5681,(2427,14640));
(6075,(3912,4590));
(5600,(4803,8933));
(13515,(9239,10504));
(7201,(10922,12497));
(13734,(3932,4884));
(13932,(4793,15022));
(15505,(2461,4315));
(8928,(6944,10030));
(2764,(3301,15392));
(9171,(11837,14527));
(9758,(4750,12817));
(4806,(8939,11228));
(11080,(5887,8694));
(859,(8696,11808));
(12840,(5061,12837));
(11816,(2628,12025));
(2365,(6476,15450));
(10995,(3035,6459));
(658,(3937,13134));
(14472,(3272,11281));
(4440,(7165,9839));
(10243,(6425,13183));
(2849,(3638,10878));
(10430,(4601,15567));
(15545,(1293,13618));
(4733,(3127,12826));
(12296,(621,6643));
(10016,(4182,10031));
(1035,(5665,12392));
(13133,(5376,8530));
(15526,(7222,9302));
(2095,(3886,9244));
(11671,(3182,12569));
(10689,(3887,5551));
(7032,(573,4234));
(10716,(10759,13542));
(1190,(7067,15414));
(12973,(3532,8961));
(10331,(4618,14922));
(12327,(8589,13816));
(6700,(11877,15013));
(10638,(4820,12521));
(5956,(7869,15125));
(1664,(10035,14256));
(15614,(3590,12535));
(1187,(2532,9412));
(4107,(2944,3432));
(5211,(6014,11676));
(6883,(1672,7127));
(11368,(4445,4641));
(9349,(10608,15615));
(6847,(7830,15216));
(10647,(11068,15470));
(13481,(11597,14589));
(5341,(4660,15147));
(5785,(12317,12402));
(13360,(4809,8135));
(1475,(1722,5748));
(1602,(10092,13277));
(15653,(3409,7918));
(1586,(3427,10091));
(8355,(164,6196));
(13231,(375,595));
(3520,(5669,15039));
(2188,(4575,14686));
(13551,(5625,15008));
(12706,(6619,14469));
(10714,(6240,15048));
(8256,(4259,14830));
(15528,(7619,8523));
(10463,(4680,15117));
(4531,(3637,7960));
(8857,(640,1070));
(4664,(2266,5284));
(15244,(4397,12857));
(13776,(5262,8606));
(11159,(4446,13050));
(12474,(7704,12194));
(8111,(5722,9283));
(12540,(4889,10495));
(4866,(9134,12680));
(2257,(2686,5586));
(7391,(4464,10022));
(4079,(6121,12439));
(3734,(4394,13954));
(12645,(6736,8937));
(13456,(11512,11588));
(12995,(6466,10594));
(846,(8298,9382));
(5721,(10120,10879));
(1718,(4859,7801));
(7763,(380,2721));
(14733,(2563,4376));
(733,(3681,6328));
(14744,(185,5513));
(15603,(2433,10464));
(4108,(827,12451));
(9394,(7937,12946));
(9433,(1428,14191));
(3377,(4286,14171));
(14396,(6795,9849));
(1772,(6085,15509));
(5688,(6510,14210));
(6798,(924,11680));
(4567,(4389,4517));
(13052,(1660,4216));
(10522,(3762,14647));
(7051,(10241,12145));
(2562,(6481,15561));
(1249,(5963,14087));
(7080,(7735,15427));
(6763,(5552,6252));
(213,(717,3380));
(194,(789,4835));
(12383,(2447,3770));
(3567,(15067,15146));
(10215,(14135,15278));
(2842,(126,11875));
(10063,(11611,13021));
(8402,(1007,6679));
(10762,(1731,6576));
(13285,(10105,10993));
(8826,(2897,15063));
(9249,(3005,9067));
(13833,(331,4091));
(7744,(9163,12895));
(7393,(11395,11526));
(225,(8466,11382));
(4769,(4143,7471));
(3329,(1666,3270));
(611,(13373,14898));
(1599,(5829,11039));
(12899,(1570,7665));
(6834,(9000,11724));
(4760,(3587,11332));
(9931,(9466,10313));
(13612,(2231,6737));
(7576,(113,3039));
(13295,(9147,12744));
(4035,(8572,10546));
(15109,(2834,4674));
(15562,(13075,13398));
(8794,(2019,2027));
(9715,(1012,9606));
(10163,(14265,15238));
(8840,(519,12002));
(1851,(3410,15327));
(7971,(2914,10725));
(11264,(1773,3465));
(3536,(6255,15354));
(13512,(3657,9531));
(9064,(5203,10914));
(3374,(4423,13584));
(1677,(5055,15044));
(178,(2632,12226));
(2739,(461,8071));
(15252,(3608,11011));
(3411,(118,9752));
(8067,(2619,11475));
(795,(4837,14991));
(6913,(2787,3600));
(3214,(2549,13024));
(10640,(2044,14334));
(6262,(5059,11925));
(10328,(9744,13617));
(2194,(1531,10421));
(8300,(4727,5333));
(603,(4775,10492));
(12400,(8868,11570));
(2147,(5175,12272));
(9713,(2353,13713));
(13860,(724,4465));
(1762,(3905,8490));
(1628,(6709,15358));
(13263,(6586,9045));
(117,(7817,9879));
(14569,(6096,15368));
(7508,(298,13554));
(14053,(10224,11826));
(15266,(2964,9994));
(5569,(4236,7151));
(8617,(7573,8303));
(10507,(4515,8190));
(10918,(1111,2387));
(1136,(3315,8228));
(6778,(15452,15549));
(6786,(29,263));
(2294,(4301,7098));
(2993,(6486,15685));
(10055,(6541,14594));
(6135,(1590,12921));
(8043,(2520,9088));
(4586,(896,5511));
(5310,(1154,11803));
(13240,(12945,13374));
(13164,(3898,14057));
(4985,(1130,7804));
(3952,(1513,14777));
(4966,(2058,5276));
(8370,(677,4013));
(3827,(582,950));
(14976,(49,7812));
(9265,(7037,12132));
(10925,(3566,12809));
(3957,(2452,12284));
(4880,(5638,13850));
(1308,(1889,11567));
(3197,(841,5892));
(10538,(386,1192));
(2005,(5630,14588));
(13925,(1589,7152));
(13639,(6027,8752));
(7435,(4284,13677));
(7882,(3175,8924));
(9566,(601,6957));
(9567,(10005,13019));
(4725,(241,1604));
(5124,(8439,14845));
(10500,(629,11940));
(6775,(6224,8182));
(14150,(1539,13204));
(4475,(1410,7924));
(11133,(7353,10114));
(8930,(13359,14572));
(12779,(1541,9048));
(11023,(12303,13344));
(4436,(10131,11956));
(10562,(11227,13593));
(4797,(7728,14765));
(13474,(5487,12690));
(9124,(6892,9701));
(5921,(9420,12225));
(15435,(3291,11848));
(7912,(6976,12772));
(2119,(10073,15287));
(10520,(2760,15662));
(5978,(7057,14607));
(5817,(9687,11539));
(3313,(4330,10469));
(10818,(6405,6845));
(11522,(5711,9185));
(13089,(79,1479));
(11483,(1470,5751));
(1577,(11220,15507));
(14106,(12036,12485));
(4477,(3283,7504));
(8142,(7234,9856));
(14985,(3310,10896));
(2214,(1459,3198));
(1740,(1417,9990));
(12564,(8107,13163));
(9149,(2398,9327));
(6592,(5633,14474));
(290,(1314,7612));
(5953,(5486,15684));
(13690,(4277,13587));
(15229,(969,4273));
(7300,(11494,11690));
(4363,(2270,3001));
(6754,(10198,15332));
(13775,(7093,15681));
(7114,(1042,5884));
(10884,(2922,14039));
(7197,(3349,12068));
(662,(7592,10185));
(5163,(571,15577));
(13395,(5339,5712));
(14411,(944,13097));
(8432,(9438,13680));
(8565,(4740,6375));
(13172,(4297,10308));
(8723,(7396,8973));
(12700,(863,13646));
(11836,(2776,14913));
(8216,(3444,9055));
(11298,(14481,15115));
(8662,(8006,12597));
(11377,(3540,8950));
(6657,(108,2476));
(3124,(3969,13630));
(9184,(4834,14883));
(3345,(11167,12949));
(5442,(4704,8319));
(12697,(6932,9908));
(566,(9544,15057));
(5388,(12614,13140));
(15260,(289,2412));
(9122,(7343,13837));
(2780,(6347,10998));
(5555,(6005,14653));
(726,(2729,4382));
(7184,(7913,8600));
(322,(1253,14819));
(5501,(12189,12608));
(14475,(11598,11878));
(11383,(9448,11450));
(4345,(9143,12972));
(1564,(12391,13352));
(9186,(7340,8869));
(2977,(6002,10912));
(13778,(5793,11563));
(15002,(4799,14602));
(4053,(1949,10502));
(4378,(7104,8411));
(4804,(10949,14003));
(2067,(6648,10616));
(6662,(2408,10067));
(10339,(6338,13067));
(5396,(296,1866));
(1894,(2633,6986));
(971,(9661,12824));
(2935,(4689,11127));
(5404,(9224,15616));
(8821,(4848,7416));
(8186,(10679,13602));
(9696,(9568,11839));
(10325,(3365,7235));
(14796,(6242,11152));
(10041,(3022,13086));
(1700,(51,13334));
(2642,(5985,13926));
(8989,(4756,14608));
(13957,(5115,7167));
(10601,(3929,8541));
(4126,(1780,2634));
(14109,(4712,4867));
(8253,(41,5898));
(14810,(665,12502));
(1446,(13201,14071));
(6183,(203,15565));
(3601,(2918,11107));
(853,(931,11151));
(14097,(5099,11252));
(5563,(6185,12456));
(10964,(2828,8160));
(10477,(3462,6499));
(3419,(6894,10196));
(3216,(10921,14929));
(5822,(13283,14451));
(6229,(1202,12663));
(9233,(2249,5300));
(8119,(6353,14637));
(6306,(3194,10554));
(9089,(4377,8203));
(1818,(2651,3466));
(1644,(1092,14169));
(3676,(11516,14969));
(11778,(13997,15025));
(6250,(10894,15447));
(12546,(4765,12652));
(6191,(4092,9023));
(5038,(11037,12674));
(9886,(221,1199));
(3665,(9765,10924));
(8352,(909,1904));
(6530,(11047,14934));
(7768,(6582,7733));
(5212,(3799,5112));
(8118,(5067,10330));
(14373,(7518,10295));
(2262,(673,6701));
(3880,(6376,6762));
(11584,(6895,12033));
(15338,(10943,12839));
(4947,(12816,13490));
(9830,(12551,14762));
(10870,(5942,11586));
(1592,(1886,2830));
(11082,(11560,13023));
(14695,(5466,8667));
(7690,(5913,8219));
(6393,(838,13553));
(2517,(6934,11723));
(3271,(3852,7734));
(5836,(7669,8245));
(8627,(1522,10552));
(8902,(5346,8019));
(4669,(3644,12864));
(15037,(9558,14153));
(14427,(8263,11255));
(12013,(13747,14030));
(9493,(6333,12326));
(876,(3206,11542));
(9291,(656,13002));
(3729,(7662,14499));
(5526,(8329,13818));
(8091,(3274,10635));
(517,(5217,10687));
(13422,(456,2510));
(3752,(4131,6887));
(11894,(2919,6658));
(3962,(366,9930));
(6074,(1278,7344));
(12096,(2556,7620));
(3779,(10004,10047));
(2128,(1699,9334));
(13657,(817,2331));
(6424,(10556,15185));
(11813,(1754,12893));
(14317,(451,8417));
(1343,(4790,15019));
(14310,(2224,10133));
(6277,(2015,2876));
(9562,(3176,3755));
(4034,(1891,4469));
(10096,(206,10481));
(8485,(9085,13215));
(15311,(9278,14827));
(11719,(7854,9494));
(1603,(9504,11141));
(12160,(3820,3919));
(10643,(4514,13808));
(7892,(2288,7861));
(40,(3971,7979));
(5601,(422,425));
(7715,(4791,7236));
(12547,(2745,2758));
(13284,(13908,14111));
(11171,(5381,6133));
(1021,(3440,9326));
(2271,(4288,14988));
((5814,13719),(2896,11122));
(7958,(12768,(2367,2748)));
(11435,(6768,(7436,14017)));
(6970,(15558,(4980,10285)));
((3215,9660),(4261,7832));
((9462,10565),(3451,11749));
(6143,(6988,(4552,12144)));
(9501,(4839,(10413,15170)));
((13259,15403),(5821,10286));
(3028,(3359,(61,4244)));
(9710,(9443,(5113,9951)));
((12066,14112),(6772,10228));
(15411,(13796,(4957,7515)));
(14293,(5285,(5950,14319)));
(2868,(8899,(3546,13969)));
((6821,12640),(5870,8635));
(12026,(15676,(1645,3013)));
((14644,14892),(7510,14383));
(14601,(4052,(10913,13427)));
((4766,9183),(5286,15297));
((2665,12847),(6168,7010));
(9814,(3020,(843,9516)));
(202,(11996,(6801,10863)));
(13982,(5584,(7134,9832)));
(13603,(744,(1482,13228)));
(9924,(15104,(10268,11302)));
((3141,7542),(4844,14172));
((139,11454),(3596,10072));
(13547,(6381,(5051,13985)));
(5462,(3116,(2598,13408)));
(8274,(13446,(524,2854)));
(13635,(3180,(169,9986)));
(14537,(10486,(989,1900)));
((5386,10146),(1960,12148));
(1856,(8964,(12455,13387)));
((4402,8440),(7018,8998));
((5863,14147),(11367,11582));
(14174,(3571,(4365,13801)));
((710,2361),(11343,13177));
((666,13130),(6465,9470));
(4587,(15564,(5378,10751)));
(13090,(5244,(3493,13389)));
(10692,(8764,(2822,15644)));
((3895,10232),(6494,12764));
(12801,(10405,(8462,13920)));
(9737,(4954,(1912,5691)));
(15124,(10588,(6869,13160)));
(8743,(15079,(3682,14406)));
(68,(13684,(7758,9430)));
(664,(6437,(9251,10668)));
(13669,(10976,(13539,14014)));
(5277,(6488,(5851,13312)));
(2035,(12279,(6164,9220)));
(1451,(4271,(1954,11246)));
(14532,(3871,(2860,12679)));
((4157,10791),(10139,13487));
(3320,(8172,(1397,10857)));
(8327,(6613,(1811,13268)));
(8282,(4670,(5818,9850)));
(2462,(7066,(7026,8819)));
(2045,(442,(1119,10684)));
(3097,(5878,(7605,12158)));
(9353,(5496,(5729,10057)));
(6647,(13376,(8636,10779)));
(5512,(698,(6622,11726)));
((4527,12672),(684,10695));
((6760,7902),(2342,6445));
(5929,(4582,(10978,13346)));
((5962,15021),(7486,15383));
((5837,7487),(13791,14484));
(247,(13592,(2795,12292)));
(9774,(12835,(4080,8906)));
(8806,(7513,(11821,12575)));
(7267,(15235,(2591,7787)));
(3275,(1858,(404,5365)));
((4358,8458),(6931,10935));
((2559,5959),(4124,12944));
(6509,(15521,(2275,6480)));
(11712,(11491,(5781,6577)));
(4768,(5940,(6818,9332)));
((3636,4764),(339,15127));
(458,(9238,(7366,7719)));
(7864,(11635,(10309,15299)));
(15627,(8838,(5806,15168)));
(8038,(10099,(400,3547)));
(3129,(11976,(47,1480)));
(13953,(5299,(532,4638)));
(4885,(12198,(7602,8554)));
((4917,12200),(2710,9954));
((3998,5240),(745,7358));
(13326,(3516,(5243,13419)));
(8762,(7824,(5539,14503)));
(4822,(9888,(6156,10158)));
((9037,11178),(1073,2017));
((6491,11121),(1834,2707));
(7043,(15419,(9384,10890)));
(12965,(2210,(7363,13983)));
((4899,11977),(2807,3648));
(8709,(13301,(7102,13600)));
(13044,(4654,(5263,13136)));
(14173,(12753,(9216,13418)));
(10861,(6579,(2584,6667)));
(1256,(12344,(3607,14871)));
(9866,(10340,(5264,12381)));
((3655,6460),(2986,5789));
((12979,13051),(1220,4794));
(1634,(12280,(1613,12257)));
(11287,(10358,(6552,9235)));
(9541,(1619,(3104,15400)));
(3383,(7028,(9803,14116)));
(12788,(11766,(8442,10681)));
(9868,(184,(9773,14277)));
(6184,(3959,(1571,2955)));
((6349,11481),(1636,10431));
(6758,(3716,(8398,14089)));
(7720,(11626,(6959,6960)));
(1281,(14322,(2028,2636)));
(12631,(13529,(8691,9358)));
(10023,(8664,(6446,11487)));
(1941,(14714,(9754,12858)));
(10404,(3627,(3,13672)));
(6537,(13027,(1492,12874)));
(8811,(2115,(8908,9491)));
((6462,10970),(4130,14354));
((4699,13556),(6507,10253));
(1550,(888,(8587,10454)));
(941,(6008,(2478,14986)));
((6171,12784),(1250,9950));
((3050,9453),(4946,14689));
(11076,(1040,(2100,11399)));
(14224,(11079,(11207,11918)));
(1507,(10083,(2088,2939)));
(852,(8134,(5430,12950)));
(7478,(12294,(6544,13693)));
(3857,(171,(3948,7031)));
((10510,13900),(1975,7692));
((8106,8560),(2123,13827));
(2888,(6954,(13202,13859)));
(12060,(3663,(1608,4362)));
(1569,(9305,(6239,10209)));
(7998,(5275,(5429,11688)));
(14826,(8713,(8985,15421)));
((7818,13794),(4518,5131));
(15295,(9681,(12904,13855)));
((1075,9548),(8164,15513));
(7133,(11928,(1686,6066)));
((5827,12421),(11256,12814));
(5854,(5595,(2252,8110)));
(10946,(10143,(7187,7977)));
(4123,(10720,(2553,11980)));
(7241,(6547,(4120,12705)));
(2543,(13137,(2240,9217)));
(11034,(2654,(5717,13293)));
(10592,(14247,(3824,5739)));
(9734,(15480,(1726,11694)));
((2124,12143),(12165,14520));
(11230,(6919,(2623,4676)));
(12137,(11854,(3225,6656)));
(13454,(12687,(3494,15263)));
(10642,(14251,(10366,11295)));
(10906,(10278,(13423,15036)));
(1746,(11211,(2442,13290)));
(5423,(6683,(1300,1456)));
(5312,(14732,(10543,15051)));
(2629,(12027,(4644,6215)));
(5362,(9187,(4648,11156)));
(1991,(4401,(3675,11288)));
(801,(11743,(5470,11868)));
(9116,(8474,(10150,14540)));
(14289,(6618,(183,2905)));
(13255,(7737,(2349,4967)));
(11044,(799,(11158,14130)));
((1959,6417),(3155,4796));
(3828,(6951,(7490,8974)));
(503,(7219,(6928,13799)));
(9335,(5385,(4723,12931)));
(1458,(6432,(3963,6091)));
(11315,(1216,(1188,6045)));
(4057,(4753,(335,4292)));
(11050,(10872,(534,9050)));
(6921,(13349,(3490,13844)));
(9996,(2767,(687,3839)));
(7262,(6706,(402,1403)));
(10811,(9517,(6276,12080)));
(2413,(1829,(3748,15510)));
(12251,(6341,(3776,5446)));
(11780,(3456,(6140,13306)));
(8288,(200,(2335,11474)));
(11374,(5058,(4224,10172)));
(1315,(4718,(2853,15316)));
(8204,(2440,(1609,3970)));
(9614,(5255,(3358,7862)));
(9315,(3497,(5614,6603)));
(14340,(14754,(1294,15126)));
((5409,6472),(1347,10049));
((8168,12723),(2169,6442));
((9375,10774),(2126,9395));
(6492,(14710,(4705,4950)));
(1004,(4370,(8728,10070)));
((2396,6749),(2004,11566));
(14272,(10860,(9469,9586)));
(6872,(11627,(5322,7557)));
(8011,(15592,(776,15032)));
((1440,13315),(10644,13878));
(9490,(3914,(5708,15289)));
(354,(6365,(468,2313)));
((8240,13851),(707,15362));
(15638,(7522,(7251,11144)));
(12778,(2696,(2000,3717)));
(12693,(7341,(6004,7890)));
((5135,12598),(2928,11927));
((2640,8152),(6790,15094));
(6815,(6475,(9289,15280)));
(3333,(13355,(5062,7653)));
(15463,(14424,(1961,9861)));
(2352,(3091,(8133,14240)));
(5129,(11489,(14962,15517)));
(1816,(15502,(10704,11462)));
(3613,(13687,(8912,13749)));
(3553,(5001,(4715,12813)));
(13898,(5305,(10233,10272)));
(8179,(7668,(280,3781)));
((3917,4506),(5882,13331));
(2544,(5130,(12634,14809)));
(8504,(2639,(8336,14722)));
(6745,(2582,(12388,15660)));
(7003,(11258,(10151,11647)));
(8557,(14972,(972,2731)));
(15389,(9070,(11212,13626)));
((165,4615),(3003,8515));
((7684,12232),(303,2523));
(6734,(6292,(1254,9118)));
((2041,8145),(6016,12743));
(2450,(11863,(657,6371)));
(5122,(13692,(1103,10190)));
((3883,6443),(1219,9502));
(12968,(6245,(3243,15406)));
((6963,11795),(594,14166));
(10810,(14564,(1815,5336)));
(9151,(11983,(6682,10962)));
(15474,(506,(1946,7285)));
(11520,(7645,(43,14853)));
(6303,(3947,(1711,7122)));
((6038,8852),(8452,13448));
(7596,(5492,(6938,14504)));
((5979,14768),(1120,2999));
(4805,(13486,(6557,15366)));
(14,(811,(4359,7630)));
(6877,(1106,(1399,2326)));
(19,(15213,(3205,13991)));
(4274,(1487,(8544,14064)));
(7247,(8342,(6354,9802)));
(6167,(7011,(4480,5499)));
(9969,(11321,(9252,12125)));
((6056,13107),(3063,6000));
(10071,(7617,(5865,9578)));
(5457,(11788,(6524,7833)));
((11518,14579),(10752,11137));
(1122,(8235,(1575,12133)));
(4677,(10840,(1497,2881)));
(4748,(3986,(8562,9533)));
(12347,(14456,(6549,7373)));
(7874,(10367,(3680,6559)));
(11278,(6114,(418,6064)));
((3492,12357),(737,5004));
(12086,(3240,(2273,6568)));
(14432,(14614,(3402,10583)));
(2233,(12713,(2201,14407)));
(6924,(980,(5495,5983)));
((6634,14878),(11301,12048));
(8620,(7384,(2756,11628)));
(7873,(15456,(3316,9918)));
(2542,(8657,(6513,14287)));
(3764,(15141,(9499,12266)));
(13857,(9400,(1850,4452)));
(3230,(7911,(78,12090)));
(1291,(9595,(4002,10082)));
(3479,(7706,(5967,14070)));
(5961,(4177,(6296,11792)));
(5701,(6188,(2285,13014)));
(772,(7983,(9653,10321)));
(3277,(8892,(1374,7859)));
(13375,(13495,(1796,15495)));
(11815,(15324,(3135,8139)));
((7650,15136),(1495,4456));
(12579,(1783,(780,8299)));
(9174,(12671,(4863,9644)));
(834,(11614,(2060,14920)));
(12922,(2812,(670,9925)));
(6061,(5783,(180,15250)));
((1865,2038),(7702,15594));
(947,(6157,(12108,13928)));
(2906,(8233,(7889,14523)));
(13180,(11306,(9225,15429)));
(6145,(3614,(3863,11524)));
(11966,(14274,(10799,11649)));
(9292,(7288,(3869,4668)));
(12187,(10821,(1474,15641)));
((2899,7047),(1197,13221));
((367,8750),(1814,6331));
(7994,(8081,(592,8581)));
((3603,14122),(11348,12722));
((3814,5624),(3818,9808));
((5747,7926),(639,6454));
(11430,(8373,(8148,9762)));
(2167,(7625,(2877,3941)));
((13464,15323),(12964,14680));
(1693,(2328,(11038,11781)));
(10302,(6089,(2609,6978)));
((3619,4366),(1084,5437));
(4020,(8735,(12001,14877)));
((521,12424),(10885,12843));
(1997,(2184,(1223,5728)));
(11046,(8993,(7835,13478)));
(15503,(2177,(7895,10084)));
(6840,(5295,(3167,8050)));
(606,(3858,(3154,4832)));
(9258,(3071,(3997,10145)));
(7328,(10519,(10318,12070)));
(13966,(14546,(10219,13489)));
(9364,(10050,(5910,6429)));
(7257,(2816,(1336,3845)));
(6334,(14539,(11014,13330)));
(1089,(6589,(788,7325)));
(13467,(3099,(3483,14222)));
(5847,(1536,(3754,8718)));
(14536,(2282,(4066,5394)));
(8626,(1121,(1874,14370)));
(13862,(635,(8322,9180)));
((10281,10597),(2988,6937));
((1673,4686),(5634,11684));
(11536,(2597,(984,4081)));
(4453,(8550,(2641,6372)));
(11557,(9891,(6127,11658)));
((5417,14055),(691,3518));
(12959,(3260,(8551,13271)));
((8859,12518),(539,11060));
((8260,10119),(4419,12022));
(1927,(8017,(9479,14415)));
(10676,(6994,(7206,10053)));
(785,(15060,(3595,6172)));
(7014,(4353,(1176,9320)));
(1627,(4393,(6685,13723)));
((13704,14673),(11453,14488));
(12577,(394,(3126,12865)));
(9152,(7944,(6813,9228)));
(3429,(13939,(7157,14145)));
(5593,(12501,(3343,5607)));
(1164,(6236,(4024,9431)));
(3889,(12829,(6033,14705)));
(1907,(388,(828,6434)));
(295,(1112,(8771,13871)));
(11999,(6285,(2845,8268)));
(7940,(5422,(4321,12069)));
(1902,(324,(10651,15334)));
(1896,(10754,(9840,9853)));
(8350,(12476,(7621,14442)));
(12557,(6610,(1469,10503)));
(5188,(15161,(13738,15487)));
((10521,14932),(11414,11822));
(6615,(13715,(2217,8416)));
(850,(3067,(4380,14290)));
(3403,(3832,(8686,12166)));
(3775,(13257,(7727,13492)));
(8307,(5988,(11282,13996)));
(12122,(15511,(5918,11630)));
(12415,(4840,(2263,3326)));
(13159,(6483,(8277,13854)));
(8775,(14282,(10311,13745)));
(2985,(5056,(9960,11396)));
(4042,(9977,(5542,12567)));
(9086,(15175,(6521,8170)));
(9240,(4729,(6526,14951)));
(8365,(5527,(902,12701)));
((172,12760),(12711,12807));
(5142,(4736,(8161,12116)));
(15629,(11871,(101,12581)));
(10657,(9042,(1993,12812)));
((6669,11128),(4105,10513));
(4450,(6874,(1695,12820)));
(215,(548,(12372,14386)));
(13979,(2893,(6519,10550)));
(14993,(14420,(276,11276)));
((9256,11486),(1345,6244));
((1598,7936),(1969,5574));
(9020,(11572,(12224,14782)));
(11245,(6812,(1719,15336)));
(616,(9146,(7661,15301)));
(15417,(12434,(4757,4810)));
(11686,(8438,(2108,4574)));
(14838,(13725,(5451,11631)));
(8897,(90,(894,9997)));
(4965,(13103,(7101,14764)));
(11251,(7658,(649,2463)));
(13083,(3865,(5807,7090)));
(15464,(12825,(10104,11988)));
(11869,(3029,(10435,13108)));
(8884,(8241,(9680,12118)));
(10489,(6785,(4720,4963)));
(3931,(14552,(11806,15112)));
(15026,(9872,(885,8248)));
(13947,(7489,(11910,15119)));
(14123,(10075,(10000,13967)));
(14091,(10867,(3109,11979)));
(12898,(8773,(4573,8446)));
((1338,9584),(3784,14753));
(13348,(10749,(6968,10931)));
((2132,4581),(597,6360));
(479,(3503,(5013,5092)));
(14329,(8947,(2221,8705)));
(10407,(13767,(5873,11747)));
(1034,(15106,(598,2498)));
((1523,2159),(2592,15410));
(4738,(6596,(9003,11132)));
((758,1212),(1562,5841));
(454,(4327,(1228,1268)));
(9523,(7570,(7227,9857)));
(14483,(7058,(10222,14094)));
((1247,2790),(654,7091));
(6040,(7725,(8093,10960)));
((4694,13786),(9894,10525));
(11408,(10989,(6528,12872)));
(10585,(14361,(13096,15622)));
(8895,(15578,(3560,6989)));
(12275,(15496,(2902,9114)));
((12856,14262),(1990,2104));
((3588,10220),(2154,3120));
((1356,11706),(11425,15309));
(11554,(5965,(729,5996)));
(15541,(13758,(1373,11702)));
(4881,(103,(5589,13270)));
(11338,(998,(4808,15091)));
(3423,(6705,(4961,14706)));
(1501,(15193,(4621,(1916,7588))));
(3702,(9155,(10723,(9498,13158))));
(9781,(1195,(10798,(5237,8424))));
(7877,((6897,8727),(14525,15286)));
(12109,(1998,(10708,(12928,12951))));
(4328,((6855,12879),(11846,15111)));
(2350,(15461,(8108,(6707,9782))));
(7691,(9248,(6238,(15133,15625))));
(6793,((4036,7368),(11163,12967)));
(8688,((1114,2667),(3289,4403)));
((1234,(8320,8972)),(14029,14497));
(15360,((13513,15138),(5671,13171)));
(9359,((2390,9757),(10230,13112)));
(10199,((10847,15587),(4554,6771)));
(2309,((5993,8202),(11832,15632)));
(6681,(4481,(5564,(4084,11318))));
(15595,(199,(636,(2423,7943))));
(13262,((587,1074),(5680,10135)));
((3599,(5232,10549)),(10210,14793));
(2557,((2237,3352),(6531,12570)));
(15118,(9833,(12947,(4850,6232))));
(15262,((8770,10388),(4500,8944)));
(13943,(12781,(2417,(7928,9615))));
((287,(5670,9254)),(4812,12799));
(10491,((2218,8005),(3258,6733)));
(2086,((7389,12514),(2730,11176)));
((1987,6200),(6627,(338,10685)));
(7775,(8655,(7788,(7792,10255))));
(8475,(12364,(13142,(10715,12214))));
(13848,((949,5228),(125,9111)));
((9787,13505),(3460,(8507,10758)));
(2399,((10323,12445),(111,9363)));
(6366,(1881,(10415,(692,5799))));
((11431,14998),(11020,(8413,10195)));
(7732,(645,(6591,(11008,12179))));
(6717,((1633,6043),(1607,2166)));
(13970,(4074,(7975,(5874,13325))));
(13460,((1402,11943),(9970,9978)));
((8051,(12061,14542)),(6498,12868));
(12625,(14126,(3569,(10639,13823))));
(7423,((4070,13533),(2212,7502)));
((12056,12177),(9707,(7634,15439)));
(6086,(10667,(6545,(4932,7015))));
(11479,(8807,(4319,(12007,12397))));
((3700,(4780,15279)),(12916,14843));
(9370,(15,(8471,(1324,14543))));
(9041,((9961,12051),(1206,4125)));
(14400,(8084,(12073,(3185,14257))));
(9071,(10656,(10487,(3822,14167))));
((8769,13656),(7171,(3038,5066)));
(5777,(9108,(337,(8910,9212))));
((9618,(5463,8986)),(10422,15300));
(2589,((12808,14476),(7980,11166)));
((7498,14749),(5030,(5213,9103)));
((2146,8097),(6269,(2042,12270)));
((5005,10988),(5705,(13122,14339)));
(11502,(15137,(11432,(4524,15465))));
(14565,(12216,(2946,(48,3178))));
(4861,((130,3968),(5524,8068)));
(14338,((4290,15159),(228,7813)));
(7920,((13388,13919),(7229,9294)));
(10851,(12055,(9267,(3232,15508))));
(861,(816,(9271,(6908,7329))));
((1813,(9325,9829)),(1375,6428));
((912,14405),(7418,(4555,7254)));
(12097,(14943,(8311,(10217,12765))));
(11464,(747,(3397,(14551,15265))));
((11994,(11312,13946)),(1091,11266));
(8953,(10669,(5136,(3209,9909))));
(7017,(2023,(7266,(6363,6441))));
(7281,(15320,(6345,(10965,14159))));
(6690,((6515,6839),(2560,7751)));
(9307,((9608,12337),(1873,3958)));
(12620,(14416,(5321,(2596,15634))));
(26,(9671,(5183,(7467,11759))));
(7693,(4667,(1753,(2402,6136))));
((4577,13384),(5672,(10245,11654)));
(8872,((3287,12031),(5727,8792)));
(7362,(4083,(10891,(8435,11785))));
(7633,(6842,(249,(3507,14788))));
(2032,(4285,(10045,(9182,12960))));
(12589,(3534,(13135,(9312,14770))));
(6773,((1543,13063),(4605,13550)));
((7072,(7286,8425)),(4883,7583));
(3892,((2297,6427),(2848,5726)));
(8227,(1391,(672,(1003,9795))));
((14534,(4008,7243)),(10236,10531));
(510,((11616,13000),(11401,13497)));
(9675,(2007,(12366,(970,9166))));
(803,(6106,(3134,(4926,8271))));
((6735,(492,13604)),(3074,5121));
(3903,(784,(10064,(9014,12071))));
(15346,(4473,(3300,(9522,15371))));
((5209,(438,3164)),(10744,11504));
(9679,(1938,(12281,(1665,13235))));
(13709,(4684,(4612,(4186,13337))));
(13856,(10256,(13459,(4043,6115))));
(14369,(5889,(13589,(9686,10348))));
(10287,((5169,5533),(3364,13875)));
(6966,(10710,(11721,(6952,8486))));
(7438,((3334,13128),(1639,1656)));
(3660,(15114,(3988,(5510,7386))));
((1934,11589),(13645,(2601,5476)));
((8646,(2638,11729)),(159,10402));
(10106,(5823,(14353,(6266,7946))));
(14859,(13538,(5745,(4498,5689))));
(3461,((211,1001),(2336,2397)));
(14804,(13025,(176,(5549,7897))));
(3389,((4142,12613),(617,7611)));
(1185,(7505,(11109,(4062,5491))));
(7146,(3298,(491,(7707,8412))));
((5046,(401,8576)),(6024,7065));
((8721,(207,7112)),(8089,15531));
(2228,(12181,(5830,(2318,15486))));
(6664,((10947,15667),(7110,11269)));
(4784,(10436,(5893,(2991,3388))));
((4673,6671),(1680,(5628,12555)));
(6414,((42,6863),(4717,13074)));
(5804,((5173,9082),(3106,8684)));
(14990,(94,(7675,(1393,2052))));
(12091,(6997,(14590,(9995,14674))));
(7414,(2455,(13575,(3360,9339))));
(6904,(9971,(2763,(9417,11939))));
(10740,((10982,11331),(9842,15415)));
((7020,(11372,15042)),(12017,13631));
((4017,7447),(5756,(1899,14395)));
(15033,(12465,(14638,(1923,11350))));
(13588,(1488,(11182,(3171,8756))));
(1057,(4645,(1824,(3578,12718))));
(9465,(10505,(11964,(6926,13535))));
(12685,(3181,(10296,(415,11424))));
((966,15081),(12566,(14306,14561)));
(8278,((1552,11728),(5268,6448)));
(11936,((2704,6051),(5132,9589)));
((7816,(13757,14149)),(1233,2969));
(14033,((575,2426),(4611,10874)));
(447,(8447,(6254,(5318,14869))));
(5382,((3125,11696),(7280,11461)));
(10767,(4530,(14280,(10797,15605))));
(14563,((3379,9209),(2053,7402)));
(8751,(4150,(15105,(3706,3922))));
(2502,(3217,(572,(6714,11233))));
(5949,(8841,(11634,(7055,8290))));
(9012,((2391,2527),(2595,8509)));
(6141,(1932,(11009,(1879,10803))));
(7387,(9427,(14626,(3994,12881))));
(549,(651,(3382,(887,7154))));
(7847,(13148,(12379,(1499,6629))));
(4698,(11189,(8480,(2545,4323))));
((2435,6243),(701,(5698,7907)));
((1162,(3710,11200)),(1386,11699));
((2183,3942),(7848,(2048,7550)));
(7179,(4172,(10883,(10110,15268))));
(777,(7599,(4420,(378,2740))));
(10118,((552,14724),(1115,9073)));
(1384,(1457,(7910,(1573,9882))));
(4728,(7750,(15373,(80,12369))));
(7671,(10854,(5971,(5065,11086))));
(8368,(12627,(4025,(8958,11157))));
(6205,(2248,(3062,(1140,10990))));
(540,(6890,(3813,(5178,10343))));
(6101,(4082,(10737,(7394,14677))));
(5432,(12151,(10561,(3722,11585))));
(13119,(10441,(10155,(3073,8039))));
((6110,11325),(10453,(2841,10792)));
(5521,(14641,(9029,(4148,5326))));
(4989,((1325,11886),(2507,3255)));
((11006,13485),(6770,(7242,11134)));
((1623,13664),(6789,(4160,7224)));
(743,(9836,(4228,(2082,12727))));
((441,15482),(5839,(3943,14434)));
(13084,(10822,(2493,(9942,14002))));
(1632,(7696,(1251,(5885,13971))));
(7756,(13504,(4941,(10184,14554))));
(13580,(7164,(13771,(11535,12954))));
(918,(11202,(9520,(3811,7143))));
(12336,((3645,4067),(11222,15099)));
(6048,(6673,(7069,(10432,12227))));
((14789,(151,12065)),(1017,15666));
(3833,(14748,(15416,(4741,14362))));
(5427,(2325,(12958,(5731,15305))));
(10109,(1271,(11691,(5886,13865))));
(10384,(9809,(5192,(1554,1925))));
(9435,(3305,(3708,(135,1758))));
(9824,((1739,2345),(4151,11447)));
(1450,(14249,(11042,(2531,5924))));
(7752,(13087,(2576,(1013,11012))));
(2033,(13466,(5261,(3418,7699))));
(6256,(12610,(1335,(1196,14065))));
(14907,(14573,(10271,(2617,4225))));
((2176,3079),(24,(3169,14103)));
(15214,(12482,(8309,(10381,12087))));
(8971,(7186,(8124,(513,14382))));
((7558,(8009,11895)),(5050,9310));
((11316,12852),(1766,(5202,9150)));
((641,3847),(3499,(5888,7525)));
(12654,(682,(11111,(10637,12032))));
((12058,(1412,2579)),(1637,10670));
(15269,((1128,4653),(7673,7767)));
(9260,(8823,(5980,(11297,12525))));
((6317,(889,15569)),(14291,15058));
(14773,(6911,(7007,(285,2850))));
(1231,(13867,(3788,(3761,5254))));
((2227,9540),(4240,(815,7139)));
((2308,15656),(4040,(4952,5977)));
(11517,(2371,(12763,(11499,13386))));
(8853,(6220,(2953,(1298,6179))));
((12542,14746),(15489,(14676,15001)));
(9934,((11373,13582),(2302,2586)));
(5114,(6747,(10394,(3554,15130))));
((1452,14137),(14218,(4408,14712)));
(999,(5613,(10930,(8513,14041))));
(10641,(3915,(10801,(9110,13407))));
(3593,(8585,(12276,(2059,4318))));
(9747,(1177,(14408,(4355,14740))));
((1992,9792),(3408,(4451,10842)));
((2268,(3381,7456)),(5612,6340));
((464,4557),(8346,(646,7140)));
(7563,(10455,(797,(2161,8732))));
((10398,14399),(11224,(5714,11417)));
(7819,(10249,(11993,(372,11052))));
(1752,((467,7567),(14410,15162)));
(12853,(10809,(13347,(3579,11016))));
(1820,(979,(5157,(6626,13781))));
((8285,(8532,8854)),(1423,4610));
(7514,(14684,(6561,(12541,13831))));
(9357,((937,8105),(869,4752)));
((4608,13623),(12709,(3632,10356)));
(11735,(14144,(5151,(4626,5087))));
(14632,(1996,(15420,(107,11235))));
(4540,(13099,(3562,(2653,14978))));
(6940,((5537,14910),(1583,4706)));
(3235,(12209,(939,(12638,15530))));
(2172,(6314,(643,(4111,7607))));
(13887,((5666,6025),(1310,12054)));
(3351,((1508,4658),(1259,11677)));
(12237,(7449,(3574,(9598,14926))));
(12751,((3252,5353),(2910,15356)));
(11412,(11410,(2211,(11501,15535))));
(4836,((3467,9458),(8815,11048)));
((12306,15134),(14745,(2720,7002)));
((66,5471),(13691,(1809,13354)));
(5250,(13444,(8323,(9979,14110))));
((10672,(2741,14839)),(10027,(2062,7780)));
((256,(14668,(5632,10770))),(5858,9554));
(((1683,13046),(2496,9405)),(4213,12549));
(8289,(986,(8543,(12074,(5736,5760)))));
(6138,((4482,7836),(89,(3011,9468))));
(6037,(6416,((2643,5098),(4675,12618))));
((3835,7663),(752,(4180,(6452,10711))));
((12430,(12321,14026)),(13394,(9844,12906)));
((162,3583),((4526,7585),(3342,11668)));
((6195,(3469,(810,11772))),(11290,11583));
((306,9175),(4852,(12271,(8778,14032))));
((7906,(10979,(11984,12345))),(2663,7409));
(9196,((12969,(385,4098)),(5198,10973)));
((829,(6409,12315)),(11130,(1933,14613)));
(925,(8149,((6718,9331),(7375,11033))));
(4646,((1810,5534),(9706,(4708,5906))));
(1566,(14841,((2839,6936),(3108,7142))));
(2300,((2241,(7551,9262)),(7061,13038)));
(8115,(5395,(3556,(14909,(3435,14708)))));
((14582,(10187,(7776,10517))),(3417,14301));
((7372,(148,(3910,7221))),(2382,13585));
(7019,(4625,(10898,(14736,(2691,15221)))));
((13261,14511),(9434,(1601,(8926,12878))));
((8567,13045),(36,(9091,(9261,10910))));
(14314,((8494,10807),(11531,(8094,12818))));
(11805,(1682,(8871,(10482,(5866,8965)))));
((10942,(3687,7040)),(5658,(1743,4122)));
(2599,(1126,((5158,8641),(1882,8200))));
(9547,((4159,9729),(1167,(4272,14616))));
(((476,9733),(4701,7714)),(10032,11075));
((8141,15661),((5695,10646),(1447,3347)));
(1066,(9188,((9663,12471),(637,10205))));
(13576,(1388,(13465,(8280,(12012,14798)))));
(7942,(8338,(9311,(4168,(12771,13678)))));
(1264,(10658,(3826,(6241,(2069,7408)))));
((9214,(11881,(9798,14302))),(2837,5071));
(6447,(11727,(4405,(5682,(7376,11768)))));
((7238,(9421,(6109,14816))),(3293,5045));
(7539,((2359,(8988,10649)),(1071,11172)));
(6868,((4613,13410),(1585,(977,6601))));
(3735,(362,(7404,(2363,(5181,6808)))));
(14683,(1747,((7265,8862),(7805,12278))));
((3295,14629),((230,7908),(1649,11907)));
(10721,(13175,((10816,13806),(520,771))));
(10957,(13665,((33,3586),(10719,12703))));
(770,(7516,((5525,15677),(10440,10582))));
(6984,(363,(10911,(15054,(4030,4902)))));
((4460,(2162,(7930,8499))),(12162,14578));
(9569,(15333,(9039,(14183,(4413,7482)))));
(4735,(11375,(6072,(6757,(7128,11378)))));
((3233,9074),(11463,(3989,(13132,15310))));
(((2611,4454),(11632,13420)),(11587,15488));
(18,((14894,(10442,10700)),(5958,7287)));
(13452,(5260,((8015,13911),(1245,4772))));
(9816,(15369,((926,9369),(3629,5441))));
((13117,(9276,11973)),(15148,(5145,10984)));
((2679,(7443,15052)),(7064,(3083,15207)));
(2831,(7323,(8310,(4256,(830,15574)))));
(9429,(226,(8883,(5278,(5246,14824)))));
(5939,((14428,(6323,13442)),(8381,11136)));
(6174,(4049,(4438,(3940,(12161,14522)))));
(10111,((8994,(8569,9738)),(11005,12458)));
(11213,((5242,(917,5528)),(6116,14318)));
(12293,(10162,((9090,10996),(2393,14864))));
(156,(450,(12802,(8261,(85,3482)))));
(7457,(5519,(4289,(11858,(405,3463)))));
(11892,(11641,(15533,(1486,(1008,8632)))));
(13336,((10731,(34,14529)),(1833,10933)));
((2757,4751),(2467,(9204,(8048,10506))));
(7723,((3846,(9676,11619)),(2967,5860)));
(14367,((10490,11745),(10216,(3390,11742))));
((14890,(9403,(1339,5946))),(10362,13998));
(6900,(5380,((11861,14121),(3740,14021))));
(4851,(11131,(1142,(13139,(1408,4990)))));
((714,8361),(12428,(7827,(12101,12682))));
(1064,(8031,(2138,(7377,(5340,6201)))));
((7237,(7501,12623)),(5258,(5675,13742)));
((1289,(545,15012)),(2613,(233,15386)));
(((2418,4513),(13393,14942)),(7466,13641));
(14868,((11575,(3041,14955)),(6202,8851)));
(12554,((11439,14992),(14140,(13012,13994))));
(9432,((4015,(5787,12498)),(10369,14679)));
(4251,(4239,((7126,12205),(8863,10766))));
(9328,((13949,(4914,7655)),(9464,14949)));
((8758,(13832,(5876,7086))),(4662,13305));
(13651,((13727,(1553,12247)),(7622,10156)));
(14825,((12794,(1931,3951)),(7330,15523)));
((11118,(13686,(4357,11962))),(3318,3366));
(11436,(4179,((4000,14491),(648,7245))));
(3862,((4528,(9770,11880)),(2637,14498)));
(((2449,11838),(5150,15085)),(2425,15203));
(2959,(11689,(7904,(1321,(11254,13820)))));
(14043,(9807,(6396,(6469,(12483,14699)))));
(12454,(10828,(5857,(11293,(4578,5392)))));
(6272,(6468,(2752,(7204,(5504,14791)))));
((8053,(6018,12382)),(2692,(2278,9514)));
(5397,(10654,(919,(2090,(4075,9472)))));
(((1018,1724),(9649,11549)),(6609,7062));
(1704,(1334,((10568,15291),(4855,9822))));
(12467,((9142,11643),(3323,(6551,9654))));
(1971,((3070,(697,13640)),(193,1630)));
(5596,(1138,(5648,(8865,(5872,11488)))));
(8693,((4896,(8180,12049)),(12282,14936)));
(15149,((14241,(7299,11798)),(10466,14720)));
(5335,((12019,(5544,14346)),(2838,3376)));
(15313,((5905,(449,12453)),(7828,15353)));
(3017,(3450,(2220,(5981,(7371,10426)))));
((7880,15563),((9318,14321),(13041,15100)));
(2320,((483,14059),(10748,(2049,8940))));
(1684,(11981,((6719,14155),(2438,12793))));
((1076,12963),(4631,(237,(3184,7772))));
(10018,(3145,(12207,(13700,(13886,14134)))));
((5029,(5868,10152)),(3200,(5180,8611)));
(14657,((8675,(6496,10937)),(7048,10101)));
(2650,((10326,(11180,13843)),(472,14698)));
((7579,(7896,8677)),(12511,(569,1582)));
(15686,(2970,((2861,10192),(2954,6421))));
(9139,(4233,(11013,(8833,(2400,8077)))));
(432,(12057,(13207,(13520,(11814,14190)))));
(14850,((602,(1435,5439)),(10212,10574)));
(1090,(8069,(11812,(13415,(8364,9141)))));
(15553,(2511,(4821,(2081,(8157,15011)))));
(10157,(3977,(9476,(12500,(2158,13564)))));
(4254,((3782,8195),(13959,(1405,2071))));
((11967,(11098,(5306,6193))),(1955,5752));
(5749,(2722,(4283,(7444,(3575,5606)))));
(11183,((8739,15534),(4430,(1956,7483))));
(9422,(13975,((4583,14604),(7718,13308))));
(7799,(1117,(2386,(14846,(3096,13544)))));
(325,(7410,(11029,(11229,(1016,8712)))));
(8461,(8969,(7397,(6175,(2712,8787)))));
(13155,(6108,(14292,(12110,(7210,8625)))));
(3568,(12548,((10093,15315),(2551,4116))));
((6192,7546),((12805,15516),(10225,14385)));
(3667,(12891,(37,(2216,(5580,11398)))));
((936,(14661,(7803,10540))),(12135,14048));
(8571,(14623,(5778,(12580,(16,9863)))));
(5003,(13835,((8941,8959),(13689,13841))));
(10397,((1055,10267),(9574,(2029,7401))));
((12775,(3265,13185)),(2783,(5859,14204)));
(3296,(8612,(7076,(4369,(5239,13811)))));
((14893,(11449,(2600,8472))),(116,6752));
(8517,((3930,6852),(6413,(9511,10373))));
(14492,(13245,(13636,(109,(348,7147)))));
(4412,(12346,(8968,(3008,(5509,8631)))));
((1093,(137,2428)),(15070,(12399,(4888,14403))));
(11609,((3424,(940,3768)),(650,(4004,10169))));
(6832,((12667,(7933,11884)),(11201,(2768,7888))));
(368,((5355,5917),((4462,8722),(5329,5923))));
(((477,13106),(5009,9698)),(11545,(7131,11559)));
((13372,(12410,(11670,14436))),(1617,(9477,11272)));
((14544,(3791,7196)),(13494,(9136,(675,10353))));
(14357,(10043,(14687,(6864,(2934,(2001,13906))))));
((6419,(13962,(10237,14980))),(8321,(6553,11617)));
((8437,(1491,2903)),((8800,9556),(8549,12873)));
(3107,(((516,14996),(1427,11629)),(7339,9719)));
(6691,(((10390,14759),(377,3307)),(4023,13104)));
(((7077,13443),(4483,(7517,11364))),(12099,14276));
(8096,((1095,(6836,14013)),(6756,(3683,6378))));
(14729,(11624,(7481,((13273,13941),(695,8224)))));
(1970,(13683,(4202,(4688,(2134,(4280,6290))))));
(((4032,9492),(3037,5101)),(10904,(2254,9033)));
((8414,8535),((2291,(3523,8915)),(4707,8887)));
(1191,((995,12423),(4975,(5947,(12574,15062)))));
(((3896,10633),(2269,8949)),(13109,(10628,14855)));
((1354,2915),((9241,14401),(15349,(132,10648))));
(842,((1371,4525),(5316,(14860,(6032,8955)))));
(1764,(6436,(9411,((14214,15004),(5331,10929)))));
(7857,((11757,(897,9229)),(7829,(6458,9365))));
(7852,((7794,(910,7000)),(14735,(6234,14685))));
(3972,(((3166,4838),(3474,10395)),(7641,9308)));
(8793,(11722,(746,((2972,6731),(1363,13608)))));
((7523,(5019,(15663,(3801,13411)))),(3249,7355));
(8397,((8753,11998),(3143,(4521,(579,11466)))));
(8153,(4505,((2207,(11604,12425)),(6660,8014))));
(9678,((7119,(3934,(6612,14278))),(8608,11280)));
((11024,13237),(808,(3838,(4913,(6666,12900)))));
(3236,((11949,(3535,6350)),(5507,(10186,11415))));
(8291,((1612,(6326,(5765,8987))),(9418,12666)));
(11823,((10001,15428),(8383,(5848,(5955,13708)))));
(154,((5811,(570,2444)),(12651,(5867,13098))));
(13125,(6702,(6190,(9884,(5687,(578,13534))))));
(9284,(3053,(1509,(4246,(3672,(5994,13800))))));
(9506,(3331,(3736,((1230,11921),(13363,13976)))));
(3059,((12721,(11601,(2068,7855))),(10191,13863)));
(12043,(5520,(13,(7967,(11543,(6058,9120))))));
(4940,((9575,(13643,(4171,14659))),(8191,13685)));
((6941,(259,6751)),(5678,(10971,(3437,13032))));
(4134,(14242,(6337,(2415,(1944,(7092,9510))))));
(2085,(((5782,15454),(1461,5449)),(6617,13238)));
(8281,(7815,(7969,(2674,(8898,(2084,15682))))));
(12268,((7360,(9024,(2018,14971))),(8034,12871)));
((12396,(3654,5640)),(760,(7185,(5443,9670))));
(6449,(14389,(9805,(14697,(15609,(8814,12231))))));
(11849,(10213,(2782,(15230,(15075,(6399,10424))))));
((12729,14612),(15178,(9162,(14187,(4671,10173)))));
(12449,((12988,15611),(5252,(3705,(2855,5605)))));
(15030,(5450,((6060,(8013,10448)),(2272,7105))));
(2246,(8087,(6652,(8428,(271,(4602,6672))))));
((9797,11352),(13342,(10108,(14485,(12401,13335)))));
((7976,14341),((4174,(5753,13741)),(2503,7125)));
(5349,(11755,(5304,(15455,(6117,(4959,5710))))));
((9837,(5194,(6674,14947))),(1439,(9483,10936)));
(((9354,14263),(3900,(2624,15029))),(2616,7279));
(4444,((5,(13232,(9156,13006))),(8960,13286)));
((13066,(9342,(530,(7156,10010)))),(10753,12903));
(336,((4559,(1390,(6943,7808))),(3012,3787)));
(6725,(1919,(14236,((4441,15014),(9449,10746)))));
(5592,(11773,(6146,((3664,3767),(8382,9750)))));
((2660,9512),((14464,(14084,15102)),(6846,12042)));
((5402,11753),(5314,(1124,(13960,(5922,10189)))));
(8676,((3928,(2165,10141)),(12371,(7899,8130))));
(5229,(6450,(14194,(4977,(12755,(4220,7793))))));
(4890,(1217,((3452,(8103,13756)),(1877,9222))));
(9158,((6829,(355,13888)),(8896,(1980,14550))));
(11092,(753,(13472,((5445,14508),(5903,7291)))));
(14073,(1928,(6946,(7941,(5360,(2827,11150))))));
(8755,(4721,(8238,(1328,(9121,(7214,13166))))));
(4488,(4163,((593,11882),(7894,(8864,12719)))));
((5257,(5559,(12860,(5907,13804)))),(4331,13732));
((875,(7700,(11971,(4175,5021)))),(767,4001));
(1559,(2351,(12782,((4167,8534),(25,15477)))));
(((7313,15538),(7713,11990)),(6565,(9709,14275)));
((10475,12277),(8695,(11428,(4647,(11841,12432)))));
((3000,8259),((1557,10008),(920,(3694,15401))));
(14284,(11790,((11419,(11685,14645)),(5143,6851))));
(2952,((7244,(14952,(7305,9113))),(8931,15312)));
(14227,(8399,((1098,12975),(1387,(872,9525)))));
(((7823,9337),(10755,15679)),((175,9789),(1080,5991)));
(((4693,9746),(5438,8500)),((4311,5927),(3030,10277)));
((9322,(3478,(12786,15156))),((5651,9010),(493,9665)));
(8822,(14132,((146,12762),((3686,9651),(8395,13199)))));
((5541,10304),((4340,6211),(6766,(1667,(2668,7764)))));
(277,(4622,(15444,((2155,10259),(5153,(4541,14034))))));
(4222,(((1861,3193),(15199,(6438,13761))),(1757,7349)));
((8992,(2484,10439)),(489,((3612,8938),(1455,7646))));
(4920,(14156,(10892,(8114,((826,11277),(6837,14417))))));
(1213,(7120,(((3064,5545),(2968,3555)),(5139,11820))));
(2011,(3072,(3033,(12629,(7584,(284,(7580,8004)))))));
((5273,13733),((5413,8779),(8506,(14867,(1502,4073)))));
(4132,(11550,((7212,12987),(4078,(11204,(8842,11500))))));
(10806,(9769,(9943,((5350,9486),(10688,(13989,14811))))));
((13611,15359),((1023,4178),(10006,(4974,(9887,11459)))));
(10950,(5936,(1855,((14690,(962,9425)),(275,9398)))));
((13208,(6948,9582)),(8918,((5560,12994),(9059,11965))));
(13616,((2344,(7974,(11195,15601))),(1283,(13705,14925))));
(10523,(15413,(60,(7842,(6860,(15387,(2625,4262)))))));
((1651,(7297,(14933,(1785,4027)))),(12168,(1102,4783)));
((4486,11602),(6233,(1895,(9451,(4061,(428,14152))))));
(((7610,(1101,10636)),(2315,6065)),(4516,(1262,11191)));
(11595,((8266,(11329,(12387,12633))),(2362,(1600,10263))));
(13755,((8279,9965),((4636,6663),(6743,(7560,13788)))));
((((978,9200),(5966,15674)),(10386,12127)),(4386,7209));
(11590,(((769,2107),(1668,15672)),(13508,(2260,5247))));
(11801,(13895,(342,((543,(4033,11638)),(4372,9761)))));
(10054,(13701,((11581,(5855,13435)),(12015,(527,1460)))));
((13313,(9519,(12696,(2139,10850)))),(6090,(11916,12939)));
((7623,9456),(2192,((2658,(11770,14547)),(6316,15522))));
(6999,(10175,(8818,(12539,(708,(12915,(93,6750)))))));
(8340,(((1698,(6659,10357)),(11071,14139)),(5328,8878)));
(((14781,(596,605)),(3585,8951)),(3477,(4979,5546)));
(505,(14863,(642,((10,3890),(5835,(5908,8888))))));
((((6956,8975),(3202,14939)),(7581,9572)),(5744,11223));
(70,(6282,(((3373,4007),(8138,9138)),(3247,13365))));
(6917,((14966,(7740,8874)),((1798,9129),(6950,7352))));
(5494,(1319,((3558,(11445,(9478,13211))),(7710,12433))));
(3831,(8786,((7334,(13496,15529)),(11613,(12940,13633)))));
((4022,(8613,(412,(10814,(814,10844))))),(7748,10282));
(2843,(4571,(13131,((6293,11623),(14331,(2567,3677))))));
(10875,((8578,(2673,(260,5418))),(1532,(3800,8150))));
((435,(3798,(12488,14711))),(14658,(2738,(10036,12444))));
(1400,(5973,(13457,((4295,(6295,15331)),(9625,12815)))));
((13768,14217),((5206,(9445,(8072,14375))),(4421,9914)));
(5403,(((7853,(11969,14739)),(54,9264)),(2818,14226)));
((4404,14102),(7643,(12611,(819,(9905,(8367,15233))))));
((195,9518),(9072,(8088,(14463,(13011,(884,8830))))));
((10786,13054),(9189,(14259,((8885,12313),(1299,11926)))));
((5498,8781),(11164,(2610,(3355,(10837,(10576,12584))))));
(12367,((2103,6177),(5155,(12668,(7497,(5770,7901))))));
(5167,(1897,(11958,(13471,((8122,11750),(2581,3539))))));
(9591,(1844,((3080,9859),(10682,(10457,(2488,7987))))));
(4596,(13783,((8055,(1723,10733)),(564,(900,10470)))));
((10480,(13597,15445)),(7337,(2813,(10501,(7260,9306)))));
(17,((1835,(3016,12335)),((2114,6713),(2958,8492))));
(14586,(((5566,15396),(1237,11982)),(8016,(7172,8502))));
(6560,(((973,13076),(4773,11324)),((4767,8385),(2347,9355))));
(4719,(1817,(13769,((2675,6724),((9081,14905),(6063,9092))))));
(15258,((14393,(9783,(12533,(2170,(2477,5616))))),(13078,14359)));
(12157,((2942,11579),((9885,(15189,(2020,7532))),(3100,3475))));
(15227,(11273,(((10134,(6992,13161)),(11669,14419)),(4747,5141))));
((5464,(((13963,15588),(1952,11774)),(8033,12273))),(9203,11193));
(15514,(7239,(4232,(14243,((6222,(7659,11339)),(2378,2431))))));
((11807,(9904,((4072,10948),(5393,11434)))),(481,(2622,8525)));
((5249,13218),(12406,(9834,(10991,((7953,8592),(2680,12912))))));
(10539,(8487,((5664,(439,13310)),(14622,(2867,(10515,14646))))));
(((14000,15165),(15398,(5716,(2458,12141)))),(9290,(9380,12643)));
((1088,((7137,14358),((739,13671),(627,6654)))),(4981,12669));
((3210,(4417,(3908,(1127,13339)))),(6742,(6810,(8547,14056))));
(((6155,10742),(15196,(3021,(3014,4282)))),(10346,(124,11548)));
(10298,(5554,((15484,(3159,3980)),((9361,13269),(3522,4589)))));
((10625,(7350,(10090,(7009,(11621,14307))))),(2701,(6550,12859)));
((10065,12243),(1703,((9596,(6850,(1567,4270))),(2310,15107))));
(161,(12607,((3048,(6023,15618)),((3848,14364),(3849,15153)))));
((((2833,8559),(4597,5786)),((9629,13029),(5767,10832))),(319,7781));
(1086,(1317,(715,((8932,14468),(10729,(5735,(15570,(1043,9460))))))));
(9952,((5844,11509),((1981,(3186,7163)),((8757,13697),(7175,8861)))));
(8935,(4487,(((13524,15267),(1799,5170)),((6631,12657),(4349,5622)))));
(8037,(9947,(((1330,2835),(4241,6878)),((5571,8156),(5656,8423)))));
(6723,(9285,(((4879,6308),(1732,12298)),((3837,11787),(13621,14919)))));
((5635,14061),(14502,((10148,(14767,(10856,(10406,13307)))),(5118,13428))));
(1906,(14989,(((11642,(8748,10618)),(10359,12265)),(7997,(2251,15046)))));
((15337,(10826,(5619,((3633,3981),(6162,(5094,6479)))))),(8584,12469));
((12846,(5626,11710)),((3763,(7701,9641)),(13329,(9585,(892,14574)))));
(15585,(4424,(5943,(4891,((13399,(10559,13760)),(4162,(11661,13018)))))));
(10354,(8045,(((13986,(3877,14486)),(4299,(1442,14085))),(6131,12560))));
(10447,((8463,9496),((1710,(2295,3616)),((5699,11564),(4458,9759)))));
((4071,(2040,4606)),(((1563,13101),(9040,(10722,12244))),(9563,11930)));
(9819,(7915,(((5720,14581),(1670,9546)),((1265,9471),(2322,12370)))));
(2087,(10115,(9843,(7571,((8481,(8700,15198)),(9537,(723,9221)))))));
(((3856,(4921,(3773,(6392,13058)))),(136,15408)),(3881,(2409,8159)));
(7831,(((7512,8957),(3630,6281)),(((2448,14940),(2175,4986)),(4463,7113))));
(3445,(15219,(3873,((9689,14281),(((2820,7094),(5934,11985)),(518,9036))))));
((7582,(4523,8796)),((1974,7485),(9958,(12095,(3069,(14045,(2568,13350)))))));
(6980,(8207,(((9352,(281,13210)),(4176,9637)),(7052,(11244,(5330,6684))))));
(7054,((13289,((4742,11951),(8292,15200))),((3882,(10624,15068)),(5210,12178))));
(1517,((4383,((3642,12384),((10622,12047),(8127,10782)))),(9543,(7970,8876))));
(550,(((11506,13765),(3093,4847)),((2909,(7218,11346)),(10756,(2364,5925)))));
(((8545,(7849,10418)),(2664,12636)),((6935,(4795,(4955,9154))),(1424,(2555,11515))));
(374,((12169,13439),(956,((9333,(11366,(6431,(5165,(6120,9916))))),(11148,14514)))));
((7215,(7724,((2927,7947),((5039,9611),((2569,4972),(8079,10408)))))),(7648,9215));
(14606,(4968,((4665,6645),((7044,(11697,12578)),(10887,((3486,6571),(14027,(12448,12739))))))));
((11232,(9755,10848)),(5287,(13095,((((4754,13150),(12,4266)),(5679,11153)),(3528,6081)))));
((8596,((2916,10136),((6835,(12287,15448)),(945,((2685,6555),(4209,6247)))))),(177,8615));
(11734,(13214,((9818,(6170,((10472,(4476,6212)),(6721,(6132,10785))))),(9164,(13197,(1968,9457))))));
(14268,((713,((3751,12861),(7919,9599))),(10465,(4115,(4616,(3362,(14500,(10726,(4771,(591,8328))))))))));
(8707,(7451,(240,((1490,8508),(10218,(6534,(6857,(13081,(((4788,9928),(4533,(8943,14161))),(288,8725))))))))));
(882,(4609,((((8698,(11477,13937)),(10611,((10696,14209),((832,(2457,10279)),(270,4135))))),(4650,4785)),(2984,8875))));
(((6703,9282),(4064,(1337,((13353,(8914,13531)),(15261,(8143,(9112,(13455,(3733,4813))))))))),(10044,(2761,(8394,((2153,6614),(4633,8075))))));
(3538,((4978,(14806,((14440,14562),(632,9159)))),(14828,(13364,((10194,14896),((620,(3400,((3938,5718),(775,9902)))),(10705,(69,11138))))))));
((12519,(6013,(3221,(8714,((((2548,8024),(6415,(3218,3220))),(4493,(3113,8767))),(4350,(5809,(693,11205)))))))),((1880,7865),(258,4021)));
((14568,((4901,(8125,(330,4019))),(10342,14402))),(((4212,9063),(4218,10902)),((11889,(4302,(7698,9419))),((13069,15402),(12670,(4639,(15045,(3158,5861))))))));
(((6248,13565),(13391,(13381,15673))),(((7642,13698),(3052,(15055,((8433,14448),(4196,8744))))),((1909,(1593,4737)),(((3967,7412),(1549,(11972,13890))),(3807,6402)))));
(((10945,(5282,15646)),(14766,(14143,(12600,(5582,(15376,(12164,(14837,(9269,11675))))))))),((5894,(7898,12504)),(6538,(12543,(15352,(3884,(9700,(3332,(6602,(7749,7863))))))))));
((10244,((13441,(13696,(4628,10663))),((5047,(11243,15378)),(2141,(3983,11473))))),((9756,(4086,(2913,8128))),(13480,(14162,(((14024,(10361,14730)),(6947,8047)),(4545,8406))))));
(7365,((((12342,13400),(5435,((((1478,2065),(2334,4826)),((3204,11314),(11263,(2287,6451)))),((15546,(2205,(2337,9287))),(10033,((7448,(10322,13219)),(14376,(4539,9130)))))))),(2039,8192)),(2886,9672)));
((2602,(13644,15174)),((2180,5270),((2235,(12593,(15166,(12343,13311)))),(5576,(6079,(((4076,(((1697,(7380,12159)),(7132,11553)),((10542,(11784,(463,11525))),(5076,(14425,14609))))),(8076,15128)),(13280,14600)))))));
(((((408,1918),(9976,(6511,(5224,8099)))),((1976,(2718,(1483,5372))),(3046,13015))),((5766,(12084,(294,2573))),((5954,8147),(8527,(6650,12953))))),((6909,(7743,(6389,(11862,(3195,8666))))),(4422,(6288,8262))));
(((13294,(2924,15031)),((1958,5815),((131,4226),(((10260,(13815,(4263,12334))),(9198,(5069,(3792,(350,8146))))),(5881,(173,(9538,10289))))))),((5025,(9314,((7346,13892),(9195,12836)))),(3926,(10274,(6251,12422)))));
((9179,15080),(((8230,(5578,8643)),(7427,(7755,((12985,(1760,(44,14074))),((((212,8903),(5833,(11672,14915))),(1105,(2742,13016))),(3732,12358)))))),(12506,((14731,(867,(313,7200))),((2474,5320),(15226,(3094,4325)))))));
((((1676,(2603,10536)),((((4293,(8436,8645)),(10897,(10002,10301))),(2940,14713)),((2136,(6391,6517)),(14086,(5608,7250))))),(10920,(((6741,(12527,14378)),(528,15617)),(14360,15591)))),((10338,12174),((12508,(3545,4361)),(357,4188))));
((1890,((6783,((12880,((3177,6187),(3436,15602))),(92,4110))),((((655,(((8287,(663,(9722,(3276,3339)))),(10446,12044)),(8063,(13417,((2891,(12798,15449)),(39,5845)))))),(12150,13233)),(4907,11119)),(3979,(8061,13762))))),((8729,9896),(6809,(239,11250))));
((8783,(4777,12193)),(((13514,(1849,(12405,(9035,(3527,(2121,11093)))))),(9594,((9753,((7083,(2181,13923)),(9444,(8249,13883)))),((5896,(6583,14164)),((1515,10529),((14325,(8478,11748)),((5309,6910),(9993,(208,10772))))))))),(((9668,14077),(5298,(2454,8430))),((2137,(12655,15657)),(10042,(10037,(14482,(3597,9440))))))));
((1965,11259),(12441,(((11992,(2666,(12106,14873))),(8881,(3769,(((11963,(8166,8582)),((13397,(((10580,14049),(11139,(551,(2709,((7821,13774),(9760,13258)))))),(3743,5407))),(4958,(8347,(((7263,(5692,14833)),(11592,(((7240,(15326,(5103,((3876,12774),(314,730))))),(11767,(1776,4117))),(9056,12359)))),(2215,(379,2585))))))),(628,6886))))),(1595,15579))));
((2777,7399),(((((1067,(787,((704,2209),(1182,4895)))),(5008,(2360,(8552,11468)))),((3624,(4882,(13861,(475,1966)))),((9867,(12842,(3899,11612))),(3111,(13239,15357))))),(((5828,9387),(6473,(997,8296))),((9647,11291),(14212,(6310,14805))))),((1108,(300,10901)),((10401,(4598,(4065,((4478,(2420,12854)),(560,((10100,10444),(5999,15005))))))),(4018,12234)))));
((6169,12353),((8341,(((14666,(2486,5433)),(6035,(7746,(659,11199)))),(4642,14082))),(((11866,14261),((8536,8820),(12910,13229))),(((2963,(1910,(2699,5790))),(6942,(167,15242))),(12365,((((8151,(10944,11529)),((((1797,((5230,11681),(11904,12956))),(9450,(3741,5970))),(1493,12489)),(9031,(1696,(8181,(12255,(2379,9100))))))),(751,1674)),(5816,(689,(10269,10778)))))))));
(((205,5570),(10805,12354)),((((3322,6030),(((27,11058),(7484,13797)),(974,4012))),(7070,8393)),((8331,(4566,4731)),((2714,((2872,7578),(15135,((((13040,(8669,10702)),(7544,(8658,13461))),((((5146,8354),(214,855)),((10254,(4692,5609)),(4600,9763))),(((13834,(7495,(6284,6352))),(7778,14197)),((13222,15017),(1030,9145))))),(4364,(8808,15255)))))),(1625,(3378,(9373,12624)))))));
((((8738,(10280,13670)),(1789,((12591,((1615,((9317,(1887,8540)),(588,4217))),((839,1720),(3401,7431)))),(((((11799,(383,15498)),(11380,(1735,(11088,12395)))),((2173,(8683,9368)),(6022,7916))),(4354,(8351,10392))),(12152,(864,10738)))))),((6259,(10812,14870)),(((696,13371),(8520,(11376,((6726,(2734,14342)),(12550,(804,11451)))))),((719,(3443,11168)),(7442,12512))))),(12736,(10201,10300)));
((4798,((9097,((((12360,(768,8997)),((1869,(652,5176)),(12463,13935))),(12028,12253)),(9529,((((5104,8618),(((9236,15361),(9336,(2469,7825))),(7378,11600))),(((((((6217,(8678,(7170,14545))),(22,(13870,(4953,12134)))),(6715,(2149,9601))),(11704,(6753,10555))),(12203,(14900,(8357,(381,868))))),(6406,(3442,(12869,14042)))),(13752,(7934,(4700,5935))))),(6261,11349))))),(12717,(2437,(7784,15152))))),(10613,14264));
((14392,(((((2434,(12233,13624)),((7614,10364),(((1296,(4927,6197)),(3031,10698)),(7779,((7528,((7460,13826),((((2,4801),(((2907,(3034,5366)),((2561,5041),(638,4538))),(9880,(1052,7777)))),((56,155),((2682,15490),(13606,((6322,13216),(6071,7071)))))),(8035,14671)))),(15257,(7223,8028))))))),(8312,13430)),(3168,(272,((12831,(8834,12307)),(8594,15181))))),(((2422,6830),(6154,(5400,12887))),((8817,(5042,8232)),(515,6226))))),(11756,(4429,9205)));
((2521,(((((2847,(3101,13462)),(13770,((((6831,((((462,7795),(((2381,2630),(12196,(4878,((11708,12707),(6780,(5517,((7415,((8925,10564),((1504,(559,15319)),(2856,8514)))),(8681,(5291,6929))))))))),(6095,8900))),((681,(1061,1654)),(13864,14831))),(942,10242))),(2645,10941)),(11185,(5515,11426))),(8890,((7796,(7284,13847)),(7927,(9054,9107))))))),(2078,4887)),(11665,((3606,(3449,5788)),(8193,9852)))),((2244,(976,3693)),(10297,(3719,(2746,11615)))))),(1010,(633,7124)));
(((14215,15581),(10626,(774,14856))),(((15669,(2526,(6884,(((((5337,(12259,(7148,(5730,7883)))),(11893,(1948,11015))),(11069,(1964,((10193,13893),(((4550,(10981,13092)),((8967,(5532,10569)),(6325,13965))),(7553,(2858,14151))))))),(8788,((11465,(14404,(6411,13188))),(13141,(10600,11241))))),(1982,(46,7887)))))),((8510,((6395,((6130,9447),(4396,(12010,(1207,6028))))),(6268,((14232,(1360,10831)),((13694,(3842,3953)),(9604,13530)))))),(6536,(14163,(5189,(7294,(2388,(9528,12111)))))))),((7150,(7993,(1172,13699))),(14285,((4038,14018),(765,12870))))));
(11657,(((7786,11317),((((11794,(12020,((2652,11662),((9703,13555),(7747,13712))))),((6896,10270),((9132,((3304,(3647,12310)),((6776,(4522,(5704,13654))),(2006,11197)))),(2920,(11177,(((10014,14062),((4519,(5325,14336)),((9662,12309),(3501,(10763,(14874,(1769,(9257,11576)))))))),(((5591,(2340,(3385,(12845,(3245,14355))))),(9409,((8243,(12274,15575)),((6007,11296),(2010,12806))))),(((8345,12149),(5272,7068)),(890,(6794,(8206,13272))))))))))),(11853,(1768,(3758,13149)))),((4620,15443),(3850,4491)))),(13327,((15047,(9102,14069)),(1845,((6738,11912),(7169,(10334,13254))))))));
((8710,(((8418,15163),(13905,15340)),((((((1658,(13590,(3219,6651))),(2189,(11307,(674,5223)))),(11903,(10310,12258))),(231,(3771,12138))),((9206,(6270,(((2179,10760),(15179,(4507,6632))),(1560,(7798,13113))))),(9862,10881))),((9237,10293),((((13748,(13226,(10599,(1159,(316,9172))))),(11040,(5474,(15493,(10180,12190))))),((820,13940),((12621,(10817,12462)),(14335,(8377,(5590,(349,2490))))))),(((13766,(((8073,(6361,11238)),(15330,(3548,(9564,12450)))),(3454,(712,(2281,12153))))),(426,(84,7931))),(8026,(10371,((3704,(9484,(2317,6053))),(7173,15259)))))))))),((1864,(6031,(8624,12478))),(5205,5231)));
((3361,12314),(421,(((((5467,14438),((4591,11104),(5307,((2802,(8774,(14624,(((((14576,(904,(13610,14208))),((6489,(1671,5070)),(2497,(13059,(2995,10843))))),((((((((13803,(2077,12704)),((2749,14233),(2283,2800))),((1433,15249),(4206,10849))),(346,2258)),(((3512,8847),(9815,(2587,(4824,14050)))),(10961,((782,2236),(2784,4158))))),(1178,9263)),(6125,(2614,((10581,13945),(4229,(14995,(9044,14848))))))),((6042,(6995,(6504,(12650,15345)))),((7965,(4230,9749)),(2677,9032))))),(10411,((((10496,13173),(589,13116)),(5543,8314)),(3208,6841)))),(5516,(12934,(11730,(((358,(11077,(1765,(2376,15038)))),(14665,(2733,10040))),(5359,7537))))))))),(((3549,(11666,(8220,(4872,14902)))),(((12642,14605),(7462,15232)),(9985,(1913,14761)))),(1744,(10963,(7948,11762)))))))),((8360,9378),(((4208,8610),(3122,10855)),((6740,10728),(2148,8858))))),(1771,6134)),(8917,(4529,(1621,6153))))));
((14202,(12123,(392,4819))),(86,((8546,(12300,13569)),((10246,(((4558,(13152,(5419,((8488,12725),(7417,(1065,10314)))))),(((8802,(302,333)),(2264,(9912,(2304,11855)))),((6049,14556),(4411,14516)))),(((12602,14138),(4984,5456)),(11066,(2131,(1398,15390)))))),(((1967,8653),(11534,14715)),(1786,((110,10846),((5302,5459),(7678,((15409,((6799,14912),(((2951,8456),(2565,3945)),(((7903,(15433,(10335,(13276,(((2715,12447),(5408,(14305,(182,3564)))),(2063,(9437,((7166,(8112,12260)),(8162,(3821,(204,1155))))))))))),(7638,(((10750,(1333,12510)),(1812,1832)),((1135,(6180,(9093,(1266,10533)))),(15344,(15069,(1163,(14298,(12459,(9053,14738)))))))))),(((11599,(669,1301)),(1060,3212)),(11179,((((7479,((5984,12797),(13740,(4344,7672)))),((7802,(7496,(7629,10595))),(4352,(1953,11480)))),(3416,7800)),(2026,(2185,13988))))))))),((6348,10908),(13813,((9231,10266),(4569,(12038,(5780,12085))))))))))))))));
((3244,8518),(((((112,((3939,(443,7256)),(757,(3810,(10673,(2102,12770)))))),(((3777,(3582,9602)),(3785,12221)),(((14760,((4864,5054),(536,(6209,13182)))),((1173,11236),(3354,13541))),((5140,(14570,14808)),(13668,(72,14510)))))),(9022,14460)),((7446,(10835,((3652,14244),(((((11311,((((((12147,14618),(3284,6539)),(9436,12457)),(((4770,9168),((8846,14186),(14105,15483))),((11898,12678),(9936,(12752,(5095,5883)))))),(((12936,((7878,(114,(8409,8747))),(308,(11149,12759)))),(2459,6710)),(((((921,10420),((6111,10865),(8286,(14100,(3338,8464))))),(3557,7233)),(1406,8010)),(1561,(12256,(821,7253)))))),(3685,6497))),(4973,7390)),((9743,11809),((((11208,13042),(13981,(4342,6558))),((1014,15431),(2956,(11361,13739)))),(((3068,(5186,9692)),((8275,(544,9049)),(1168,(5354,13189)))),(7405,(988,(5914,13429))))))),(3525,4187)),(1652,12398))))),(11546,(4387,(((9379,9827),(10707,(1426,13151))),(871,14901)))))),((2375,(1078,7530)),(13688,13814))));
(14231,(((7597,((((6082,(5048,11720)),(4588,(9414,((((1158,(1404,(((6052,((8267,((5411,15078),(500,(5434,(2878,3514))))),(14435,(11021,(3234,(8137,13884)))))),(8427,10086)),(((6301,8827),((4102,(3049,10117)),(13545,(74,(1189,11458))))),((8443,(7348,9338)),((6235,7107),(5505,15424))))))),(8273,(12376,(9133,14238)))),(((12409,(8905,(8548,11026))),(10257,((1000,10781),(4146,6879)))),(7729,(5530,(1506,13922))))),(13033,(5951,(526,3392))))))),(1929,(11793,12338))),(11359,((((3138,(7708,14384)),((344,11386),(4326,15422))),(6635,((13028,(10428,14246)),(10122,12470)))),((9474,((197,(1054,15157)),((4842,14675),(6961,(3759,14471))))),(((3023,(2127,3530)),(3095,((4987,(8650,8754)),((12254,15090),(((5117,14756),((4279,(((3650,12220),(5891,(9796,11508))),(2671,13001))),((15504,(7074,(2762,8866))),(6463,13944)))),(459,15626)))))),(7407,(14450,15365)))))))),(1118,9016)),((1779,(((4983,13638),(2226,15322)),((2508,5461),((144,(6820,15524)),(3464,12819))))),(399,((1129,(4127,5834)),(2747,10736))))));
((((3678,8046),(15018,15556)),(((((7886,(6271,((1784,(2937,(4442,13358))),((5412,10124),((2473,(3909,13731)),(((8537,13526),(8386,15167)),(12583,(1527,12495)))))))),(2111,14794)),((6142,(4185,((6889,14154),(4502,12167)))),(1183,9207))),((((4296,(((2815,14779),(9552,(3760,10403))),(3394,(3907,13652)))),(8140,(97,3136))),((6456,(((9161,(1846,3087)),(7604,((5944,(4576,6585)),(8583,9393)))),(5357,(1311,7347)))),(((9126,(4449,(12565,(2983,11146)))),(6854,7078)),(11476,(9711,(967,(12411,(11908,(3350,(10983,(1425,3489))))))))))),((15083,15584),(((6802,9655),(11606,(1302,(11751,11818)))),(5196,(((15471,((9441,(((4868,7033),(1148,15655)),(10839,(310,5831)))),((((2290,(5762,7060)),(1432,(796,4194))),((1819,(2075,12295)),(3054,4739))),(((((6474,13281),((6564,8158),(3406,12530))),((341,6569),(1401,(9173,(11652,(965,5673)))))),(6107,10699)),(3551,(10612,(11073,12443))))))),(10664,(((6359,12889),(6223,9983)),(2998,6981)))),(14617,((5567,13488),(4537,5160))))))))),(123,4093))),(15342,(424,2895)));
((7534,(13124,((10889,(10223,15651)),(11247,(15590,(((1125,7474),(4781,(1062,2357))),(((11991,((8825,(8558,(1436,4129))),(6687,((9489,(3372,8983)),(9674,(((((1494,4097),(2844,(7552,13842))),((2230,13891),(2705,3584))),(((10445,(3517,5090)),(12822,12943)),(5106,(((12351,(1222,15620)),(7790,(2865,4624))),(952,(5111,5144)))))),((8880,(7034,14015)),(4969,(2182,4580))))))))),(((8934,(13506,(3772,4776))),((1778,3978),(((3742,((2245,(12499,(11161,(13990,(5895,((538,9406),(9630,(14881,(3506,14950))))))))),(12920,((129,((8495,11901),(1533,6124))),(11919,(12828,(13729,(14467,(14454,(((4472,5618),((982,(2311,10795)),(15282,((7295,11442),(14337,((11087,14473),(7683,9481))))))),(((9351,11514),((4287,(13518,14124)),((3524,4568),(1329,9705)))),((1540,3325),(12107,14633))))))))))))),(1002,6620)),(((13829,(7085,10214)),(2887,10886)),(13167,(7419,11105)))))),((2125,((8358,9227),(13682,(7439,7774)))),(15308,(485,13300))))),(((10488,12983),(11835,(4942,(15176,(5088,6294))))),((6067,8335),(189,6099)))))))))),(12930,14799));
(7035,(((10094,(4666,13846)),(((10511,13483),(8169,11242)),((1049,12484),(1733,2808)))),(((((((12115,15525),(5774,(3723,7666))),((7636,11125),(4347,(8978,9895)))),((4875,((2160,12617),(10352,10483))),((4949,7292),(2301,(((13830,15540),((4943,13543),(8768,14248))),((5040,15274),(6158,(8837,13736)))))))),(((7056,(6642,(14371,(678,4544)))),(((2996,(12417,((996,(13190,(2080,((11406,(1848,(3961,((11123,(13010,(7893,11932))),(1678,15272))))),(((((((6977,((((7962,(9559,9817)),((6495,7459),((3541,5975),(3201,(4908,7382))))),((5502,(13546,(7333,(1444,12052)))),(7424,(5599,7529)))),((741,10743),(7738,11484)))),(297,(1596,(1638,14725)))),(((4877,(5548,15355)),(6641,(4696,13809))),(((8619,(8836,(14865,15222))),((2695,11825),(((5238,14028),(5327,14752)),(6311,7193)))),(13287,13802)))),((11129,(14879,(2572,7649))),((2901,5909),(1556,15395)))),((7603,(11310,12902)),(11319,(((2771,14862),(1759,4916)),(5199,12619))))),(7954,14297)),(886,(11237,11308))))))),(9785,10305)))),(507,7182)),(9321,(4787,6554)))),(1911,4818))),(15328,15329)),((1979,11471),(845,14397)))));
((8229,(6678,(2716,11845))),(((((13746,(1239,5152)),(11285,12252)),(((((6275,(7176,((((2825,4121),((3976,9026),((12515,12526),(9366,14493)))),(8586,(15140,(12201,(10052,(13507,13858)))))),(((15254,(5784,11203)),(((6477,12204),(8907,15186)),(8371,(1741,5424)))),((6401,((2570,4510),(14270,15604))),((10800,(4938,14772)),((1751,7600),(3471,11155)))))))),(6384,11700)),((3002,3387),((((15639,((6806,(9967,10097)),(5356,10046))),(1368,((6722,(9913,(((12604,(376,8297)),(11603,(3573,9301))),(11106,(((1367,11952),((10417,(166,(3626,(8795,(((170,14771),((13366,(11292,(1936,((7136,11716),(12006,15040))))),(9008,(3766,6094)))),(((12077,((8647,(3045,3529)),((6383,(8919,15467)),(7453,(1116,(11636,((12023,12662),(6150,(10671,13013))))))))),((10662,(((8092,((5646,12830),(1414,(5187,(8420,(13903,(10712,(1804,15202)))))))),(3749,(14667,(4190,14423)))),(6297,(2979,(3267,(4951,12699)))))),((4964,(293,5220)),(3032,(11651,(9624,11888)))))),(((((12737,(9685,(6567,7437))),((1646,9664),((11358,(893,3570)),((3086,11578),(2615,(((6532,12171),(12269,14924)),(7765,11960))))))),(((10537,(3147,(62,9367))),(8218,(1854,13453))),(((1166,7984),(1241,12341)),((13065,(3891,(((4100,7354),(14583,(9343,9932))),(10954,(1892,(4461,11714)))))),((((5037,(5079,11328)),(4749,14820)),(8956,((4260,14068),(65,(9017,14979))))),(11085,(4037,14899))))))),((2810,(10557,(2797,8113))),((((13658,(15532,(2948,10438))),(12748,13322)),(10571,(8391,15612))),(((8561,(11552,11782)),(8512,11409)),((4494,(4316,8810)),((4496,5653),(4936,7087))))))),((15381,((4988,(2866,9607)),(6453,12749))),((410,12331),(1924,2259)))))))))),((3279,(4211,9061)),(174,7956)))),((3726,(2912,13247)),(9,4088))))))),(365,12603)))),(740,9295)),(13362,(143,5826))))),((12390,(6097,11561)),((992,8217),(2200,13828)))),((((4774,(1659,9656)),(1047,5342)),((7568,(301,(6680,9106))),(1011,12176))),(419,2152)))),((((248,4579),(13252,14072)),(4077,(((((11530,14313),(14447,(6646,15049))),(11709,13320)),(11097,(3228,(1725,12285)))),(11186,14479)))),(((((15050,(12923,13157)),(4924,(6993,(5154,13673)))),((14063,(12050,14195)),(10660,10829))),(6069,6439)),(((4099,(4563,9669)),(12005,(7577,(1545,(15182,(8999,11891)))))),((1535,(8269,12241)),(11775,(14784,((610,9806),(625,3923))))))))),((2989,13735),(1893,(8121,(7388,10375))))));
(914,(((7990,(10627,11226)),(2238,14619)),((5952,12332),((8187,(433,14348)),(((15325,(14757,(((537,9060),((8070,14104),(9999,15071))),((5484,(((12003,((((9135,(((((((3103,(5073,9211)),(1857,(13402,(7730,11393)))),((3391,12016),(2725,13473))),(13332,(2539,(7606,8060)))),((5862,(371,((15243,(4137,(4181,(9720,(12789,14200))))),((2046,11633),(4003,(4329,11110)))))),(((9677,10485),(((10125,11404),(2997,(7509,8185))),(6176,(9247,10680)))),(9728,14557)))),(8533,((2329,10034),(14433,(1244,2672))))),((3843,8144),(5332,(409,2485))))),(1352,((5225,5233),(3936,((1730,7488),(3144,10458)))))),(7840,(((9487,(1790,5016)),(581,13853)),((13248,13475),(1340,(5871,10603)))))),(4390,15518))),(11872,(3026,(360,9889)))),(9242,10609))),(196,1926))))),((5465,10387),(10396,(((((245,(14599,(4101,13667))),(1534,12117)),(7493,(10823,13999))),(8315,(2852,9658))),(((((3288,12460),(14374,(10952,(1611,(4384,(1631,11997)))))),(2772,(9018,10425))),(10365,(1467,15550))),((5611,(3628,(12045,12078))),(2698,(14414,(2871,9199))))))))),(4792,8223))))));
((((14031,(2280,3363)),((2370,(3044,(8294,12841))),(((2536,(3504,4702)),((12694,(12202,(2314,11265))),(11541,(2093,15473)))),(7059,((12093,(2341,(6587,((7593,14066),((((6104,(981,4300)),(3084,((11874,14880),(11791,(1721,7099))))),(9004,(5538,(427,13304)))),(3639,(13316,(((234,(4308,8348)),(8516,12622)),((5603,(9350,15566)),(((1229,(10907,14363)),((9699,(7177,(13666,(4830,10940)))),(4184,10985))),((71,1097),(13717,14964)))))))))))),(((9800,(5301,(((1898,7162),(3744,15066)),((152,(12004,(75,14211))),(11162,14107))))),((6335,11397),((14430,15379),(951,5938)))),((7327,((12466,((3229,14343),(2933,4360))),(9877,((4762,15273),(935,(3472,(964,4755))))))),(14390,(7160,(((11800,(4697,14709)),(9038,13470)),((157,14693),(12131,(3615,6967))))))))))))),((((3173,(14437,(5779,8057))),(13253,(14882,(547,5288)))),(5964,12249)),((15343,((14911,(2307,(10784,14513))),((6972,7955),(6540,11618)))),(((10206,15388),(15636,(436,14182))),(9226,12328))))),((2644,14269),(2697,10764)));
(7398,((4993,((2684,((2978,(((6893,14090),(7096,11116)),((((5290,(9579,(5655,5849))),((667,1350),(11663,(8812,(6165,9946))))),(3904,((11,14786),(7807,15640)))),(((8720,(9347,10058)),(9565,(((10068,13548),((4817,(1069,14377)),(5644,13433))),(12676,((1476,(2208,(11917,11935))),(14651,(8772,9309))))))),(8809,((1226,(6939,11938)),(4860,11569))))))),((943,1977),(4275,4894)))),(7922,15397))),(5723,(2719,5134))));
(((15506,(1901,15129)),(((7533,(8465,(14311,14443))),((((1860,(1290,((10632,(1462,(12267,12362))),(14517,((((10012,((((2330,14020),((10586,12556),(222,(5401,8603)))),((5172,(8154,14778)),(7452,10344))),(3459,7359))),(((5573,(3699,7846)),((1240,(12380,(932,9791))),(8001,(10443,(9169,(8689,13243)))))),(509,(4085,8052)))),(1800,((1242,(7089,9645)),(10284,(10819,13660))))),(((3431,(13047,14178)),(3328,7246)),(6859,(2374,7045)))))))),(217,13244)),(1149,(11954,(2898,(14670,(12350,(((3303,9234),(1383,(5771,(1235,15537)))),((7703,(806,8441)),((6985,(((2204,12917),(555,3273)),((3690,14008),((1454,7664),(1940,3157))))),(8730,8850)))))))))),((13282,(2202,15678)),(13737,(8460,(5610,7022)))))),(11018,((604,2728),(13463,14634))))),((4348,(6137,13153)),((3674,8690),(2003,15648))));
(12322,(11765,(((2198,10235),(((11763,(1519,5414)),(5792,6374)),(3162,((8813,(1647,(11732,(791,6849)))),((9076,((4309,(3661,(198,3299))),((2870,(983,(12984,(10694,(7992,(9527,13004)))))),((3280,(6523,7843)),((1908,(7249,((4627,11847),(523,3131)))),(8916,13720)))))),(6260,(3290,10433))))))),((264,(5650,15458)),(6122,(14857,15370))))));
(9170,(((((7985,(11165,((5775,5843),((7289,12732),(7304,(4044,5926)))))),((1465,14462),(8629,(5972,(((5869,(10200,(1082,(38,14052)))),((2859,12776),(((13043,(6822,12323)),((((304,(11978,13193)),(4854,11593)),(((5281,(1468,4630)),((1521,(11169,11188)),((5373,(6638,8952)),(6907,15451)))),(9330,14095))),(((14380,((3256,(4532,(12440,(6590,(5436,15613))))),(12919,(12834,12882)))),(((12197,(4944,(4551,5755))),(1169,14595)),((2708,7507),(7475,(9690,11061))))),((6636,(31,2277)),(5085,11268))))),(8408,(445,14495))))),(6390,7524)))))),((11497,(5832,((6503,14968),((11078,(4562,(8644,11217))),(10009,(1878,2190)))))),(8801,(1150,(12553,(3092,10234)))))),(10250,13037)),(2405,(6698,(7088,8777)))));
(((4343,(((10790,12702),(3604,12375)),(((14531,(5702,(5915,(3611,13728)))),(5529,(((6407,6422),(2470,15664)),(9865,11457)))),((4276,((7231,(779,7338)),((4937,13655),(((1707,((5227,(7632,(561,8445))),(2513,(13367,(12632,12933))))),(3659,5838)),(762,((2604,((13126,(4492,13805)),((14387,((3543,3713),(13328,(1576,8372)))),(1643,11010)))),(((2193,(((7814,9272),(2788,6633)),((13980,(4252,9340)),(1059,((3484,5709),((10113,((5105,10773),(7527,10862))),(5195,(9780,15247)))))))),(679,(2546,3725))),(4643,11923)))))))),(7174,11081))))),(3393,(1921,9920))),(1802,13792));
(12094,((1606,((466,(4870,11705)),((389,(1588,(14004,(((((((2501,(3281,8131)),(12305,(3231,13901))),(5091,(10820,12427))),(10675,(13596,(15160,15659)))),(8568,(958,(9300,12927)))),((9119,(2494,(15228,((7952,13079),(1316,5615))))),(2267,2851))),((8634,(14129,(50,12976))),(4856,((1282,(257,11215)),(133,8553)))))))),(10017,(1972,(2975,3227)))))),(1511,(12104,(7230,(4161,14930))))));
((1876,(12585,(1131,(((14984,(2593,2962)),(6249,((901,14741),((10062,(99,((((474,5347),(6843,11859)),((11303,14019),(10718,13874))),(160,10535)))),(9600,11864))))),((11885,(13383,((12877,(3684,6955)),(6692,(11674,(8176,((680,6430),(6077,(((9397,(9488,((6304,11850),((9390,(1063,4192)),(10147,13866))))),(8359,(6501,13918))),((2594,7021),(15108,(((3861,6068),(12412,12513)),((11035,(1379,11865)),(800,12686)))))))))))))),(4205,(694,(73,5035)))))))),(2348,13907));
(9793,(4009,((7381,((7268,(3019,13718)),(13764,(14509,(((8380,(6386,9376)),(1657,(14136,(14312,((9627,(1917,6905)),(3505,(3088,8661))))))),(9128,(4672,5531))))))),(((5387,(15088,(3441,(5577,15645)))),(7964,(351,8531))),(960,12558)))));
((3413,4054),(((5992,8831),(3701,((((11032,((2406,13118),((4324,12308),(9636,12472)))),(3297,15557)),(15276,(12866,13392))),((10459,14118),(((1777,8591),(5724,13088)),(6595,15103)))))),((4779,7652),(1841,(4317,(11620,13956))))));
(((((7194,9553),((4112,12538),(895,(6181,12142)))),(877,10370)),(11279,(1473,((7016,(1211,(14347,(11209,(6607,(1269,3757)))))),(((((15476,(5684,12532)),(12742,((7935,15596),(9125,(624,2429))))),(2050,(2514,15240))),(5742,(6092,14721))),(12062,(2892,(14967,(2319,(13951,(13503,(6888,11271)))))))))))),(10808,(13143,13676)));
(13558,(((3572,((((9561,(1914,12210)),(11769,(10813,11556))),(12665,(((8236,12219),(7547,(7999,11942))),(321,3428)))),(4058,(5036,((7345,10080),(4991,7500)))))),((1610,((9065,(709,3367)),(((619,12494),(3404,8477)),((8334,14703),(6574,13432))))),((8740,12139),((6696,12102),(11521,(512,4351)))))),(9617,(8621,(3491,7370)))));
(((3975,(15643,(8680,((9790,14398),(11571,(12783,(14982,(15277,((((3992,13458),(11639,(190,12121))),(((12037,(8003,11387)),(10414,15212)),(1132,15687))),(6949,10312)))))))))),((8724,(7905,(6309,14672))),(1175,10107))),(((291,6882),(13179,14315)),(4031,5245)));
((((11607,(3609,14559)),(3375,(457,(5813,9381)))),(((((4466,(218,8652)),(3707,(262,13763))),(3559,(3018,(3591,4447)))),(15171,(((1516,7716),((1661,(1434,2618)),(14040,15572))),(3635,14620)))),(4406,8682))),(96,3720));
((7367,(6355,((((9497,(14807,15393)),((2117,4548),(3047,7115))),((3563,5410),(45,8276))),(7736,(9570,(862,((4508,(7616,(10121,(6727,10368)))),(1248,4118)))))))),(((5020,11403),(5820,(12534,13264))),(12182,(((4026,11113),(8136,(1351,6280))),(9784,11718)))));
((6543,((5207,(11413,12730)),(1791,1871))),((9201,14279),(5279,((6210,12173),(2631,(7879,(623,((3188,(15606,((10383,15210),(9980,13256)))),((15631,15683),((9929,(574,11860)),(7261,(4939,8214))))))))))));
((10315,((4045,12941),(1304,(11650,15056)))),((2243,7041),(14866,(11353,(7445,(14366,14723))))));
((((4811,(4905,(514,10380))),(2778,(((10899,11899),((8363,(2286,2558)),(((5796,(2055,(12673,13223))),(8679,(5579,9581))),(11495,(2882,(14823,(798,7278))))))),((8782,15145),(2676,8049))))),(1394,5177)),(8337,(3602,14044)));
((12766,((15095,((((3448,12222),(11955,13807)),((1498,7789),(4215,(2274,6686)))),(2703,14234))),((494,501),((6606,9316),((8790,10966),(987,14621)))))),((9426,(6036,7470)),(4113,(9650,(64,8188)))));
(4243,(6305,((490,((356,((3286,12239),(4281,9732))),(10456,(5948,(102,8848))))),((661,13184),(5696,(8623,9901))))));
(1292,((((2410,(9507,11738)),(((3203,9955),(15527,15689)),(13995,(12261,(2785,(4337,(15284,(6588,9515)))))))),(6152,(11184,(6426,6728)))),(8954,10494)));
(((5184,9280),(6958,14470)),((7296,(2647,(((11147,15187),(13123,(4724,12552))),(15542,(9975,12978))))),(14046,(11175,12942))));
(1999,((187,(((13750,(1318,15560)),(13659,15675)),(4485,13663))),(9968,14802)));
(2921,(6105,(6263,(6744,(10378,(4140,13234))))));
((626,(14558,(7868,(2965,13972)))),(5631,(3918,5323)));
(6123,(2066,(14585,((9933,(1377,6041)),(3042,11214)))));
(15576,(8879,(15438,(3025,9771))));
(9323,(4816,(13938,15010)));
((6356,(5480,8332)),((168,11067),(14512,(7464,(7220,15307)))));
(14505,(14235,(3982,(1528,13571))));
(7274,(9876,(7548,(12529,(1208,(6881,(4933,5535)))))));
(13380,(12810,(15208,(10566,(4512,8731)))));
(9878,(2480,(13145,((711,8574),(522,12675)))));
((10350,12188),(14426,(1331,7540)));
(11389,(13702,(11294,13338)));
((3879,(1441,8198)),(11959,12996));
((437,8648),(3531,(8797,(13929,(9208,14365)))));
(430,(3511,(1365,(567,(11527,13378)))));
(15404,(12937,(((12426,(3868,5452)),(11890,14884)),((121,1823),(975,(1837,3646))))));
(12064,(8856,(11384,(3485,6173))));
((9385,9881),(14022,(4250,13186)));
(10717,((10003,(2213,2669)),(340,6512)));
(2232,(8002,(3955,8936)));
(5185,(4758,((13414,(10972,15061)),(1859,13314))));
(12349,(13721,(4314,(11225,(8129,13437)))));
((4690,6675),(4828,(5064,6987)));
((7084,8828),(8976,(14258,(6866,(13574,(3137,9043))))));
(15303,(4096,(3453,8415)));
((2627,(3425,10610)),((6597,10653),(3438,11467)));
((11968,14792),(15348,(3160,(9939,15425))));
(12105,(15035,(8184,(823,14664))));
(14349,(12072,(6759,(((2649,11094),(8672,12240)),((686,11441),(14255,(8470,11574)))))));
((3152,(11437,14205)),(3057,(2574,4925)));
(6704,(1713,(3128,(927,12952))));
(7694,(14009,(5002,11370)));
(7791,(2191,(8607,(1258,7383))));
(15635,((5190,5990),(4687,7914)));
((9386,(2366,11580)),(1326,1985));
(7762,(2538,(13241,(4166,13351))));
((9982,(4055,14963)),(8,(15120,(4549,13082))));
(3189,(3860,(4375,12992)));
(11532,(8454,(3656,(5553,(1306,5639)))));
(14185,((12803,13821),(7929,(14413,(11340,(10509,14452))))));
(10379,((2799,5945),(5875,12592)));
((1323,(1978,13570)),((15116,(1279,3476)),(12977,13144)));
(((3211,4320),(1156,6274)),(5215,(2751,2974)));
(12517,(10606,(14549,(5556,(((13431,13674),(14718,((4892,(1215,11797)),(835,(8870,12208))))),(1348,3077))))));
(12961,(5734,(1273,(6616,14655))));
(3179,(((1174,2110),(5236,6797)),(6482,(1361,15003))));
((10316,(7674,13039)),(6649,11007));
(12320,(5620,(1650,10288)));
(417,(4141,((3753,5795),(4886,12289))));
((10069,(2621,10769)),((5168,14327),(1727,9250)));
(2247,(2384,(2773,(4823,(3874,12011)))));
(2316,((5032,(7503,14054)),((2938,10399),(11043,11309))));
(((4028,13406),(7766,14832)),((9078,(4982,(1884,(8082,(3117,10796))))),(((15283,(3259,9513)),(11053,(7130,(4119,12851)))),(1198,(9766,(11391,(735,(8032,(11198,11922)))))))));
(13127,((1930,13168),(14716,((8909,12493),(12442,(8120,10011))))));
(11771,(6253,(14127,(2519,10577))));
((2144,14372),(10980,(((9058,9788),(120,7741)),(3090,(3132,9268)))));
(3885,((9989,(12191,(498,(1224,(847,14888))))),(5398,(8239,15169))));
(742,(14780,(2256,4367)));
((3156,6379),(15256,(8042,(4304,14170))));
(10129,((11551,11746),(12863,14776)));
(11470,(8255,(((14455,15009),(3617,(8498,11953))),(13627,14696))));
((783,14803),(9131,12821));
(1022,(3670,(13743,(3855,9723))));
((1750,(3658,8356)),(8529,(9202,9992)));
(1309,((3808,9348),(562,(9446,11049))));
(3916,((15459,(128,5420)),(12438,15097)));
((10620,(15544,(1369,2661))),(6608,10478));
((1019,7318),(6148,11906));
(8867,(11843,(7272,(525,(4294,12914)))));
(4556,(3368,(((781,2880),(1937,14323)),((12082,14755),(1942,11275)))));
(10551,(1648,(7559,10830)));
(216,(14994,(6825,7556)));
(15023,(13777,(6203,9712)));
(21,(2430,(1109,(3312,7430))));
(4584,((7463,(4395,(813,(7081,7760)))),(11804,15205)));
(13819,(7656,(11084,(5425,8225))));
(9304,(223,((748,10149),((5444,(11941,(6394,8201))),(5825,13952)))));
((11342,(2492,(1437,12348))),(3222,(9846,11025)));
((4431,(11154,15658)),(6298,(9631,(2143,3340))));
(9075,((12416,14935),((3618,10915),(12041,(2911,(((3269,14453),(2702,15543)),(7587,9153)))))));
(2987,(6102,((5890,7871),(7726,10360))));
((4971,11194),(6962,(4841,(7441,15519))));
((8573,((473,5568),(3809,7601))),(7876,((6923,(9313,10951)),(6160,9051))));
(2879,((4629,(2973,3007)),(4138,((1024,11472),(11400,13782)))));
(8685,((10590,(1275,14533)),(2468,(3870,6748))));
(3537,(14344,(11507,12408)));
(10877,(9230,(9813,(3337,(6019,11056)))));
(6580,((968,3774),(4995,(3412,10264))));
(15621,(584,(3950,((3043,(9011,15142)),(5256,5518)))));
(9047,(13511,(8503,(5643,7759))));
(903,((5802,14119),(14250,(1453,11733))));
(3192,((2097,5193),(10916,(352,6113))));
(8701,(5919,(749,(913,15209))));
(14688,(14199,((15478,(6838,8963)),(13563,(1272,(5097,5674))))));
(6206,((1690,(((2013,11731),(5102,(2754,5916))),(9341,(14538,14660)))),(1151,1951)));
((3446,(((150,(6021,15294)),(431,13450)),(5044,8706))),(11100,14080));
(5108,((6151,(2296,11234)),(8799,(1,7203))));
((7356,12738),(12925,(6668,12571)));
(13343,((6817,7785),(10919,(12974,(6898,(7320,(6572,10802)))))));
(11371,(8522,(9009,(((7565,13885),((14787,(1973,12695)),(495,8257))),(390,15555)))));
(9890,((10852,15481),(3509,4763)));
(2014,(14648,(4467,11443)));
(5488,((7290,(8791,(5968,13942))),(11135,(7207,14429))));
(14717,(2150,(3239,(9717,15195))));
(4147,(12855,(7149,11933)));
(2659,(10327,(5448,(14016,(5125,14535)))));
(6166,((6225,10771),(8040,13974)));
((6991,(858,(13910,(12980,(484,12993))))),(11448,11970));
(7476,(10252,(9402,15501)));
(3965,(8649,(13071,(312,1738))));
(11817,(8078,(3688,6026)));
(12658,(6435,(6604,6774)));
(7118,(2889,(13714,(12909,12989))));
(14283,(13220,(265,(5077,13191))));
((11900,(946,8459)),(3985,(3592,(6083,12089))));
((2327,10876),(1714,9764));
((9160,(9015,((10060,10462),(10393,12720)))),(8231,10787));
(7884,(4048,(15593,(3956,(7097,(13468,14917))))));
(10337,((6006,11381),((4221,(7103,7917)),(3319,15430))));
(149,(13510,(7421,(2823,7492))));
(13085,(6161,(13573,(1415,6761))));
(2479,(3238,(14444,(6461,(7264,((3789,11326),(4592,13056)))))));
(9590,(12355,(11974,(1755,((4313,9576),(2135,6070))))));
(6186,(14957,(13634,(4564,7469))));
((10020,(1009,(15580,(11219,14814)))),((8349,9296),(4428,9828)));
(13390,(7326,(905,(12735,14737))));
((480,1868),(9500,(6563,((7385,8029),(7545,12573)))));
(14207,(10553,(12523,(4199,7991))));
(14058,(10888,(558,9482)));
(13205,((3353,9526),(9708,(5289,(1989,(10391,12246))))));
(11744,(7024,(7226,10066)));
(2803,(((529,(3294,10563)),(10926,10938)),(429,((1389,7042),(1688,5338)))));
((10128,(10112,12154)),((9467,13361),(8555,12211)));
(10824,(5415,(5897,7153)));
(9956,(12329,(1152,(4197,7499))));
((12966,(4800,(3075,(11897,12374)))),(253,(3170,(12628,14887))));
(14196,(11736,(3927,(((9739,10349),(8660,15151)),((1261,1883),(7536,12356))))));
(13583,((5253,(141,(5089,5352))),(4235,9609)));
((2806,5960),((6853,12656),(10283,(542,2791))));
(9549,(12545,(11260,(9742,(3500,7739)))));
(13978,(14179,((2736,(7199,11051)),(14108,14598))));
(282,(10866,(13102,(7598,(6670,(370,8597))))));
((2156,5182),(12653,(11117,(15248,(7458,(7613,9838))))));
(9974,((7995,9213),(7303,10548)));
(15434,((6080,(2483,5377)),(2145,12970)));
((685,11356),(3872,4385));
((6283,(13449,(13924,(7590,15172)))),(4264,6216));
(13894,(728,(12712,(11095,(6573,(15412,((3689,13421),(9193,14681))))))));
(6720,(2575,(13836,(15374,(5933,14345)))));
((756,10238),((12024,15321),((4911,6796),((11776,12436),(805,(4948,7626))))));
(14076,(6062,(8177,(12724,(2908,9148)))));
((2875,5846),(5226,(2941,4223)));
((13356,(11608,(1179,4133))),(10248,(3696,(7322,10258))));
(5840,((15385,15437),(10900,(6047,11446))));
((1663,(5969,(10939,12892))),(3282,3851));
(4919,(12213,(6732,(9748,(9638,14530)))));
(2129,(8400,(7145,(2489,3335))));
(8392,((1728,10703),(6803,(1238,5757))));
((4862,(2453,10532)),(((3457,6518),(8208,8639)),(1028,(2925,7867))));
(8563,(((3089,14625),(3264,5482)),(2862,(2472,8455))));
(11065,((3544,12997),(4258,(1186,15224))));
((2083,3825),(9001,((2620,3966),(14961,(486,8163)))));
(1749,((13479,(8703,9906)),(5084,5852)));
(11725,(7004,(6514,(3004,(13291,(5334,6598))))));
(6826,(10183,((9177,9372),(3712,6126))));
(2419,(9115,(11063,(5259,(7925,15499)))));
((4679,6084),(9973,(6367,6420)));
(((732,2292),(5399,(453,(10474,(5149,6930))))),(4632,9684));
(1134,(7644,(15351,(504,5219))));
(2950,(15154,(3065,(6861,(10765,(1995,4831))))));
(7881,(4565,(3302,11145)));
((6677,(4815,12311)),(9718,(13377,(11711,14948))));
(3458,((8579,11547),(3061,((10452,13710),(755,3728)))));
(11856,(12698,(7543,(1037,(4409,8849)))));
(2372,(15183,((7063,12848),(30,(2590,11594)))));
(12740,((1411,6533),(2711,3056)));
(9408,(8254,(1717,15642)));
(13591,(13034,(5319,10602)));
(10570,(4593,((1962,(3196,8785)),(((1020,12596),(8313,11482)),(91,8401)))));
(((10056,(8284,((6403,10674),(9094,(12509,14487))))),(7351,8244)),(455,4407));
((1805,14840),(2491,(5930,(1418,(3605,(7628,(2151,12780)))))));
(10400,((10171,(2550,11019)),((8189,12446),(397,(10154,(9509,(5426,7006)))))));
((4535,7269),(7213,(3620,(11739,(4713,7049)))));
(9921,((1104,2324),(2809,10292)));
(((2306,(2648,5663)),(866,12040)),(4238,15302));
(6699,(702,(4425,(1548,(12363,(4945,(750,13753)))))));
(14596,(12100,(6088,9034)));
((2056,(8996,12756)),(1355,9964));
((3817,6324),(3875,(10161,12124)));
(12907,(5379,(3731,11416)));
(13912,((11112,(11682,14726)),(631,14560)));
(5191,(8970,(833,((5557,(7138,(10777,(3473,3840)))),(7866,14707)))));
((10025,12088),(12901,(1618,1622)));
(15239,(10547,((9428,(3356,4681)),(8302,14555))));
(8577,(13744,(899,2737)));
(14177,(9080,(5928,8173)));
(((1157,3024),(2829,(8339,(13147,14350)))),(4471,15275));
((14566,(9745,14591)),(5850,((12745,(1736,2499)),(3747,(10239,(1221,4912))))));
(11754,(9052,(764,4191)));
((9907,15637),(14220,(12029,((9096,(3510,13445)),(12849,((879,10081),(7680,9140)))))));
(10730,(8083,(14431,(5174,(1046,(8602,9804))))));
(9346,(7810,((2343,11920),(11411,13927))));
(731,((13224,(3207,15494)),(12559,(1922,4710))));
(8199,((8444,(4504,10596)),(2064,(4398,(4156,11829)))));
((2358,3148),(8196,(11591,(13165,(1362,14294)))));
(5703,((6302,8616),(1653,2533)));
((5503,5877),(15552,((2096,(11558,(5794,11873))),(10177,(15053,15164)))));
((8265,10693),(6017,(14148,(1943,3806))));
(5093,(4714,(15318,((147,8501),(12991,(8489,8982))))));
(((11440,12452),((7761,10709),(13146,(6746,9123)))),(3894,14141));
(9535,(((13491,(1430,13525)),(8984,12750)),(6800,11059)));
(3668,(4996,(11421,(5738,9666))));
(9603,(15608,(5880,9767)));
(14702,((2073,3139),(1370,(3405,(2120,12659)))));
(3695,(11830,(7317,9423)));
(274,((6485,12646),(3422,7312)));
(11989,((9962,(9109,12785)),((9695,(4599,11323)),(7477,(5364,9869)))));
(12773,(7709,(3925,((6258,7811),(10853,14254)))));
(10619,(10211,(3341,(6566,15006))));
(1578,(613,(8736,(2432,(1180,3552)))));
((3102,(4572,8717)),(8226,13062));
(792,(8765,((3902,5998),(3327,3653))));
(13425,((13396,(7686,(13849,((9521,(12262,13324)),(6198,(6029,7872)))))),(12113,13917)));
(535,(((13517,13552),(5018,13730)),(4745,15190)));
(13607,(11902,(7001,(6600,((1227,15191),(269,(4652,8197)))))));
((1181,1626),(2836,3165));
(13560,(13840,((915,13637),(12312,(4814,(14304,(5801,(14818,(2929,10975)))))))));
(254,(7108,(4827,((8663,10524),(14188,(13309,(4497,7232)))))));
((3662,(11210,13561)),(14206,(12733,(3679,(235,(5489,12888))))));
(1939,((3901,14079),(1210,(12413,12787))));
(7745,(2547,(10780,(11577,(7609,11505)))));
(471,(6055,(2394,(10735,(13057,14308)))));
(9855,((15554,((95,12938),((2219,7432),(9860,13695)))),(1520,7966)));
((8564,(7027,9632)),(13292,(9454,(8247,11385))));
(5374,(2030,(7192,(7963,(5014,10174)))));
(11160,((224,12330),(10261,(706,2992))));
(12800,((5026,15027),(6584,13031)));
(2199,((5506,8450),(7667,(4509,11637))));
(9246,(5713,(273,11402)));
(2840,((4547,7949),(11555,(106,15633))));
(3250,(12876,(9821,(11660,(6336,11929)))));
(1079,(10132,(4695,6044)));
(2016,((4934,10167),((3993,9218),(9545,(11931,14271)))));
((2070,7822),(3386,(7677,11752)));
((3123,10959),(568,10838));
((12480,((14592,(10363,14944)),(6149,10127))),(8007,(1808,9286)));
(14895,((3526,4346),(12146,(12155,((2515,9693),(4623,14184))))));
(((6100,14747),(9616,13839)),((4269,7809),(100,8604)));
(644,(((3224,11028),(1385,10188)),(12242,(5133,10207))));
(14316,(6278,(11695,(9941,(9259,(3078,8923))))));
(4906,(9957,(10994,11944)));
((8990,((3802,(7627,(283,3434))),(3836,(3643,9633)))),(6730,10827));
(((3844,9820),(10007,15064)),(1685,(11995,15223)));
((7660,(3711,(52,10376))),(12886,14001));
(14876,(11099,(4245,10077)));
(14494,(5345,(13790,(2355,14577))));
(4247,(4876,(4732,(4005,4874))));
(7870,(9399,(8804,(15382,(1852,(10757,15589))))));
(8293,(7465,(2670,11090)));
(14652,((2445,(10634,(8904,((10088,12245),(5440,12531))))),(2105,12236)));
(((14946,(6368,8251)),(5660,10512)),(8316,13055));
(10573,(12304,(9854,11351)));
((6103,(5043,8421)),(3163,4744));
(11270,(4634,(13622,(14449,(6695,12081)))));
((1885,(825,5010)),((10518,15377),(11460,(6228,11519))));
(14571,(14266,(14553,(((7575,(5758,10969)),(8434,(11653,12897))),(2106,(251,15241))))));
(8044,(12795,(1083,(6054,12862))));
(3480,(13115,(4970,(4976,8023))));
(10834,(2535,(5007,13213)));
(6,(13246,(1565,(8929,15139))));
(11196,((465,4307),(4542,(478,2031))));
(4164,(((5344,11320),(5283,14245)),(6920,(10661,(5623,14858)))));
(7982,(15380,(104,(11365,(179,15692)))));
((3841,(6358,8665)),(6011,13632));
(11528,(((778,9917),(5754,(7306,8580))),(2863,6231)));
(7608,(12386,((8614,14051),(444,(14142,(3888,8306))))));
(3396,(10144,(10048,(3027,((8222,14662),(5746,7413))))));
((12850,(1587,13072)),(12746,(1827,4010)));
(((63,7562),((6542,12297),(5384,8668))),(3488,11031));
((2755,3487),(9210,(391,6343)));
(14587,(9293,(891,14422)));
(12464,(9716,(14631,15347)));
(186,(11656,((9046,10138),(10927,13810))));
(8022,((10116,((7826,14785),(8090,14418))),(5773,12731)));
(11455,(608,(8737,(13382,(6208,9735)))));
((9360,15281),(8374,14011));
(((3519,(3692,8746)),(1681,5764)),(13707,(4900,(9356,13502))));
((822,7403),(15335,(3671,7654)));
(1477,(3306,((9452,(9580,(4068,(8692,10882)))),(2662,5235))));
(8396,((6129,(4144,7837)),(7932,((13625,(5808,13795)),(4992,(15372,(15155,(13523,(7978,(12475,13053))))))))));
(1558,(3698,((4341,4865),(8538,(5390,9068)))));
(5974,(15512,((12373,(585,6769)),(8789,14023))));
(9858,(6653,(7945,8171)));
(((4399,14800),(6844,15497)),(2079,11840));
(11142,(4903,(1847,(7198,(9098,(9893,12418))))));
(5363,((10934,13048),((446,(3906,(3395,(11523,(11914,(6787,7293)))))),(10859,13416))));
(1905,((8640,13022),(((9648,(7342,12932)),(3577,14580)),(5406,14320))));
(7586,((7838,14694),(541,7008)));
(9953,((7511,14630),(14960,((3793,13451),(9619,(2656,8064))))));
(13176,(857,(4089,6362)));
(13321,(2482,(6788,15671)));
(3420,(12461,(8942,9079)));
(4153,((6444,10204),(9410,((3187,13599),(9002,11879)))));
(11824,((1341,8734),(15306,(3085,14198))));
(3739,(14067,(9724,(4956,14332))));
(4291,(1033,((2197,7637),(9027,(9726,((9389,(7480,(2404,(5389,10845)))),((6811,8333),((15073,15628),(4201,(10098,(6974,(580,12708))))))))))));
(8085,(1935,(15150,(10306,12035))));
(13509,(2293,(1094,3060)));
((5572,((5383,13987),(6765,(1099,7981)))),(5126,(6227,12691)));
(2743,((818,(4495,13217)),(55,(2534,14445))));
(13005,(6655,(7682,(1257,4303))));
((4603,5311),(2403,14113));
(10617,(15096,(14844,(10706,(2798,(10655,10825))))));
((3935,5367),(14326,(1763,10903)));
(759,(((3691,(5369,8175)),(3598,15363)),(6182,7618)));
(7422,(2655,((8376,(9673,11083)),(2338,(8283,10793)))));
(((7856,11341),(7549,15072)),(13170,14351));
(12212,(7129,(((2506,13020),(5460,15688)),(8155,10514))));
(14836,((((14158,14663),(10341,11693)),(5485,(3246,9345))),(5621,(4104,7986))));
(10530,(4678,(8369,14507)));
(13601,(3641,((1803,9542),(8252,(13868,(7111,14649))))));
((2753,5645),((609,2846),(615,1420)));
(8776,(2500,(2265,(6871,8467))));
(3130,(2583,(13498,(7216,7885))));
((12986,((15500,15571),(8980,(6147,(15341,(14974,(332,8497))))))),(6640,7029));
((2421,(5995,12962)),((2383,(13469,(4869,(2012,13017)))),(1171,8102)));
(4682,((2608,7988),(7364,((9299,(6300,(14096,(6470,8270)))),(2242,6624)))));
(13562,(5475,(9845,(13369,(12911,13536)))));
((3964,(6012,(3594,3778))),(1510,4846));
(3058,((11173,(396,11659)),(1429,1715)));
((1830,10377),(9772,(((8966,(7374,(2744,6870))),(8699,15515)),(13409,(4501,5683)))));
(7053,((836,8633),(6965,(3621,7406))));
((1133,10526),(6307,(1756,(12119,(6279,10221)))));
((1025,(7858,(9597,12333))),(12248,(14904,15665)));
(4716,(7168,(286,3150)));
(14006,(10208,(1825,((3724,11622),(10164,15220)))));
((4560,6899),(7951,(15122,(2171,13822))));
(5216,(9475,(1624,5234)));
(5791,(1767,(5147,8741)));
(6500,(7491,(11915,(8946,(3140,5454)))));
(5164,(11002,(3750,7252)));
(10231,(2168,(8449,(922,(2021,(8805,(6257,((3241,7036),(((9344,15440),(3581,12185)),((219,12435),(7301,7742)))))))))));
((5772,(14654,(8860,(1312,(8100,9826))))),(7968,((9266,12982),(7657,(5768,14133)))));
(8325,(13772,(5072,((452,7205),((8496,10775),(9534,13521))))));
(6755,((12572,(5162,8598)),(14381,(1489,3991))));
((5023,12128),(8673,12180));
(3816,(6983,(809,(683,718))));
((10493,12536),(2481,(250,(3974,4709))));
(2206,(1372,(14977,(1729,6630))));
(9714,(546,((2811,5912),(11055,(3098,((1512,14541),(4106,13522)))))));
(1584,((12641,(10893,14886)),(413,11857)));
(((10226,(1342,13798)),(5033,14997)),(1045,11713));
(12924,(3285,(8215,12184)));
((127,(1193,14938)),(11369,(10038,14584)));
((5370,12520),((2471,15197),(((10659,13825),(4857,(1826,6078))),(3864,5200))));
(13931,(11257,(2094,(8891,(4893,(5483,(6287,13403)))))));
(12487,((3515,14010),(1255,((5547,(11802,12053)),(244,9019)))));
(((13613,15418),(4511,(9919,(7850,12913)))),(4904,(2804,9683)));
(6387,(4219,((4802,12393),(3336,(6885,(2723,(9077,(6093,12844))))))));
((10159,(5649,6382)),((4457,7046),(9613,11000)));
((1580,9874),((2681,(844,(387,14927))),(9898,12238)));
(10427,(1077,(2092,(880,1141))));
((8194,(1209,14524)),(8704,(5800,14324)));
(14299,((3114,12648),(14328,(508,(6490,13318)))));
((7538,(4743,14038)),(2223,15375));
(((2369,(1572,3344)),(7276,11924)),(6087,10528));
(((1945,8824),(3223,8272)),((28,((9870,13916),((1640,3414),(6807,10087)))),(2528,(87,824))));
(736,(3133,((12999,(10804,14885)),(13424,15086))));
(11070,(1655,(8977,(5604,(2323,7839)))));
(13650,((2537,4170),((8656,(11490,(10324,(2022,5107)))),(1822,(1867,3308)))));
(6594,(10584,(12767,(9505,(10240,(2824,5937))))));
(14528,(6711,(14225,(2456,((6213,8213),(7248,14216))))));
(11683,(11485,(554,12832)));
(11810,(10476,(8012,(3263,(15217,(2122,10074))))));
((6792,(5078,(12838,14181))),(9610,14201));
(1421,(6535,(6953,((5293,10739),(1801,13093)))));
((1050,(10123,(1853,(1745,(3786,6237))))),(3996,15288));
((12998,(210,(15599,(191,1366)))),(9588,(10864,12136)));
(11717,(1422,(7141,15668)));
(10290,((8674,10768),(3949,4087)));
(938,((10677,(3812,7923)),((8080,11140),(9634,(345,10336)))));
(9377,(4807,(794,11538)));
((11740,(1137,(7676,12588))),(14098,14650));
(14333,(10460,(1205,(9025,13212))));
(6204,(8599,((1392,(5677,11701)),(8654,13440))));
((12562,13789),((1787,15619),(14701,(7030,(2332,(11946,12192))))));
(4189,(6221,(1537,(320,1359))));
((2229,(1669,1947)),(10614,(7695,(5706,((15296,15364),(7228,10351))))));
((393,10701),(6408,(883,4214)));
(8595,((14391,(242,2765)),((3398,13549),(9621,(7972,13251)))));
(7494,(13500,(11304,(10871,(7361,8948)))));
(3714,(4661,((3190,(10419,14114)),(8760,(14682,(2373,9897))))));
((4047,12046),(6397,(13227,(1201,14790))));
(15446,(10153,(11596,12000)));
(5416,(6639,((((7900,11761),(12291,(382,15043))),(4094,7939)),(14801,(12325,12477)))));
(305,(5086,(10126,(11562,(7561,12163)))));
(13187,((10630,13537),(9473,(7315,13977))));
(9583,((7711,8457),(5853,10974)));
((6969,(14330,(12955,13169))),(2195,14821));
(13049,(((13195,(9892,14669)),(3913,15177)),(5431,9006)));
(6457,(7454,(14180,(12217,15123))));
(9691,(10374,(((4339,(1920,(11783,(2971,15271)))),(12528,(2299,2606))),((5585,13129),(12684,(1015,7050))))));
(13260,(2694,(854,9927)));
(533,(5012,((10203,14421),(11573,13274))));
(6318,(1775,((13266,13914),(3756,(5575,9801)))));
((12612,(3765,13026)),((12715,(1568,3727)),(5667,(2735,(10197,(3651,14078))))));
(8237,((6527,(1280,3309)),(4656,8671)));
(12389,(15573,(15192,(1143,(11418,15630)))));
(5740,(8761,((3853,(4931,(334,2099))),(9459,(11511,13138)))));
(384,(14175,((10412,11357),(15201,((5455,5588),(9944,13869))))));
(5732,((13436,(5900,6804)),(4368,(2961,(9657,10727)))));
((299,(4149,(8056,12601))),(238,8556));
(3783,(7731,(13230,(10262,11565))));
(12905,(13787,(2540,10450)));
(373,(3151,(10181,((2931,(10572,14518)),(9751,(11115,(7283,8025)))))));
((12908,(3669,(11305,(4,14203)))),(907,8098));
(((1320,1794),(2113,5743)),(4334,6522));
(((1285,13341),(2118,(9605,13889))),(10956,(8726,14465)));
(13812,((9635,(5110,11363)),(14775,(7379,(10461,15491)))));
((5864,5982),((12419,(1538,((2990,15270),(4257,(2930,11064))))),((1113,3576),(6593,(9871,12076)))));
(8893,(10591,(1031,((3066,7506),(81,4499)))));
(12063,(10833,(4910,13614)));
(2025,(14817,(5652,15598)));
((13566,14548),(5798,15690));
(12714,((761,15442),(11096,(1029,4278))));
(10499,((563,(3439,15059)),(181,8058)));
(8697,(2504,((5812,(3508,13121)),((923,5447),(448,5920)))));
(15180,(13404,(14945,(10747,14795))));
(((1463,3183),(4312,13581)),(8410,13242));
(3348,(14128,(9640,12660)));
(618,(4683,(13206,((11362,(3622,6739)),((5179,15436),(647,5763))))));
(11438,((15144,(502,14704)),(7310,(4155,12595))));
(1194,(7973,((7121,(5052,9197)),(82,3737))));
(6945,((10019,11347),((13009,(985,(7189,(2530,9455)))),(7395,10578))));
((6915,(3015,(6289,9392))),(2186,12576));
((4534,(4063,4392)),(361,14692));
(11764,(11870,((398,11961),(4381,8605))));
(13968,(3174,((2817,7844),((10142,13379),(6791,8927)))));
(10497,(9940,(10303,13370)));
((8330,(1530,2883)),(411,(1214,(12156,(6330,15423)))));
(8431,((2869,12677),(11909,((347,10741),(8353,15539)))));
(9273,(10429,(2416,(2061,13368))));
(6370,(7190,(4663,(12615,(2781,15087)))));
(5222,(13438,(14889,((15204,((4203,8708),(4619,9643))),(6418,11646)))));
((14914,(12018,14368)),(119,4433));
(((7681,12599),(10437,(10307,11231))),(6478,(11360,(4594,11896))));
(((3321,3954),(5587,8117)),(4490,11469));
(5976,(881,(1443,(3987,13879))));
((8419,(138,15231)),((8622,(6578,12516)),(4997,12468)));
(10631,(12067,(2980,13629)));
(1471,((13649,13955),(4915,9165)));
((13434,(1706,(2174,5941))),(10997,12758));
((1413,(1160,8521)),((11126,12990),(9137,10140)));
(2443,((3521,(3823,5082)),(13681,(7468,9253))));
((1327,3815),((1862,6076),((6388,(1591,14872)),(1542,5248))));
(15028,((6059,8242),(2407,10932)));
(6784,((12264,(6313,(122,(7161,(3121,11187))))),(6906,(1225,10666))));
((13984,(14165,(13780,(13620,14273)))),(13824,(1165,11667)));
(220,(5842,((7841,(1038,1445)),(6891,(3715,14060)))));
(13653,(13661,(9587,(11851,13317))));
(3317,(1484,(4655,14356)));
((4242,7845),(13904,(991,(8178,(5265,(3933,15215))))));
(6267,(5458,(10868,11407)));
((12009,(5274,(153,(11017,12479)))),(5116,(9463,(1378,6400))));
