11619;
11936;
1044;
2305;
4446;
11479;
13050;
7617;
14480;
(6889,8342);
236;
12789;
(6629,14504);
12003;
2980;
1860;
5412;
15339;
2291;
11311;
13754;
1134;
5185;
941;
7282;
6168;
14879;
6358;
6822;
14174;
3838;
(1104,2324);
13154;
(8908,9491);
(311,496);
2681;
1661;
4128;
1153;
11859;
8920;
9440;
14729;
3597;
10229;
14482;
5266;
14468;
12390;
12186;
11326;
328;
1041;
6005;
14824;
2539;
5945;
7606;
5903;
5831;
9801;
8827;
13749;
10557;
9031;
1369;
12532;
10737;
13680;
14821;
2251;
8060;
1024;
6179;
13223;
2055;
8352;
3672;
9749;
2810;
5455;
15234;
5364;
8572;
15462;
13303;
12673;
5684;
11482;
6990;
4230;
13332;
8113;
7344;
10839;
12594;
1941;
14527;
10480;
824;
13985;
13457;
10701;
1469;
11343;
9652;
5865;
52;
11417;
754;
1589;
3789;
10059;
14159;
13093;
6482;
7923;
310;
2797;
11398;
985;
7522;
1686;
14459;
4868;
16;
3203;
7330;
14959;
7033;
1826;
7440;
4932;
2415;
1298;
2031;
3556;
9955;
8324;
7788;
5796;
13224;
3452;
6078;
7965;
15263;
1148;
10450;
3494;
14096;
15655;
6750;
4723;
13415;
2114;
6301;
2661;
15476;
5192;
(1071,11172);
375;
8038;
4647;
1949;
(10104,11988);
1336;
7570;
9560;
4147;
786;
3470;
12280;
2350;
15340;
11890;
14093;
12694;
12508;
(14495,(211,1001));
1652;
10729;
8041;
4509;
9867;
13144;
10520;
7435;
1205;
4046;
204;
5839;
11205;
4041;
13109;
8162;
11702;
15273;
12842;
6681;
9161;
11612;
15093;
3087;
1155;
2344;
6996;
8180;
9681;
150;
3061;
6385;
6551;
6046;
1788;
7741;
10620;
12335;
1846;
7;
4796;
9654;
14307;
6388;
120;
2876;
4286;
6442;
908;
3740;
747;
14021;
650;
7318;
3821;
13263;
3323;
7900;
9166;
9748;
3445;
3134;
8204;
4762;
3016;
3899;
766;
4501;
5189;
4415;
8461;
11434;
15487;
6450;
5393;
11054;
7523;
2191;
13951;
10607;
4786;
539;
2549;
6146;
13882;
14132;
13640;
8539;
12889;
7112;
9527;
6359;
428;
9662;
14079;
5254;
8049;
2676;
563;
8062;
10917;
543;
4167;
2851;
11272;
13116;
15091;
(4601,(4703,15470));
530;
3937;
2393;
((11201,(2768,7888)),(570,2444));
(8503,(5643,7759));
2340;
(2032,15492);
9575;
12362;
5097;
7189;
3464;
11891;
1582;
12511;
569;
9921;
12819;
3816;
8999;
437;
14913;
((3658,8356),(10032,11075));
(3603,14122);
8917;
(4324,12308);
14960;
11025;
12081;
(257,11215);
8435;
4061;
4881;
10668;
14635;
1282;
7531;
1930;
6579;
8403;
13168;
7643;
2504;
15404;
194;
11018;
13953;
9769;
8546;
3739;
8169;
6760;
10339;
7902;
9196;
(8,(15120,(4549,13082)));
13824;
3446;
((4423,13584),(6550,12859));
11242;
6256;
(14422,(317,11262));
677;
1806;
(3325,(1945,8824));
7108;
11902;
3757;
(9898,12238);
2597;
7784;
939;
584;
7864;
13628;
10132;
3126;
6651;
6711;
11407;
4465;
2209;
14016;
5563;
9503;
9552;
3220;
14014;
12166;
3760;
2815;
4438;
14211;
3511;
12641;
3830;
1681;
2395;
2493;
13925;
12019;
2346;
13590;
6408;
9929;
14779;
9225;
8511;
8851;
1410;
6415;
75;
12179;
593;
3540;
1894;
10431;
13313;
3218;
3553;
8149;
14236;
13024;
704;
15017;
10921;
9460;
241;
12004;
8735;
4583;
5998;
4081;
3169;
3219;
3259;
11643;
9513;
13222;
4259;
7592;
10403;
13420;
7144;
14844;
15022;
2583;
2811;
10826;
2864;
8024;
9418;
9050;
1182;
15599;
10281;
3404;
1043;
11672;
4397;
12010;
3513;
13738;
4799;
14915;
13185;
15043;
13192;
2130;
8477;
5833;
14360;
6028;
4353;
1658;
1207;
15320;
9310;
6944;
12715;
15634;
13372;
382;
15591;
11284;
14991;
5491;
(90,3409);
11860;
6111;
2548;
619;
9051;
4228;
10865;
7038;
8903;
15283;
15601;
3338;
30;
14100;
11759;
6788;
6140;
9034;
8931;
14521;
8464;
9146;
12278;
7385;
1679;
5197;
1314;
2265;
11918;
7859;
12973;
212;
4994;
7181;
10149;
574;
15217;
4264;
15134;
8170;
8286;
2729;
4895;
926;
14763;
(1028,12494);
12429;
10540;
4419;
(1210,(12413,12787));
14972;
12068;
6228;
13606;
1864;
12338;
1963;
(13283,14451);
1972;
11596;
9659;
(3076,11003);
632;
13893;
13869;
2285;
3466;
13945;
3122;
1624;
3372;
3367;
(9177,9372);
8383;
12986;
12392;
6814;
12152;
7221;
7324;
6761;
14869;
7474;
3472;
76;
1747;
3056;
6983;
6573;
11718;
(2252,8110);
13105;
(2753,5645);
1586;
5206;
13425;
3788;
6592;
10862;
4901;
(959,10987);
((4886,12289),(3753,5795));
6334;
13354;
7947;
1853;
9261;
7651;
3775;
2596;
6180;
895;
7712;
3190;
15031;
(15160,15659);
3227;
(9256,11486);
1186;
9224;
4472;
((879,10081),(7680,9140));
10981;
7138;
12039;
14287;
10340;
14864;
15186;
2803;
5227;
5117;
8836;
12433;
10296;
6480;
15643;
5374;
7856;
4684;
8181;
13718;
184;
15675;
(9870,13916);
3706;
1905;
(10919,(12974,(6898,(7320,(6572,10802)))));
4618;
13101;
4627;
9970;
4386;
(3041,14955);
9130;
15422;
(1736,2499);
335;
862;
8005;
1664;
(1227,15191);
(391,6343);
12056;
(8154,14778);
(7681,12599);
5137;
133;
6866;
214;
8741;
7492;
6503;
(6016,12743);
(9550,10999);
9101;
5559;
13967;
2813;
11456;
6286;
10319;
3107;
(7452,10344);
15226;
3377;
15290;
13658;
5750;
6039;
12330;
14024;
6152;
2262;
11238;
6047;
11261;
14344;
2411;
5089;
14497;
701;
10066;
8806;
11836;
15174;
3277;
10923;
4461;
3103;
12630;
11507;
13883;
2557;
11984;
5464;
1477;
(1095,(6836,14013));
(14142,(3888,8306));
7720;
15147;
(11130,(1933,14613));
(7896,8677);
(1113,3576);
(3510,13445);
4192;
2552;
13575;
2348;
562;
7288;
9650;
11766;
9558;
9703;
1077;
(((2219,7432),(9860,13695)),(95,12938));
10994;
6276;
12923;
753;
(1430,13525);
11586;
2473;
14369;
8115;
263;
11572;
13764;
8009;
2666;
5696;
7840;
4077;
9532;
1833;
12156;
4146;
10567;
6986;
8633;
(8129,13437);
1128;
2479;
14834;
5576;
409;
7239;
8274;
(((9081,14905),(6063,9092)),(2675,6724));
7910;
1852;
2016;
5122;
13252;
11721;
805;
7937;
5174;
1511;
12663;
1573;
13703;
2949;
5088;
8047;
(12834,12882);
14162;
635;
2402;
5577;
5401;
13436;
6716;
(5249,13218);
6820;
10538;
1112;
915;
2509;
(5118,13428);
935;
((6403,10674),(9094,(12509,14487)));
(((4693,9746),(5438,8500)),((4311,5927),(3030,10277)));
6167;
14244;
(4355,14740);
(3638,10878);
(9610,14201);
8843;
(738,6605);
11568;
10806;
14536;
5060;
9713;
11137;
10255;
12971;
1516;
4700;
3048;
6347;
12126;
(5215,(2751,2974));
12748;
15658;
906;
7946;
3315;
1507;
(54,9264);
7660;
(907,8098);
10080;
5289;
13049;
(10759,13542);
(10978,13346);
(456,2510);
5005;
13830;
12122;
3443;
6192;
12276;
14057;
12038;
10411;
1027;
15355;
8402;
3176;
8916;
7325;
15024;
7774;
8517;
2529;
(433,14348);
12737;
14092;
4018;
6074;
11497;
1376;
2913;
3690;
6375;
4918;
2688;
14150;
(7394,14677);
3060;
11869;
10652;
12693;
1919;
141;
9530;
9383;
7743;
14490;
1789;
676;
8037;
3211;
9876;
3331;
5348;
14874;
(6531,12570);
(364,3248);
9502;
10527;
13973;
7817;
1416;
(11014,13330);
13119;
1991;
(3598,15363);
10801;
2268;
1042;
1478;
11285;
12639;
7656;
6617;
9366;
9308;
6509;
11129;
5592;
8665;
7622;
13219;
2515;
2739;
13413;
(12980,(484,12993));
9663;
5878;
11478;
8478;
1927;
955;
(6949,10312);
13328;
14599;
2051;
11782;
13381;
7812;
6857;
7001;
7998;
1992;
15506;
3074;
(2105,12236);
14188;
348;
7690;
12043;
3691;
988;
5880;
9178;
12367;
5830;
2278;
788;
14053;
7547;
9228;
452;
13435;
4088;
15281;
3240;
2422;
(7101,14764);
10223;
11190;
((6100,14747),(9616,13839));
8480;
10089;
5827;
13740;
9189;
(((175,9789),(1080,5991)),((7823,9337),(10755,15679)));
7691;
13930;
13747;
7081;
2567;
6770;
1693;
7857;
10012;
7015;
1597;
2438;
144;
4824;
2714;
(((1670,9546),(5720,14581)),((2322,12370),(1265,9471)));
12975;
(8040,13974);
1777;
(1165,11667);
844;
8848;
7219;
8069;
7642;
13846;
5533;
11513;
2094;
7225;
4934;
10903;
(8524,(10329,13716));
838;
(5994,13800);
14804;
(2186,12576);
14393;
617;
11124;
2891;
592;
9925;
11532;
(8699,15515);
4885;
10529;
(3287,12031);
7460;
14701;
724;
8248;
773;
2840;
2952;
10301;
13715;
9956;
3428;
9942;
10062;
9016;
15109;
4069;
15312;
9504;
14379;
13147;
548;
13711;
4651;
8080;
9639;
11459;
13102;
6307;
15179;
461;
6580;
14543;
(12018,14368);
2948;
(10161,12124);
3703;
622;
13905;
13133;
7083;
7178;
12524;
8767;
9974;
1232;
((1206,4125),(9961,12051));
5160;
12223;
(7018,8998);
367;
13459;
1800;
13140;
1;
5332;
(5252,(3705,(2855,5605)));
2433;
12281;
13042;
7117;
450;
956;
(2359,(8988,10649));
3832;
(5890,7871);
369;
2329;
15330;
9671;
14454;
6873;
15105;
13816;
11034;
9179;
7485;
2776;
11571;
13025;
12062;
(4689,11127);
12075;
8374;
13665;
707;
13654;
(6011,13632);
5041;
15460;
15247;
15143;
1190;
12983;
(191,1366);
9957;
17;
5191;
9679;
15227;
9693;
10113;
(9085,13215);
5521;
4521;
8764;
(966,15081);
13737;
(5429,11688);
4797;
13914;
12396;
(2609,6978);
1061;
7876;
2844;
13540;
4656;
12042;
8671;
5772;
3393;
12249;
9188;
4844;
14965;
10416;
(8984,12750);
7162;
8282;
2014;
(4516,(1262,11191));
(2427,14640);
14577;
6799;
8718;
9445;
3286;
(815,7139);
14897;
10275;
460;
(8877,8962);
(2837,5071);
1641;
14464;
11805;
11671;
8278;
5416;
12077;
(3683,6378);
7496;
4257;
(3278,5201);
10667;
8866;
691;
14269;
9570;
14392;
(4002,10082);
(8899,(3546,13969));
10732;
1775;
(415,11424);
10748;
4966;
4109;
6845;
10976;
7553;
6842;
4197;
6084;
11330;
3144;
535;
6808;
4436;
11070;
13843;
3189;
7263;
13371;
4827;
1608;
7920;
12796;
13801;
(12007,12397);
6397;
13915;
15493;
6197;
((739,13671),(627,6654));
14386;
15309;
11504;
14961;
14611;
10890;
1352;
15202;
8359;
13455;
14657;
15025;
9835;
4543;
322;
9851;
2983;
9594;
(502,14704);
14173;
4630;
(5870,8635);
5665;
(3116,(2598,13408));
(9844,12906);
14894;
(710,2361);
472;
9324;
7899;
14954;
9992;
11779;
13339;
(1505,5500);
6513;
6614;
576;
7243;
3403;
11818;
554;
5804;
13148;
15564;
9862;
6135;
6219;
2416;
6530;
1701;
4604;
7534;
11155;
(10883,(10110,15268));
9932;
8941;
3913;
(7702,15594);
3054;
10111;
11861;
4400;
2637;
(7283,8025);
4843;
4412;
11252;
(4194,5463);
5240;
306;
14610;
4232;
(15219,(3873,((((5934,11985),(2820,7094)),(518,9036)),(9689,14281))));
12702;
10138;
5172;
4872;
13938;
(3485,6173);
9701;
(909,1904);
(7120,((5139,11820),((2968,3555),(3064,5545))));
7645;
13891;
(4203,8708);
12676;
6940;
14445;
5469;
9553;
10131;
12293;
2091;
2185;
15225;
4712;
(14551,15265);
6275;
6903;
2240;
10464;
583;
13605;
5869;
(2223,15375);
9522;
6893;
12461;
4540;
5958;
11062;
487;
5417;
4177;
8850;
14094;
9390;
13921;
3529;
1172;
13490;
4251;
13327;
7424;
14466;
10041;
14154;
9135;
10254;
((6060,(8013,10448)),(2272,7105));
3805;
(5094,6479);
8055;
(3664,3767);
13731;
((8122,11750),(2581,3539));
11638;
(2068,7855);
(13431,13674);
15525;
10896;
10035;
5715;
14975;
1271;
6921;
15648;
4237;
13669;
2249;
7007;
8384;
(4802,12393);
8391;
10745;
8768;
12248;
13909;
2231;
8106;
12689;
6094;
6648;
572;
10861;
9635;
14884;
3039;
1543;
12456;
5619;
6396;
14118;
13837;
15277;
(1995,4831);
5419;
1382;
3865;
6389;
6817;
1123;
(172,12760);
12273;
13164;
10355;
6282;
5007;
4252;
(2286,2558);
7684;
7381;
11104;
14298;
7982;
11648;
532;
8664;
2400;
13320;
8425;
13853;
797;
11591;
9787;
6765;
6805;
7444;
10137;
1908;
951;
(3594,3778);
12773;
(4814,(14304,(5801,(14818,(2929,10975)))));
3759;
11118;
5320;
(4608,13623);
10707;
5938;
6774;
10500;
14176;
(3073,8039);
14789;
15573;
453;
6245;
14469;
13991;
(1879,10803);
3550;
(10887,((14027,(12448,12739)),(3486,6571)));
4328;
1915;
3070;
11310;
1296;
2303;
14953;
14472;
3200;
517;
(10644,13878);
3387;
(6330,15423);
2070;
11728;
2170;
13970;
11366;
71;
10830;
10043;
14617;
4082;
15389;
14175;
4806;
10585;
5396;
10073;
(2594,7021);
8569;
15276;
8581;
8147;
4820;
(8247,11385);
12645;
(12024,15321);
13626;
3669;
13620;
2226;
806;
3168;
9083;
11496;
15368;
7003;
9173;
7746;
1224;
9475;
8454;
13409;
3770;
13770;
11140;
15593;
(3104,15400);
15610;
2464;
9947;
6798;
10200;
6030;
12200;
9314;
12749;
9239;
9658;
5882;
10016;
15377;
10044;
13284;
7274;
3213;
13975;
9855;
9340;
(9891,(6127,11658));
8102;
2919;
505;
1233;
8471;
(12860,(5907,13804));
5030;
3600;
56;
758;
1058;
15088;
4678;
3505;
1558;
5325;
7123;
7104;
(10435,13108);
7203;
7457;
12918;
13297;
10936;
5064;
(2297,6427);
3772;
123;
8589;
11136;
6925;
15556;
14384;
14329;
13569;
14363;
416;
1583;
11192;
2646;
4444;
4917;
14768;
14908;
(5864,5982);
2901;
3715;
15687;
12259;
1149;
13068;
5493;
1340;
15237;
4866;
11615;
7209;
13595;
(2838,3376);
3188;
13802;
7954;
(10735,(13057,14308));
10265;
7019;
10458;
12389;
13813;
(5503,5877);
2672;
8792;
3977;
12759;
3295;
8897;
8822;
11842;
5963;
3978;
12438;
11609;
4734;
15307;
3484;
13848;
80;
2976;
7708;
14898;
5470;
12225;
1276;
8196;
14286;
9622;
3018;
7521;
10486;
5703;
10261;
6583;
(5428,6218);
9427;
13533;
2894;
721;
578;
9549;
(9687,11539);
5357;
8452;
9257;
10888;
5298;
13972;
14456;
15150;
2238;
62;
12901;
8308;
647;
14062;
2287;
9342;
(1830,10377);
14805;
589;
2978;
9547;
9692;
227;
4517;
6112;
(3765,13026);
9015;
655;
12264;
(10637,12032);
8095;
15545;
28;
9436;
10085;
4488;
((11642,(8748,10618)),(10359,12265));
6105;
2679;
9095;
(4161,14930);
11966;
11337;
1185;
15473;
(8704,(5800,14324));
3416;
14605;
11603;
1117;
12924;
13992;
9319;
359;
11562;
6095;
(11158,14130);
2139;
13165;
975;
14639;
9849;
(3793,13451);
4740;
13657;
10373;
2118;
9571;
4566;
8826;
4219;
14725;
(1955,5752);
(3609,14559);
11444;
6150;
11123;
11428;
(7251,11144);
5975;
12272;
9207;
2450;
13986;
5712;
3357;
(2197,7637);
(2338,(8283,10793));
316;
5087;
12961;
4985;
2612;
15489;
6064;
15469;
9004;
251;
11397;
(3633,3981);
14969;
8299;
11834;
3589;
4411;
3272;
3807;
6493;
(1299,11926);
7893;
2277;
8522;
(5264,12381);
8765;
5505;
1121;
(2863,6231);
9778;
9589;
10051;
12521;
12020;
11291;
14354;
178;
4642;
6072;
4092;
5707;
(7210,8625);
14257;
2412;
8886;
12898;
9102;
982;
(6059,8242);
14516;
5972;
7079;
1603;
4865;
10042;
7471;
7417;
15067;
(3417,14301);
(629,11940);
4671;
15163;
(11852,(5221,6467));
6284;
8234;
11921;
3785;
6676;
14916;
408;
2443;
8934;
10650;
(4524,15465);
12740;
4013;
9742;
12671;
15604;
330;
12058;
(1508,4658);
(746,((1363,13608),(2972,6731)));
13475;
(10440,10582);
3252;
13004;
9528;
7820;
507;
4939;
3853;
9103;
9875;
(7995,9213);
2375;
12323;
8548;
852;
14815;
9890;
(10,3890);
(3558,(11445,(9478,13211)));
13518;
1644;
8029;
11732;
10593;
12266;
14537;
9931;
9834;
(8138,9138);
4352;
(10747,14795);
663;
15589;
5214;
10619;
15101;
10088;
2551;
4833;
11296;
9404;
12395;
15342;
(7228,10351);
8341;
7036;
15310;
7938;
7231;
10484;
7621;
8392;
12197;
9814;
2808;
13467;
9208;
(11096,(1029,4278));
9804;
8447;
12513;
3549;
5135;
10583;
867;
7119;
7157;
5718;
9864;
11058;
5481;
10249;
64;
11249;
14688;
(12001,14877);
(3075,(11897,12374));
(6020,14099);
13203;
(8410,13242);
15208;
(11435,(6768,(7436,14017)));
13934;
14268;
14633;
266;
(946,8459);
(2403,14113);
8140;
3279;
7894;
15338;
(11664,12804);
12375;
3836;
11690;
7909;
8128;
10898;
295;
15280;
2028;
14292;
5763;
14583;
3721;
11800;
12916;
7396;
8928;
3950;
1870;
6484;
15285;
11520;
5225;
3841;
8905;
7346;
12557;
12624;
13126;
5378;
(3477,(4979,5546));
14594;
13073;
4223;
11106;
14742;
9080;
11457;
9387;
8791;
(8279,9965);
14019;
1898;
(6919,(2623,4676));
7747;
(13899,(11089,15158));
158;
((9625,12815),(4295,(6295,15331)));
4591;
8603;
3361;
1580;
11715;
10321;
9241;
10811;
6184;
4923;
9764;
(4377,8203);
13416;
14728;
14596;
13023;
15207;
1374;
15224;
11955;
7129;
4968;
161;
12674;
10757;
809;
6217;
10380;
11714;
6314;
1191;
2058;
4123;
533;
4532;
12161;
1676;
15417;
(3585,8951);
14414;
(4380,14290);
(4720,4963);
9441;
12145;
6561;
5188;
10328;
(12169,13439);
4221;
114;
10311;
4338;
13705;
8966;
575;
4737;
4654;
8749;
4746;
((8672,12240),(2649,11094));
14783;
10178;
4150;
(15416,(4741,14362));
7295;
11274;
12405;
6309;
13066;
(8336,14722);
(602,(1435,5439));
(6151,(2296,11234));
(9979,14110);
9099;
479;
7249;
12496;
5309;
12414;
13085;
(2560,7751);
1188;
12471;
(4815,12311);
5054;
1466;
15442;
3002;
4927;
8648;
4958;
(14485,(12401,13335));
9114;
2600;
1765;
10471;
9725;
15250;
4246;
6723;
(7443,15052);
6136;
1802;
8380;
12850;
12903;
9911;
12464;
4079;
(3209,9909);
6299;
(6488,(5851,13312));
12519;
10185;
7866;
(41,5898);
336;
(6224,8182);
5669;
11206;
(1119,10684);
(15335,(3671,7654));
13947;
(3424,(940,3768));
15607;
14046;
4309;
10004;
(10926,10938);
12925;
13247;
11308;
6463;
5495;
4273;
14535;
(2453,10532);
6092;
12802;
10282;
12664;
(((15073,15628),(4201,(10098,(6974,(580,12708))))),(6811,8333));
13315;
(2396,6749);
8389;
10021;
14989;
1499;
6557;
1092;
12320;
5925;
(1438,9413);
(11290,11583);
9415;
7002;
4738;
10831;
9164;
8303;
(12794,(1931,3951));
3433;
14168;
7261;
13421;
15132;
6929;
6793;
(7048,10101);
5265;
(4518,5131);
6288;
8366;
2545;
11355;
6189;
(169,9986);
10493;
11420;
8145;
6981;
15603;
5984;
12491;
(3786,6237);
12742;
2103;
(6956,8975);
1527;
14604;
(199,(636,(2423,7943)));
595;
12044;
11470;
9064;
154;
1489;
10584;
5620;
14104;
4938;
10613;
15559;
13776;
9784;
15459;
8430;
13010;
13;
13712;
9507;
13124;
10711;
1566;
(9939,15425);
5108;
11484;
(5361,11345);
3266;
((7339,9719),((516,14996),(1427,11629)));
(8918,((5560,12994),(9059,11965)));
3125;
10980;
10257;
9362;
(3043,(9011,15142));
11971;
3099;
(3877,14486);
1244;
9332;
(8700,15198);
796;
7886;
5310;
6547;
8031;
15269;
1009;
13084;
(7975,(5874,13325));
11468;
13844;
526;
(1665,13235);
11208;
4008;
8976;
9495;
15190;
11466;
14911;
10631;
4172;
2472;
15530;
854;
5953;
13775;
10174;
(13170,14351);
14202;
12199;
5727;
1791;
6863;
5538;
2809;
10003;
(11316,12852);
12648;
12690;
3904;
(4051,7183);
4520;
13390;
5196;
3915;
745;
(5242,(917,5528));
14314;
7141;
8104;
(2126,9395);
14840;
5992;
9199;
4579;
463;
15243;
559;
7039;
(11017,12479);
6001;
11964;
9506;
14200;
(4148,5326);
(2343,11920);
(3861,6068);
1969;
15497;
9194;
15676;
9669;
11806;
1273;
1539;
(10508,14937);
9941;
69;
1854;
603;
10327;
4935;
11923;
(5052,9197);
7672;
11610;
8081;
6057;
7641;
10247;
4749;
7199;
10441;
4659;
2721;
8445;
10125;
4569;
2969;
13177;
4861;
15066;
13954;
7999;
361;
3573;
157;
6587;
3543;
6998;
5077;
12180;
3130;
(8221,12021);
3502;
14494;
12148;
3574;
1171;
11247;
5076;
4893;
9523;
5757;
11698;
(3871,(2860,12679));
(14544,(3791,7196));
5918;
12949;
5978;
8397;
12867;
7270;
9128;
5609;
(4101,13667);
11565;
14632;
11180;
(6670,(370,8597));
(275,9398);
9298;
8131;
12488;
10453;
9060;
9029;
5749;
(7503,14054);
1046;
1911;
13627;
4447;
5883;
(10819,13660);
15537;
(5584,(7134,9832));
2642;
(2686,5586);
(1688,5338);
11951;
1725;
6453;
5195;
7267;
13673;
7450;
3681;
5511;
13200;
8607;
14771;
5475;
9601;
2117;
2724;
13931;
6327;
15152;
3960;
14807;
6381;
(4288,14988);
7240;
12450;
811;
3157;
12964;
2207;
6280;
11747;
11972;
4774;
((2496,9405),(1683,13046));
1533;
((5210,12178),(3882,(10624,15068)));
11978;
13229;
11213;
8229;
12369;
(331,4091);
(10572,14518);
(8184,(823,14664));
8632;
(1742,9577);
12970;
12121;
14219;
10640;
(13704,14673);
3717;
13096;
8078;
10968;
14672;
9045;
7497;
14181;
(4914,7655);
9586;
11700;
4587;
7041;
(3823,5082);
4141;
4612;
3369;
4860;
9270;
5777;
(3504,4702);
7348;
11695;
14011;
2494;
13688;
1266;
2010;
12309;
1821;
5766;
509;
9230;
(11373,13582);
7674;
5384;
5369;
2535;
13468;
15241;
967;
1318;
2354;
(5084,5852);
13091;
7337;
9977;
14326;
(1766,(5202,9150));
12899;
6409;
7390;
5711;
6007;
1588;
6607;
11108;
10172;
5912;
4118;
7273;
(6674,14947);
(159,10402);
13670;
2050;
14793;
10382;
6542;
15480;
((10225,14385),(12805,15516));
8657;
2653;
(14658,(2738,(10036,12444)));
1698;
(7967,(11543,(6058,9120)));
79;
(4998,7851);
12902;
14146;
5200;
(6195,(3469,(810,11772)));
(2144,14372);
759;
11903;
12252;
7527;
8121;
(7676,12588);
2015;
11624;
2189;
(3963,6091);
14295;
3744;
5048;
7698;
14845;
2381;
9865;
8717;
2052;
11035;
15479;
11725;
1468;
10523;
12189;
5008;
6700;
3191;
8010;
2937;
13779;
3363;
8943;
12527;
(812,9984);
15435;
9895;
2821;
13444;
15023;
14772;
15083;
(2841,10792);
8046;
11159;
(13041,15100);
4722;
2886;
12469;
174;
12505;
(4372,9761);
13555;
14745;
6474;
12080;
(6858,9972);
(13227,(1201,14790));
2615;
6540;
2547;
3006;
8994;
7448;
11632;
6422;
5442;
9454;
1308;
2540;
(121,1823);
5630;
10598;
15636;
9290;
2363;
6737;
3221;
(1523,2159);
607;
4889;
3101;
7948;
3601;
9593;
15578;
(7400,11948);
11195;
5353;
14449;
(8691,9358);
6114;
15164;
4127;
1778;
4052;
(1739,2345);
12626;
12268;
3859;
8439;
4302;
9251;
14338;
4445;
15270;
2858;
(1814,6331);
3697;
12302;
12568;
13131;
10525;
14744;
((390,15555),((7565,13885),((14787,(1973,12695)),(495,8257))));
10407;
13083;
11393;
8446;
2541;
15354;
11850;
8811;
7892;
7545;
1196;
2733;
15523;
9444;
5090;
10875;
(6470,8270);
14189;
10410;
14716;
10421;
(2332,(11946,12192));
7329;
11076;
(8784,9021);
6883;
9070;
13646;
7200;
1869;
654;
1277;
11575;
(5334,6598);
15673;
(6222,(7659,11339));
4130;
6967;
13426;
13028;
11833;
6003;
9041;
10944;
10077;
15099;
15005;
2351;
5352;
11196;
(116,6752);
2744;
5856;
1333;
798;
3237;
2307;
14860;
3497;
7586;
1372;
13074;
9086;
7005;
8730;
5001;
3071;
346;
685;
(13071,(312,1738));
10300;
15553;
(2704,6051);
10638;
14312;
13814;
12959;
(1016,8712);
5050;
((2506,13020),(5460,15688));
4189;
(3358,7862);
3712;
3728;
365;
(1721,7099);
9297;
2830;
10207;
12917;
1386;
5226;
5976;
118;
1321;
1764;
10011;
11523;
11230;
4019;
11072;
14331;
8008;
15600;
6931;
1236;
9722;
(1275,14533);
(10198,15332);
(1862,6076);
15433;
6663;
(8100,9826);
7669;
10516;
(13464,15323);
2067;
15517;
11645;
(130,3968);
6862;
(3544,12997);
4363;
5719;
11999;
3761;
(2120,12659);
2485;
9877;
10208;
11271;
(6869,13160);
5573;
3161;
9192;
11307;
9833;
7146;
8252;
4960;
5304;
15681;
2164;
15651;
2705;
5512;
12877;
(5589,13270);
7252;
11027;
829;
8645;
4250;
9287;
10170;
5964;
1784;
11078;
9574;
9628;
1050;
12507;
6185;
8629;
1004;
760;
1892;
13968;
1594;
14009;
9035;
11525;
13828;
764;
6205;
12313;
(5026,15027);
15387;
4110;
11514;
240;
(3818,9808);
14963;
10180;
3081;
7080;
12714;
3135;
3714;
9962;
12490;
7051;
8093;
14129;
10297;
950;
(6293,11623);
5079;
5939;
7222;
8758;
4829;
12697;
14962;
9983;
(7628,(2151,12780));
14994;
(441,15482);
1696;
(2531,5924);
7253;
10885;
393;
12915;
5893;
4863;
10721;
(12303,13344);
2831;
14880;
13892;
2314;
9214;
3886;
7060;
5;
4174;
6763;
12808;
4510;
13265;
7332;
11792;
2465;
2148;
12305;
4116;
7825;
11968;
6930;
1253;
13895;
7314;
11699;
11614;
1728;
9717;
14943;
8634;
8602;
1005;
5970;
11141;
7483;
12100;
13809;
8354;
9785;
((4078,(11204,(8842,11500))),(7212,12987));
(((8395,13199),(3686,9651)),(146,12762));
12654;
588;
6384;
7028;
((2896,11122),(5814,13719));
2785;
4537;
12027;
6033;
14984;
5692;
3615;
11304;
10443;
560;
1776;
9800;
12221;
2814;
3541;
9964;
11279;
1901;
6639;
(4482,7836);
14478;
(3050,9453);
10314;
5983;
2440;
15356;
(5747,7926);
11413;
11932;
(1013,11012);
11426;
13527;
1202;
5037;
(8614,14051);
14931;
8197;
12366;
5234;
15303;
14899;
6659;
10164;
1936;
(11881,(9798,14302));
6104;
11015;
3921;
1910;
399;
9174;
15657;
11994;
5604;
6097;
12936;
(13012,13994);
392;
2828;
6433;
9720;
8977;
4343;
(4629,(2973,3007));
11686;
8942;
(1873,3958);
491;
5910;
7073;
7232;
(1198,(9766,(11391,(735,(8032,(11198,11922))))));
13477;
15674;
3931;
13592;
(5055,15044);
4821;
5911;
8394;
15463;
6294;
(1645,3013);
5164;
11975;
6338;
1254;
3607;
(639,6454);
14983;
1392;
(4040,(4952,5977));
5340;
7541;
7287;
12210;
733;
(7356,12738);
((256,(14668,(5632,10770))),(5858,9554));
(2616,7279);
10977;
3004;
4425;
(5753,13741);
14278;
12920;
10998;
68;
12006;
11764;
555;
4034;
(1073,2017);
2211;
2195;
(1888,2234);
2707;
6162;
9396;
8816;
12707;
13121;
14719;
1876;
2712;
(3844,9820);
7107;
14169;
7883;
(5180,8611);
6386;
4649;
2102;
11561;
6023;
1194;
4390;
(2333,9923);
6490;
4633;
4990;
7728;
(3003,8515);
4811;
6917;
(14037,14253);
5611;
9244;
2447;
14817;
3138;
(3163,4744);
4418;
11059;
(3243,15406);
6741;
15168;
7861;
224;
10148;
12449;
5149;
(3577,14580);
(2442,13290);
14194;
11550;
905;
4431;
11870;
5902;
13541;
1795;
7453;
13625;
(7549,15072);
12856;
14995;
(2662,5235);
(8466,11382);
544;
11888;
10781;
14621;
3902;
12921;
(3776,5446);
1387;
(1980,14550);
3031;
2174;
9817;
6569;
3665;
(3439,15059);
(455,4407);
(5308,14519);
(2210,(7363,13983));
8655;
15395;
(106,15633);
4609;
12769;
(9707,(7634,15439));
743;
6221;
2967;
(((219,12435),(7301,7742)),((3581,12185),(9344,15440)));
12868;
3192;
(4897,7989);
12603;
1577;
2474;
5062;
10171;
12776;
(8311,(10217,12765));
1464;
942;
((6155,10742),(15196,(3021,(3014,4282))));
15567;
6704;
9429;
2334;
14573;
3086;
(4144,7837);
(14045,(2568,13350));
2239;
8139;
5173;
9449;
258;
3330;
13767;
12209;
1168;
5862;
9202;
2168;
12092;
1835;
2898;
13392;
7392;
10964;
11639;
12206;
(11362,(3622,6739));
13276;
1327;
10335;
9740;
6324;
3281;
4563;
13836;
4327;
5147;
3136;
(3578,12718);
7109;
15436;
5342;
14263;
10681;
8744;
7220;
536;
2147;
6848;
9762;
3337;
(6494,12764);
(12282,14936);
13461;
10522;
(10219,13489);
2970;
9459;
396;
10070;
6248;
(3127,12826);
166;
7762;
8780;
(5126,(6227,12691));
9201;
(6626,13781);
11875;
9253;
14191;
4588;
11576;
15596;
11530;
8637;
((13273,13941),(695,8224));
(825,5010);
2451;
4392;
395;
9255;
6705;
3234;
10948;
14958;
15366;
9743;
3803;
13483;
10218;
14409;
8681;
5658;
5305;
10949;
2816;
13857;
3300;
3449;
11790;
5641;
1039;
12035;
11329;
(13714,(12909,12989));
943;
792;
5270;
4507;
15137;
12685;
6207;
2392;
7697;
14087;
10366;
3456;
14925;
5667;
292;
14005;
1831;
9599;
13840;
12947;
7858;
3567;
14684;
162;
(4613,13410);
7254;
(672,(1003,9795));
14160;
5654;
626;
(8608,11280);
10278;
8405;
15029;
(856,12637);
13081;
12922;
6736;
13287;
1609;
(1961,9861);
2927;
(4481,(5564,(4084,11318)));
10604;
8176;
791;
6115;
8512;
8043;
10106;
(2817,7844);
6507;
7353;
13221;
7652;
(12388,15660);
6495;
9531;
9887;
288;
3406;
2420;
7061;
(972,2731);
15602;
8954;
7151;
(1279,3476);
14974;
(351,8531);
1718;
9815;
6274;
15547;
2573;
(6287,13403);
(45,8276);
8948;
14733;
11401;
3224;
12263;
376;
1292;
1563;
11237;
243;
14909;
14212;
3100;
5954;
8310;
5544;
15289;
7796;
(2592,15410);
3380;
8805;
9242;
11871;
7158;
2099;
((10672,(2741,14839)),(10027,(2062,7780)));
7629;
9477;
6543;
10548;
5292;
13880;
11225;
4890;
14838;
15446;
15231;
7605;
5686;
15040;
6022;
662;
886;
9171;
8331;
6972;
(2774,7635);
9981;
8883;
1417;
9873;
11502;
7526;
(10245,11654);
8626;
10232;
7890;
(7707,8412);
5301;
(1218,5375);
557;
11173;
3923;
3217;
4626;
8427;
280;
(8726,14465);
1506;
9437;
2903;
5103;
(2917,3481);
3781;
(6772,10228);
15613;
2046;
1157;
11281;
14870;
(10412,11357);
15496;
6565;
14371;
4373;
3155;
290;
14528;
8979;
2879;
14831;
7298;
10612;
3584;
14950;
(283,3434);
11389;
11165;
845;
7581;
13366;
12358;
5073;
13484;
4758;
4547;
10916;
9184;
846;
10504;
1450;
10483;
(3992,13458);
13022;
13209;
14979;
11232;
11613;
13358;
(206,10481);
(12940,13633);
10544;
10325;
5860;
8315;
9526;
4014;
2410;
4505;
6107;
(7889,14523);
12467;
4792;
8441;
(9706,(4708,5906));
8896;
13961;
4316;
14565;
9636;
4050;
13197;
12154;
(4577,13384);
3154;
14411;
5591;
7481;
4683;
10905;
5567;
9811;
757;
4832;
14270;
10302;
7833;
12487;
(3649,5824);
6780;
6129;
608;
(10390,14759);
5278;
14220;
14293;
6089;
(5872,11488);
14390;
2237;
12123;
10671;
499;
7416;
(1954,11246);
8529;
2060;
5522;
10953;
1622;
12190;
(13908,14111);
((3264,5482),(3089,14625));
15431;
5381;
(3872,4385);
7009;
(15452,15549);
(9219,9407);
14966;
11421;
2256;
15585;
15205;
13070;
13856;
2131;
15566;
(4997,12468);
11858;
8593;
5492;
7518;
(9090,10996);
12501;
14715;
371;
9378;
(3835,7663);
192;
11086;
10849;
2889;
14431;
12591;
15145;
9394;
14182;
2121;
1300;
14461;
6291;
1673;
14703;
9108;
10767;
3383;
(1743,4122);
3906;
2111;
(1361,15003);
289;
7014;
6600;
3547;
13903;
6987;
6169;
4388;
8859;
12621;
14238;
12232;
5776;
7124;
1518;
13681;
4406;
8345;
(6110,11325);
15685;
10656;
9333;
5462;
9027;
5932;
11662;
11644;
558;
1036;
13901;
(5267,14352);
(7234,9856);
11381;
5513;
571;
(7490,8974);
9118;
13246;
3418;
5653;
(5853,10974);
5494;
9106;
7528;
(5837,7487);
6085;
2053;
12055;
4139;
(9597,12333);
9854;
9674;
4371;
3183;
(287,(5670,9254));
14676;
(5350,9486);
1623;
2778;
7537;
4692;
(4551,5755);
8318;
6497;
2900;
7977;
13583;
5812;
1288;
15533;
5246;
(10655,10825);
14232;
1638;
12300;
8453;
8953;
12008;
1089;
4779;
1706;
8807;
10776;
4696;
7202;
8775;
1311;
2300;
3475;
6952;
2353;
5740;
8469;
995;
1219;
(3762,14647);
((238,8556),(9998,14035));
5603;
11947;
7969;
5167;
12213;
13216;
6635;
9311;
1578;
3302;
12409;
8510;
8314;
13245;
7925;
8678;
10712;
13505;
10374;
12944;
3197;
4862;
1748;
9426;
1175;
12222;
2480;
5621;
3151;
623;
7514;
8710;
2892;
2728;
3250;
8823;
5737;
6982;
3862;
10284;
5354;
4479;
6348;
11630;
9771;
5223;
9500;
(4142,12613);
13894;
9169;
(6853,12656);
10581;
13612;
7333;
7475;
2208;
2788;
9819;
10251;
1948;
5677;
15171;
(4853,(1770,8326));
5333;
12274;
9185;
11756;
4074;
(1357,4227);
3419;
12176;
(12165,14520);
7814;
(3334,13128);
10706;
4057;
14340;
15201;
14956;
(2284,5565);
9158;
8881;
15544;
9943;
14572;
8818;
15041;
4393;
12649;
4249;
5644;
15393;
111;
(5908,8888);
12344;
14586;
(1757,7349);
464;
7176;
2236;
4880;
2559;
3242;
13576;
1924;
(3811,7143);
4568;
1841;
4280;
8692;
14813;
2564;
1629;
1906;
(12279,(6164,9220));
(1803,9542);
11306;
2437;
4268;
(11182,(3171,8756));
7147;
1768;
10394;
14218;
12857;
((((2175,4986),(2448,14940)),(4463,7113)),((3630,6281),(7512,8957)));
12839;
13940;
12064;
12355;
6860;
8505;
664;
2233;
9345;
5422;
13872;
(7829,(6458,9365));
(4790,15019);
3027;
12063;
2793;
242;
14458;
741;
13149;
2766;
3430;
14531;
((5355,5917),((4462,8722),(5329,5923)));
2606;
12482;
2282;
9326;
9054;
6792;
14249;
471;
14851;
2554;
1515;
2019;
5583;
225;
9327;
(5509,8631);
6126;
4905;
(5043,8421);
8720;
11894;
342;
(5000,13345);
14264;
6429;
(3912,4590);
9370;
6017;
6021;
14970;
(889,15569);
5485;
(5700,(3984,6508));
3623;
6178;
11384;
14794;
3329;
15046;
784;
1503;
6066;
15296;
5220;
1081;
14488;
1145;
7677;
6841;
(1371,4525);
8688;
6642;
4277;
8583;
(6829,(355,13888));
13465;
1238;
2301;
6423;
11147;
6304;
3798;
4426;
9612;
1731;
2357;
6560;
15053;
2101;
13548;
5697;
13311;
5038;
(14644,14892);
143;
1169;
2501;
4314;
1550;
14396;
1367;
7130;
(3182,12569);
10338;
2562;
3521;
(15372,(15155,(13523,(7978,(12475,13053)))));
3876;
4854;
11501;
3471;
((6807,10087),(1640,3414));
9987;
15253;
2819;
13357;
5952;
4564;
12499;
13167;
9;
8422;
307;
(3360,9339);
11716;
13565;
7155;
6157;
6215;
14601;
14655;
6034;
11934;
5674;
2137;
2981;
2586;
11599;
((826,11277),(6837,14417));
156;
5771;
11336;
10405;
(13517,13552);
8537;
11396;
2737;
8245;
1448;
(666,13130);
13807;
2279;
9847;
(5638,13850);
679;
9384;
5163;
9744;
3160;
15509;
12627;
12957;
3010;
(1412,2579);
2461;
11741;
5780;
8493;
4850;
3864;
(13301,(7102,13600));
10030;
10692;
14082;
15240;
14117;
12551;
8264;
7259;
7493;
774;
(5059,11925);
(6469,(12483,14699));
7386;
11804;
(10934,13048);
2922;
11374;
10039;
2932;
7008;
(4724,12552);
7085;
8000;
944;
(5879,15084);
(7428,10498);
9882;
13607;
15304;
1255;
11117;
2723;
15248;
(3435,14708);
(13597,15445);
1994;
2165;
5379;
2082;
3965;
3199;
11406;
6277;
12611;
11162;
8420;
(5943,(4891,((4162,(11661,13018)),(13399,(10559,13760)))));
1256;
10859;
2245;
7180;
4706;
14500;
13374;
5410;
14499;
12072;
2715;
2853;
9089;
9485;
7185;
542;
2389;
8171;
(5968,13942);
8483;
8261;
1107;
(4404,14102);
(((769,2107),(1668,15672)),(13508,(2260,5247)));
(8302,14555);
7544;
10615;
(11006,13485);
11735;
512;
10507;
8716;
(4999,9223);
4181;
9922;
10378;
6696;
5785;
9368;
3514;
5300;
11068;
2490;
8186;
7192;
9866;
23;
(2040,4606);
5556;
11251;
11469;
7633;
2990;
4005;
6261;
(10971,(3437,13032));
1260;
10680;
9057;
1231;
8867;
4572;
12403;
11937;
10055;
2092;
4361;
962;
10210;
6610;
1391;
11744;
13204;
4236;
3368;
7566;
12306;
808;
8831;
1457;
13726;
14918;
6976;
(1055,10267);
14325;
8267;
6230;
7795;
418;
14031;
6914;
3635;
(13363,13976);
4742;
1476;
9568;
(339,15127);
(5744,11223);
545;
963;
7987;
(10422,15300);
(7650,15136);
5078;
13944;
3336;
9456;
8288;
14669;
12103;
10973;
7035;
8793;
(7824,(5539,14503));
9315;
(9995,14674);
8936;
13957;
1546;
14999;
11411;
3783;
9082;
4940;
(4312,13581);
8575;
10175;
2951;
1886;
474;
(2754,5916);
11037;
14265;
6637;
((2418,4513),(13393,14942));
13910;
10015;
4514;
5081;
4931;
8813;
(776,15032);
7668;
(9467,13361);
4054;
11647;
8728;
4448;
13979;
15209;
785;
(2029,7401);
11919;
6465;
11762;
9645;
10983;
2177;
3975;
(6356,(5480,8332));
713;
10795;
6053;
10778;
7399;
8576;
11755;
2633;
5562;
6451;
2142;
13336;
5069;
4871;
9777;
8997;
13003;
3741;
2987;
(5660,10512);
(9318,14321);
(2478,14986);
(8089,15531);
779;
13460;
10967;
9731;
10979;
(7063,12848);
4664;
((8757,13697),(7175,8861));
3945;
6775;
5773;
10447;
9277;
13748;
2871;
4460;
(5015,12290);
13033;
7887;
14827;
(2456,((6213,8213),(7248,14216)));
13343;
2497;
6325;
5029;
14479;
8193;
8833;
(1968,9457);
3527;
11737;
(12426,(3868,5452));
5941;
9694;
5761;
15357;
14901;
11228;
440;
10298;
8340;
10941;
5807;
11962;
(14781,(596,605));
11494;
5411;
7350;
(6935,(4795,(4955,9154)));
13912;
13378;
11808;
(1810,5534);
7058;
4213;
3164;
(11587,15488);
11831;
14426;
8183;
12294;
8804;
(2625,4262);
9712;
10433;
9518;
(7280,11461);
14309;
6357;
140;
9028;
15382;
249;
7956;
(3784,14753);
10643;
215;
804;
1193;
3098;
5876;
(5190,5990);
6923;
3989;
1819;
2533;
8172;
4017;
14124;
899;
4857;
14878;
(8369,14507);
2097;
3548;
(10982,11331);
12606;
9781;
11527;
(4458,9759);
9807;
1192;
14900;
12985;
11824;
11473;
14654;
2870;
4725;
12849;
660;
14546;
12094;
9779;
7542;
(1220,4794);
8028;
5085;
12586;
1127;
(8654,13440);
6722;
4698;
15609;
7611;
3946;
19;
3457;
3235;
8312;
(1813,(9325,9829));
(8587,10454);
(13796,(4957,7515));
15483;
10357;
(883,4214);
10288;
(756,10238);
1648;
5895;
15612;
2607;
13493;
2505;
112;
7116;
(5440,12531);
7561;
1926;
2692;
(11703,(2339,10372));
1118;
547;
1709;
2629;
(3491,7370);
13394;
5243;
3625;
11453;
14505;
7290;
4727;
((552,14724),(1115,9073));
13928;
3666;
6726;
14570;
((1861,3193),(15199,(6438,13761)));
13492;
5960;
2802;
13668;
12459;
2441;
4439;
4477;
10246;
698;
6908;
(1613,12257);
8280;
8960;
4548;
10105;
(12175,13385);
9604;
15348;
8014;
10276;
8289;
7709;
10690;
11350;
15367;
1528;
4637;
(1959,6417);
10709;
8889;
5397;
2677;
(3869,4668);
11022;
86;
(2047,8630);
3747;
429;
8687;
12732;
10676;
3092;
606;
10881;
981;
13863;
13469;
1393;
12385;
610;
5695;
762;
14912;
(13962,(10237,14980));
14648;
680;
7393;
7538;
6075;
9273;
4819;
5957;
(8739,15534);
13644;
5128;
9617;
11687;
1481;
4916;
1672;
15552;
12995;
15204;
870;
13922;
4186;
8094;
3290;
2752;
7430;
(2665,12847);
1338;
11810;
(11950,15007);
7292;
6649;
(5258,(5675,13742));
7302;
11815;
4756;
14145;
8230;
(14734,15317);
2293;
2923;
12470;
14131;
2003;
2162;
8114;
8207;
10892;
2997;
9425;
1347;
4187;
(1815,5336);
1666;
(3943,14434);
(9871,12076);
14552;
6435;
11388;
8474;
12855;
498;
4045;
1940;
8609;
11807;
10570;
9432;
3938;
5236;
15118;
1181;
12559;
3956;
13432;
234;
6794;
7577;
13546;
12610;
1214;
5466;
4405;
11449;
2959;
2241;
828;
(2390,9757);
3425;
6355;
12821;
2283;
(4159,9729);
3898;
(14108,14598);
(3499,(5888,7525));
11900;
7233;
7710;
11047;
2085;
12895;
11901;
2578;
878;
3903;
(9443,(5113,9951));
7806;
9280;
6712;
(168,11067);
8296;
6582;
14712;
1011;
7509;
(4220,7793);
15195;
11229;
3857;
14698;
(1993,12812);
10095;
4753;
2475;
9848;
4776;
4638;
11372;
185;
12941;
9675;
6886;
(2916,10136);
6827;
9960;
8862;
15528;
10234;
5461;
220;
(12267,(8884,15121));
(5725,13236);
683;
10621;
13797;
15371;
1057;
5615;
((7587,9153),((2702,15543),(3269,14453)));
1710;
14103;
7874;
12670;
3677;
10555;
4389;
12757;
12111;
14074;
10308;
10313;
(877,10370);
13007;
14126;
6341;
8992;
(3849,15153);
6669;
8339;
556;
(((9629,13029),(5767,10832)),((4597,5786),(2833,8559)));
(869,4752);
8321;
9975;
12394;
(3702,(9155,(10723,(9498,13158))));
4652;
(6965,(3621,7406));
6796;
5981;
14107;
5102;
9793;
4565;
4735;
3518;
(1285,13341);
9295;
15020;
13155;
1060;
2807;
15526;
15131;
1532;
2687;
(405,3463);
6500;
582;
(641,3847);
1407;
2214;
1106;
14225;
4760;
8116;
11769;
3593;
(866,12040);
37;
12518;
1446;
4049;
2613;
6906;
115;
1346;
2734;
14569;
4395;
3860;
8959;
6709;
9688;
2216;
5637;
8298;
(9216,13418);
5319;
2719;
(12724,(2908,9148));
12443;
5881;
8495;
3911;
12112;
15141;
8236;
14670;
14378;
6727;
9596;
11427;
8774;
15047;
(5825,13952);
1289;
6233;
14091;
13198;
3852;
3118;
1351;
(1470,5751);
8618;
9497;
10233;
13563;
15653;
1965;
14848;
1100;
12876;
((8015,13911),(1245,4772));
11120;
8351;
13955;
8732;
3314;
(2328,(11038,11781));
7792;
13395;
13486;
15166;
9813;
3059;
3131;
6031;
(6948,9582);
10925;
6939;
11944;
4226;
11183;
2462;
15511;
(2569,4972);
31;
12428;
10962;
6298;
9351;
541;
13473;
10754;
15353;
8729;
591;
3756;
9434;
14441;
(91,8401);
2;
2912;
8056;
14007;
885;
12800;
(5044,8706);
1917;
1247;
10784;
11416;
4183;
9232;
2192;
3407;
5051;
12052;
14433;
5472;
(8376,(9673,11083));
1749;
5002;
2611;
4155;
(8088,(14463,(13011,(884,8830))));
2090;
13707;
(2435,6243);
(489,((1455,7646),(3612,8938)));
15568;
3708;
5049;
10193;
(7980,11166);
(177,8615);
3794;
2054;
(15079,(3682,14406));
13230;
1067;
9580;
(7673,7767);
11002;
14836;
14773;
12139;
2566;
4726;
531;
1602;
10724;
9904;
7374;
6421;
8087;
5276;
(2805,7316);
3673;
4783;
7627;
1010;
6960;
748;
5683;
1222;
6006;
11131;
(2146,8097);
4657;
12163;
12417;
5502;
3480;
490;
8702;
5549;
9967;
9565;
13509;
5979;
4851;
14246;
13462;
1593;
7696;
(7689,11828);
13001;
4733;
(8506,(14867,(1502,4073)));
3858;
5372;
6405;
9885;
9788;
11841;
10867;
645;
14622;
14229;
9595;
9258;
14355;
8238;
10556;
8018;
4134;
12755;
(9893,12418);
5613;
(497,9646);
431;
3779;
1322;
(3365,7235);
((14158,14663),(10341,11693));
14992;
188;
4478;
8386;
1440;
6527;
15095;
15060;
1779;
4586;
((2938,10399),(11043,11309));
638;
(13135,(9312,14770));
10858;
368;
6214;
(2362,(1600,10263));
8787;
8755;
(3364,13875);
(5798,15690);
11376;
1241;
11253;
7756;
13113;
92;
(2108,4574);
8379;
14718;
9476;
520;
13562;
(5430,12950);
9936;
1305;
15319;
13717;
3045;
3055;
6517;
8642;
6800;
4663;
(12224,14782);
2116;
13827;
14300;
938;
3320;
2077;
11679;
2534;
12968;
15328;
(6556,9945);
8217;
881;
708;
12861;
2762;
171;
9100;
209;
3034;
3678;
11722;
(1257,4303);
(15104,(10268,11302));
3698;
4362;
11436;
8119;
12170;
2636;
2843;
5032;
13145;
7266;
14976;
8978;
(2042,12270);
613;
8885;
14149;
8821;
(5779,8057);
7919;
3970;
5599;
(3519,(3692,8746));
9661;
9682;
(3997,10145);
11692;
1786;
((8800,9556),(8549,12873));
4191;
1741;
(43,14853);
8526;
11738;
(2059,4318);
13591;
(8079,10408);
(8235,(1575,12133));
5451;
15135;
9278;
3068;
14513;
14981;
7166;
9392;
(7776,10517);
(8790,10966);
11892;
9134;
9087;
10829;
1177;
1048;
4947;
2306;
(13075,13398);
3987;
14743;
1685;
976;
10783;
468;
9823;
15075;
12563;
7594;
4210;
13659;
15249;
5181;
9023;
6154;
14714;
10420;
12158;
11040;
12907;
3773;
2538;
(13589,(9686,10348));
13643;
(8051,(12061,14542));
14439;
11665;
5072;
(2590,11594);
14863;
7307;
12078;
13479;
4977;
13655;
9918;
6593;
10600;
(7930,8499);
1675;
2624;
(2156,5182);
10545;
8223;
3655;
3389;
2133;
(1341,8734);
3244;
11347;
(9619,(2656,8064));
8086;
2477;
7136;
7437;
6620;
13847;
2378;
(5705,(13122,14339));
11340;
7914;
8437;
8305;
6909;
(10236,10531);
11161;
3653;
(5969,(10939,12892));
14310;
11361;
11004;
7831;
9377;
(9077,(6093,12844));
3423;
98;
7996;
702;
1315;
3265;
6416;
13417;
4825;
14076;
6625;
12398;
4582;
(4599,11323);
5121;
7738;
13291;
3900;
6431;
780;
(10490,11745);
3114;
11867;
15490;
2198;
5386;
2963;
10960;
10606;
1203;
771;
13338;
1217;
9263;
11567;
(2875,5846);
6735;
14207;
126;
8586;
(13446,(524,2854));
(6038,8852);
10283;
5114;
2158;
9721;
7768;
2387;
2921;
13907;
3723;
6647;
998;
14305;
12131;
14221;
4930;
8993;
7111;
3285;
14952;
1335;
7244;
9976;
5244;
9190;
5594;
8578;
10310;
7932;
11260;
4042;
(8398,14089);
12677;
(7096,11116);
(((493,9665),(5651,9010)),(9322,(3478,(12786,15156))));
8643;
2063;
(2897,15063);
706;
5659;
6477;
4793;
15295;
(4026,11113);
11487;
15630;
8606;
5012;
239;
14004;
3146;
(4080,8906);
9732;
1002;
14710;
11300;
(6968,10931);
10791;
5324;
2481;
4996;
13777;
65;
12462;
(250,(3974,4709));
8142;
(5237,8424);
1054;
6941;
968;
10369;
7328;
7427;
13550;
(4340,6211);
11573;
4837;
13698;
8892;
10535;
11522;
6082;
(7084,8828);
11771;
7744;
849;
13750;
11811;
5272;
8666;
15097;
(14455,15009);
6843;
(6109,14816);
((4554,6771),(10847,15587));
6504;
((14525,15286),(6897,8727));
9520;
12795;
8072;
6296;
381;
(198,3299);
(12113,13917);
11499;
3053;
5119;
11954;
12840;
(7773,11101);
3918;
8443;
11697;
833;
14408;
6570;
5551;
(139,11454);
(119,4433);
(8407,13598);
9401;
3115;
213;
5931;
6246;
9624;
(6566,15006);
1504;
4674;
4094;
5554;
6611;
11760;
13434;
10992;
8845;
501;
13610;
9878;
1579;
8153;
3719;
2563;
6323;
12049;
11952;
14068;
108;
(4803,8933);
9053;
(3659,5838);
7950;
7794;
8673;
(2470,15664);
13386;
6322;
11898;
5832;
13594;
(615,1420);
8872;
6035;
10689;
8817;
6603;
6008;
9953;
3926;
7042;
8275;
8709;
5515;
11941;
50;
5514;
8980;
(2561,(3707,10635));
12828;
14634;
7846;
12653;
2806;
11437;
7250;
9685;
8558;
6816;
14767;
6174;
876;
8900;
6460;
(1130,7804);
(1419,4416);
(11996,(6801,10863));
8838;
1610;
1903;
10797;
7467;
436;
13819;
1519;
5323;
4470;
5506;
6103;
1535;
155;
1695;
7177;
5335;
7562;
7286;
3501;
12617;
(4595,6708);
(2991,3388);
(10159,(5649,6382));
12406;
9678;
5758;
1178;
1627;
6563;
11111;
(11367,11582);
12037;
7097;
14924;
10573;
11475;
128;
8541;
14841;
4973;
11635;
10530;
3421;
15184;
6013;
1521;
4369;
7442;
2160;
6194;
8964;
5581;
(422,425);
10860;
8151;
5157;
14854;
(851,(10467,13577));
10322;
(7131,11559);
14568;
10808;
14052;
4610;
12958;
2626;
6;
4089;
11294;
2419;
8241;
2281;
7739;
(1787,15619);
4136;
14842;
11799;
3185;
8335;
5420;
(1015,7050);
1090;
11216;
2632;
5280;
3520;
2123;
3676;
2502;
13873;
2935;
11463;
14475;
8508;
2595;
14;
1454;
7963;
9126;
11827;
1524;
8290;
208;
6244;
992;
15562;
(6090,(11916,12939));
(2391,2527);
(((4241,6878),(1330,2835)),((5571,8156),(5656,8423)));
12067;
10067;
847;
13624;
10589;
6789;
(132,10648);
1702;
1423;
10116;
8287;
15680;
(12988,15611);
7912;
14401;
10659;
9534;
(11448,11970);
13543;
10456;
7530;
8599;
5096;
3195;
358;
8801;
6340;
3174;
6701;
((11419,(11685,14645)),(5143,6851));
6226;
11344;
652;
10880;
14187;
8344;
5834;
7834;
14675;
1467;
13784;
(11512,11588);
2777;
2098;
9533;
1560;
11226;
930;
4468;
(((7536,12356),(1261,1883)),((9739,10349),(8660,15151)));
1251;
2868;
875;
983;
4410;
6119;
5486;
10332;
7986;
534;
11334;
(7186,(8124,(513,14382)));
10610;
1085;
10194;
10762;
15583;
2659;
14069;
(2899,7047);
2526;
5269;
2476;
(10816,13806);
(10840,(1497,2881));
8158;
2977;
4491;
427;
3738;
15554;
1616;
11055;
11552;
15161;
10364;
12245;
13143;
3920;
7150;
10244;
790;
(4272,14616);
5595;
(8208,8639);
1700;
362;
3440;
8355;
7755;
13721;
678;
6532;
1173;
9473;
(14330,(12955,13169));
13530;
10130;
15380;
2081;
8273;
12324;
1605;
2152;
5842;
454;
9758;
5790;
12525;
1197;
12404;
2323;
11763;
11410;
5816;
(4321,12069);
4200;
8455;
8683;
9282;
5702;
6049;
6055;
3979;
11422;
(1922,4710);
8798;
13038;
12109;
14567;
14258;
12377;
1049;
3910;
(14691,14847);
13791;
2933;
8109;
8322;
6581;
2187;
((347,10741),(8353,15539));
9265;
(4747,5141);
7584;
9144;
12297;
3069;
13364;
7550;
1443;
(11365,(179,15692));
14700;
4557;
(1562,5841);
3851;
15505;
9656;
(3736,6916);
(6344,(2312,14412));
2201;
13250;
9195;
(5287,(13095,((3528,6081),(((4754,13150),(12,4266)),(5679,11153)))));
7827;
2056;
3661;
(12911,13536);
22;
2425;
6872;
4874;
11866;
14687;
5624;
(12101,12682);
7126;
3570;
5672;
10426;
5723;
13780;
3551;
5022;
5819;
12705;
11570;
14692;
(4075,9472);
10365;
9075;
601;
5368;
9724;
(7218,11346);
(4971,11194);
11908;
1737;
10287;
14656;
14243;
3693;
13159;
6468;
1355;
11042;
13619;
12704;
6832;
9644;
11395;
10956;
353;
12888;
12998;
14179;
8307;
7841;
10562;
12930;
10851;
(6640,7029);
2645;
3396;
1083;
12706;
14549;
(8434,(11653,12897));
1999;
15144;
7201;
12171;
9238;
11066;
8118;
1309;
697;
(332,8497);
13960;
13792;
(8646,(2638,11729));
1843;
(7686,(13849,((9521,(12262,13324)),(6198,(6029,7872)))));
6229;
3312;
(1151,1951);
11809;
(2710,9954);
10295;
4800;
(10911,(15054,(4030,4902)));
3766;
1051;
1389;
(4495,13217);
12357;
1034;
8112;
15049;
(1452,14137);
4243;
12234;
2294;
5829;
82;
1822;
(3662,(11210,13561));
12129;
12540;
1337;
14083;
14627;
11392;
(10804,14885);
551;
(1325,11886);
2018;
4218;
9012;
709;
(789,4835);
2995;
10215;
4686;
1807;
9247;
12391;
9968;
13725;
14425;
1022;
167;
7227;
14381;
(1882,8200);
15686;
7226;
(12863,14776);
7815;
4473;
13114;
(13424,15086);
8518;
5937;
(8141,15661);
5275;
11031;
3559;
2290;
1078;
7391;
9302;
4208;
3231;
5408;
(1380,11074);
4489;
14641;
6042;
11601;
11618;
13811;
8658;
1699;
9386;
357;
4677;
2364;
14653;
2096;
14493;
1129;
424;
13298;
839;
2258;
9627;
6809;
10162;
994;
3588;
4687;
3088;
1863;
(1053,11313);
326;
13009;
15586;
10720;
(5900,6804);
15419;
1087;
13958;
8679;
12817;
2736;
(7704,12194);
6004;
12198;
12619;
(5383,13987);
5774;
2224;
2909;
6473;
842;
10623;
2735;
9824;
13375;
1495;
1812;
6993;
5205;
((10945,(5282,15646)),(14766,(14143,(12600,(5582,(15376,(12164,(14837,(9269,11675)))))))));
14873;
(10856,(10406,13307));
11704;
7459;
5570;
12573;
7384;
(4457,7046);
7830;
2049;
11723;
7053;
12149;
9268;
2743;
15187;
6012;
2577;
318;
11418;
11443;
2426;
7625;
12798;
12207;
2024;
11446;
6067;
11029;
10928;
9289;
9988;
4953;
5302;
2765;
12341;
(3223,8272);
14856;
8450;
9065;
1063;
12592;
3817;
3065;
11270;
10753;
5356;
((4483,(7517,11364)),(7077,13443));
15110;
11889;
1884;
97;
696;
7614;
9072;
12830;
7164;
10362;
10468;
8216;
7574;
3036;
1839;
9084;
2321;
9944;
(10704,11462);
(4904,(2804,9683));
7803;
15639;
11656;
(686,11441);
6449;
12322;
3795;
659;
2657;
10331;
(89,(3011,9468));
7529;
7579;
10505;
(3579,11016);
4531;
6975;
9541;
3854;
7865;
10752;
(1099,7981);
3306;
7415;
15076;
(9040,(10722,12244));
9391;
14279;
9846;
5187;
2243;
10270;
8433;
237;
13349;
11030;
12334;
(8034,12871);
13348;
9417;
(6241,(2069,7408));
8174;
1890;
1126;
2796;
9288;
6312;
13099;
863;
6776;
12948;
9723;
14985;
3709;
8939;
15498;
(1796,15495);
((4500,8944),(8770,10388));
5687;
(3390,11742);
5966;
12036;
264;
15038;
12147;
(6182,7618);
12115;
14198;
10918;
15254;
15306;
12332;
5743;
6113;
5735;
9857;
3663;
3641;
7358;
10092;
1388;
3889;
12104;
(4673,6671);
13984;
12137;
8858;
12057;
6160;
(4830,10940);
6392;
2655;
11740;
6692;
4339;
2035;
(887,7154);
7730;
125;
13778;
(6120,9916);
(1176,9320);
9115;
((5331,10929),(14214,15004));
2134;
1663;
13194;
11474;
15667;
104;
(1402,11943);
8378;
5817;
(83,2700);
11915;
3620;
10122;
8073;
5467;
383;
(1339,5946);
14929;
(6838,8963);
8968;
(3654,5640);
9973;
2436;
49;
1509;
(4485,13663);
4519;
(5610,7022);
4672;
14148;
2469;
3090;
((1461,5449),(5782,15454));
6961;
9591;
13353;
13294;
15663;
(3959,(1571,2955));
12560;
1159;
8448;
4432;
10799;
6715;
674;
5450;
12602;
10020;
1209;
8349;
(3848,14364);
8350;
(10475,12277);
14498;
(7336,8404);
2023;
3982;
7095;
5806;
14375;
12083;
11490;
3944;
(9840,9853);
12943;
10950;
13176;
9354;
566;
14420;
651;
8760;
7423;
8904;
3732;
1753;
8721;
1976;
12492;
2072;
5099;
15365;
10445;
1323;
10196;
15532;
4276;
11095;
14917;
14608;
8479;
(3412,10264);
(4670,(5818,9850));
10744;
10818;
8695;
(3813,(5178,10343));
2200;
10243;
8323;
3901;
14788;
55;
10337;
6575;
4580;
(6018,12382);
13497;
4114;
1213;
8432;
6040;
8540;
(2861,10192);
11179;
11767;
(480,1868);
(10212,10574);
11606;
9105;
749;
(989,1900);
((7229,9294),(13388,13919));
15228;
14659;
(6210,12173);
(14857,15370);
(1378,6400);
4769;
3679;
1163;
3415;
7715;
6764;
4544;
12833;
374;
10907;
8363;
1065;
15519;
4097;
(4359,7630);
10989;
10714;
340;
14875;
3737;
8880;
15502;
14228;
5600;
14491;
8027;
6979;
14825;
8205;
4035;
13787;
1354;
3304;
6901;
13103;
10828;
8070;
434;
1484;
7237;
5046;
12097;
13254;
7470;
2651;
561;
9499;
12312;
10634;
(4235,9609);
(5273,13733);
(4560,6899);
2311;
11485;
2434;
9874;
15467;
9097;
(2532,9412);
6702;
13927;
2366;
9809;
6693;
11761;
6785;
649;
13337;
7879;
2288;
3291;
12060;
(6208,9735);
5129;
15504;
((6316,15522),(2658,(11770,14547)));
11450;
10594;
13006;
15621;
12716;
7347;
13758;
6269;
9323;
4382;
1379;
7478;
40;
13867;
14932;
2128;
12894;
14902;
7532;
6362;
4055;
604;
11712;
9540;
14705;
3394;
803;
10253;
3998;
10018;
3370;
11848;
282;
14306;
9465;
1804;
3713;
5035;
4859;
(7321,10076);
14328;
15388;
834;
3401;
6369;
12680;
7962;
13181;
10852;
13401;
11044;
14090;
13877;
6310;
((3896,10633),(2269,8949));
(5553,(1306,5639));
945;
3940;
15373;
(10510,13900);
10118;
3017;
12447;
7076;
4367;
5138;
(2202,15678);
1913;
6050;
3465;
15326;
(1429,1715);
5080;
(2484,10439);
4770;
4153;
14128;
4593;
8952;
4502;
2694;
9113;
(10909,12172);
14073;
12956;
1167;
4188;
15257;
10367;
14957;
8919;
13289;
8566;
1439;
13845;
1847;
9990;
11773;
4003;
10496;
6861;
11545;
4778;
3298;
7013;
3015;
14702;
8382;
3143;
3922;
11288;
3310;
4211;
9966;
2132;
3273;
3774;
(2308,15656);
3680;
(2409,8159);
(5168,14327);
2635;
8694;
7819;
4716;
2109;
14156;
10725;
4665;
(1385,10188);
6521;
419;
6606;
14588;
(10466,14720);
1960;
457;
12497;
7070;
10305;
9020;
15691;
12713;
3996;
8220;
4291;
13841;
4254;
2812;
13044;
12791;
4205;
1223;
12342;
(5431,9006);
(5033,14997);
15472;
138;
4924;
15560;
10167;
693;
4006;
13580;
(6864,(2934,(2001,13906)));
7091;
10879;
4126;
7516;
7557;
5682;
8990;
14163;
11893;
13232;
13182;
8408;
6326;
10017;
12891;
10326;
5042;
13861;
6439;
3675;
4764;
2708;
1551;
5791;
7300;
3040;
2388;
(193,1630);
(11227,13593);
2926;
8484;
10718;
13186;
11065;
(9003,11132);
15260;
10609;
2173;
11933;
993;
13077;
2104;
8750;
4562;
6720;
400;
8012;
(3515,14010);
4422;
11990;
3461;
6852;
8736;
(8555,12211);
((1114,2667),(3289,4403));
10657;
11231;
14993;
14060;
13871;
(2867,(10515,14646));
5295;
9579;
(2100,11399);
642;
12919;
14063;
8956;
(3311,12301);
5929;
12612;
7281;
10252;
11414;
(1472,9524);
590;
4260;
1349;
((6855,12879),(11846,15111));
7340;
9381;
3241;
6824;
8809;
2872;
2779;
(12162,14578);
7473;
13587;
7960;
11125;
12466;
12725;
1195;
14512;
12829;
7934;
(2004,11566);
(750,13753);
(4981,12669);
4103;
(2183,3942);
1088;
1377;
5395;
(3020,(843,9516));
14195;
9005;
10596;
2445;
350;
10384;
13438;
13539;
309;
14303;
2857;
4993;
15125;
5144;
(4486,11602);
(4662,13305);
13355;
10850;
467;
716;
(233,15386);
3639;
9237;
15194;
12442;
7737;
12865;
4558;
6529;
14359;
922;
5228;
9122;
(9341,(14538,14660));
11134;
13545;
1990;
4704;
15411;
6646;
3236;
(9608,12337);
2798;
(5498,8781);
6073;
14036;
10324;
1428;
(6137,13153);
14871;
10156;
7362;
755;
13890;
(1320,1794);
13709;
15584;
11091;
13833;
13535;
15458;
1887;
11580;
5701;
11904;
5222;
3026;
7491;
7223;
15124;
10054;
15216;
14973;
((4209,6247),(2685,6555));
14920;
12327;
7215;
(3232,15508);
14438;
4965;
12108;
12854;
7294;
6812;
10434;
(10461,15491);
3734;
5106;
11778;
6390;
11244;
15617;
7429;
7011;
13383;
8950;
14261;
1313;
10763;
1938;
11526;
6041;
9623;
12340;
1634;
(5020,11403);
10697;
470;
11659;
(5306,6193);
(671,8922);
10547;
7477;
5040;
3420;
44;
10031;
(1280,3309);
12872;
6797;
12422;
(3700,(4780,15279));
4083;
10273;
(1576,8372);
13094;
6934;
1896;
3181;
10698;
618;
11911;
7821;
12203;
3746;
11390;
9691;
1316;
9880;
1403;
11292;
6955;
(573,4234);
5150;
12349;
8409;
13008;
8192;
8840;
13441;
14534;
8841;
3596;
3613;
(3473,3840);
734;
134;
11912;
190;
2902;
11683;
9180;
974;
6190;
11754;
8092;
996;
4467;
(1723,10733);
2621;
12415;
(15631,15683);
1829;
11493;
4494;
1052;
13367;
12151;
9913;
(33,3586);
(285,2850);
4267;
10368;
3353;
5647;
4892;
(8863,10766);
14123;
14234;
7284;
9408;
2407;
14400;
10049;
(((4767,8385),(2347,9355)),((973,13076),(4773,11324)));
880;
807;
(11597,14589);
8491;
1958;
221;
15485;
9272;
12823;
11652;
10691;
12360;
12318;
12681;
(9385,9881);
15337;
9567;
8773;
7991;
11812;
1200;
7667;
3530;
15577;
6489;
12432;
7664;
7479;
9098;
3500;
3345;
9292;
7500;
13000;
14248;
(3618,10915);
9484;
11171;
8083;
10838;
15640;
(8263,11255);
(8231,10787);
14172;
15684;
(8753,11998);
11983;
4876;
(3801,13411);
4995;
(1544,10537);
14135;
11188;
1536;
830;
10946;
6784;
7238;
7365;
13596;
15468;
6279;
13759;
12478;
14819;
11438;
3689;
15391;
1494;
5936;
(7582,(4523,8796));
11844;
5239;
3228;
11483;
(7548,(12529,(1208,(6881,(4933,5535)))));
8022;
6264;
936;
3640;
7733;
11112;
9107;
15149;
(4948,7626);
9971;
6263;
14618;
14661;
2671;
12604;
10899;
9271;
1422;
5508;
1703;
9422;
15140;
13874;
7086;
14889;
5312;
202;
13538;
14582;
1547;
11332;
890;
(4238,15302);
(7498,14749);
3042;
15057;
4229;
3391;
5799;
7801;
13932;
586;
6466;
4383;
4157;
10211;
9631;
8594;
325;
10678;
(2044,14334);
13380;
1462;
10955;
10318;
12242;
1773;
10912;
10546;
7781;
15399;
14349;
15176;
9677;
928;
1816;
5371;
(2310,15107);
6717;
2167;
(4028,13406);
(492,13604);
6665;
3711;
4365;
5142;
9430;
8761;
12363;
12820;
10986;
4750;
11079;
(((1942,11275),(12082,14755)),((1937,14323),(781,2880)));
12134;
(10150,14540);
5490;
5459;
8123;
15039;
14196;
6289;
13803;
12779;
9588;
4878;
5648;
2206;
10738;
13257;
2862;
(10608,15615);
7069;
7564;
8030;
1146;
15242;
14272;
(5868,10152);
6447;
11963;
15178;
6870;
9061;
11348;
14592;
12167;
6071;
8882;
8076;
7952;
952;
15264;
9338;
6823;
15343;
15167;
5721;
11825;
14115;
2048;
11383;
12583;
2169;
11177;
2696;
13089;
4949;
152;
15464;
15341;
((4032,9492),(3037,5101));
(8133,14240);
11872;
11442;
5299;
11798;
1147;
(1726,11694);
2822;
3842;
(2295,3616);
232;
2106;
8393;
2337;
4459;
14861;
10459;
12343;
3028;
6188;
11788;
4293;
13208;
730;
3720;
7875;
12726;
5797;
(9938,15405);
4634;
226;
10024;
6694;
(48,3178);
14820;
1162;
7397;
12605;
14754;
2005;
(2663,7409);
12905;
2227;
12041;
14665;
597;
10389;
10902;
12838;
13306;
(1987,6200);
1587;
5074;
5316;
7505;
(3379,9209);
5385;
1872;
9359;
6486;
9940;
(2061,13368);
(5039,9611);
15449;
9382;
10491;
2180;
12025;
10242;
10726;
(9143,12972);
3941;
7533;
15128;
1967;
14450;
14322;
(8226,13062);
(5023,12128);
13826;
2009;
5930;
12516;
8797;
14260;
10274;
10112;
(5208,5343);
14903;
4255;
12045;
423;
(2036,15292);
5318;
(8168,12723);
(4852,(12271,(8778,14032)));
6885;
6926;
14276;
13495;
8143;
7004;
2884;
9487;
14319;
2138;
8779;
14447;
7555;
6147;
10995;
8989;
10401;
4143;
14810;
7087;
10379;
380;
13639;
1744;
3925;
8652;
13783;
15471;
5849;
12105;
10933;
(3575,5606);
1307;
14473;
3344;
2946;
14614;
1617;
10124;
15078;
7798;
1413;
2352;
(11620,13956);
11297;
(10226,(1342,13798));
(2064,(4398,(4156,11829)));
12431;
1989;
6496;
(8496,10775);
(5083,5313);
4631;
15162;
7653;
1047;
13782;
3212;
14590;
7447;
8211;
13474;
7726;
600;
3351;
11508;
6604;
1105;
4320;
356;
(11518,14579);
7752;
3742;
8023;
(2584,6667);
6888;
15089;
9172;
(1722,5748);
9285;
5057;
11212;
15333;
1797;
(11431,14998);
12684;
15181;
4807;
117;
11098;
1295;
1471;
3656;
15239;
(3824,5739);
6346;
4921;
7133;
8413;
11663;
827;
12331;
2075;
(13574,(3137,9043));
12379;
109;
7546;
(11558,(5794,11873));
10183;
15361;
2178;
5068;
(7766,14832);
5986;
11099;
13889;
14671;
8082;
(2755,3487);
3743;
3141;
10734;
6027;
10743;
3201;
((7826,14785),(8090,14418));
(6963,11795);
1740;
4571;
6161;
8995;
10047;
9563;
14316;
(337,(8910,9212));
4298;
(2670,11090);
13255;
124;
6907;
(5633,14474);
2430;
(6485,12646);
6145;
15278;
15443;
8063;
1026;
7757;
3905;
508;
9839;
(5328,8878);
4435;
1828;
9463;
894;
10823;
14289;
6900;
1156;
14121;
2791;
8776;
13515;
7576;
(2002,5805);
4600;
634;
5756;
252;
11775;
13040;
6539;
11020;
964;
4907;
6815;
(10363,14944);
9424;
14774;
(848,15624);
(5024,6440);
9602;
151;
14208;
12597;
(7276,11924);
15000;
11341;
5207;
8173;
7552;
4748;
3591;
9655;
15327;
15148;
4170;
15426;
5075;
5109;
((8698,(11477,13937)),(10611,((10696,14209),((270,4135),(832,(2457,10279))))));
13832;
10717;
11433;
5650;
11794;
(8463,9496);
9142;
5861;
(1038,1445);
9727;
5217;
7666;
6795;
187;
7905;
3275;
9950;
3980;
13571;
5764;
5655;
11243;
7979;
11363;
9226;
1596;
9676;
6868;
8714;
7323;
7357;
669;
7414;
6548;
8481;
11464;
14058;
6368;
3175;
4739;
1559;
5166;
9438;
9489;
9168;
(9709,14275);
13838;
15390;
(3523,8915);
5456;
6434;
581;
8243;
3531;
13302;
3538;
9488;
9690;
12717;
(5598,6880);
8295;
1270;
(2037,14223);
9949;
3246;
8431;
4919;
(3249,7355);
10699;
1072;
7351;
2556;
9191;
(802,9069);
11097;
10358;
5668;
2228;
8494;
3032;
5198;
1939;
2491;
5944;
712;
9836;
5962;
14780;
11250;
15030;
7935;
15313;
13649;
13820;
(4650,4785);
10827;
(4707,8887);
6947;
15037;
(6833,(1303,15350));
5091;
7775;
15322;
1684;
10958;
6133;
10034;
8381;
12687;
6534;
6699;
1704;
9121;
1496;
10488;
(1160,8521);
14125;
9696;
2446;
12457;
12085;
11001;
6859;
6272;
6265;
15218;
14682;
14444;
10121;
10293;
13429;
2631;
1263;
1824;
11678;
(2845,8268);
7312;
7387;
5919;
(5256,5518);
11959;
2650;
4053;
14849;
(7891,9329);
8329;
3569;
6884;
9969;
8715;
4969;
(10605,14446);
11681;
7939;
1368;
13771;
2319;
3067;
6877;
10625;
11593;
5427;
13727;
(1877,9222);
8621;
3229;
2179;
(1140,10990);
12135;
6411;
8136;
(8294,12841);
(8769,13656);
13342;
9948;
5230;
12797;
(3184,7772);
1561;
9664;
(7145,(2489,3335));
8981;
3512;
8856;
9316;
9493;
4387;
11189;
4732;
9511;
4624;
954;
7501;
26;
131;
(7369,8570);
5980;
8573;
4561;
3270;
8126;
9620;
12229;
7165;
15682;
(2706,14157);
3162;
176;
2066;
12601;
(11604,12425);
10904;
6128;
(5402,11753);
(7838,14694);
15614;
9274;
8206;
13773;
12590;
1459;
1109;
5616;
(6171,12784);
12315;
11349;
5685;
3606;
7285;
7213;
2253;
13195;
13174;
1615;
13564;
(6819,9416);
4639;
4434;
15481;
12550;
7558;
4182;
4617;
11305;
(3763,(7701,9641));
12230;
(4358,8458);
(13261,14511);
9374;
6595;
12783;
12157;
8209;
1474;
1642;
9796;
1246;
7372;
9837;
(5541,10304);
8786;
12566;
(1075,9548);
13724;
11298;
14332;
2408;
(1326,1985);
13815;
12965;
(5130,(12634,14809));
8426;
4751;
4038;
2725;
12752;
2994;
1493;
971;
6650;
3436;
9924;
7289;
9088;
12463;
5848;
4360;
8777;
1097;
189;
8983;
4071;
5557;
10494;
10664;
2745;
9091;
2335;
9044;
4245;
7640;
9159;
4946;
38;
6831;
947;
1891;
7985;
6511;
13959;
5483;
9262;
14105;
9245;
1235;
13043;
9896;
12353;
10502;
1370;
(13520,(11814,14190));
2007;
13125;
(6970,(15558,(4980,10285)));
510;
10033;
5618;
2514;
7214;
13743;
10694;
12937;
15420;
12735;
2196;
6232;
12465;
8617;
3829;
1056;
458;
3909;
6257;
10834;
29;
3341;
7065;
14593;
13862;
(15122,(2171,13822));
8134;
7734;
12371;
3385;
8520;
1269;
(10628,14855);
13300;
4910;
(1274,14941);
(10007,15064);
12088;
10937;
4330;
537;
6691;
3670;
15474;
10202;
1612;
15315;
11529;
(3427,10091);
7327;
6942;
9852;
8066;
4974;
13063;
6498;
4920;
7927;
4424;
14798;
6943;
6372;
11717;
9825;
8538;
3891;
4279;
9373;
13470;
8907;
87;
7524;
15379;
(9543,(7970,8876));
14907;
4908;
12625;
13664;
9775;
13964;
(1258,7383);
10617;
(5268,6448);
9421;
2683;
1025;
6662;
5569;
6077;
4394;
15620;
8913;
15210;
9780;
(181,8058);
949;
15649;
(10203,14421);
13699;
3333;
15236;
6576;
14353;
4898;
13422;
(9479,14415);
10069;
5921;
6181;
(7711,8457);
4306;
9889;
1421;
7790;
13326;
7705;
901;
(7216,7885);
4909;
7078;
13407;
(4004,10169);
9371;
(8772,9309);
13272;
(7735,15427);
5871;
11133;
13266;
2757;
6253;
15316;
3173;
12710;
(8304,15520);
11709;
(12455,13387);
11021;
14333;
1483;
14086;
10345;
8096;
3802;
2601;
10371;
12437;
9058;
(1525,2255);
10812;
5948;
3492;
(725,10869);
11102;
11169;
4454;
(1356,11706);
7810;
9559;
7255;
5436;
3284;
(585,6769);
(107,11235);
14800;
6302;
699;
2488;
8065;
(4111,7607);
8783;
9695;
9170;
4573;
8747;
(3117,10796);
1914;
7335;
13896;
13617;
(6928,13799);
(4839,(10413,15170));
5154;
14224;
5530;
235;
274;
13052;
8148;
(624,2429);
1030;
(4474,5296);
3919;
6854;
10346;
8898;
13510;
1754;
2982;
7089;
(4173,5478);
3326;
(14183,(4413,7482));
7361;
577;
4845;
1068;
7159;
14977;
7868;
2038;
7308;
14346;
1458;
801;
9985;
13519;
11236;
(66,5471);
(5886,13865);
1170;
5642;
7265;
349;
13414;
(8909,12493);
5407;
12766;
1601;
728;
6554;
10356;
7247;
14097;
3833;
200;
13739;
14442;
15177;
15402;
2628;
12440;
4644;
6106;
7299;
10705;
7600;
(8429,14751);
8568;
15048;
10675;
1836;
7378;
11862;
3022;
(6791,8927);
3624;
7822;
4391;
7884;
11408;
1534;
12754;
1671;
5896;
8187;
11257;
15572;
9210;
(51,13334);
2689;
9783;
12810;
4728;
11930;
8091;
5380;
13175;
15364;
10429;
(7818,13794);
14452;
8585;
11958;
4628;
6520;
13886;
8214;
5132;
4798;
(1867,3308);
6806;
3758;
13163;
(6239,10209);
500;
11851;
2413;
10728;
3267;
6123;
(2289,13852);
13146;
9414;
14968;
13472;
5016;
1730;
4496;
4072;
308;
961;
3534;
(7092,9510);
7559;
6890;
6624;
13360;
4000;
3498;
1252;
5909;
11555;
217;
(1651,(7297,(14933,(1785,4027))));
737;
7088;
(8155,10514);
(12651,(5867,13098));
5004;
14317;
7877;
8855;
11637;
12299;
8077;
9433;
3399;
(12066,14112);
11105;
3152;
11563;
5212;
(4304,14170);
6014;
(10001,15428);
8763;
12758;
3699;
12526;
6402;
10874;
(1840,9007);
2693;
(6363,6441);
3948;
6223;
5291;
3695;
1086;
4039;
(5770,7901);
10772;
12699;
1771;
9626;
(1837,3646);
4120;
(7972,13251);
3509;
12107;
14695;
7380;
10478;
9030;
10025;
5597;
(3258,6733);
15546;
7694;
2775;
(3,13672);
12023;
14337;
(4375,12992);
11046;
2950;
14859;
3033;
3214;
4119;
11786;
9482;
(12416,14935);
8400;
10316;
7507;
11640;
(15318,((12991,(8489,8982)),(147,8501)));
6048;
6464;
3704;
5769;
7662;
8107;
12512;
6158;
5199;
9710;
(5844,11509);
6759;
1618;
7745;
(2176,3079);
7205;
3632;
5742;
7554;
10299;
6966;
12608;
10256;
11259;
1655;
(657,6371);
12927;
1529;
11008;
6201;
11048;
9018;
8864;
7551;
9211;
9831;
11536;
15;
3936;
2242;
817;
15381;
2259;
2570;
729;
4913;
2145;
14481;
6997;
8808;
3660;
4215;
7916;
12489;
4056;
10097;
9162;
10499;
6019;
7783;
10457;
1514;
7649;
15018;
(10230,13112);
(9352,(281,13210));
15670;
4325;
10790;
5854;
2787;
180;
6574;
6108;
445;
5722;
10632;
(6032,8955);
6753;
14808;
3025;
3319;
466;
8166;
4622;
8291;
12893;
3608;
2859;
10220;
(525,(4294,12914));
10303;
2065;
13173;
4903;
13118;
5759;
5728;
9905;
(2783,(5859,14204));
628;
9367;
7603;
2964;
6911;
8565;
4475;
11207;
13206;
6578;
14642;
(2654,(5717,13293));
2992;
(6627,(338,10685));
14686;
6977;
10897;
(12667,(7933,11884));
11631;
(7156,10010);
(10927,13810);
11726;
12177;
4029;
4882;
6297;
13588;
6376;
(609,2846);
14477;
((7375,11033),(6718,9331));
1110;
10947;
5209;
12632;
10463;
2698;
8610;
(3526,4346);
7591;
101;
8327;
1555;
10143;
9369;
10713;
14012;
15080;
787;
9529;
8411;
5629;
15595;
11222;
8762;
(872,9525);
6546;
14313;
12580;
2996;
15189;
(2273,6568);
8550;
9741;
13172;
1031;
13645;
3179;
15358;
4962;
12153;
5729;
1291;
12581;
2360;
12000;
7897;
11013;
13736;
(13241,(4166,13351));
4499;
11178;
8656;
11203;
9452;
299;
6762;
11743;
2025;
1581;
8584;
6558;
9156;
1538;
(621,6643);
15113;
3777;
10280;
5822;
14792;
10575;
10629;
7056;
7114;
3856;
(1660,4216);
1635;
9598;
13677;
10465;
(11163,12967);
979;
14887;
14575;
4342;
10079;
10040;
2248;
10396;
7736;
9747;
8911;
8488;
13296;
10342;
8161;
(6501,13918);
18;
5664;
13213;
15262;
(4546,12130);
2247;
(3710,11200);
(14098,14650);
11050;
12065;
4368;
2885;
12547;
12781;
(4623,14184);
1564;
10760;
8215;
(11220,15507);
2383;
11961;
11368;
11876;
4755;
1541;
6175;
12205;
538;
3536;
10592;
2518;
7403;
5905;
6101;
1647;
(10323,12445);
3730;
6176;
5224;
2384;
(5504,14791);
4379;
11751;
5636;
12736;
12174;
2275;
5251;
8562;
2336;
8001;
6360;
9680;
5112;
284;
15434;
(5741,6471);
861;
11264;
14509;
9246;
10614;
5526;
8810;
4542;
13152;
12476;
11087;
8160;
1384;
10658;
11554;
10764;
9997;
14247;
((3166,4838),(3474,10395));
5558;
8210;
(3444,9055);
(1729,6630);
7062;
(5145,10984);
8085;
12996;
5025;
13277;
3489;
3955;
7054;
15069;
3533;
12288;
6387;
8250;
13661;
4204;
13935;
(3870,6748);
296;
751;
7476;
1540;
12809;
5489;
(3879,(1441,8198));
(9380,12643);
10430;
5146;
11455;
15256;
2576;
(7740,8874);
8571;
9600;
6141;
7499;
8228;
10886;
12486;
14823;
88;
2773;
9903;
2953;
(291,6882);
9217;
12291;
(793,1344);
1152;
3448;
3442;
7786;
13691;
5897;
13981;
13295;
(5745,(4498,5689));
15557;
129;
2585;
11816;
(4068,9198);
(3293,5045);
10866;
(5293,10739);
3339;
925;
4319;
11402;
14467;
(4336,10479);
4508;
3129;
12622;
8802;
7782;
12533;
13997;
7010;
13061;
14210;
2405;
3895;
11584;
10810;
(1598,7936);
3735;
12351;
7944;
5260;
13684;
8002;
681;
11535;
(11301,12048);
4076;
10241;
210;
60;
267;
7644;
10361;
14971;
14926;
13687;
7230;
2954;
14707;
14457;
(778,9917);
7179;
1654;
10627;
7519;
11967;
6250;
5261;
9420;
8561;
2537;
10473;
12054;
865;
8373;
4233;
1526;
11380;
6591;
3035;
3495;
11528;
11327;
182;
4096;
13978;
1297;
528;
7045;
9607;
6946;
13622;
6825;
13614;
11224;
12660;
2866;
14562;
9079;
1161;
((8545,(7849,10418)),(2664,12636));
667;
6292;
10564;
(13047,14178);
11877;
1250;
6971;
245;
818;
13299;
5608;
((10393,12720),(10060,10462));
6887;
(3260,(8551,13271));
3392;
10425;
2786;
13701;
7852;
11412;
11045;
8175;
12095;
14171;
871;
(1727,9250);
11874;
9501;
9755;
9841;
6268;
5985;
1844;
10513;
15103;
3866;
9231;
11489;
8190;
10579;
10195;
14786;
11053;
343;
4196;
(7510,14383);
3194;
5133;
9830;
10028;
5061;
14282;
1395;
(4168,(12771,13678));
6840;
5373;
4731;
10871;
2157;
(6354,9802);
3458;
15444;
6830;
15272;
13757;
(5587,8117);
(261,12544);
(12969,(385,4098));
6144;
(1570,7665);
14252;
2172;
15212;
7421;
1272;
10133;
11338;
11830;
4736;
(1899,14395);
5891;
8582;
15028;
775;
(32,6139);
10677;
2865;
10269;
11957;
4714;
(8103,13756);
13016;
12317;
6166;
(1662,7331);
6957;
9346;
523;
4813;
(165,4615);
15622;
10586;
3867;
9751;
13248;
6896;
(5661,9768);
(1912,5691);
10591;
(3949,4087);
2856;
13531;
11476;
6585;
3206;
5823;
911;
15344;
3729;
3985;
13079;
7631;
1614;
1204;
(6549,7373);
14852;
10560;
9303;
14775;
462;
(8191,13685);
7193;
6086;
7873;
15284;
12022;
9283;
5248;
(136,15408);
1230;
11540;
2614;
300;
1537;
9481;
(465,4307);
(522,12675);
1158;
10317;
4503;
8733;
6653;
7992;
3251;
(6478,(11360,(4594,11896)));
12827;
8912;
731;
15092;
((13963,15588),(1952,11774));
4132;
8514;
991;
15616;
(7560,13788);
4884;
3506;
9049;
15550;
2789;
(9585,(892,14574));
13453;
(3651,14078);
4408;
874;
2325;
12929;
(3346,4011);
99;
5965;
10409;
13980;
7405;
2112;
482;
4140;
13631;
1020;
6618;
10768;
10642;
13005;
9321;
8620;
10093;
4688;
10294;
6251;
6315;
(476,9733);
12352;
12801;
8701;
3375;
9025;
6535;
12420;
(4592,13056);
12661;
13322;
7167;
6134;
417;
15012;
297;
(4926,8271);
11819;
(13201,14071);
(6394,8201);
13034;
(4701,7714);
13156;
13686;
6683;
(4757,4810);
9110;
4818;
11960;
2890;
14283;
12662;
9884;
12609;
2078;
4697;
1531;
12439;
10222;
(3782,8195);
11822;
(85,3482);
10809;
6283;
3983;
12564;
6266;
15369;
15082;
11560;
2877;
(7590,15172);
1122;
1556;
12954;
13629;
15001;
3384;
(2986,5789);
((4290,15159),(228,7813));
7173;
(1084,5437);
11069;
15453;
11533;
6995;
2113;
8120;
9888;
13139;
13723;
12472;
6459;
3916;
10554;
8622;
(10386,12127);
14693;
(1023,4178);
6278;
765;
8396;
15185;
(12803,13821);
(6746,9123);
5123;
1319;
2161;
4661;
3657;
14828;
8986;
4991;
6589;
5574;
3650;
1394;
(5754,(7306,8580));
14881;
12119;
(5153,(4541,14034));
12159;
5092;
10901;
12631;
6655;
(13117,(9276,11973));
12565;
10078;
2647;
11544;
10449;
4169;
3636;
2356;
(1012,9606);
12875;
(4705,4950);
1143;
3647;
13189;
6398;
5781;
8319;
9163;
9117;
6009;
3627;
4984;
(5507,(10186,11415));
12883;
9104;
7683;
9026;
(15461,(8108,(6707,9782)));
186;
4347;
11063;
(5390,9068);
4585;
10580;
2910;
10868;
14259;
6202;
(14603,(329,8074));
14262;
(1639,1656);
3431;
4967;
1932;
4873;
15654;
7964;
(8260,10119);
(6519,10550);
(7258,13586);
(1934,11589);
1491;
5988;
10794;
13744;
8253;
10354;
(6329,6562);
10213;
11826;
(4195,11405);
(13259,15403);
11009;
(3359,(61,4244));
2834;
1062;
(6476,15450);
(3560,6989);
4765;
3930;
7055;
2127;
(6116,14318);
12146;
4300;
10013;
11691;
2371;
6767;
4987;
11849;
2313;
9037;
2782;
(11802,12053);
10107;
1590;
15033;
10292;
15108;
3301;
3454;
9933;
(2522,9539);
13559;
1456;
4315;
2124;
(7835,13478);
7052;
15605;
2780;
10199;
1735;
12733;
11621;
14595;
11720;
13637;
953;
10558;
719;
12346;
10045;
12807;
2232;
4351;
(10786,13054);
1132;
10813;
((13513,15138),(5671,13171));
14413;
12556;
8924;
10427;
10383;
5578;
3908;
5811;
5935;
(1045,11713);
5241;
10235;
10469;
13304;
(9361,13269);
((3642,12384),((10622,12047),(8127,10782)));
5177;
2965;
2887;
10476;
2580;
4305;
(2213,2669);
9726;
6516;
10191;
12250;
11492;
(6613,(1811,13268));
(10501,(7260,9306));
14765;
110;
10290;
9946;
1082;
1897;
8969;
(3894,14141);
((10134,(6992,13161)),(11669,14419));
9296;
(1838,9388);
13480;
(4299,(1442,14085));
7682;
15090;
15021;
(9313,10951);
10315;
6564;
5693;
2720;
13501;
4;
13183;
10052;
2911;
2593;
2376;
12782;
3881;
4529;
6236;
4009;
401;
13884;
((587,1074),(5680,10135));
(2550,11019);
11211;
9019;
(5286,15297);
6783;
10773;
8375;
7597;
10103;
13454;
1687;
12596;
11386;
(315,7277);
5184;
6902;
5186;
1488;
14558;
11154;
10599;
7732;
(6462,10970);
(2930,11064);
3205;
11241;
6321;
1793;
891;
8244;
14227;
14914;
7785;
11057;
6697;
(1133,10526);
4329;
15401;
13648;
736;
4625;
5175;
11199;
12545;
13088;
11185;
13340;
2717;
10177;
6319;
8177;
14865;
15252;
15641;
7750;
(9803,14116);
12421;
3450;
12777;
7319;
4301;
3928;
6335;
8371;
15626;
13879;
5612;
11758;
(3493,13389);
7685;
2750;
4877;
10777;
3552;
(960,12558);
7748;
12269;
5262;
7360;
2825;
8591;
15438;
15050;
5815;
10155;
13735;
794;
(7941,(5360,(2827,11150)));
(3522,4589);
9157;
13191;
1565;
3845;
13267;
12096;
9410;
1166;
6969;
7882;
13547;
12825;
11651;
9767;
5588;
(7850,12913);
5435;
5058;
3080;
1964;
4100;
15126;
3507;
(2958,8492);
(483,14059);
2021;
4528;
1144;
5111;
7675;
10168;
13854;
4715;
8227;
8406;
1283;
8044;
9300;
1880;
13207;
2193;
8937;
7012;
9131;
1943;
6118;
6124;
9858;
12977;
3631;
8527;
11748;
6810;
388;
5034;
(2358,3148);
4437;
8399;
2299;
(259,6751);
15308;
7571;
2571;
1953;
10083;
6615;
9304;
8035;
13065;
8300;
3110;
218;
727;
2316;
15606;
14237;
(11682,14726);
((4106,13522),(1512,14541));
9952;
13035;
14350;
9603;
2842;
13157;
443;
1180;
12595;
1399;
13318;
9093;
12503;
9959;
12517;
7488;
12372;
7779;
14296;
3356;
1287;
11577;
4937;
10182;
6121;
3261;
8815;
6536;
7915;
8348;
12441;
12284;
2697;
14042;
13482;
2641;
14167;
8971;
6271;
(4975,(5947,(12574,15062)));
11736;
7465;
4717;
1183;
11660;
12354;
13898;
7354;
8033;
1653;
10086;
(4791,7236);
11452;
14161;
11801;
11641;
6456;
7608;
14347;
15246;
4584;
2826;
5362;
12423;
((6597,10653),(3438,11467));
1485;
14039;
7805;
(711,8574);
13751;
1383;
12587;
13553;
8532;
9442;
8254;
3957;
11765;
15349;
14624;
515;
1000;
14389;
2619;
12502;
5358;
9915;
11073;
10731;
1760;
(8164,15513);
10141;
11895;
(912,14405);
4943;
7828;
12615;
6758;
11186;
14683;
(5370,12520);
(4031,5245);
(2801,14101);
11093;
11600;
1409;
(2417,(7928,9615));
13286;
918;
10884;
12696;
4646;
7182;
12589;
11110;
8045;
(6080,(2483,5377));
2639;
8199;
5104;
9124;
(378,2740);
6953;
8579;
2150;
9776;
7583;
12319;
8674;
9805;
(9109,12785);
11854;
11214;
2084;
14404;
(15374,(5933,14345));
(2503,7125);
6303;
3123;
7441;
6984;
11221;
4129;
9353;
4944;
((6538,(12543,(15352,(3884,(9700,(3332,(6602,(7749,7863)))))))),(5894,(7898,12504)));
10056;
9653;
12093;
5216;
293;
8812;
12400;
2486;
3159;
9763;
13309;
752;
8052;
9738;
(8789,14023);
(6333,12326);
(9842,15415);
8285;
4443;
705;
11928;
14927;
(4899,11977);
3111;
13868;
6364;
7115;
13504;
11823;
4427;
2013;
11899;
15521;
15085;
8865;
3537;
2544;
3822;
11905;
2212;
(10248,14796);
1694;
13616;
8476;
15222;
7791;
3490;
10700;
5734;
6220;
665;
6514;
3049;
9934;
12260;
6619;
1689;
14120;
8879;
8895;
14193;
10891;
9022;
8925;
10601;
13396;
14003;
6962;
5124;
6186;
15233;
8696;
3716;
7848;
3378;
14502;
(5634,11684);
10906;
3587;
14274;
864;
7624;
12256;
6541;
11785;
10855;
14620;
9078;
3604;
11295;
5527;
(4484,14075);
(3066,7506);
(8663,10524);
670;
13860;
10688;
1604;
12050;
1189;
2542;
3991;
9317;
7623;
11839;
3952;
6436;
2565;
(4176,9637);
3988;
7721;
11119;
(9356,13502);
4983;
10756;
7404;
6345;
1424;
9790;
(637,10205);
4016;
13793;
8262;
1918;
7976;
5602;
3525;
3072;
(2250,11239);
6328;
14876;
11574;
15010;
12365;
6131;
10291;
(3398,13549);
7075;
13923;
13365;
(598,2498);
(3109,11979);
4062;
15259;
9838;
5171;
8178;
2942;
3961;
(529,(3294,10563));
12515;
12412;
5444;
(7895,10084);
8528;
11370;
12073;
8042;
4409;
3132;
13362;
703;
11633;
11649;
10602;
6673;
10271;
1365;
13430;
2555;
11174;
6682;
10129;
15071;
8449;
(6234,14685);
12701;
12407;
313;
10521;
(1808,9286);
(14291,15058);
13503;
12286;
58;
(4421,9914);
6492;
7596;
(5821,10286);
12761;
3204;
8297;
5951;
12017;
15514;
6452;
(12904,13855);
10833;
1064;
5738;
11885;
11949;
15447;
5394;
10965;
12373;
15494;
13166;
(10893,14886);
(6544,13693);
2767;
14484;
(2928,11927);
(13611,15359);
12120;
13603;
9806;
(5443,9670);
(2083,3825);
15671;
6366;
9908;
9752;
14713;
8724;
14215;
14192;
997;
10877;
1150;
5297;
4883;
279;
(11511,13138);
(800,12686);
10595;
6406;
354;
4471;
14402;
5473;
15597;
14896;
4826;
10128;
12711;
3652;
8130;
9042;
7983;
((1798,9129),(6950,7352));
10158;
14893;
970;
7197;
8868;
8697;
1809;
7480;
14835;
6254;
5652;
7638;
8649;
2852;
4666;
3972;
7974;
8007;
9451;
15484;
(3674,8690);
9350;
(11024,13237);
10144;
10961;
7700;
8338;
(8547,14056);
12946;
3797;
5784;
14064;
7918;
8212;
15536;
8194;
(8996,12756);
7461;
6163;
(841,5892);
1997;
7599;
12728;
4326;
(4464,10022);
8873;
(203,15565);
10071;
2716;
6725;
4207;
10646;
1475;
15351;
11503;
3165;
7098;
8849;
15581;
11351;
12014;
9773;
4822;
919;
1889;
550;
1611;
3557;
1137;
4374;
10780;
10740;
14476;
10334;
10415;
15362;
3150;
2848;
4179;
13391;
(1716,5899);
8232;
4596;
5151;
(7103,7917);
4258;
840;
6621;
6612;
12561;
9705;
7971;
10240;
9299;
10444;
10455;
6879;
929;
10959;
14822;
2604;
14862;
(9330,14095);
15055;
3748;
7195;
9859;
12380;
7563;
8857;
5433;
2190;
14387;
8146;
4322;
7410;
12215;
4784;
9483;
10534;
4730;
1783;
9667;
(3917,4506);
4922;
2761;
11636;
9227;
(12886,14001);
11354;
12474;
14945;
14850;
11534;
14106;
7262;
7800;
14501;
1465;
3455;
2829;
6099;
6938;
14553;
10266;
5458;
6258;
5281;
7020;
3934;
4345;
1066;
5434;
(10913,13427);
(8428,(271,(4602,6672)));
5351;
8668;
13746;
1848;
15294;
9906;
7434;
9756;
(13142,(10715,12214));
5529;
7778;
2824;
9557;
4951;
13359;
2309;
10442;
15360;
6622;
13058;
1035;
13015;
14288;
(183,2905);
12106;
8616;
3097;
2318;
334;
13162;
12216;
7931;
9927;
5724;
7763;
13051;
14652;
(783,14803);
5388;
11085;
3554;
2528;
1851;
2331;
341;
(13566,14548);
(2122,10074);
14689;
13226;
9760;
8485;
6745;
8067;
14423;
(2818,14226);
1345;
2460;
(2377,10683);
2087;
6545;
14273;
8667;
7816;
4522;
7032;
1006;
3846;
14597;
11439;
127;
9514;
2674;
11598;
6352;
(14515,14643);
6177;
9704;
8725;
(1411,6533);
12832;
5788;
77;
11258;
4037;
11353;
11202;
2915;
5913;
((5746,7413),(8222,14662));
5065;
14496;
10870;
14866;
((3093,4847),(11506,13765));
(9000,11724);
7217;
10969;
3247;
5152;
5730;
10115;
(7137,14358);
1549;
6395;
6688;
9772;
3907;
4356;
12885;
11007;
9792;
10914;
1734;
14040;
6958;
1680;
13866;
7713;
5974;
11991;
7426;
1432;
2925;
12522;
7379;
6290;
4956;
7071;
13331;
410;
7573;
8825;
9096;
35;
12307;
13352;
2947;
6754;
514;
9638;
9474;
11369;
10765;
14623;
2893;
10922;
1599;
14299;
5314;
(4047,12046);
(4480,5499);
(3233,9074);
8258;
4816;
14982;
9393;
13995;
(4527,12672);
12187;
10050;
(8364,9141);
3094;
9572;
13240;
14084;
11082;
7799;
14752;
2141;
4396;
(2414,11673);
9728;
12530;
965;
5400;
2975;
4138;
9233;
1790;
15251;
7031;
4900;
(5465,10387);
3328;
5211;
14717;
3106;
13292;
2355;
4131;
12030;
2365;
12328;
13151;
5699;
2487;
4804;
9702;
6412;
9879;
6407;
8930;
244;
3429;
11546;
1719;
(7511,14630);
13476;
(11510,12059);
12419;
13696;
8390;
(9203,11193);
11209;
7770;
(8462,13920);
1211;
5484;
((4261,7832),(3215,9660));
6633;
14153;
(5803,5901);
15077;
2095;
6652;
3488;
6743;
15305;
4545;
831;
13572;
13835;
4108;
3140;
4655;
12843;
(2760,15662);
7942;
13897;
7067;
3350;
3619;
8071;
14638;
10542;
15542;
((4313,9576),(2135,6070));
14895;
3648;
8612;
(1405,2071);
10231;
(7880,15563);
5454;
9293;
13528;
11519;
5204;
9139;
987;
5027;
13516;
13902;
7364;
15629;
9001;
2957;
(11100,14080);
10075;
10566;
12361;
304;
15579;
10730;
14088;
3976;
8388;
(10065,12243);
6339;
(5346,8019);
9621;
5762;
(10038,14584);
12824;
14280;
7494;
5950;
1324;
3210;
4357;
7458;
13817;
1714;
7472;
9697;
15478;
4021;
(439,13310);
4539;
13647;
2627;
8788;
15220;
6856;
4113;
(2984,8875);
12978;
9145;
2039;
(2373,9897);
15397;
5580;
4598;
8647;
301;
1907;
8255;
1820;
67;
4643;
12635;
4190;
2026;
3939;
10822;
11863;
305;
7760;
6475;
9301;
10048;
6729;
4616;
6391;
12616;
13494;
9112;
12304;
73;
153;
1164;
5347;
13651;
5213;
(5561,(2512,6320));
7388;
4771;
11379;
11856;
2521;
958;
15638;
8854;
(932,9791);
13220;
(3617,(8498,11953));
6826;
84;
11730;
11056;
10102;
8686;
6742;
(3373,4007);
6446;
3964;
1705;
(6506,14636);
14539;
14730;
3062;
11061;
8256;
2849;
3238;
1343;
10736;
10289;
4105;
7309;
7187;
13188;
4284;
7679;
10147;
7568;
10910;
12143;
5321;
14410;
7648;
8794;
11883;
(1567,4270);
1487;
352;
9937;
12183;
14374;
4636;
(9797,11352);
5614;
14470;
11557;
2270;
7842;
9347;
9048;
81;
12500;
8325;
13233;
13402;
12460;
4256;
14127;
2266;
12099;
2690;
9133;
2878;
14050;
7990;
10798;
(2421,(5995,12962));
8588;
459;
2401;
7945;
1096;
24;
6260;
12402;
9032;
12253;
10072;
6645;
10423;
3496;
5904;
8185;
5391;
8914;
(10942,(3687,7040));
3755;
11605;
8417;
3897;
1138;
11868;
3268;
6876;
11148;
12140;
4581;
12314;
13913;
10662;
11531;
12204;
5775;
9753;
11813;
858;
(47,1480);
2246;
15274;
6216;
13234;
((11832,15632),(5993,8202));
5047;
9715;
(2988,6937);
8613;
4842;
3447;
2027;
14397;
11423;
12945;
5646;
8834;
8486;
6045;
9397;
6677;
10437;
14460;
1444;
164;
4808;
1935;
12506;
15535;
9215;
12831;
15582;
8490;
1242;
302;
7671;
5850;
11317;
14284;
15378;
7149;
12195;
(3790,13110);
11547;
14666;
3348;
859;
4145;
12386;
8738;
2699;
7845;
2074;
7495;
2431;
12142;
(4023,13104);
3826;
7758;
5709;
(9799,12741);
10151;
11299;
2033;
11377;
5999;
269;
13636;
2906;
1659;
9480;
4064;
13141;
273;
8676;
1451;
5678;
(1453,11733);
13774;
13253;
1239;
7341;
(5765,8987);
14109;
9307;
12070;
13370;
(1225,10666);
1619;
5810;
(5626,11710);
10485;
3276;
6730;
10988;
11498;
1657;
8782;
5875;
(4334,6522);
3796;
5165;
5967;
2257;
2399;
13936;
13087;
5169;
6915;
11273;
14928;
2749;
12473;
1552;
2918;
5233;
163;
2341;
1759;
7997;
72;
1301;
2944;
403;
10451;
11838;
(13202,13859);
7881;
5259;
15570;
9886;
8743;
2043;
12364;
5572;
(3893,11041);
(675,10353);
4263;
6584;
12528;
10815;
5477;
2630;
12523;
12536;
9066;
11328;
(320,1359);
5398;
882;
10749;
12548;
1636;
14242;
11268;
9328;
12539;
(5666,6025);
11887;
6813;
14030;
11028;
12138;
11023;
8487;
1328;
9640;
13491;
12336;
10805;
8509;
3962;
276;
12241;
565;
8970;
13120;
13755;
13317;
10216;
113;
10424;
170;
1187;
14343;
(2471,15197);
14667;
12296;
12510;
12952;
14510;
10002;
15608;
(1091,11266);
9335;
13568;
1111;
3257;
9063;
853;
9963;
8343;
10414;
5116;
(4619,9643);
(2073,3139);
12811;
5136;
14489;
9926;
2034;
(4402,8440);
(6714,11233);
(2229,(1669,1947));
(648,7245);
7706;
321;
11394;
195;
(9464,14949);
3321;
10347;
5601;
7613;
(4112,12538);
1037;
11595;
11425;
1592;
12628;
11289;
12345;
934;
3468;
(5623,14858);
15645;
1098;
12999;
14373;
10061;
8059;
2011;
14356;
9900;
5713;
9551;
14978;
4759;
9642;
12908;
5956;
1574;
8684;
5543;
(3933,15215);
(4685,4782);
10569;
10146;
14946;
15230;
13990;
1834;
14231;
96;
13456;
10489;
15413;
(3800,8150);
(8414,8535);
1460;
3001;
2424;
6927;
12028;
13187;
(1397,10857);
3397;
386;
4743;
2153;
3831;
3924;
2516;
231;
363;
11942;
1226;
12261;
11817;
7024;
3316;
2182;
13086;
6894;
4085;
13679;
14138;
7439;
(3381,7456);
(5445,14508);
15510;
9894;
2904;
11569;
12650;
1334;
12931;
3637;
5555;
5708;
6680;
((5009,9698),(477,13106));
4335;
13766;
14180;
(3467,9458);
10306;
15486;
12484;
9538;
2888;
(2163,5421);
10935;
5399;
11121;
13280;
6632;
(1331,7540);
3990;
9566;
694;
5363;
13080;
10006;
3812;
(612,5127);
7973;
2008;
14335;
15203;
12098;
6457;
10497;
5548;
(1348,3077);
(2617,4225);
13507;
10099;
(977,6601);
(11993,(372,11052));
9991;
3827;
11611;
5423;
(1120,2999);
13405;
10096;
(2945,11987);
2940;
4022;
7903;
1750;
13419;
7725;
11138;
1825;
1329;
(2648,5663);
(3599,(5232,10549));
2520;
(11757,(897,9229));
6781;
(9182,12960);
11878;
4941;
(5863,14147);
(2342,6445);
2644;
7211;
11114;
373;
9461;
6734;
1981;
8644;
503;
15512;
4989;
5294;
4555;
(4269,7809);
11607;
9868;
8754;
6424;
7765;
12220;
9243;
(8157,15011);
13585;
9260;
78;
2194;
564;
(732,2292);
5836;
5413;
(3542,10179);
(8564,(7027,9632));
9978;
11989;
(15455,(6117,(4959,5710)));
1866;
5086;
2199;
2764;
7268;
7455;
2129;
11218;
11655;
12347;
(8292,15200);
5274;
3292;
7023;
13887;
4976;
6679;
14029;
4292;
(2678,8844);
13702;
2524;
2511;
3819;
(4680,15117);
(11440,12452);
13212;
6985;
10553;
3701;
7148;
(4915,9165);
4982;
8846;
7731;
5337;
3245;
14690;
8365;
14144;
(15070,(12399,(4888,14403)));
11039;
5959;
13529;
13002;
3605;
6552;
12481;
6834;
2961;
4978;
5457;
15026;
821;
12582;
14517;
7304;
10117;
(12542,14746);
(3696,(7322,10258));
13558;
(3038,5066);
4487;
12034;
14872;
12184;
5031;
9052;
12933;
8713;
2380;
6332;
2652;
1606;
15644;
(3202,14939);
14711;
5949;
3386;
8105;
4070;
1818;
8628;
13180;
((230,7908),(1649,11907));
((923,5447),(448,5920));
4090;
13829;
2869;
(11181,(11170,13933));
2882;
(7513,(11821,12575));
14070;
11634;
2792;
11358;
10993;
360;
9555;
15182;
7106;
15211;
10058;
(594,14166);
5847;
8473;
14241;
13333;
7753;
4745;
5590;
11276;
13111;
(2553,11980);
15580;
15499;
4296;
7171;
(7037,12132);
(10639,13823);
3878;
9672;
8985;
3411;
1875;
9071;
14987;
4875;
11491;
5315;
4450;
7431;
9119;
13998;
(13423,15036);
7951;
12454;
13471;
6756;
8017;
896;
314;
13926;
8563;
5432;
12981;
1021;
13323;
1970;
1545;
10536;
3305;
(((1799,5170),(13524,15267)),((4349,5622),(6631,12657)));
2998;
10663;
(5955,13708);
11701;
9863;
11657;
12150;
8442;
6125;
(11917,11935);
(13613,15418);
10375;
(3283,7504);
3343;
(2143,3340);
9716;
(1136,(135,1758));
13321;
(1522,10552);
103;
7789;
12116;
7190;
5156;
5673;
2800;
3322;
4149;
904;
6594;
1707;
14727;
13818;
1141;
15623;
12745;
14721;
9535;
4964;
9186;
7670;
(4175,5021);
14522;
(413,11857);
6644;
2466;
7911;
4456;
3953;
14757;
8188;
1713;
(8036,11036);
444;
4894;
(1032,6199);
13996;
10000;
7118;
223;
948;
12029;
10836;
11793;
8125;
(1447,3347);
8225;
2482;
(2274,6686);
(9657,10727);
4224;
5657;
3792;
744;
(11995,15223);
(1978,13570);
13825;
8165;
5448;
3694;
14398;
8651;
12228;
9765;
14255;
4469;
3752;
768;
6138;
7326;
14802;
(15500,15571);
7445;
14008;
2790;
7847;
13447;
8456;
5488;
9284;
8346;
15214;
7367;
(8926,12878);
9910;
3105;
(10864,12136);
5036;
3568;
5698;
1751;
486;
3667;
6393;
15635;
8890;
777;
9614;
11303;
1646;
4575;
1832;
5231;
914;
1425;
(4512,8731);
6336;
2695;
3226;
13729;
(1682,(8871,(10482,(5866,8965))));
9630;
(12562,13789);
14432;
1229;
2682;
3432;
15551;
(5808,13795);
7761;
2382;
12719;
656;
12668;
4012;
14492;
15384;
5662;
7044;
11314;
7688;
4102;
1929;
10474;
4048;
(4690,6675);
6425;
3029;
4713;
13400;
1415;
14277;
8946;
14235;
4065;
333;
1950;
4682;
7723;
6317;
5322;
5405;
7802;
9786;
7170;
8328;
12015;
6994;
(1557,10008);
11011;
10166;
4025;
9399;
9364;
4896;
(1962,(3196,8785));
2264;
1396;
13842;
11556;
14530;
2302;
14882;
7727;
5271;
13282;
11784;
14165;
9267;
(122,(7161,(3121,11187)));
8370;
9544;
2823;
6738;
8293;
6698;
1986;
278;
5617;
(6225,10771);
12763;
2759;
4452;
1849;
12775;
15180;
8377;
984;
(6242,11152);
4066;
14177;
2960;
7271;
12934;
11283;
(260,5418);
10518;
13382;
15015;
7382;
740;
5290;
1769;
11992;
4164;
12869;
6703;
13258;
8766;
12155;
12818;
13039;
5349;
15238;
8523;
13214;
6270;
10376;
6437;
14043;
4942;
11739;
411;
4163;
(8623,9901);
4801;
5110;
2218;
1510;
7305;
11164;
14696;
(10630,13537);
14205;
3230;
12851;
2979;
7575;
7904;
11184;
3366;
9363;
11088;
11451;
1977;
8111;
10173;
11542;
6142;
1486;
11865;
485;
((3187,13599),(9002,11879));
3629;
10533;
14741;
5552;
(1708,12644);
10094;
3563;
14151;
6306;
9668;
4095;
2943;
2966;
(1174,2110);
9737;
7647;
5013;
12033;
7811;
2086;
8638;
10109;
12239;
6933;
5063;
14609;
12002;
2263;
2772;
11909;
6918;
1431;
12411;
((7389,12514),(2730,11176));
3303;
4836;
11689;
5105;
2582;
9205;
13939;
11077;
7955;
12966;
6455;
(986,(8543,(12074,(5736,5760))));
10746;
12196;
(15642,((3198,(6156,(7153,(4441,15014)))),(1920,(11783,(2971,15271)))));
13097;
3352;
7466;
4199;
1513;
10142;
13943;
((3108,7142),(2839,6936));
14048;
475;
6782;
1982;
10509;
12079;
13448;
(3643,9633);
14380;
12016;
14462;
14731;
15175;
14230;
((14000,15165),(15398,(5716,(2458,12141))));
((9545,(11931,14271)),(3993,9218));
3545;
(684,10695);
5828;
3843;
6203;
6980;
1059;
(5802,14119);
5928;
14506;
9730;
3413;
5140;
3566;
4954;
6847;
6419;
13412;
2115;
4154;
6920;
4970;
4193;
13123;
14829;
5425;
2907;
2220;
(6766,(1667,(2668,7764)));
196;
((8189,12446),(397,(10154,(9509,(5426,7006)))));
(4332,7208);
12678;
13030;
4317;
3582;
15592;
20;
3799;
726;
6461;
(1921,9920);
11103;
2920;
7059;
(6790,15094);
12201;
3282;
837;
7620;
13532;
1984;
8670;
12090;
8006;
10005;
13031;
1628;
(1362,14294);
9711;
142;
6010;
14471;
4370;
6678;
406;
687;
3095;
3158;
451;
(3883,6443);
12729;
13239;
11333;
9564;
13924;
(15235,(2591,7787));
6342;
7870;
(714,8361);
(1093,(137,2428));
9869;
8468;
2276;
(25,15477);
(6553,11617);
6351;
658;
(7334,(13496,15529));
57;
(7376,11768);
6616;
10068;
(5542,12567);
2543;
4992;
5726;
15590;
15287;
2271;
13988;
553;
2746;
13512;
6399;
5414;
1404;
8940;
4906;
549;
14197;
2369;
11245;
(5330,6684);
14266;
1350;
7068;
3731;
10654;
9750;
3024;
11789;
14388;
6165;
1856;
3324;
2709;
9989;
1125;
6875;
6069;
9376;
511;
9872;
4152;
15096;
8901;
9999;
15183;
6481;
5203;
6062;
11472;
14833;
3947;
5250;
4348;
4556;
4058;
438;
3932;
772;
8337;
10438;
11780;
14424;
6710;
(14566,(9745,14591));
12896;
1449;
2587;
(8636,10779);
1278;
1692;
6052;
(11005,12458);
14448;
14888;
6024;
7729;
(10139,13487);
1108;
5855;
(5857,(11293,(4578,5392)));
3685;
1902;
7377;
1650;
5148;
819;
6786;
(2330,14020);
4099;
11674;
14077;
6846;
8596;
14361;
1212;
8947;
10221;
13682;
14756;
8902;
11628;
414;
15114;
9996;
4104;
8460;
5914;
13244;
12368;
1498;
2374;
2020;
4117;
13790;
8075;
(910,7000);
12666;
12788;
625;
8685;
3422;
1184;
(7853,(11969,14739));
7425;
(646,7140);
8869;
7771;
15347;
(9248,(6238,(15133,15625)));
14738;
10446;
10703;
5628;
(3012,3787);
42;
(9718,(13377,(11711,14948)));
5607;
7724;
7535;
3355;
3441;
11400;
13864;
3516;
10330;
3426;
15042;
6689;
12168;
12727;
5733;
9821;
12495;
13288;
3180;
2747;
12709;
3726;
10835;
8444;
(1017,15666);
13021;
11837;
(978,9200);
2771;
15245;
2546;
7419;
8894;
(1076,12963);
6609;
1426;
3751;
1974;
12585;
4455;
12862;
6267;
6913;
6054;
1414;
4763;
15192;
7241;
(631,14560);
15282;
5714;
3047;
(15527,15689);
11650;
13602;
14906;
3128;
229;
7543;
540;
6844;
9435;
4607;
6849;
957;
11458;
7422;
(2254,9033);
(1712,15394);
13281;
4333;
8891;
7030;
11460;
8560;
4248;
1979;
3745;
3382;
(34,14529);
14830;
9125;
12258;
(504,5219);
14545;
(13989,14811);
12712;
7502;
1957;
13642;
(13356,(11608,(1179,4133)));
10320;
(12316,(7420,8387));
10090;
3855;
5404;
13376;
7602;
12793;
5284;
9892;
11981;
11168;
(8309,(10381,12087));
5387;
13573;
10702;
13178;
5359;
6262;
2089;
924;
5840;
3172;
12246;
4777;
(3595,6172);
13279;
1956;
6818;
(3063,6000);
14033;
920;
6685;
11115;
12751;
14256;
1249;
4695;
(5162,8598);
1711;
5971;
8358;
13115;
10385;
795;
6636;
14615;
(9147,12744);
9587;
10495;
15574;
15503;
12884;
6079;
5547;
2602;
(1069,14377);
9883;
770;
9236;
5327;
2204;
4453;
15548;
5311;
567;
(9907,15637);
10046;
387;
14626;
15441;
3216;
4115;
12310;
(10398,14399);
(898,8719);
(6835,(12287,15448));
6999;
6483;
4323;
1878;
93;
9234;
7264;
2368;
14629;
10187;
6002;
7169;
5179;
14680;
173;
9116;
(8689,13243);
7807;
5536;
13720;
4721;
8436;
5885;
8472;
12688;
6904;
(931,11151);
12593;
11263;
10716;
12836;
12110;
14799;
15146;
(8814,12231);
7049;
11;
7994;
11429;
435;
4247;
(3688,6026);
8281;
(3532,8961);
(5792,6374);
(4381,8605);
4928;
(262,13763);
5523;
14571;
3453;
717;
4841;
9583;
1855;
1745;
2149;
7275;
9406;
8246;
1805;
9281;
2370;
2711;
4567;
15129;
1124;
519;
8745;
6586;
(2640,8152);
9132;
15345;
10873;
2397;
6418;
8163;
4614;
2394;
(6087,10528);
6596;
1585;
12835;
7703;
8233;
13630;
9736;
3771;
13500;
8921;
5257;
14018;
(3167,8050);
11282;
2989;
5676;
10673;
11404;
14750;
((5283,14245),(5344,11320));
2610;
6991;
(6719,14155);
8932;
4681;
6778;
7924;
4840;
(1780,2634);
1116;
13615;
12553;
10820;
14923;
4530;
8317;
11084;
10100;
12255;
12770;
1690;
8640;
5579;
15598;
8624;
4538;
(4870,11705);
12870;
7598;
4911;
14967;
761;
14587;
11387;
4344;
15618;
(4691,11240);
5996;
6577;
6706;
11342;
8053;
13078;
3583;
2468;
(412,(10814,(814,10844)));
4420;
5873;
14152;
15056;
15045;
568;
5631;
9400;
6510;
13557;
10952;
11537;
6255;
421;
14631;
12283;
5690;
15627;
3149;
3113;
6779;
9592;
(6349,11481);
9569;
12772;
13948;
3733;
999;
(6666,12900);
12217;
(10568,15291);
14814;
9343;
3052;
13059;
(4535,7269);
13700;
5479;
2732;
(9648,(7342,12932));
(11175,12942);
9187;
9009;
(690,10788);
1284;
12125;
3083;
15392;
13069;
7717;
7687;
(3078,8923);
14769;
4641;
13373;
4212;
9039;
1885;
(201,7722);
11746;
3256;
10997;
6628;
742;
1479;
(10651,15334);
7194;
7034;
13262;
7961;
5183;
10686;
2006;
15647;
7174;
5288;
2962;
14357;
(2404,(5389,10845));
7957;
2847;
1895;
1500;
1294;
6413;
4206;
11680;
4504;
8084;
1620;
(13768,14217);
(9754,12858);
7595;
10626;
6959;
12598;
7464;
9024;
4534;
5303;
2726;
10350;
(2660,9512);
(3535,6350);
8839;
9584;
11719;
3102;
13481;
15106;
7913;
11321;
4033;
(7066,(7026,8819));
10206;
2701;
4887;
5339;
5809;
7016;
2758;
(4570,12890);
(7661,15301);
14015;
3839;
7121;
10026;
8835;
2244;
(1215,11797);
1290;
3634;
12350;
13193;
12555;
4536;
11564;
(4428,9828);
682;
4376;
3288;
(6143,(6988,(4552,12144)));
2517;
3280;
(100,8604);
4378;
633;
8026;
8534;
3999;
(6444,10204);
(5263,13136);
3718;
13745;
7127;
2536;
11521;
10957;
6036;
6865;
10123;
(1139,2605);
15311;
7984;
(13706,15173);
3565;
(10561,(3722,11585));
9536;
921;
(3483,14222);
11160;
12451;
14367;
13683;
6599;
14891;
11976;
(1154,11803);
14164;
7278;
10616;
8334;
12114;
(14366,14723);
7808;
(4160,7224);
1243;
15244;
(688,14758);
(7968,((7657,(5768,14133)),(9266,12982)));
11322;
8711;
9827;
14341;
402;
(5585,13129);
12845;
2718;
(3005,9067);
398;
15112;
13072;
8277;
9666;
12887;
9056;
(4044,5926);
8669;
(3000,8259);
14025;
1871;
12427;
442;
102;
5793;
1542;
14437;
15424;
2225;
6401;
11471;
3814;
599;
15102;
14049;
8519;
8251;
2832;
3124;
9389;
2924;
(1631,11997);
5441;
15188;
10843;
((9137,10140),(11126,12990));
10872;
13713;
13730;
1390;
1033;
10541;
2495;
(2608,7988);
12866;
8590;
3044;
1040;
12546;
(4036,7368);
14022;
5067;
11882;
14285;
9470;
7412;
160;
12792;
4849;
(5376,8530);
3508;
13137;
(1643,11010);
2000;
14394;
8991;
(7486,15383);
(11776,12436);
8360;
7291;
11145;
8021;
13999;
11080;
3815;
13442;
2203;
1569;
1079;
12577;
(11335,13225);
2727;
(7580,8004);
5382;
692;
14342;
6037;
4354;
2379;
(9193,14681);
(1103,10190);
13521;
(2492,(1437,12348));
14761;
13560;
10224;
10352;
3749;
(3644,12864);
1381;
4253;
4669;
4271;
6518;
(1492,12874);
6088;
1281;
11835;
14777;
8347;
(377,3307);
2525;
3374;
8967;
1801;
9958;
11495;
6661;
3880;
9469;
8144;
((1633,6043),(1607,2166));
6432;
1988;
1572;
4086;
4929;
1975;
3046;
6430;
9167;
(481,(2622,8525));
(2386,(14846,(3096,13544)));
9360;
(7110,11269);
9734;
(835,(8870,12208));
8820;
13397;
1398;
2794;
13752;
10761;
9450;
7692;
7345;
(4151,11447);
9017;
1857;
6300;
12572;
(6426,6728);
782;
12623;
13641;
(3592,(6083,12089));
13692;
9047;
7693;
4283;
(1375,6428);
12692;
5093;
1286;
4430;
268;
6191;
9240;
(1358,3995);
4466;
21;
6803;
14185;
8061;
6273;
105;
1865;
14679;
14637;
3254;
5704;
9259;
5732;
3208;
9578;
12084;
8832;
9822;
13966;
6130;
15065;
10009;
10587;
14203;
1774;
8419;
2936;
6102;
13319;
(2507,3255);
9816;
6159;
8680;
13450;
15409;
2454;
(5006,12734);
(11256,12814);
5011;
14709;
4855;
6892;
4761;
6732;
4605;
1008;
13275;
5468;
9448;
(2079,11840);
2222;
9336;
10943;
14047;
10053;
13834;
6973;
11538;
9490;
(767,4001);
(900,10470);
12212;
11515;
888;
5820;
(7395,10578);
10551;
(2022,5107);
9149;
3177;
12285;
8627;
5510;
(10432,12227);
850;
3973;
384;
15288;
10163;
6905;
11060;
2500;
(8567,13045);
3562;
4364;
1881;
((9462,10565),(3451,11749));
2799;
5253;
7839;
2398;
7508;
6744;
4414;
14938;
1817;
(3874,12011);
2742;
216;
3479;
13013;
11092;
7338;
15457;
13808;
916;
2452;
11026;
6910;
2459;
5409;
1401;
10846;
8675;
10889;
11752;
11625;
5014;
13285;
1761;
13993;
13316;
7878;
14606;
11356;
9466;
11371;
6380;
197;
5501;
12383;
(10853,14254);
(3460,(8507,10758));
13014;
15668;
8619;
5731;
10157;
12549;
4603;
12233;
(((4879,6308),(1732,12298)),((13621,14919),(3837,11787)));
6410;
13060;
1893;
10360;
8367;
294;
6285;
6523;
247;
11592;
6305;
3085;
1621;
5238;
(1234,(8320,8972));
(10991,((2680,12912),(7953,8592)));
10063;
3082;
3239;
3834;
6740;
700;
5496;
1845;
(2155,10259);
14748;
11254;
6634;
13526;
6365;
6249;
6196;
3051;
14797;
14585;
1971;
6472;
5366;
4217;
8693;
12698;
6373;
13982;
12579;
15074;
3145;
2125;
4718;
6874;
3986;
2763;
10397;
(10184,14554);
(1501,(15193,(4621,(1916,7588))));
1792;
10333;
3611;
(3994,12881);
718;
((8016,(7172,8502)),((5566,15396),(1237,11982)));
10214;
4020;
14921;
8577;
13634;
3564;
(4699,13556);
3271;
14922;
7064;
6235;
14806;
3503;
15324;
644;
(13179,14315);
4265;
4440;
689;
(6515,6839);
813;
6690;
4158;
7451;
3170;
13772;
14251;
2221;
2432;
15407;
579;
4533;
14826;
13506;
(12387,12633);
(14311,14443);
10963;
(9537,(723,9221));
1928;
1752;
9111;
6404;
4202;
13514;
2589;
3571;
8003;
5028;
873;
3769;
11197;
70;
12160;
9843;
5915;
7311;
5056;
14199;
5531;
15325;
11359;
10645;
7438;
2406;
7604;
13463;
13638;
2140;
12026;
11864;
3327;
9249;
1373;
394;
10176;
(2691,15221);
5681;
3626;
420;
13260;
3091;
3362;
9151;
14990;
15298;
980;
10854;
9428;
(5787,12498);
3517;
(5453,(2385,8742));
(11286,15016);
7615;
8945;
(246,12790);
(11796,(4060,9899));
14055;
7359;
13653;
1966;
8465;
14028;
11287;
5940;
10882;
11143;
8853;
12005;
13694;
4165;
12578;
15123;
(3057,(2574,4925));
7168;
((7610,(1101,10636)),(2315,6065));
11734;
(2154,3120);
15518;
4550;
6656;
11051;
1102;
9279;
7922;
4121;
3967;
4341;
13870;
4289;
4640;
8313;
(1859,13314);
2703;
14812;
13666;
10392;
4497;
3954;
4399;
2215;
4297;
432;
8723;
8771;
1548;
10519;
10436;
379;
2684;
15275;
8662;
207;
14213;
12434;
4239;
5317;
855;
12329;
3297;
6061;
6383;
6414;
6044;
(7958,(12768,(2367,2748)));
366;
1762;
6658;
(3602,14044);
6537;
10153;
3262;
10647;
2985;
12359;
12638;
36;
2076;
8475;
(7593,14066);
(9402,15501);
13971;
7100;
3133;
5345;
323;
5403;
2235;
11553;
3580;
10751;
8533;
10477;
7135;
2769;
5019;
8516;
11432;
(9446,11049);
10900;
7402;
1842;
5194;
(2327,10876);
1996;
10019;
12295;
(4775,10492);
265;
14140;
1135;
7418;
2463;
(449,12453);
12254;
11676;
9708;
10789;
(4492,13805);
(3863,11524);
(6148,11906);
14067;
(11914,(6787,7293));
4043;
12091;
8418;
3084;
4515;
(2770,3009);
13551;
11845;
11847;
(6367,6420);
2136;
14233;
5155;
12721;
1923;
1763;
5519;
12722;
14736;
12275;
4137;
8544;
4490;
(10930,(8513,14041));
2874;
630;
7567;
1782;
1248;
4287;
10503;
12665;
8803;
7777;
14407;
(11910,15119);
149;
3400;
((3342,11668),(4526,7585));
4576;
(9818,(6170,((10472,(4476,6212)),(6721,(6132,10785)))));
6096;
13205;
14365;
10920;
3820;
59;
3222;
4936;
4429;
6204;
11696;
327;
1517;
10120;
1626;
11616;
(1568,3727);
9181;
2093;
(4729,(6526,14951));
9812;
7572;
4611;
4553;
1142;
277;
15451;
7489;
3804;
1772;
10417;
10250;
8218;
8893;
4660;
12926;
4417;
10679;
1131;
7843;
(7057,14607);
1304;
6912;
4781;
(303,2523);
2320;
1717;
1678;
5517;
857;
1014;
(4766,9183);
14964;
13379;
3023;
10821;
8451;
(7366,7719);
3405;
(10419,14114);
527;
11548;
13904;
9152;
5694;
12880;
(640,1070);
1094;
12846;
(14904,15665);
7616;
3628;
14564;
(12378,13579);
14602;
6867;
11708;
(2217,8416);
(3645,4067);
11128;
2280;
1746;
15576;
3147;
5884;
13690;
14762;
1240;
9935;
12226;
611;
8099;
205;
8601;
13100;
4222;
15541;
12778;
53;
148;
13067;
12837;
8837;
13036;
14134;
5625;
13488;
(1553,12247);
15266;
12731;
10841;
447;
11731;
7539;
3371;
5277;
13858;
5575;
5987;
8553;
5424;
8829;
(2088,2939);
1625;
990;
11666;
4185;
8752;
9136;
(4812,12799);
9561;
8650;
10262;
3153;
1302;
12118;
4180;
868;
903;
11945;
13652;
10603;
8799;
(4694,13786);
94;
(5922,10189);
3263;
15432;
9714;
2914;
494;
2993;
5255;
1216;
1364;
(298,13554);
9008;
10064;
4848;
13601;
4653;
8935;
4242;
5134;
11956;
10597;
13949;
3668;
14440;
12753;
10037;
(1482,13228);
13965;
10460;
11142;
(4809,8135);
(13675,14081);
14206;
2713;
5813;
7929;
13404;
5783;
14006;
1360;
2599;
10661;
11219;
4864;
6664;
(9980,13256);
15213;
11929;
11265;
11727;
3008;
12747;
7184;
2230;
5053;
6153;
2673;
(5635,14061);
12117;
4198;
9505;
15314;
11480;
5887;
15652;
12642;
14483;
4817;
1584;
8357;
4945;
3806;
4645;
(2795,12292);
10807;
13019;
9357;
6850;
(2519,10577);
10165;
9699;
13689;
(3408,(4451,10842));
9235;
5218;
9519;
12408;
2449;
2439;
14600;
9605;
13466;
11627;
9994;
10571;
11149;
9517;
6353;
4988;
(6668,12571);
3725;
14524;
3317;
10114;
4679;
9160;
11315;
614;
9062;
(11135,(7207,14429));
15255;
15430;
10800;
6687;
8600;
2188;
1909;
15258;
2304;
616;
5100;
1436;
13511;
8595;
1944;
5532;
12984;
10539;
8557;
4171;
7556;
10665;
9305;
14735;
13037;
8759;
(8482,13278);
7484;
4828;
12193;
12376;
6945;
13190;
9993;
(7315,13977);
12485;
(3590,12535);
15206;
2873;
12813;
4059;
12703;
4856;
12480;
12554;
4366;
(10972,15061);
2057;
3850;
10404;
3780;
13635;
3318;
(2467,(9204,(8048,10506)));
1228;
1463;
4648;
12730;
11551;
7869;
3313;
4350;
11913;
11581;
3971;
10590;
3561;
7468;
3927;
14072;
2184;
7636;
8054;
3892;
6608;
10924;
13728;
15346;
7578;
1632;
4274;
13134;
15540;
11646;
6657;
14038;
11167;
(8132,(3119,6828));
3929;
7296;
506;
5161;
6015;
14557;
9409;
14697;
11938;
8705;
643;
7695;
12976;
11139;
3402;
763;
933;
6755;
9038;
6559;
9349;
12237;
10954;
2317;
9810;
(1874,14370);
3524;
7639;
(6922,8542);
12614;
(10452,13710);
10307;
14239;
653;
3875;
5487;
145;
9334;
14563;
6528;
14532;
1677;
3750;
715;
4858;
319;
15677;
5307;
5285;
5835;
7754;
1595;
7612;
5229;
1674;
(4869,(2012,13017));
13064;
1591;
12700;
(13881,(13567,13722));
10750;
13734;
324;
4635;
4867;
13662;
10687;
1720;
1310;
(2620,3966);
1733;
10057;
8301;
9573;
(6098,7797);
11081;
2508;
12658;
7469;
13876;
6567;
8020;
7206;
4449;
10824;
6713;
14651;
6361;
12182;
14890;
13676;
836;
(4632,9684);
13929;
(1998,(10708,(12928,12951)));
11986;
14416;
7160;
6487;
4768;
15157;
(1637,10670);
9845;
14784;
14186;
(1520,7966);
6056;
6502;
15429;
12188;
12607;
(12534,13264);
1406;
(6757,(7128,11378));
1781;
7082;
12683;
9252;
9403;
1850;
13347;
8269;
5193;
1946;
7940;
7072;
3207;
8929;
14514;
2041;
14760;
9581;
12953;
15116;
11516;
8661;
6641;
8536;
39;
10023;
389;
(12746,(1827,4010));
1408;
7191;
5279;
(8330,(1530,2883));
6183;
2941;
8179;
13499;
12009;
2784;
3253;
11855;
(9770,11880);
15013;
13127;
13769;
10197;
7589;
10260;
3274;
1267;
7959;
9447;
11707;
14002;
11409;
2080;
14737;
12181;
7303;
2572;
1264;
12219;
14883;
14843;
11626;
(10029,12235);
15329;
8860;
11032;
9590;
13329;
(15385,15437);
3969;
(5158,8641);
12202;
6954;
8682;
15421;
3614;
6895;
10391;
3887;
14628;
9419;
2205;
8659;
10985;
2931;
9439;
10837;
15154;
11853;
937;
7462;
(6149,10127);
14561;
6964;
7446;
14267;
10817;
10511;
14612;
5961;
(11071,14139);
9175;
3684;
2455;
15414;
9919;
6590;
13609;
13107;
(6588,9515);
5889;
13449;
469;
8795;
5778;
3754;
255;
1756;
9794;
10641;
14391;
6932;
4308;
668;
7132;
9930;
9076;
2722;
5525;
4275;
12013;
9379;
5520;
5115;
7658;
7678;
11465;
8847;
10932;
(14801,(12325,12477));
13238;
9902;
1400;
1490;
13950;
4823;
11541;
5627;
15466;
7906;
3142;
(10309,15299);
5826;
(1434,2618);
12774;
720;
(7609,11505);
13092;
12537;
12806;
12012;
1697;
893;
344;
3935;
8368;
(3186,7163);
(12410,(11670,14436));
6370;
13650;
426;
10108;
8362;
9562;
4846;
5159;
12191;
13369;
((2643,5098),(4675,12618));
5125;
(8240,13851);
5688;
13762;
(1858,(404,5365));
5997;
7454;
4834;
(661,13184);
6512;
13231;
10227;
(8265,10693);
(2530,9455);
12629;
8438;
7769;
12652;
2588;
10895;
1353;
10719;
4805;
3572;
5176;
7407;
4493;
5474;
7449;
5497;
4281;
10428;
12910;
7242;
12767;
5550;
7152;
7520;
4788;
15130;
(10576,12584);
11319;
3296;
((3809,7601),(473,5568));
1418;
(6821,12640);
((1018,1724),(9649,11549));
63;
13812;
15475;
12218;
6773;
10272;
10400;
2298;
6951;
1755;
3459;
1317;
(10543,15051);
6206;
7256;
969;
(9634,(345,10336));
9046;
3354;
12251;
10126;
6318;
14576;
(13249,(3112,11267));
11791;
12086;
14619;
7993;
15650;
9508;
2895;
7716;
8284;
11430;
14428;
3395;
2181;
2267;
12822;
(6871,8467);
446;
6525;
8101;
407;
816;
7188;
13090;
3410;
14065;
7272;
13534;
(7317,9423);
14649;
10682;
(4310,7569);
8011;
1312;
15035;
248;
11146;
6924;
14376;
4511;
14934;
(7313,15538);
14526;
(8239,15169);
3610;
4620;
430;
4559;
2372;
4401;
913;
11974;
5843;
14430;
673;
8415;
8219;
(9375,10774);
8751;
253;
2119;
12339;
6240;
6524;
9127;
4093;
11578;
8249;
14556;
5989;
1199;
5845;
15002;
(10239,(1221,4912));
7921;
1019;
8737;
5341;
5003;
11939;
3810;
46;
799;
27;
1983;
11777;
11517;
7949;
7371;
(7718,13308);
3019;
13274;
(8958,11157);
15561;
8740;
10848;
15034;
6695;
3914;
7074;
722;
822;
1433;
11107;
5017;
(3724,11622);
272;
4124;
15669;
7343;
(12541,13831);
10710;
10588;
9618;
(4961,14706);
820;
5596;
10894;
(1332,13785);
9774;
8707;
7860;
5476;
8470;
12620;
12935;
7043;
6660;
8554;
15008;
(7854,9494);
4711;
14678;
9647;
12655;
4667;
7017;
(12430,(12321,14026));
11217;
6505;
(8316,13055);
9206;
7198;
7398;
13498;
(4331,13732);
7122;
(9613,11000);
8973;
7699;
5018;
10908;
15261;
8137;
6252;
3058;
15575;
8653;
13433;
(5524,8068);
14435;
15336;
4063;
11248;
15098;
10487;
6313;
6122;
4240;
7632;
7093;
546;
4719;
927;
11375;
6311;
5540;
7090;
15115;
(5406,14320);
(521,12424);
902;
6802;
4231;
5706;
11109;
4015;
7310;
4384;
(3808,9348);
14136;
6747;
7025;
5516;
13196;
10014;
11278;
8266;
8552;
7463;
6491;
11843;
5120;
15293;
7619;
10160;
(1293,13618);
9291;
(4024,9431);
74;
1268;
14427;
13027;
9982;
5973;
(1554,1925);
7204;
6777;
4442;
12816;
4789;
2326;
15456;
2756;
4285;
9928;
13452;
4184;
1767;
488;
8703;
15524;
2575;
(3156,6379);
15229;
(9014,12071);
9912;
12102;
3885;
4337;
10769;
15139;
12647;
2030;
14336;
6187;
7246;
7433;
9275;
8167;
12979;
5070;
6337;
6623;
5593;
7411;
7867;
2261;
14868;
2349;
222;
6891;
6377;
6638;
14250;
3349;
13578;
9411;
15412;
11579;
478;
3225;
4787;
6259;
(3462,6499);
1473;
14732;
14297;
5095;
7257;
2956;
10669;
(11312,13946);
4107;
5942;
15232;
(1691,9013);
254;
9176;
2045;
8504;
2836;
(1259,11677);
286;
860;
3764;
620;
11590;
6209;
7907;
2603;
13132;
8237;
3828;
10181;
12853;
1007;
10201;
(2781,15087);
2513;
10660;
5415;
(5537,14910);
11156;
5367;
