11758;
14292;
5519;
8889;
1902;
5989;
1601;
8737;
(1130,7804);
762;
3006;
195;
3002;
6088;
2791;
8895;
13777;
4671;
12965;
10834;
9946;
2814;
1889;
936;
6999;
3268;
2713;
9118;
3257;
10729;
(456,2510);
1109;
3589;
424;
9283;
4917;
7617;
5987;
15123;
2893;
8211;
14783;
2977;
8305;
2253;
9774;
12513;
6692;
10266;
9300;
11833;
5069;
15333;
176;
8114;
2357;
3354;
13318;
6802;
3543;
(13589,(9686,10348));
((4106,13522),(1512,14541));
5028;
(262,13763);
6618;
8493;
610;
3086;
6513;
6012;
7160;
13;
9997;
2405;
10102;
12336;
717;
8898;
13421;
9111;
5733;
15422;
13203;
9678;
11028;
11775;
((14000,15165),(15398,(5716,(2458,12141))));
(932,9791);
3183;
7433;
7977;
(3917,4506);
9057;
6355;
12237;
12560;
2096;
12502;
(315,7277);
13023;
15503;
(2254,9033);
2222;
5427;
(4195,11405);
(11993,(372,11052));
13193;
2712;
4265;
13234;
(7829,(6458,9365));
3436;
5269;
(5498,8781);
7611;
12054;
5822;
5731;
8409;
5142;
7497;
(4176,9637);
12281;
8054;
(6469,(12483,14699));
5463;
67;
12104;
13002;
5191;
11955;
12409;
8073;
7386;
8300;
2491;
3853;
10682;
11032;
2651;
8223;
10093;
15088;
15644;
7716;
458;
9940;
13967;
14423;
10023;
11624;
(291,6882);
3960;
(8040,13974);
11514;
11523;
3548;
330;
(15235,(2591,7787));
8568;
(13768,14217);
4985;
11937;
5840;
981;
8436;
2348;
14929;
6798;
8384;
2554;
11717;
773;
(2404,(5389,10845));
10997;
13699;
11056;
10861;
7473;
1431;
15471;
12986;
8113;
5713;
3461;
11638;
4351;
12589;
9427;
9728;
(15372,(15155,(13523,(7978,(12475,13053)))));
8350;
(3003,8515);
14626;
11674;
2799;
8755;
8616;
11830;
309;
14576;
11626;
289;
8379;
8523;
1116;
683;
4568;
3826;
7343;
9894;
11809;
9231;
5603;
722;
(14644,14892);
(11301,12048);
247;
12648;
2149;
12193;
10906;
10822;
13676;
8310;
13898;
10965;
12922;
5830;
743;
1042;
763;
(1325,11886);
7080;
10200;
10063;
9741;
3556;
10144;
12532;
3507;
15483;
811;
11422;
(8330,(1530,2883));
9925;
1292;
4909;
4472;
2585;
8820;
10174;
974;
4828;
3197;
6732;
14096;
3205;
14283;
1857;
14733;
6073;
2742;
69;
643;
13131;
7127;
3370;
15523;
7523;
2170;
7112;
11188;
1404;
11097;
6824;
8396;
8027;
9389;
10581;
5684;
12623;
13743;
5230;
15514;
15356;
11746;
1702;
12278;
134;
12189;
13272;
6460;
(2229,(1669,1947));
2188;
2329;
2941;
1034;
2160;
8565;
1681;
12800;
(2678,8844);
2546;
8359;
9950;
13035;
((11419,(11685,14645)),(5143,6851));
8488;
6934;
10357;
5724;
(13227,(1201,14790));
600;
9125;
7379;
12302;
6257;
(2590,11594);
3466;
8520;
6747;
1897;
4302;
9750;
10446;
13687;
2198;
3321;
1547;
5358;
15066;
6129;
13912;
129;
11847;
15039;
6263;
10094;
14390;
9403;
13997;
4539;
4444;
(3364,13875);
1791;
12415;
13680;
7643;
(89,(3011,9468));
13877;
(13041,15100);
(6919,(2623,4676));
10537;
5674;
4633;
15180;
6594;
(480,1868);
160;
140;
3805;
7685;
2824;
323;
(1830,10377);
12312;
7864;
7788;
4384;
7074;
15512;
14159;
11375;
6859;
14279;
3838;
(989,1900);
2915;
14895;
(11096,(1029,4278));
10354;
(812,9984);
15083;
8787;
(211,1001);
3100;
14911;
9228;
10610;
2067;
4834;
15389;
15643;
12893;
2082;
6780;
(14566,(9745,14591));
9998;
5008;
4440;
9311;
13725;
(5509,8631);
11663;
8665;
6230;
5042;
7089;
(1332,13785);
7144;
8281;
(2037,14223);
7035;
11011;
6049;
13097;
((4483,(7517,11364)),(7077,13443));
10738;
14728;
5133;
6846;
(7096,11116);
12350;
(413,11857);
8206;
(1339,5946);
(85,3482);
(2530,9455);
13640;
(3560,6989);
14788;
10734;
12299;
8900;
11450;
670;
400;
14462;
7056;
6418;
363;
12568;
2709;
9604;
11652;
(5955,13708);
14052;
6959;
13183;
849;
14328;
5512;
9315;
1056;
(3633,3981);
(9543,(7970,8876));
12617;
6291;
(7317,9423);
3846;
(5370,12520);
9080;
11816;
(7369,8570);
10958;
2913;
11878;
(3535,6350);
6939;
1354;
(2986,5789);
8716;
6310;
5097;
8072;
9557;
4150;
8822;
1881;
443;
11348;
10600;
11676;
12137;
9191;
6057;
17;
14615;
6621;
5810;
5315;
3611;
12735;
13535;
2997;
5570;
1615;
3371;
1894;
5495;
4545;
(2710,9954);
12557;
9957;
4038;
(2156,5182);
13004;
8892;
4783;
10253;
7378;
(5180,8611);
8325;
12064;
8341;
6620;
1666;
11416;
118;
(8790,10966);
2466;
535;
12027;
10130;
5693;
8766;
5983;
4987;
6860;
9020;
13515;
6784;
6280;
961;
(1727,9250);
4872;
3228;
13409;
7240;
12096;
15023;
10607;
4242;
1214;
13767;
(12542,14746);
11009;
9015;
1762;
2400;
12406;
(6224,8182);
1964;
908;
1276;
14090;
3852;
14713;
15251;
11981;
1485;
2319;
13901;
7763;
3337;
15185;
9050;
1938;
6816;
7561;
(1280,3309);
(3710,11200);
(4839,(10413,15170));
11349;
10437;
4868;
12957;
2856;
2194;
5826;
13068;
12429;
15518;
14743;
(13704,14673);
6125;
(7980,11166);
15441;
5099;
7573;
50;
3406;
62;
(2609,6978);
11368;
9598;
5694;
1761;
1323;
9448;
3368;
7538;
7993;
2549;
13754;
6044;
1518;
12094;
14978;
(8089,15531);
15082;
9835;
8205;
(1723,10733);
5199;
13910;
(9361,13269);
6409;
258;
7044;
9159;
9307;
3382;
4171;
(3073,8039);
6681;
14356;
5788;
7455;
4543;
12389;
(4336,10479);
(4720,4963);
(13179,14315);
7774;
5775;
6715;
(7661,15301);
12449;
2621;
2019;
7597;
9056;
12367;
15261;
1546;
673;
15361;
1058;
3015;
13990;
(1099,7981);
9846;
2505;
(14366,14723);
15541;
6270;
12414;
14097;
6761;
12772;
7020;
11161;
13607;
13358;
2270;
11241;
8327;
3969;
9974;
(4724,12552);
7126;
7198;
(6666,12900);
(12860,(5907,13804));
(4381,8605);
9017;
14793;
860;
2637;
14592;
(((175,9789),(1080,5991)),((7823,9337),(10755,15679)));
10463;
13414;
1532;
2877;
7148;
8238;
5715;
8858;
12998;
15638;
786;
(7549,15072);
11691;
9437;
13955;
1063;
14374;
867;
2696;
429;
14200;
(2470,15664);
12183;
7949;
14238;
6977;
645;
4916;
1822;
9304;
15557;
9769;
939;
6256;
344;
13379;
925;
(570,2444);
7181;
3614;
263;
13493;
13871;
9947;
14251;
12866;
1386;
2828;
10541;
5819;
8375;
(3491,7370);
8329;
7583;
5318;
1231;
7693;
8649;
13058;
12933;
13339;
4562;
12510;
7038;
15345;
3385;
(337,(8910,9212));
(3360,9339);
8668;
12390;
9162;
563;
663;
6397;
8249;
3948;
393;
124;
15114;
10647;
2490;
13417;
(6670,(370,8597));
5034;
15095;
(8164,15513);
15110;
11792;
(5779,8057);
1383;
7083;
12114;
3915;
14968;
6319;
3019;
4197;
11084;
10597;
4833;
3934;
14407;
6582;
5806;
13668;
5040;
1349;
3989;
3735;
10274;
14326;
15480;
3759;
13936;
6464;
6361;
13180;
9696;
4147;
12437;
9967;
6548;
5491;
12045;
(12834,12882);
(5798,15690);
3564;
11212;
6165;
4550;
3956;
1648;
13289;
(8221,12021);
8070;
10507;
13005;
2161;
2043;
3267;
11692;
13378;
9163;
13133;
8362;
9656;
10273;
12273;
11635;
(12165,14520);
7166;
6830;
14057;
12050;
6915;
6062;
6815;
(6928,13799);
6841;
15600;
(5306,6193);
6128;
12155;
13696;
11942;
(8704,(5800,14324));
2139;
9982;
4136;
13774;
11274;
10265;
11420;
13302;
1061;
14831;
13958;
9051;
7614;
13373;
10004;
760;
3095;
1558;
5095;
(10759,13542);
14974;
5562;
5236;
(5033,14997);
(13796,(4957,7515));
10641;
11311;
5557;
8284;
110;
5953;
(5390,9068);
13790;
1406;
8836;
(1341,8734);
6097;
10870;
10603;
2815;
(8184,(823,14664));
3045;
3797;
13230;
6521;
4533;
11842;
1263;
11185;
12121;
(2663,7409);
5682;
12494;
12330;
15346;
6385;
197;
(5445,14508);
14906;
1871;
(5623,14858);
14618;
5231;
10899;
3836;
2318;
2699;
6879;
13453;
14586;
6777;
(10909,12172);
9164;
2201;
9817;
842;
1828;
(4546,12130);
3426;
14565;
6340;
13557;
2433;
1614;
6416;
14118;
15211;
2372;
5654;
3988;
(3724,11622);
1033;
7649;
5711;
8241;
2452;
14043;
8061;
15257;
6573;
8290;
3714;
(10440,10582);
15167;
2424;
11029;
11354;
3990;
7033;
11397;
6105;
10079;
13077;
10310;
8435;
2288;
6317;
6796;
12976;
4547;
12006;
7193;
15274;
8261;
2382;
13212;
10591;
11574;
7547;
6527;
13565;
11245;
7168;
8747;
4348;
7757;
2030;
(5542,12567);
(3992,13458);
14239;
6375;
(2286,2558);
1097;
7658;
11154;
11265;
9025;
1195;
10850;
3470;
1581;
8638;
10946;
6500;
(2155,10259);
11562;
7894;
8964;
9363;
10006;
2534;
15566;
8710;
13250;
12653;
13295;
10325;
11035;
11999;
2162;
(7975,(5874,13325));
10255;
9038;
12776;
4651;
12601;
1756;
1835;
1491;
1804;
9570;
4951;
5785;
7039;
5086;
916;
8634;
15412;
15316;
(6714,11233);
14191;
7470;
13996;
6259;
11786;
8765;
9180;
14440;
3675;
15272;
2106;
8099;
9699;
10314;
4817;
11966;
14219;
15641;
(15416,(4741,14362));
(1815,5336);
10111;
11476;
(3477,(4979,5546));
9146;
14450;
12763;
12163;
7273;
11596;
4410;
6050;
10602;
14497;
9160;
10300;
14823;
(7234,9856);
(4485,13663);
((7610,(1101,10636)),(2315,6065));
4081;
13286;
(331,4091);
11535;
3208;
3455;
10794;
7078;
14346;
9758;
2920;
2537;
8105;
7821;
12108;
12186;
14898;
(2930,11064);
9130;
14868;
8171;
2473;
4186;
7919;
9599;
619;
10615;
9827;
15478;
12476;
3219;
(6829,(355,13888));
13845;
13864;
15621;
10753;
726;
10234;
1865;
9031;
8024;
11001;
10640;
11125;
1527;
12627;
1906;
12216;
(4423,13584);
5965;
8508;
10765;
6736;
6905;
(((219,12435),(7301,7742)),((3581,12185),(9344,15440)));
5116;
3136;
7667;
7348;
1734;
14008;
10745;
13500;
6629;
4283;
10480;
852;
12283;
(4812,12799);
(5626,11710);
(4441,15014);
15245;
(1840,9007);
13642;
1597;
10113;
9196;
8845;
10573;
8323;
7117;
9775;
1779;
6189;
10599;
11469;
2465;
8052;
10941;
9139;
5703;
3350;
806;
(8466,11382);
(5803,5901);
3902;
679;
14669;
(2988,6937);
279;
9640;
4200;
12077;
(8304,15520);
14055;
7687;
1990;
5948;
11542;
2228;
3383;
(3645,4067);
1296;
5631;
1977;
8967;
3322;
343;
(172,12760);
1428;
4226;
6436;
9911;
2216;
((1114,2667),(3289,4403));
6611;
4017;
12478;
14337;
9190;
8335;
14203;
11300;
6338;
(5346,8019);
8121;
7062;
2577;
6764;
5712;
(7356,12738);
4417;
9281;
((6403,10674),(9094,(12509,14487)));
12706;
6524;
13111;
4496;
8725;
(6356,(5480,8332));
13067;
13724;
3698;
997;
7003;
11386;
15481;
3520;
3058;
11446;
5325;
8835;
2688;
14530;
12711;
184;
1884;
(3740,14021);
14338;
11989;
6794;
4292;
1620;
8172;
9659;
7841;
15499;
9603;
(1742,9577);
11579;
9975;
(3156,6379);
2816;
13433;
1300;
14661;
1177;
6398;
(2186,12576);
2646;
2852;
2725;
6052;
6705;
1236;
182;
4285;
13521;
5013;
(5968,13942);
(1140,10990);
4604;
11142;
8175;
7715;
7483;
8985;
15277;
11082;
(671,8922);
1806;
12241;
12769;
14521;
1205;
15115;
3488;
7539;
(8265,10693);
3170;
2195;
4174;
3440;
7176;
6236;
(6626,13781);
10580;
9029;
8953;
30;
13635;
4688;
15188;
6169;
12802;
3330;
2526;
14969;
12758;
10039;
10634;
12869;
11788;
3991;
7045;
4249;
14741;
506;
11278;
(1808,9286);
(4853,(1770,8326));
10801;
3226;
((3187,13599),(9002,11879));
8943;
7451;
(4173,5478);
421;
6606;
6404;
10690;
1124;
(1637,10670);
381;
13518;
5181;
1197;
2000;
7367;
5003;
10698;
2093;
1514;
12079;
9279;
14821;
1673;
8939;
3004;
(6791,8927);
5379;
9172;
4644;
(2100,11399);
11811;
7911;
(7511,14630);
12551;
7372;
8897;
4257;
3513;
6033;
8550;
3284;
15351;
2172;
8360;
2790;
10783;
7717;
9132;
(4830,10940);
4687;
1932;
(3249,7355);
11777;
5294;
1343;
(6018,12382);
3339;
3405;
11764;
(45,8276);
1831;
10085;
6716;
15089;
(5264,12381);
2639;
188;
13013;
12593;
7604;
9425;
8664;
5793;
(4482,7836);
1563;
4322;
((3642,12384),((10622,12047),(8127,10782)));
9883;
9063;
(7394,14677);
9767;
9401;
10484;
190;
485;
5951;
14622;
14553;
1483;
10096;
5135;
14961;
2990;
11785;
8696;
9400;
(12387,12633);
142;
6607;
4037;
12674;
2644;
534;
12073;
(476,9733);
7999;
1596;
10441;
2153;
12492;
12232;
7338;
712;
8839;
(5428,6218);
14680;
3897;
8012;
4520;
14072;
7268;
15682;
(1562,5841);
(415,11424);
3807;
14387;
8934;
12025;
1313;
13664;
5152;
12474;
12251;
2810;
2276;
6786;
13083;
3744;
10609;
3399;
10671;
10494;
9804;
2961;
12530;
10307;
5807;
12116;
3450;
1219;
13016;
1030;
1152;
6075;
13516;
11007;
14007;
12447;
12662;
7534;
3070;
9291;
13825;
11475;
14798;
11603;
5904;
8002;
3026;
9937;
7075;
7897;
15667;
7070;
8527;
9490;
2684;
9058;
299;
4923;
12307;
12508;
10417;
5259;
12052;
1191;
7552;
8856;
4983;
14022;
15168;
11659;
6843;
12017;
12403;
(2328,(11038,11781));
5884;
3923;
10839;
(887,7154);
9843;
145;
12611;
155;
79;
(4690,6675);
3750;
15436;
4618;
4328;
14943;
13909;
478;
4920;
11264;
7187;
4478;
9064;
6377;
6321;
10180;
8676;
4395;
8229;
9024;
7694;
11856;
11872;
11716;
4424;
4910;
4807;
7055;
(455,4407);
9045;
15367;
10780;
13934;
2279;
13166;
2443;
15093;
12839;
4563;
(6956,8975);
10194;
486;
12716;
5726;
14353;
15246;
9690;
7458;
490;
10083;
830;
8178;
4806;
6867;
(3,13672);
8657;
13924;
(9687,11539);
(6746,9123);
9487;
2113;
9332;
4837;
15388;
12198;
((739,13671),(627,6654));
5192;
10981;
926;
12005;
8278;
12362;
2524;
11034;
(6444,10204);
15085;
5441;
(4203,8708);
1592;
185;
9969;
9504;
(11664,12804);
8780;
13069;
3619;
14612;
7581;
1161;
2481;
10791;
10855;
15143;
6953;
13074;
11845;
11044;
14471;
(3412,10264);
13364;
(3664,3767);
(4151,11447);
10445;
3324;
6411;
13291;
8705;
4103;
13007;
(8239,15169);
7882;
12499;
(11510,12059);
13306;
9371;
8167;
12442;
9188;
10155;
10827;
8728;
(12911,13536);
15109;
151;
153;
(449,12453);
1644;
1192;
11443;
434;
1706;
15128;
13893;
6214;
5317;
13555;
10042;
15444;
1105;
9725;
63;
5349;
4450;
15568;
(8132,(3119,6828));
(4915,9165);
7454;
(3012,3787);
8328;
3905;
3277;
4033;
14901;
2011;
10588;
10613;
6130;
13669;
7874;
8344;
6118;
14212;
7783;
692;
7188;
7093;
3719;
3876;
5104;
7557;
14914;
1448;
4638;
1346;
(5393,11434);
6279;
(9938,15405);
7090;
7996;
1180;
1381;
(14037,14253);
((14525,15286),(6897,8727));
13247;
3799;
558;
12619;
10928;
14003;
5214;
6066;
10025;
9962;
7961;
2326;
10513;
3254;
(793,1344);
2181;
4074;
14331;
14744;
579;
((3264,5482),(3089,14625));
14775;
5469;
(3765,13026);
9970;
(9770,11880);
11728;
2114;
6089;
2285;
7605;
11366;
(2088,2939);
15470;
906;
904;
4587;
3270;
553;
9590;
221;
1611;
8400;
14641;
11216;
12958;
1608;
3124;
7802;
13659;
3055;
8624;
(6871,8467);
7226;
2793;
1684;
2370;
9041;
4746;
12147;
464;
14629;
691;
8317;
12788;
11371;
1851;
4681;
13042;
9430;
10583;
(4024,9431);
11521;
3804;
5388;
(3117,10796);
(4144,7837);
1477;
11905;
1449;
(5541,10304);
14539;
14572;
962;
27;
14400;
2084;
14794;
12745;
968;
13939;
2;
8237;
8854;
(3893,11041);
7878;
10235;
7969;
((6100,14747),(9616,13839));
14945;
8388;
1077;
8067;
7124;
(2456,((6213,8213),(7248,14216)));
9621;
6809;
8886;
13233;
15390;
982;
5398;
14150;
3191;
11876;
225;
4239;
13835;
4719;
3401;
12268;
3752;
3571;
(15318,((12991,(8489,8982)),(147,8501)));
8045;
(8088,(14463,(13011,(884,8830))));
6253;
(2991,3388);
12676;
5307;
14594;
9511;
(9707,(7634,15439));
(14108,14598);
1537;
4350;
8619;
9693;
4263;
740;
709;
2081;
1589;
1141;
3624;
9037;
13395;
12703;
15550;
7903;
11141;
9497;
6162;
5081;
292;
(6016,12743);
(10942,(3687,7040));
(8996,12756);
3304;
3505;
4900;
13921;
4585;
3498;
2205;
11807;
10049;
13033;
6314;
6489;
3494;
5925;
(5853,10974);
1370;
15258;
11497;
4798;
12833;
(1038,1445);
12200;
12975;
13720;
10407;
15308;
3454;
(8503,(5643,7759));
8120;
1574;
(5453,(2385,8742));
653;
11073;
(13675,14081);
6902;
12412;
(5634,11684);
14252;
6745;
1771;
9393;
13014;
8473;
252;
12131;
1006;
3036;
15433;
10221;
6152;
15676;
14805;
10334;
11053;
15419;
11231;
2865;
(1331,7540);
7808;
3356;
4532;
6163;
(11135,(7207,14429));
3920;
(10150,14540);
1260;
12441;
6264;
15620;
52;
8517;
8355;
576;
11251;
7852;
1540;
574;
14557;
239;
(13249,(3112,11267));
14426;
12660;
15504;
12577;
12359;
2406;
14371;
6483;
(767,4001);
1671;
(8226,13062);
(10038,14584);
13024;
3297;
3549;
15232;
(1505,5500);
5374;
7472;
13902;
7627;
7942;
(13259,15403);
(585,6769);
4393;
(4999,9223);
1;
14912;
4320;
15236;
3142;
7619;
(6640,7029);
7744;
4374;
(7510,14383);
7291;
8622;
(946,8459);
13631;
3628;
6726;
((3108,7142),(2839,6936));
2683;
11640;
10604;
12396;
8919;
14528;
7756;
4786;
728;
1735;
8022;
9485;
9806;
7028;
3274;
4293;
3551;
11129;
10070;
(6087,10528);
6435;
(1380,11074);
308;
5085;
12226;
14665;
11793;
1127;
(9443,(5113,9951));
14634;
9265;
7496;
14637;
1164;
251;
6124;
1134;
8130;
3490;
11949;
5381;
2542;
4330;
6865;
9563;
9617;
10216;
(7824,(5539,14503));
13531;
10953;
10421;
6158;
14657;
15674;
1121;
2266;
7985;
8017;
2015;
13467;
(5330,6684);
7233;
12641;
13213;
(4464,10022);
(3578,12718);
1609;
7491;
(7896,8677);
(2403,14113);
1655;
13689;
2970;
8480;
11276;
7924;
(1877,9222);
11068;
10710;
4164;
10721;
12966;
(10,3890);
(2289,13852);
(10422,15300);
5074;
13103;
3145;
4179;
613;
11102;
10986;
1926;
15330;
12566;
1957;
3635;
(2801,14101);
7518;
1188;
2027;
11174;
6159;
1972;
11525;
((7826,14785),(8090,14418));
9783;
2239;
2051;
3655;
11131;
(13071,(312,1738));
15426;
14865;
8264;
26;
14590;
4862;
10781;
13391;
4070;
8314;
1085;
6987;
14838;
11958;
2439;
5644;
924;
4129;
11063;
15203;
7330;
862;
10137;
5241;
14897;
10868;
8969;
12256;
(1103,10190);
(5584,(7134,9832));
5291;
11470;
10527;
4131;
3492;
7450;
12702;
9677;
12591;
9126;
12979;
(4791,7236);
13188;
14799;
12573;
4610;
9117;
9822;
4534;
9927;
(502,14704);
(6963,11795);
2072;
3755;
7294;
(4002,10082);
2280;
4343;
4014;
1270;
12595;
12184;
9106;
10669;
13860;
12008;
8450;
2891;
6720;
4654;
11409;
(7428,10498);
2185;
10989;
8736;
11442;
13100;
14264;
11568;
(8789,14023);
11718;
2580;
12294;
10632;
7893;
15067;
12831;
5686;
11863;
(2805,7316);
9370;
741;
((10225,14385),(12805,15516));
12380;
3858;
11254;
13447;
2853;
2085;
11517;
3085;
10213;
8805;
13132;
9483;
11929;
(9467,13361);
5073;
4614;
10291;
15096;
13504;
8402;
10464;
3780;
4949;
1698;
13568;
7034;
15409;
10626;
9224;
15025;
7287;
9179;
10872;
(5443,9670);
13688;
(12803,13821);
10303;
4194;
794;
12952;
9747;
(2079,11840);
22;
10431;
((7375,11033),(6718,9331));
(15335,(3671,7654));
7986;
13526;
12561;
15098;
2878;
3495;
13712;
333;
809;
4452;
10813;
7284;
14359;
13731;
1755;
93;
8667;
5371;
4254;
4490;
9052;
15466;
10420;
6039;
2633;
5216;
6142;
7723;
1928;
10957;
2207;
368;
14819;
2111;
2087;
3925;
4297;
8094;
14979;
12318;
2796;
11939;
5444;
7087;
276;
(3460,(8507,10758));
2005;
1632;
(6869,13160);
7488;
7182;
5505;
12954;
418;
(10608,15615);
4911;
2521;
1524;
2601;
1772;
5929;
9151;
11836;
13415;
8083;
7613;
13404;
366;
8925;
14970;
11341;
14246;
4953;
8248;
4601;
6362;
6753;
(10883,(10110,15268));
13995;
2307;
11173;
10414;
3754;
(11440,12452);
11519;
2785;
3736;
4097;
15551;
9966;
2889;
(4355,14740);
((9137,10140),(11126,12990));
12029;
8713;
14702;
15080;
9793;
10129;
4558;
6453;
3641;
12034;
14483;
15616;
4677;
7431;
9913;
3165;
8979;
3607;
12915;
10243;
10595;
1407;
(9248,(6238,(15133,15625)));
9394;
4412;
9173;
14505;
15175;
15519;
12586;
11854;
2673;
12107;
4079;
1826;
8280;
4187;
6168;
5490;
8981;
9327;
6112;
3913;
2240;
1544;
5941;
13465;
9211;
12701;
7426;
(6225,10771);
8812;
8849;
3393;
7005;
11466;
5413;
10846;
14994;
5698;
11402;
12843;
5319;
3031;
532;
2513;
6762;
13124;
5018;
(9177,9372);
14260;
8601;
(5747,7926);
6017;
4624;
3422;
29;
12153;
3701;
14834;
6831;
5064;
226;
9886;
1425;
1112;
13583;
13528;
(4899,11977);
306;
(3598,15363);
11192;
310;
(960,12558);
3377;
11250;
(1055,10267);
976;
5588;
11203;
141;
2052;
5706;
1818;
7358;
11895;
7024;
11735;
2819;
(4516,(1262,11191));
942;
(5821,10286);
1044;
10663;
2031;
8188;
3895;
7815;
3568;
1037;
12148;
13304;
7425;
(1470,5751);
3384;
5659;
14883;
720;
12157;
11868;
14985;
7801;
8243;
13772;
388;
7285;
(1554,1925);
4921;
14378;
5815;
1281;
12828;
14164;
6166;
4666;
(690,10788);
14307;
8442;
13677;
13820;
5709;
11913;
10916;
3441;
10749;
3429;
2964;
14938;
2655;
10089;
(4238,15302);
7745;
(8700,15198);
4193;
881;
9794;
11042;
(7283,8025);
(8208,8639);
10062;
5087;
1110;
11961;
11720;
2206;
10324;
60;
12798;
11810;
520;
7950;
12145;
2398;
1401;
5414;
(5598,6880);
78;
13101;
(12162,14578);
8738;
4889;
12621;
(3127,12826);
(959,10987);
10737;
3728;
14347;
8833;
5103;
650;
3162;
682;
2758;
11569;
(657,6371);
14479;
7589;
7278;
11808;
12908;
(639,6454);
846;
14448;
(666,13130);
9119;
11392;
6590;
11086;
13396;
(8482,13278);
15192;
(13241,(4166,13351));
4277;
2573;
14711;
14278;
9508;
13654;
7051;
9451;
301;
14267;
10943;
12978;
11160;
479;
3955;
(3184,7772);
14242;
12255;
11591;
7527;
6285;
14299;
7623;
15435;
5275;
10829;
8267;
6677;
(7228,10351);
11308;
8448;
12649;
9834;
(615,1420);
7227;
12036;
9915;
(1553,12247);
13824;
11756;
807;
9919;
7779;
13118;
5146;
(7891,9329);
15284;
12817;
7214;
15530;
9872;
3315;
10278;
14458;
10566;
2134;
1647;
(1076,12963);
3216;
11030;
1846;
7664;
13140;
5811;
8837;
7299;
3239;
1251;
3947;
1842;
5962;
10433;
(1873,3958);
(1757,7349);
7725;
8393;
15562;
6475;
5532;
14773;
3419;
13807;
10233;
(412,(10814,(814,10844)));
9727;
3177;
3181;
((7587,9153),((2702,15543),(3269,14453)));
15304;
7516;
3375;
(4272,14616);
(4161,14930);
(238,8556);
(7218,11346);
9438;
13176;
15213;
3415;
6980;
10375;
12905;
8650;
(2362,(1600,10263));
1536;
8080;
11614;
12105;
2733;
9854;
8741;
10575;
770;
11839;
5007;
9574;
5285;
13723;
11885;
8687;
3413;
4280;
8945;
3914;
4840;
11337;
15126;
14989;
6826;
3679;
8662;
2460;
12360;
12823;
2626;
3416;
450;
10371;
13737;
2401;
2454;
28;
10287;
13277;
8038;
12363;
((4500,8944),(8770,10388));
3149;
5048;
6437;
6190;
7906;
1211;
12715;
6031;
12578;
8176;
3758;
12524;
290;
12196;
10815;
5016;
12778;
(10203,14421);
(492,13604);
13748;
3001;
4145;
2812;
12122;
5984;
10117;
14654;
12837;
5960;
15174;
10629;
5915;
11271;
13857;
14445;
8652;
5187;
13280;
2092;
(1557,10008);
(5000,13345);
952;
1282;
4140;
(13135,(9312,14770));
9426;
(4340,6211);
10176;
13649;
((879,10081),(7680,9140));
((7339,9719),((516,14996),(1427,11629)));
1788;
(8154,14778);
1740;
8084;
(1660,4216);
10044;
(1275,14533);
581;
5327;
2873;
10903;
2963;
4664;
12142;
6908;
2104;
98;
5828;
5473;
5887;
334;
9263;
6262;
(2917,3481);
8720;
12820;
2813;
(8877,8962);
713;
4045;
((6060,(8013,10448)),(2272,7105));
(2330,14020);
9618;
9614;
15634;
6735;
3279;
(714,8361);
5254;
1310;
7072;
15015;
6619;
1997;
15026;
7674;
6074;
2674;
10380;
15639;
2235;
2346;
13483;
12202;
10540;
5615;
9841;
5415;
9187;
11046;
7682;
4548;
7371;
8256;
5458;
(3872,4385);
11081;
6516;
10711;
(732,2292);
5171;
5277;
(3658,8356);
14925;
8007;
8827;
49;
9247;
6688;
(12746,(1827,4010));
15273;
(624,2429);
(6208,9735);
6957;
10358;
6429;
7973;
4583;
(4112,12538);
3582;
6924;
5122;
13501;
11190;
8637;
8491;
1939;
9210;
403;
10596;
(9203,11193);
9993;
((10393,12720),(10060,10462));
(10184,14554);
1021;
2932;
8419;
4846;
13080;
2384;
(2332,(11946,12192));
14987;
6342;
15071;
4641;
13793;
7873;
11429;
7480;
9324;
5601;
15214;
11715;
1896;
8674;
10790;
(6330,15423);
2764;
273;
9522;
12010;
3983;
11430;
5129;
4797;
3484;
4565;
10301;
(13047,14178);
((8800,9556),(8549,12873));
4465;
11070;
10118;
5297;
7266;
1513;
6312;
(311,496);
3341;
13051;
9755;
(11431,14998);
12055;
3677;
6615;
(4707,8887);
2788;
(776,15032);
15535;
(4080,8906);
11329;
5862;
11247;
15348;
10409;
(7560,13788);
8173;
519;
15337;
3891;
10471;
5597;
3319;
6140;
7493;
243;
10281;
3128;
(646,7140);
12295;
10293;
4898;
6388;
2543;
12364;
6449;
156;
14322;
14064;
6406;
1388;
3025;
4118;
(5744,11223);
(2754,5916);
((3093,4847),(11506,13765));
8816;
6509;
10784;
1368;
5400;
5881;
6255;
6325;
2775;
13770;
9682;
10964;
6318;
10525;
15479;
15474;
5046;
6926;
8552;
12075;
11387;
7845;
3280;
13093;
14076;
13861;
4368;
6727;
14712;
7620;
14375;
9316;
13081;
10821;
8841;
2576;
4430;
3453;
15492;
5619;
14309;
11600;
6205;
3320;
5206;
8970;
(11365,(179,15692));
9026;
7595;
3118;
(1023,4178);
2511;
1490;
((8545,(7849,10418)),(2664,12636));
4493;
2539;
2780;
9505;
8439;
(7334,(13496,15529));
13930;
6072;
13904;
3159;
8516;
(8240,13851);
8823;
9280;
3552;
7244;
15493;
467;
1117;
(11587,15488);
9564;
14784;
4126;
1551;
1981;
7081;
8220;
4025;
15630;
10777;
8882;
9987;
12854;
371;
9528;
3777;
8236;
9079;
4591;
362;
14475;
13146;
8069;
10014;
(7210,8625);
3729;
12742;
4210;
9474;
14248;
(10819,13660);
(2755,3487);
(5268,6448);
((((2175,4986),(2448,14940)),(4463,7113)),((3630,6281),(7512,8957)));
2200;
6994;
3625;
(2308,15656);
11464;
(13517,13552);
(7120,((5139,11820),((2968,3555),(3064,5545))));
7001;
6559;
7217;
(3844,9820);
(2295,3616);
14060;
11456;
10773;
(6853,12656);
2502;
1246;
(4402,8440);
2477;
(1139,2605);
9282;
9419;
5508;
635;
1194;
4213;
8613;
(1492,12874);
8884;
5408;
7633;
11887;
9934;
7541;
12923;
11963;
5961;
1324;
6407;
14106;
4851;
13480;
7464;
4857;
2595;
9369;
6554;
14709;
11575;
9600;
14420;
12125;
13495;
(2359,(8988,10649));
11401;
5368;
12777;
2375;
10037;
10056;
7963;
1059;
((8015,13911),(1245,4772));
(10735,(13057,14308));
4684;
792;
(5589,13270);
4264;
6700;
4944;
1624;
3972;
3023;
5549;
3881;
8464;
(10466,14720);
10262;
14683;
12684;
13736;
266;
(11757,(897,9229));
5979;
6064;
(1766,(5202,9150));
1604;
2368;
1650;
8349;
3217;
(7628,(2151,12780));
6969;
6875;
958;
15194;
3430;
12943;
4540;
5279;
11;
10865;
2309;
7211;
4389;
(8614,14051);
12269;
10315;
10018;
6861;
(1968,9457);
9578;
3133;
4123;
3496;
428;
1511;
1745;
8165;
11871;
1603;
1944;
8298;
12973;
6393;
9952;
13718;
13107;
7494;
12528;
6086;
6669;
(7156,10010);
8745;
6141;
4634;
3409;
873;
13620;
3235;
6442;
6009;
2476;
13638;
2334;
1426;
(12541,13831);
3775;
10851;
13287;
(135,1758);
(10934,13048);
(8407,13598);
8338;
14319;
(10704,11462);
11531;
10306;
6577;
3689;
6369;
4475;
7984;
1137;
13091;
9131;
1696;
7405;
57;
9429;
6430;
14221;
14484;
2907;
11228;
(12007,12397);
2231;
1000;
4939;
5166;
9905;
4093;
5593;
10385;
13802;
(9313,10951);
5288;
2209;
6929;
7726;
6676;
15278;
13914;
1935;
10896;
13205;
3936;
12405;
12846;
10995;
6202;
12234;
9994;
7572;
7662;
8553;
(7673,7767);
9441;
9502;
4258;
11361;
4383;
(12651,(5867,13098));
10215;
13986;
9454;
1242;
9387;
5699;
2193;
9566;
15582;
13787;
8797;
6891;
13288;
(9550,10999);
3445;
7241;
8431;
4514;
11155;
8443;
5305;
12523;
10296;
1328;
8879;
4521;
9596;
(7835,13478);
8681;
14459;
(2396,6749);
12313;
7521;
3627;
3135;
9519;
5403;
964;
14461;
498;
11279;
14234;
11186;
10429;
4015;
5735;
7106;
15314;
2445;
1010;
6220;
(7395,10578);
407;
3329;
3272;
(9143,12972);
(9939,15425);
14355;
5604;
3764;
12417;
3140;
1622;
15135;
(10926,10938);
5345;
8775;
2095;
12740;
3150;
6381;
15675;
5816;
6451;
6221;
2809;
6889;
(10104,11988);
2226;
15020;
8077;
3372;
10246;
12495;
8803;
(9085,13215);
7222;
(3444,9055);
9239;
4931;
3667;
11295;
2976;
10564;
11289;
8465;
9680;
13585;
5854;
(877,10370);
10041;
2009;
14606;
11002;
13889;
12709;
8989;
15129;
7528;
13847;
6874;
(183,2905);
2112;
4982;
10397;
2652;
12487;
10460;
10384;
2562;
5957;
(7251,11144);
1946;
4711;
8644;
3018;
(5273,13733);
15438;
8389;
10904;
(465,4307);
14481;
(3579,11016);
7951;
(12101,12682);
12340;
8370;
5956;
14408;
1002;
((6538,(12543,(15352,(3884,(9700,(3332,(6602,(7749,7863)))))))),(5894,(7898,12504)));
685;
1305;
699;
2464;
(11703,(2339,10372));
2777;
5702;
1122;
1022;
13154;
10178;
8733;
200;
10689;
10590;
2876;
8935;
8959;
3841;
1594;
548;
15157;
(2122,10074);
6584;
12761;
1462;
11610;
6530;
3345;
10364;
114;
4771;
2192;
14146;
8749;
(525,(4294,12914));
15033;
8983;
12521;
1387;
995;
9161;
9626;
6298;
10162;
12090;
15585;
10650;
4816;
9093;
5156;
4405;
(120,7741);
2381;
13592;
(7110,11269);
1905;
6336;
5051;
7219;
(1176,9320);
3839;
1403;
1646;
3146;
9049;
(5126,(6227,12691));
(15527,15689);
14014;
8441;
9136;
15554;
(9000,11724);
(6182,7618);
8865;
15379;
15344;
12726;
(4481,(5564,(4084,11318)));
(15122,(2171,13822));
11727;
7423;
3570;
9936;
(3801,13411);
13874;
13040;
11490;
(1227,15191);
469;
8481;
10555;
15458;
6646;
14140;
8161;
5121;
10937;
(285,2850);
12981;
12875;
2306;
3944;
733;
4832;
1352;
1641;
10068;
9422;
10838;
10143;
4184;
8968;
13336;
14488;
5299;
2152;
15280;
4167;
2058;
10035;
235;
5642;
13507;
11356;
13751;
2630;
14768;
(7315,13977);
12665;
(8292,15200);
10289;
5475;
8470;
5938;
3924;
6782;
2425;
7931;
2642;
708;
1664;
1578;
14869;
13167;
9560;
1364;
10917;
12924;
11379;
11168;
437;
4686;
2115;
827;
(5430,12950);
10012;
11372;
5909;
143;
7910;
(6367,6420);
12692;
(8051,(12061,14542));
(5863,14147);
9811;
10229;
3817;
13494;
(2550,11019);
1333;
12297;
4113;
9310;
8732;
10885;
282;
10892;
1586;
8868;
8071;
5790;
9763;
14870;
4865;
8474;
(10510,13900);
12454;
1008;
15572;
(83,2700);
13711;
4538;
5662;
8041;
14596;
12522;
(12863,14776);
(5524,8068);
8399;
967;
14932;
2708;
11904;
5492;
11457;
14285;
1676;
((13963,15588),(1952,11774));
5914;
1500;
14693;
505;
4456;
12835;
14792;
12138;
(6858,9972);
(9537,(723,9221));
8219;
(8926,12878);
11932;
11767;
1204;
11751;
4207;
2900;
9779;
1919;
2879;
2497;
12039;
14437;
5079;
382;
5149;
7884;
12439;
1486;
(1073,2017);
7308;
969;
2504;
11202;
13764;
8504;
614;
(10605,14446);
187;
4286;
7576;
8890;
1433;
8693;
10436;
14284;
11491;
(1016,8712);
927;
7275;
13713;
7792;
14432;
4317;
396;
5563;
72;
14499;
1466;
1914;
15225;
13927;
(2594,7021);
12655;
5461;
15097;
3606;
5223;
402;
12712;
11708;
14822;
5012;
(1012,9606);
11526;
117;
12664;
3317;
1994;
9463;
(7313,15538);
7118;
6046;
(2648,5663);
15178;
6823;
14718;
868;
8487;
8357;
6323;
14963;
15037;
(15374,(5933,14345));
7912;
9142;
9433;
3673;
14414;
6625;
8767;
15002;
4052;
9257;
3386;
13530;
10496;
358;
1190;
7529;
3227;
2493;
6209;
2174;
10249;
14241;
5001;
2714;
678;
(4175,5021);
1216;
(738,6605);
5496;
7392;
1049;
1228;
((8016,(7172,8502)),((5566,15396),(1237,11982)));
8252;
630;
3261;
10547;
(10628,14855);
6392;
954;
6069;
5310;
2698;
7086;
10459;
6432;
13755;
6181;
9749;
13887;
7309;
3613;
13030;
(14551,15265);
2923;
13840;
3131;
14067;
1917;
3932;
5778;
15263;
13070;
3343;
4856;
6144;
11723;
3107;
3395;
12907;
13031;
5784;
2792;
14620;
9751;
1792;
4715;
9530;
(8,(15120,(4549,13082)));
(8369,14507);
14666;
15605;
(2519,10577);
7447;
4274;
1869;
1621;
(11512,11588);
12168;
6348;
(4023,13104);
9538;
9382;
1807;
1616;
12353;
9624;
(5130,(12634,14809));
15653;
7360;
12209;
70;
(3592,(6083,12089));
855;
5144;
1248;
7964;
1345;
2379;
507;
6315;
(4619,9643);
8008;
10688;
10427;
4364;
(3233,9074);
911;
8145;
(8100,9826);
9001;
7418;
11687;
4826;
12140;
7158;
3712;
2912;
3704;
(5825,13952);
2757;
2979;
5575;
14995;
8572;
5696;
5980;
10251;
(5361,11345);
(5242,(917,5528));
(100,8604);
4012;
1393;
14697;
2282;
(7490,8974);
4553;
6539;
5075;
2275;
791;
(5553,(1306,5639));
4993;
2612;
(7443,15052);
15233;
(3020,(843,9516));
(7650,15136);
12698;
7312;
3855;
896;
11489;
(8133,14240);
2606;
(1736,2499);
11647;
13745;
12057;
13643;
1795;
11628;
14882;
11648;
6854;
10122;
14750;
1451;
4713;
13155;
1891;
14036;
4682;
10261;
14570;
13576;
1376;
10047;
(7853,(11969,14739));
((3166,4838),(3474,10395));
14470;
14431;
2281;
14610;
9561;
11541;
(3638,10878);
11222;
8455;
13694;
4259;
3448;
(8414,8535);
1476;
(1525,2255);
12748;
(10568,15291);
1529;
13471;
4733;
23;
12732;
(12904,13855);
13152;
14416;
15092;
(4897,7989);
5554;
14601;
9786;
5614;
12690;
14126;
10948;
12545;
8232;
((5009,9698),(477,13106));
6797;
12043;
15328;
11866;
3291;
9852;
7243;
55;
12205;
(1402,11943);
4700;
14227;
5165;
2032;
8862;
5576;
6045;
857;
13739;
14780;
4871;
3538;
8760;
1067;
9032;
5108;
(1858,(404,5365));
13886;
549;
14692;
13267;
24;
7157;
6021;
3237;
8929;
13609;
13775;
12369;
12300;
956;
7402;
(8231,10787);
3468;
7691;
13366;
7781;
15248;
(4040,(4952,5977));
834;
(11950,15007);
10509;
15463;
2679;
7328;
7997;
8107;
15424;
10415;
11224;
13240;
14498;
(9610,14201);
13827;
(910,7000);
4827;
13332;
14510;
8980;
12563;
5239;
(3076,11003);
9695;
6901;
4918;
12704;
14599;
9113;
8562;
9262;
7566;
(3359,(61,4244));
(11014,13330);
(2471,15197);
9588;
5600;
7732;
2010;
10593;
3173;
1892;
1588;
12146;
1751;
2697;
8590;
4930;
(7103,7917);
3756;
929;
7960;
6496;
10854;
7840;
(441,15482);
3418;
9630;
8076;
(6059,8242);
227;
12612;
6370;
3102;
3151;
208;
7382;
4730;
9933;
9022;
10069;
9062;
468;
5276;
7041;
14695;
6254;
1284;
13216;
(5585,13129);
2604;
15338;
15391;
(3824,5739);
6487;
(3379,9209);
11607;
12250;
7411;
1853;
10867;
13769;
9242;
(10816,13806);
431;
2602;
12840;
11732;
(11182,(3171,8756));
(2414,11673);
5850;
6078;
5714;
12058;
4386;
12789;
(8157,15011);
(1955,5752);
494;
7267;
4188;
752;
(2704,6051);
5274;
4723;
547;
(7895,10084);
12827;
2335;
15510;
10360;
11230;
9133;
1334;
4672;
8954;
(10398,14399);
1111;
2787;
11058;
(3762,14647);
4305;
7350;
12480;
14918;
13022;
13347;
11485;
11059;
(2686,5586);
12366;
(1995,4831);
660;
7915;
4683;
(8311,(10217,12765));
13338;
11027;
5781;
11178;
6920;
597;
14220;
4219;
7272;
719;
15673;
537;
8115;
5464;
3201;
5949;
3563;
701;
14913;
10726;
(7336,8404);
9697;
(5666,6025);
(7376,11768);
2614;
14492;
4645;
7737;
12910;
6789;
2535;
3604;
8469;
2148;
(1160,8521);
(287,(5670,9254));
14862;
4086;
(9979,14110);
2039;
9990;
12171;
1943;
2993;
9541;
5681;
10040;
1043;
15256;
14422;
12156;
(900,10470);
9206;
14817;
4341;
11105;
15432;
(10161,12124);
11748;
779;
540;
14048;
3017;
5062;
2075;
12525;
14156;
8047;
5337;
1748;
12592;
3410;
15141;
14277;
5506;
7784;
3039;
9396;
8119;
4479;
13147;
1417;
2303;
9450;
7860;
14152;
14990;
(8463,9496);
3094;
2392;
10376;
(2617,4225);
13448;
943;
674;
13580;
3276;
6245;
5102;
7564;
8539;
9245;
11167;
6099;
4936;
12516;
6930;
784;
2008;
(3467,9458);
2125;
13376;
3814;
4127;
3732;
14312;
14349;
3213;
3721;
4756;
7225;
3831;
457;
9839;
8990;
1421;
7290;
13944;
8721;
(11558,(5794,11873));
11651;
11272;
6845;
7765;
7753;
7831;
13348;
14563;
(2660,9512);
14627;
2426;
8377;
7324;
(136,15408);
12004;
7728;
2924;
1863;
6887;
2948;
((1861,3193),(15199,(6438,13761)));
6275;
8593;
297;
8758;
365;
10170;
5091;
15669;
10088;
10810;
5212;
11991;
4189;
11712;
5494;
8125;
5627;
12995;
2719;
14380;
2291;
5996;
2199;
14984;
1695;
(422,425);
13497;
6490;
(33,3586);
300;
8137;
3421;
9874;
9071;
(8036,11036);
14571;
6663;
14827;
4049;
13596;
11804;
(5055,15044);
4977;
5435;
12603;
571;
4473;
607;
8106;
399;
4875;
6767;
7200;
11307;
2857;
8591;
3428;
4487;
3827;
384;
2722;
8538;
15075;
13858;
10256;
508;
8666;
2756;
1283;
10798;
10621;
6702;
13709;
9862;
9981;
5856;
13826;
(3644,12864);
955;
2903;
8197;
5335;
7173;
(130,3968);
8451;
8282;
3446;
922;
5776;
(12673,13223);
4119;
3939;
4499;
(3823,5082);
6352;
3656;
10806;
8143;
10944;
(4632,9684);
4779;
15181;
11123;
(8909,12493);
1066;
(5158,8641);
(5015,12290);
11225;
15183;
327;
1498;
804;
1710;
2615;
14088;
845;
10099;
1654;
6322;
7444;
(11130,(1933,14613));
7152;
11731;
2133;
2127;
(317,11262);
(4358,8458);
(10927,13810);
6424;
15371;
5523;
(648,7245);
15542;
(9818,(6170,((10472,(4476,6212)),(6721,(6132,10785)))));
15076;
(206,10481);
14011;
5964;
5517;
(4312,13581);
13551;
1062;
15132;
11657;
13432;
12503;
11147;
3962;
(7321,10076);
15035;
13590;
9411;
(298,13554);
11762;
13791;
4735;
10451;
(1430,13525);
12376;
7892;
681;
237;
4848;
2277;
4973;
8810;
7023;
(198,3299);
11287;
5228;
383;
15369;
9935;
9764;
11410;
11649;
13715;
8383;
3697;
8374;
11741;
4616;
9520;
894;
14127;
(14045,(2568,13350));
7879;
6079;
5889;
2536;
14602;
8449;
2480;
642;
3203;
10567;
13662;
(391,6343);
2957;
3218;
7404;
5096;
(640,1070);
1424;
4669;
4537;
1235;
(5328,8878);
8146;
10333;
10473;
5112;
(1998,(10708,(12928,12951)));
13896;
1131;
(1921,9920);
10979;
112;
14771;
15521;
6014;
993;
1940;
8730;
4009;
8415;
1657;
8373;
2727;
15360;
7384;
6710;
(4775,10492);
1870;
(2059,4318);
(9219,9407);
3126;
8174;
(((9629,13029),(5767,10832)),((4597,5786),(2833,8559)));
10969;
5382;
1628;
6528;
13702;
9551;
9941;
3353;
870;
11899;
5128;
(1279,3476);
7743;
(3532,8961);
9260;
(602,(1435,5439));
9890;
10486;
229;
2033;
10493;
933;
14468;
8518;
12856;
1782;
(1045,11713);
12020;
(6394,8201);
9752;
8134;
14659;
13891;
10977;
9367;
13538;
886;
12373;
3783;
2485;
822;
8299;
6596;
15262;
(1434,2618);
(3075,(11897,12374));
1612;
13226;
3626;
4579;
7412;
2992;
7043;
2761;
2121;
10030;
4717;
2177;
(8302,14555);
(6149,10127);
4248;
6633;
7509;
1605;
9663;
10756;
(5754,(7306,8580));
2983;
10701;
7017;
6909;
1318;
2784;
14394;
8382;
(9356,13502);
7359;
12385;
7109;
11915;
(181,8058);
10183;
(3871,(2860,12679));
(2837,5071);
12639;
8763;
13370;
(10786,13054);
12102;
1561;
2773;
12526;
395;
(6109,14816);
12343;
11877;
15395;
2922;
(4662,13305);
(8753,11998);
12274;
9892;
6216;
3859;
4488;
1850;
2131;
6366;
6176;
(12940,13633);
2802;
9271;
11936;
11984;
(4757,4810);
10646;
12865;
9421;
(2841,10792);
1068;
11013;
10952;
9194;
6290;
4937;
12456;
(6948,9582);
11104;
7239;
10897;
9776;
669;
3738;
12400;
2631;
5655;
(2040,4606);
6304;
1172;
5848;
4342;
6984;
2736;
4391;
2681;
6983;
12100;
(4524,15465);
7640;
15163;
11528;
9896;
4903;
3367;
8711;
3553;
13603;
12596;
13519;
13866;
11761;
3516;
(4075,9472);
6249;
9738;
11417;
4092;
1081;
8460;
336;
4945;
10356;
10654;
4369;
15145;
6525;
1542;
12759;
7271;
7346;
9475;
(7818,13794);
13759;
9567;
(10804,14885);
9476;
4508;
12857;
6022;
3290;
11672;
7734;
14977;
8101;
858;
13086;
11722;
12984;
(6116,14318);
2898;
2034;
13371;
9734;
4326;
988;
488;
(9385,9881);
15414;
(5900,6804);
15250;
5897;
6122;
8956;
7712;
7948;
11865;
6292;
11696;
13049;
5869;
11983;
(1113,3576);
(3000,8259);
15421;
1552;
3259;
11601;
6600;
1155;
3889;
706;
644;
7108;
7238;
10895;
6848;
5683;
12564;
15047;
10691;
5972;
3333;
11149;
10910;
4778;
((3809,7601),(473,5568));
10673;
8786;
12063;
10430;
8773;
5184;
6641;
599;
11957;
1543;
12099;
7846;
5348;
454;
979;
10826;
7920;
8782;
15227;
3456;
11616;
(1961,9861);
8864;
12471;
(481,(2622,8525));
7537;
6273;
774;
1817;
12931;
6765;
10488;
((347,10741),(8353,15539));
7434;
(7018,8998);
(3050,9453);
9612;
6890;
5472;
7859;
14215;
12206;
11021;
5602;
3557;
10679;
8885;
9112;
12267;
1163;
10100;
7822;
10529;
196;
7265;
5234;
6570;
4134;
1224;
15532;
14678;
2317;
4378;
462;
4373;
15509;
401;
(13566,14548);
15404;
13394;
2936;
1481;
12204;
12229;
14872;
1781;
14298;
4894;
(4446,13050);
7185;
2066;
5945;
10175;
13591;
8859;
15024;
15130;
3834;
(15219,(3873,((((5934,11985),(2820,7094)),(518,9036)),(9689,14281))));
10109;
10570;
6750;
1199;
3443;
15490;
4467;
7417;
15575;
12766;
13043;
13182;
1064;
3101;
11237;
(12169,13439);
11606;
9532;
14269;
2694;
15670;
7437;
6564;
2487;
13757;
15322;
8695;
2514;
1700;
8599;
38;
11179;
(7968,((7657,(5768,14133)),(9266,12982)));
4501;
5436;
934;
8588;
(12303,13344);
930;
8403;
8941;
13061;
11263;
10959;
13836;
4050;
(12426,(3868,5452));
13127;
9336;
(6293,11623);
3092;
12687;
1801;
2187;
10587;
7440;
9473;
410;
14894;
11928;
13120;
13382;
(4592,13056);
7807;
3730;
15460;
1187;
4906;
(631,14560);
15315;
14176;
7998;
14469;
984;
(3994,12881);
(3078,8923);
6699;
(14904,15665);
7223;
5467;
4878;
6028;
6622;
8621;
1473;
1880;
15475;
13473;
7761;
14631;
5193;
9292;
13455;
5396;
2894;
10712;
9116;
7632;
470;
3726;
6975;
7692;
11055;
(7609,11505);
8673;
9796;
4864;
3867;
13925;
((230,7908),(1649,11907));
15547;
11478;
(675,10353);
11047;
4406;
5154;
2619;
12602;
12459;
(3877,14486);
10009;
9555;
133;
12936;
11022;
14617;
((6597,10653),(3438,11467));
8857;
13456;
3591;
4743;
4692;
9252;
7918;
12594;
13993;
12919;
9507;
6945;
11909;
3832;
6849;
3921;
12383;
(13170,14351);
(672,(1003,9795));
10345;
9958;
514;
416;
5486;
14569;
10379;
1050;
14276;
15358;
173;
12134;
(4004,10169);
(3043,(9011,15142));
2687;
447;
1833;
10015;
(4670,(5818,9850));
(6494,12764);
6027;
9867;
3266;
14952;
4861;
14109;
11890;
(2213,2669);
6806;
2653;
(7400,11948);
15148;
5749;
4223;
4240;
380;
13844;
12918;
12505;
461;
6147;
1079;
1719;
13766;
4927;
14604;
13059;
3979;
8033;
3316;
14340;
14024;
9685;
(10198,15332);
14767;
4678;
7116;
2099;
1268;
13624;
(2073,3139);
13968;
14100;
(13201,14071);
608;
5004;
8872;
10848;
8896;
15046;
4426;
5035;
808;
7179;
1602;
4876;
3106;
14092;
15606;
1610;
3369;
(10991,((2680,12912),(7953,8592)));
10328;
7739;
6947;
4725;
14316;
4739;
2544;
42;
5813;
12582;
2583;
11351;
12556;
4863;
4647;
305;
(1523,2159);
4800;
824;
10465;
14478;
12179;
6852;
5322;
8651;
(4623,14184);
2797;
189;
5407;
4323;
5257;
(2042,12270);
8160;
4883;
(7486,15383);
12180;
1106;
6657;
3678;
3060;
6971;
15453;
7471;
7230;
((6807,10087),(1640,3414));
4536;
5333;
9544;
1908;
9780;
9592;
9823;
3175;
7570;
15069;
9715;
10208;
3828;
10627;
3035;
6326;
8126;
5521;
(7776,10517);
(778,9917);
10107;
5940;
5769;
7162;
8093;
6108;
14731;
491;
10933;
704;
7155;
6324;
6580;
593;
1102;
6250;
1416;
11062;
14825;
13619;
15342;
9583;
15230;
12512;
3862;
11031;
850;
12539;
9523;
(12066,14112);
(6222,(7659,11339));
11249;
11835;
7698;
3458;
4352;
12699;
(9613,11000);
14391;
13512;
3760;
5708;
(2670,11090);
(4480,5499);
8394;
1860;
6585;
5687;
14173;
6534;
487;
11258;
(5145,10984);
1659;
11427;
4836;
4327;
6486;
2848;
9428;
3685;
5835;
1229;
6455;
831;
7468;
1713;
8082;
10923;
14965;
((5283,14245),(5344,11320));
(2706,14157);
8490;
1436;
4434;
5185;
1898;
6758;
3366;
(4570,12890);
10830;
3480;
620;
7983;
12824;
8997;
14263;
10241;
565;
6529;
(4421,9914);
10172;
5975;
13374;
15195;
13801;
1619;
(3202,14939);
4745;
13434;
11502;
2547;
(7766,14832);
2462;
13728;
14864;
6645;
14953;
(4168,(12771,13678));
5630;
8913;
13162;
14447;
7463;
7036;
8640;
349;
6505;
6413;
11054;
(3575,5606);
13869;
(4299,(1442,14085));
3099;
6261;
8014;
8707;
1593;
2588;
9785;
11236;
11282;
(4031,5245);
1200;
(1729,6630);
12929;
10125;
1618;
6207;
3584;
652;
1506;
9121;
(5249,13218);
2450;
14288;
1680;
(11024,13237);
9518;
2980;
2304;
10368;
3338;
10740;
11824;
(11995,15223);
7688;
2629;
2808;
322;
12496;
8817;
8378;
13539;
(4535,7269);
(13202,13859);
20;
6006;
13416;
(9402,15501);
13779;
4411;
9016;
1969;
1089;
(12416,14935);
15140;
(8263,11255);
13563;
531;
10606;
1202;
14820;
5728;
5476;
1004;
517;
(2984,8875);
13052;
584;
14310;
5262;
2747;
15589;
4617;
4396;
9442;
14456;
7922;
8062;
11545;
8659;
6808;
2925;
(((15073,15628),(4201,(10098,(6974,(580,12708))))),(6811,8333));
3850;
11952;
4414;
12585;
8832;
2137;
5197;
2978;
11534;
10469;
12109;
7459;
4805;
(1810,5534);
12490;
10222;
10020;
11487;
14398;
215;
15459;
(14658,(2738,(10036,12444)));
12304;
11869;
361;
5963;
12604;
15343;
4784;
11825;
15443;
15101;
9347;
7462;
3246;
15154;
13575;
9205;
4309;
5723;
4530;
3349;
(11796,(4060,9899));
6955;
14074;
(9464,14949);
13285;
(5052,9197);
14175;
9558;
2167;
8053;
7069;
10833;
10332;
3404;
13894;
15201;
9704;
1653;
3610;
14244;
5204;
2703;
(9619,(2656,8064));
14460;
5843;
9362;
9232;
2283;
207;
7122;
8809;
8347;
11195;
9645;
5903;
14884;
5089;
14186;
12677;
9435;
11426;
2102;
161;
6877;
2294;
(4803,8933);
(2867,(10515,14646));
13113;
(3005,9067);
10299;
11283;
1773;
(2223,15375);
10455;
5243;
8612;
12783;
386;
11599;
2744;
8136;
12038;
8340;
11383;
14373;
9054;
13430;
12158;
2721;
13812;
14802;
9591;
13666;
4919;
698;
5483;
1460;
5583;
8986;
12322;
14879;
6175;
6903;
(3209,9909);
(4235,9609);
(8567,13045);
9712;
(116,6752);
1399;
14115;
(7186,(8124,(513,14382)));
14325;
6395;
7500;
1768;
8851;
10075;
8139;
12610;
(8138,9138);
2182;
14144;
12983;
14224;
1395;
2807;
555;
6391;
8352;
9424;
3199;
7606;
8484;
(2625,4262);
2089;
6998;
10133;
7577;
5057;
10656;
12041;
1963;
7724;
14756;
8204;
5078;
10750;
12754;
1901;
9666;
6114;
5721;
6282;
6023;
7615;
6717;
202;
9565;
7393;
15243;
(5440,12531);
(8428,(271,(4602,6672)));
5412;
2636;
12713;
8018;
7019;
2763;
12062;
5608;
3310;
1617;
2745;
7357;
3301;
633;
2600;
4102;
((9462,10565),(3451,11749));
1168;
9910;
14149;
662;
3860;
14354;
2851;
5653;
12899;
2394;
5766;
(((2219,7432),(9860,13695)),(95,12938));
1720;
7438;
11611;
3605;
12402;
4811;
5664;
557;
8081;
8764;
1531;
1100;
14087;
(3390,11742);
15028;
15049;
7805;
3980;
31;
2080;
4736;
(3293,5045);
12438;
6265;
10449;
286;
5321;
7380;
4581;
13222;
1028;
7542;
3909;
(3861,6068);
11590;
96;
919;
4996;
(4474,5296);
10835;
10313;
409;
11527;
6740;
4877;
13971;
11697;
15561;
8680;
1478;
12894;
11714;
1308;
(4699,13556);
(10363,14944);
9762;
((8672,12240),(2649,11094));
13299;
8609;
14828;
11636;
7684;
9378;
10160;
2677;
2564;
9124;
13572;
7478;
13729;
7990;
10031;
(9147,12744);
7866;
14103;
13701;
7415;
(339,15127);
12305;
4371;
1158;
13690;
2931;
4793;
(((7536,12356),(1261,1883)),((9739,10349),(8660,15151)));
5773;
9985;
12500;
878;
9381;
11291;
6665;
15393;
14489;
8583;
(5287,(13095,((3528,6081),(((4754,13150),(12,4266)),(5679,11153)))));
9321;
4243;
7656;
(5465,10387);
14073;
15040;
4008;
11162;
10423;
9895;
15347;
11632;
(1993,12812);
9035;
12342;
14177;
871;
4659;
13970;
12003;
7827;
(872,9525);
8620;
8003;
4954;
4466;
3306;
(2373,9897);
8821;
(9182,12960);
2871;
15399;
5265;
(3659,5838);
10019;
11494;
8055;
12126;
2798;
7555;
3313;
12624;
2378;
9815;
3361;
2548;
2264;
7088;
10645;
8735;
1690;
8215;
(6470,8270);
15150;
10558;
420;
7257;
7586;
7435;
1517;
10495;
5797;
6150;
2641;
11358;
11076;
12428;
9186;
8187;
8367;
(8191,13685);
10026;
8595;
10614;
(1945,8824);
10692;
4770;
7775;
744;
12212;
10067;
7519;
7830;
272;
6269;
1642;
6007;
4107;
9303;
4054;
11483;
4505;
3157;
15247;
14779;
5320;
14229;
6102;
14132;
3970;
8907;
(201,7722);
2351;
1254;
(15631,15683);
14703;
3155;
10366;
9184;
2779;
3562;
5551;
9249;
15449;
2420;
10960;
(15455,(6117,(4959,5710)));
7311;
9902;
(10029,12235);
((1018,1724),(9649,11549));
3788;
(10655,10825);
167;
6579;
5855;
6648;
10275;
13614;
9586;
(2770,3009);
14360;
8940;
(4766,9183);
15686;
(7513,(11821,12575));
7814;
6608;
2352;
2729;
10071;
11305;
5833;
4337;
2016;
8386;
10757;
14062;
1488;
12328;
5419;
4066;
1233;
6647;
15171;
6372;
14964;
6624;
(4870,11705);
13811;
426;
3833;
5895;
7563;
5442;
14236;
2179;
12088;
14015;
5198;
12829;
(3116,(2598,13408));
14225;
4598;
6946;
13354;
12590;
1398;
(789,4835);
8275;
12391;
7507;
7011;
1705;
9244;
6695;
12408;
4329;
(2592,15410);
15134;
6503;
7169;
11891;
13870;
9061;
2559;
294;
2628;
3822;
35;
5136;
3061;
2826;
1627;
13420;
1315;
1774;
4821;
13319;
11208;
13503;
148;
11864;
7263;
9158;
13145;
11106;
854;
10667;
11389;
12501;
4319;
15282;
14514;
1626;
2890;
3919;
7449;
9688;
13292;
10805;
15010;
13219;
7199;
14197;
564;
7485;
11554;
12123;
10257;
10718;
13390;
3125;
8078;
(2569,4972);
12372;
2635;
10342;
2118;
(6819,9416);
(725,10869);
8815;
1051;
12934;
13450;
(5765,8987);
4354;
(12388,15660);
6474;
1966;
(7498,14749);
13442;
(4142,12613);
9149;
12119;
11513;
12098;
3713;
15281;
8566;
9944;
7292;
(203,15565);
15469;
15642;
6156;
13355;
2141;
4308;
(4288,14988);
(6143,(6988,(4552,12144)));
13015;
6993;
(9870,13916);
3796;
6783;
8118;
(12175,13385);
12693;
1444;
9594;
15528;
1278;
7927;
10346;
2895;
799;
3550;
(6821,12640);
(13363,13976);
5930;
3206;
4727;
1178;
15599;
(1980,14550);
14608;
(11256,12814);
12315;
7710;
2142;
6136;
14261;
11232;
76;
13206;
4867;
526;
(7092,9510);
6960;
2858;
7816;
7505;
(10639,13823);
(10239,(1221,4912));
12191;
1465;
8855;
11099;
12925;
53;
2488;
4721;
10967;
11563;
10912;
14344;
13982;
5266;
14813;
(2105,12236);
14835;
12258;
5373;
15078;
9552;
12159;
12791;
9493;
12725;
15208;
10961;
1019;
11702;
13808;
11143;
(2163,5421);
(9090,10996);
(14183,(4413,7482));
6447;
13462;
6306;
3067;
736;
(6287,13403);
6276;
15392;
8642;
(13075,13398);
9928;
15537;
863;
(2665,12847);
(9980,13256);
10090;
10585;
4198;
(11776,12436);
15288;
13880;
928;
10499;
3123;
15640;
180;
14093;
8992;
3533;
8947;
13661;
9988;
12078;
583;
8417;
15189;
6996;
5468;
(15104,(10268,11302));
11347;
15431;
10165;
2821;
1911;
9098;
8234;
1886;
7875;
1367;
5179;
73;
1335;
3601;
171;
(66,5471);
6595;
6873;
8476;
1132;
9553;
11819;
14404;
5332;
(6241,(2069,7408));
(4981,12669);
9445;
10675;
4208;
1157;
7945;
6251;
(4608,13623);
(8918,((5560,12994),(9059,11965)));
2263;
14004;
13892;
4034;
7104;
4801;
12221;
5988;
(4926,8271);
15164;
((4313,9576),(2135,6070));
10523;
14289;
11831;
771;
9246;
15442;
(5908,8888);
7790;
9227;
9647;
4799;
3048;
4956;
13897;
13491;
817;
1984;
13181;
9108;
(9341,(14538,14660));
2707;
5599;
12030;
(2064,(4398,(4156,11829)));
12683;
9217;
5572;
11493;
1414;
10963;
539;
591;
10382;
(866,12040);
6923;
8274;
7791;
(6462,10970);
4438;
5019;
622;
1316;
10011;
(8908,9491);
7303;
1550;
5067;
10828;
893;
4969;
8046;
2650;
9813;
(9803,14116);
11823;
6546;
(25,15477);
14875;
(5886,13865);
512;
14531;
1196;
240;
11951;
6206;
6820;
1217;
3820;
12420;
2849;
11336;
11221;
6913;
11408;
11484;
9536;
7551;
4153;
10914;
6104;
10182;
9903;
10751;
6071;
(3287,12031);
4211;
1108;
(3959,(1571,2955));
11908;
(9608,12337);
(8376,(9673,11083));
9716;
10539;
1580;
8807;
(9040,(10722,12244));
3008;
9721;
8104;
13401;
2025;
5607;
13159;
293;
3134;
(2442,13290);
7097;
2726;
(3041,14955);
8109;
(3462,6499);
5999;
13868;
6425;
6217;
2313;
(8462,13920);
1011;
(1743,4122);
8930;
3081;
1764;
5577;
4082;
4427;
12953;
((7389,12514),(2730,11176));
5847;
7660;
5581;
14165;
13670;
11330;
2196;
1374;
6973;
1516;
12891;
(5802,14119);
11618;
(1688,5338);
14546;
(5168,14327);
2014;
(13431,13674);
7794;
12506;
12015;
(2029,7401);
9495;
12220;
5629;
8044;
14710;
(1348,3077);
5005;
1290;
(4869,(2012,13017));
11595;
15005;
13833;
9809;
1413;
9816;
4567;
11520;
6111;
11061;
12080;
13477;
4143;
(6838,8963);
9790;
3566;
13641;
((4290,15159),(228,7813));
15001;
(4324,12308);
9305;
15048;
(4747,5141);
13622;
2299;
15210;
4571;
3996;
14707;
12473;
14537;
14145;
11681;
15008;
2965;
2672;
9288;
9858;
5163;
15222;
5896;
4170;
2994;
13644;
2836;
9792;
5905;
(4904,(2804,9683));
1186;
6465;
2407;
11967;
6940;
15241;
6106;
11421;
14516;
15034;
11121;
13248;
(11175,12942);
5353;
9605;
(4551,5755);
15030;
1166;
9480;
8233;
11091;
2056;
13407;
7205;
6593;
(3811,7143);
(10159,(5649,6382));
7054;
14213;
(10637,12032);
12167;
(629,11940);
4110;
2746;
10411;
(3594,3778);
3449;
5812;
15296;
6042;
6599;
7171;
4083;
(3435,14708);
11557;
13000;
4860;
1048;
5425;
14700;
7398;
(3186,7163);
((2506,13020),(5460,15688));
3225;
11719;
14381;
1759;
11598;
3411;
2302;
1240;
(32,6139);
(((1670,9546),(5720,14581)),((2322,12370),(1265,9471)));
1503;
8752;
9878;
10337;
2241;
16;
11934;
14105;
6307;
7939;
(3696,(7322,10258));
603;
12722;
3069;
335;
15349;
7107;
2950;
12580;
7399;
13999;
12324;
(1071,11172);
(2176,3079);
12977;
163;
10534;
14397;
(12724,(2908,9148));
895;
1394;
2902;
6252;
3179;
15108;
11975;
859;
(5745,(4498,5689));
7150;
864;
1078;
8586;
10841;
3238;
15060;
4630;
9202;
14686;
14999;
14959;
14830;
3247;
6961;
6299;
6380;
10231;
2091;
9082;
11306;
3647;
2218;
8840;
12012;
5342;
11994;
2582;
(((1942,11275),(12082,14755)),((1937,14323),(781,2880)));
3600;
14409;
12037;
(3542,10179);
8363;
(((493,9665),(5651,9010)),(9322,(3478,(12786,15156))));
11455;
(1882,8200);
11085;
11211;
755;
14193;
13698;
(9077,(6093,12844));
7914;
7151;
9376;
13461;
(5638,13850);
6872;
14091;
3231;
12285;
8010;
10247;
4053;
149;
(8364,9141);
(7145,(2489,3335));
2164;
625;
(10245,11654);
4922;
(909,1904);
10882;
15668;
3214;
8783;
4109;
12796;
14300;
7327;
5316;
9170;
(6171,12784);
9078;
4665;
4984;
10949;
9703;
(4220,7793);
3731;
3769;
8881;
560;
9949;
8056;
9008;
2661;
1623;
5105;
5891;
5595;
12825;
2647;
14621;
12608;
15544;
5919;
15447;
1958;
10322;
7282;
(1501,(15193,(4621,(1916,7588))));
3113;
1046;
3059;
5261;
6943;
14656;
5284;
10335;
6825;
2023;
6096;
3242;
6457;
12176;
9076;
7954;
7481;
9568;
4448;
12291;
5175;
7736;
10013;
11281;
3097;
11743;
14735;
12632;
6581;
5669;
10391;
10542;
13333;
12694;
8653;
902;
11707;
11253;
9489;
4338;
15295;
7738;
1147;
(5263,13136);
13686;
975;
(1361,15003);
(9842,15415);
11860;
11384;
2599;
13342;
11112;
7934;
14464;
(1643,11010);
6711;
6347;
5363;
15176;
2975;
14270;
13683;
9668;
10998;
(4595,6708);
7184;
11754;
2140;
11573;
(1210,(12413,12787));
10126;
4392;
13367;
6729;
4394;
14172;
1789;
15105;
(5429,11688);
5952;
12067;
7076;
11536;
6376;
2509;
15339;
7666;
6414;
408;
12332;
13964;
8724;
9456;
9549;
13988;
2892;
7679;
14760;
9527;
13238;
11069;
9526;
14672;
7796;
2666;
11678;
253;
7543;
(3365,7235);
15430;
9730;
3054;
(2795,12292);
12581;
9959;
11471;
8914;
10831;
10533;
5061;
13965;
9743;
(9657,10727);
1156;
9087;
5761;
1269;
6194;
15116;
6567;
6473;
13141;
3110;
15434;
12887;
7194;
8006;
13449;
(4321,12069);
13470;
394;
9099;
3176;
3298;
10338;
11369;
(5084,5852);
(3182,12569);
10248;
4447;
11550;
13778;
14934;
3285;
754;
1876;
2320;
13297;
(4310,7569);
14457;
13848;
10347;
14138;
13740;
4063;
15650;
268;
(3278,5201);
3623;
8658;
2191;
14907;
15472;
13066;
12549;
14012;
14975;
7421;
7302;
(637,10205);
12681;
10282;
1927;
13856;
5569;
(13899,(11089,15158));
(5208,5343);
3192;
1496;
13253;
1090;
9859;
4628;
2416;
(3848,14364);
15489;
15623;
6053;
4281;
2316;
14154;
1223;
(11682,14726);
3901;
(4375,12992);
11428;
11273;
15312;
435;
15311;
15378;
11704;
9875;
11108;
14804;
11643;
7789;
7430;
4822;
7971;
(2899,7047);
10799;
(8247,11385);
3821;
1125;
(2083,3825);
(106,15633);
12323;
9825;
7314;
11333;
7332;
11592;
13943;
(7216,7885);
11501;
7916;
3363;
11962;
(1954,11246);
10458;
6390;
11605;
(1838,9388);
(2274,6686);
14843;
14583;
1350;
10836;
6115;
7138;
2251;
14502;
4390;
4003;
8066;
4449;
7159;
6906;
1971;
3530;
7522;
8390;
(1174,2110);
5238;
14679;
7052;
13922;
((9625,12815),(4295,(6295,15331)));
7335;
5673;
865;
1847;
12609;
10769;
12187;
1950;
3396;
4882;
(1959,6417);
14296;
14077;
4158;
5529;
9638;
8266;
11164;
14714;
3465;
7326;
6591;
4976;
(10747,14795);
3937;
14053;
13149;
578;
9877;
1129;
14880;
12515;
12174;
(1165,11667);
2049;
11165;
7253;
2940;
(9634,(345,10336));
2098;
3615;
(4332,7208);
4850;
8578;
6167;
530;
8528;
2268;
(12001,14877);
9836;
13895;
14009;
(13597,15445);
(9446,11049);
11145;
5750;
(4680,15117);
7064;
5298;
1143;
3027;
13498;
10442;
8920;
2888;
8037;
3500;
15125;
13397;
14218;
12565;
3739;
12115;
4222;
9157;
8544;
5314;
5155;
7868;
5404;
13985;
(684,10695);
14860;
11960;
11882;
15413;
4497;
8627;
12793;
11945;
6047;
4059;
11214;
(711,8574);
(8294,12841);
12245;
6005;
13186;
13490;
4124;
1752;
14028;
12767;
13734;
7545;
4000;
(4026,11113);
11954;
3115;
(2409,8159);
8495;
1173;
1555;
14730;
14967;
12284;
7354;
3362;
14494;
2013;
6154;
14180;
13636;
105;
15685;
15234;
5140;
10147;
2734;
14950;
3900;
5885;
8273;
7255;
14068;
8759;
1457;
5111;
5688;
11972;
3281;
446;
6412;
10105;
11340;
(1357,4227);
15013;
(802,9069);
12482;
12579;
14856;
13369;
4069;
(((769,2107),(1668,15672)),(13508,(2260,5247)));
8582;
5636;
9465;
13006;
(2047,8630);
(6242,11152);
3172;
(3311,12301);
2800;
4895;
(2553,11980);
11199;
11771;
10556;
2459;
459;
(1568,3727);
14564;
11026;
6610;
11284;
9983;
6512;
14153;
14410;
3565;
9267;
144;
419;
13214;
730;
12407;
2300;
12457;
697;
14297;
15473;
(7880,15563);
10202;
788;
10837;
5041;
6967;
921;
12443;
(3800,8150);
1047;
(869,4752);
(1651,(7297,(14933,(1785,4027))));
2624;
8994;
3189;
2415;
4763;
14642;
8225;
5470;
(5700,(3984,6508));
11799;
9236;
15382;
248;
2541;
14763;
6492;
4105;
8365;
392;
(841,5892);
13296;
12419;
4966;
11813;
5137;
1458;
11396;
(9003,11132);
14313;
11548;
6954;
11004;
4636;
6359;
3715;
9065;
10196;
13362;
(8699,15515);
1149;
4121;
12347;
1717;
7439;
11665;
7341;
2018;
7856;
6502;
2962;
5727;
1845;
14689;
11806;
12819;
4088;
3922;
3326;
(5922,10189);
4362;
14532;
6219;
8847;
(2753,5645);
3718;
3432;
5959;
10046;
4625;
15217;
8483;
6773;
(1482,13228);
5641;
9169;
4356;
13252;
8831;
14210;
10114;
1146;
(7063,12848);
6679;
6517;
(2002,5805);
12009;
436;
(1930,13168);
13105;
937;
15091;
12170;
4885;
9484;
7530;
2214;
460;
15336;
7111;
2589;
(2503,7125);
267;
13327;
2832;
6763;
11656;
8425;
11800;
2314;
12678;
8554;
7596;
15266;
6332;
11390;
5424;
444;
5974;
1024;
(2343,11920);
1821;
19;
11530;
9773;
8853;
7820;
4992;
4731;
11740;
5362;
12868;
651;
10389;
12466;
9084;
758;
2556;
9821;
4273;
7599;
12773;
15553;
4137;
4425;
4306;
9275;
880;
9364;
5014;
6651;
13966;
15216;
8697;
13027;
(5808,13795);
2995;
9812;
10884;
12239;
(2284,5565);
15218;
1390;
(6151,(2296,11234));
9571;
11117;
1212;
(5753,13741);
12792;
9992;
(2377,10683);
2495;
14737;
11894;
10168;
12959;
14876;
304;
13673;
7625;
15526;
11425;
9167;
15239;
(1259,11677);
4845;
11037;
2872;
8916;
(504,5219);
6655;
10396;
(1154,11803);
2331;
13294;
7446;
12729;
2432;
13156;
14701;
5063;
8445;
3672;
4740;
9575;
1663;
14357;
2344;
6399;
2823;
2355;
12120;
(3109,11979);
14341;
12849;
(9706,(4708,5906));
9018;
(9898,12238);
15420;
(13574,(3137,9043));
(907,8098);
9964;
(320,1359);
4253;
8245;
13932;
5511;
3954;
1499;
12013;
12310;
2431;
8217;
1802;
13231;
6480;
4429;
4649;
6660;
5011;
4769;
(3381,7456);
3567;
6697;
12816;
(7503,14054);
14922;
10017;
2356;
(9995,14674);
4640;
11843;
6866;
543;
(10630,13537);
(10323,12445);
998;
6408;
6415;
10720;
((2938,10399),(11043,11309));
8917;
5207;
5229;
3684;
(51,13334);
2956;
12233;
7203;
(4359,7630);
11285;
13867;
4787;
442;
13460;
10812;
1819;
8494;
15613;
8813;
7959;
8254;
14568;
9864;
(14455,15009);
14762;
14256;
15;
214;
7800;
14742;
(3863,11524);
8793;
10457;
7991;
6911;
8285;
2952;
11901;
14745;
6842;
10665;
(1151,1951);
(621,6643);
10849;
11848;
(14801,(12325,12477));
4656;
(5943,(4891,((4162,(11661,13018)),(13399,(10559,13760)))));
595;
1159;
210;
10292;
5150;
5110;
15255;
2829;
10123;
10283;
9145;
4470;
10694;
13326;
6197;
11169;
15591;
(11006,13485);
1765;
9447;
(977,6601);
(5083,5313);
3355;
1509;
(6349,11481);
4674;
772;
677;
14002;
4808;
452;
14482;
7477;
(1472,9524);
11406;
15583;
13317;
4206;
12877;
5489;
11850;
13923;
(2310,15107);
1319;
718;
(7048,10101);
5324;
1273;
(573,4234);
2173;
8295;
1549;
7492;
2341;
2463;
8301;
14891;
1249;
(2421,(5995,12962));
2904;
8096;
1096;
10227;
6734;
(11290,11583);
11817;
10678;
(8784,9021);
12217;
2909;
12652;
11565;
8921;
13749;
14306;
12344;
(6772,10228);
(4577,13384);
(2478,14986);
10502;
9800;
2847;
4232;
1974;
7699;
7848;
5278;
6183;
10706;
15259;
15614;
12597;
1189;
11859;
7812;
8169;
8776;
12149;
(7707,8412);
2778;
7669;
5457;
6511;
6368;
15608;
15684;
13085;
12023;
3572;
3471;
11944;
953;
14761;
11849;
4626;
(9799,12741);
14585;
7221;
10922;
(12794,(1931,3951));
7703;
3792;
7778;
2533;
7476;
7768;
6638;
1036;
1560;
(6835,(12287,15448));
5151;
11463;
9623;
7457;
13320;
14676;
(7958,(12768,(2367,2748)));
8561;
7495;
9048;
5678;
7731;
11057;
9359;
8511;
8444;
(12969,(385,4098));
11919;
(2845,8268);
3751;
10108;
5387;
963;
12225;
10894;
4796;
4247;
10760;
14524;
5125;
3475;
(14291,15058);
10254;
1377;
10716;
13506;
11482;
12876;
(13611,15359);
5842;
113;
2739;
1629;
11480;
8928;
6737;
10505;
316;
1193;
(686,11441);
(5059,11925);
1918;
11508;
7752;
15131;
5213;
(14691,14847);
15102;
(12316,(7420,8387));
(4380,14290);
13903;
12118;
8902;
1286;
9819;
11634;
1005;
13629;
13998;
(5043,8421);
15546;
(4961,14706);
9350;
(7057,14607);
11747;
11782;
4841;
7381;
12019;
12537;
11680;
3250;
4716;
14151;
8286;
4363;
5832;
12797;
1288;
7678;
705;
9293;
8392;
2942;
3587;
3580;
6942;
7004;
1703;
(6968,10931);
10106;
7307;
12266;
6743;
(609,2846);
4858;
14705;
(283,3434);
11992;
10339;
12638;
7558;
5432;
664;
342;
542;
12813;
367;
14982;
12811;
9973;
3830;
8883;
9655;
(1598,7936);
(10475,12277);
4859;
2045;
8560;
9004;
10571;
295;
4422;
6639;
7484;
1591;
13981;
12747;
12195;
3236;
5341;
7562;
5477;
2220;
(10386,12127);
13381;
3904;
4732;
957;
9932;
(8336,14722);
3583;
1266;
13926;
2772;
(3609,14559);
3047;
7237;
12151;
839;
3518;
15655;
5487;
10852;
5942;
765;
5401;
(7084,8828);
13511;
7575;
14086;
8675;
10921;
13814;
1083;
14651;
1829;
(139,11454);
5719;
10240;
(2022,5107);
8628;
(5872,11488);
1534;
9607;
2060;
(12279,(6164,9220));
14917;
8799;
503;
7010;
9028;
7574;
8960;
2759;
10426;
7016;
12930;
4224;
9377;
9845;
766;
12555;
4268;
15579;
5183;
9740;
10680;
(1814,6331);
1583;
(10930,(8513,14041));
11533;
(10853,14254);
2123;
7798;
6540;
3122;
905;
10752;
12491;
14962;
1321;
14065;
(4705,4950);
7929;
14786;
3328;
(1198,(9766,(11391,(735,(8032,(11198,11922))))));
5255;
10522;
14797;
5611;
(4495,13217);
12139;
6575;
1625;
15533;
10319;
3357;
1267;
3497;
1692;
10485;
12014;
(6864,(2934,(2001,13906)));
7085;
3210;
6010;
10206;
13021;
3153;
(6674,14947);
15456;
86;
6463;
10955;
(3260,(8551,13271));
7834;
9681;
(5969,(10939,12892));
5612;
3953;
11355;
2189;
14035;
11107;
14887;
9226;
7068;
7994;
5820;
10005;
(13301,(7102,13600));
566;
12731;
(5837,7487);
9587;
(7590,15172);
18;
7867;
3229;
7364;
11760;
2212;
10778;
1232;
4114;
10879;
10033;
1060;
4236;
11765;
(1084,5437);
(12534,13264);
11453;
(1803,9542);
(1520,7966);
(14098,14650);
1741;
7170;
11025;
3312;
8532;
2911;
13961;
2243;
4096;
10425;
7799;
951;
164;
11363;
11297;
15269;
8771;
4233;
1638;
(6760,7902);
8194;
13196;
10817;
7060;
3946;
9562;
9531;
13707;
11621;
5172;
14902;
4141;
6997;
8461;
(6506,14636);
14890;
11822;
8893;
15326;
7982;
14973;
4528;
14954;
(529,(3294,10563));
(3702,(9155,(10723,(9498,13158))));
(6210,12173);
14859;
3926;
14392;
13634;
9415;
(756,10238);
6759;
4940;
(1796,15495);
3161;
12949;
5117;
606;
13931;
(612,5127);
(12024,15321);
11721;
12927;
(1665,13235);
14332;
5292;
9991;
1494;
14237;
1203;
12190;
6274;
12432;
3056;
11472;
1171;
12808;
12351;
9308;
3180;
(1119,10684);
14852;
8075;
9195;
4172;
3425;
12996;
15306;
(5267,14352);
6260;
13940;
737;
12880;
10173;
10242;
11990;
2208;
1841;
(2327,10876);
(4685,4782);
2822;
11918;
12072;
12554;
10920;
9801;
(1220,4794);
13204;
4205;
6335;
676;
9595;
7544;
8339;
3967;
5799;
2723;
(8168,12723);
222;
11040;
7319;
14931;
11376;
(10412,11357);
2518;
15224;
6248;
(1017,15666);
4995;
346;
14336;
15476;
13879;
14873;
11207;
15204;
7262;
2380;
2508;
11867;
12917;
1996;
12645;
1009;
5742;
(3473,3840);
9547;
13639;
(1104,2324);
12810;
5189;
14018;
3703;
6712;
13615;
509;
5780;
2237;
(13881,(13567,13722));
(15461,(8108,(6707,9782)));
10218;
14687;
1092;
((2643,5098),(4675,12618));
14125;
3632;
4461;
6296;
9722;
6586;
9023;
5616;
10956;
(1508,4658);
(10390,14759);
9383;
4764;
501;
7962;
5065;
6294;
15162;
7;
4251;
13476;
3053;
5203;
8894;
14878;
1128;
12106;
8112;
6013;
(2532,9412);
(8691,9358);
9756;
2552;
14976;
3903;
840;
1504;
11065;
1057;
1230;
9345;
8277;
5986;
11695;
13837;
8162;
4655;
12889;
7720;
3771;
11394;
8522;
4471;
821;
13429;
9978;
5609;
10424;
6614;
4382;
11641;
2168;
(10913,13427);
(3651,14078);
12752;
13913;
7622;
6433;
2593;
4256;
220;
13194;
1832;
14196;
6277;
2354;
8596;
4090;
7012;
13137;
9569;
4157;
(2863,6231);
5211;
13627;
(246,12790);
14025;
6578;
777;
1718;
4648;
12154;
4418;
4043;
15381;
6204;
14716;
(7676,12588);
2215;
3690;
(2358,3148);
369;
5718;
8744;
729;
13337;
13630;
9272;
11941;
(3523,8915);
12751;
5196;
8147;
6542;
15652;
2397;
1087;
10021;
13402;
(3558,(11445,(9478,13211)));
12872;
11078;
(10971,(3437,13032));
5356;
7441;
2305;
914;
9924;
11889;
2261;
2949;
(7452,10344);
3230;
6603;
12540;
152;
15577;
(3602,14044);
13419;
14545;
10405;
9748;
11645;
6384;
6832;
8131;
(5024,6440);
10518;
5186;
12661;
3561;
(8129,13437);
8000;
2596;
6422;
15658;
10743;
14956;
9201;
2048;
2874;
(2004,11566);
8207;
11752;
5423;
12028;
10504;
14698;
11460;
11683;
15313;
9855;
3325;
10898;
5240;
9644;
994;
6537;
(3038,5066);
472;
9230;
2076;
1887;
1733;
471;
626;
(2774,7635);
14806;
13119;
13114;
10500;
4958;
5590;
659;
(3603,14122);
9784;
12199;
9989;
5954;
15647;
6364;
5032;
12411;
12033;
2041;
2901;
6497;
2767;
4163;
787;
(3808,9348);
6893;
8850;
2469;
8358;
14960;
1123;
11763;
861;
9134;
13229;
14993;
12462;
15022;
14343;
1144;
11627;
(13261,14511);
(13520,(11814,14190));
(6098,7797);
5017;
12334;
(8034,12871);
14257;
1783;
1982;
12921;
8966;
14039;
561;
3952;
1915;
10112;
74;
4569;
12806;
6690;
8351;
6389;
6986;
9658;
(2183,3942);
14826;
8021;
15373;
3200;
(5741,6471);
10350;
7631;
264;
12467;
6153;
8723;
5658;
242;
8366;
6981;
15357;
9012;
6244;
13747;
10584;
15012;
9268;
6583;
7416;
(1922,4710);
(2143,3340);
13559;
4962;
8346;
588;
3524;
13474;
9470;
(7704,12194);
((4078,(11204,(8842,11500))),(7212,12987));
7180;
7129;
11862;
14363;
(1371,4525);
(3763,(7701,9641));
8468;
13573;
(3590,12535);
(1452,14137);
2935;
7095;
13109;
(4673,6671);
13148;
10858;
14736;
2190;
6664;
(9718,(13377,(11711,14948)));
((826,11277),(6837,14417));
12181;
1474;
9466;
4104;
3185;
965;
6201;
12546;
8558;
14401;
10553;
8418;
(12113,13917);
9501;
4854;
10223;
13959;
4887;
10224;
15293;
7937;
12822;
7755;
463;
(1567,4270);
(9597,12333);
12026;
9705;
58;
3795;
8904;
2446;
13653;
3517;
(8103,13756);
3540;
11015;
7261;
837;
(9479,14415);
14549;
1778;
11268;
13509;
10369;
1040;
11933;
10521;
9787;
(4028,13406);
10487;
12583;
1298;
3854;
11334;
7274;
5224;
7842;
12688;
1730;
8303;
15581;
3080;
2376;
14866;
7839;
14169;
13935;
6157;
(439,13310);
12654;
(1780,2634);
14593;
4890;
4988;
13441;
13313;
11902;
(34,14529);
785;
6894;
(4560,6899);
5550;
9736;
14639;
(3408,(4451,10842));
13200;
11095;
11546;
665;
8486;
5839;
12964;
14992;
5722;
427;
7165;
213;
8042;
15289;
(11163,12967);
4361;
4494;
254;
(4159,9729);
5029;
8801;
700;
6604;
6518;
14896;
2918;
1489;
7042;
13562;
5559;
2412;
13178;
3154;
5369;
2743;
13907;
(233,15386);
1239;
2117;
13783;
9533;
8514;
6146;
4344;
6036;
11219;
9353;
14171;
6576;
11018;
14424;
13060;
4314;
4635;
11119;
10064;
11700;
5077;
12460;
(9891,(6127,11658));
13352;
3286;
3597;
10877;
2371;
6532;
((6855,12879),(11846,15111));
56;
7201;
9921;
1885;
((13513,15138),(5671,13171));
8848;
(6949,10312);
(13012,13994);
14038;
1464;
6180;
6126;
12433;
13457;
11261;
1271;
(1412,2579);
9251;
14033;
3916;
3928;
(9330,14095);
5937;
13758;
2735;
8952;
8600;
13195;
1559;
9851;
((390,15555),((7565,13885),((14787,(1973,12695)),(495,8257))));
(1075,9548);
1989;
11171;
6123;
9999;
1135;
7345;
8343;
9460;
314;
5120;
(5537,14910);
790;
12219;
8381;
9876;
232;
15609;
8251;
3084;
8901;
15182;
8709;
2937;
(3883,6443);
14807;
15177;
901;
5451;
3034;
3636;
10638;
13102;
(6627,(338,10685));
(4304,14170);
(2783,(5859,14204));
10818;
3447;
9869;
(2897,15063);
2985;
4824;
12519;
10355;
2184;
2451;
1565;
14535;
10434;
913;
8158;
5650;
3114;
874;
14888;
7049;
6991;
6637;
11577;
805;
5002;
15524;
1548;
4271;
7886;
7695;
3457;
11398;
13192;
12885;
9863;
3653;
2551;
6085;
9956;
9711;
15249;
4509;
6713;
(483,14059);
318;
9953;
5114;
2927;
1207;
6941;
(10644,13878);
(11597,14589);
6495;
2806;
241;
174;
11156;
4401;
1351;
6634;
236;
8905;
2046;
10932;
9922;
(4160,7224);
4276;
3028;
15511;
1693;
8085;
795;
(3398,13549);
6145;
4718;
14619;
7189;
14472;
7907;
11630;
6246;
3407;
2782;
(177,8615);
13087;
761;
14042;
5340;
14614;
(522,12675);
7881;
8512;
9181;
11578;
11496;
6035;
12261;
14206;
14427;
2422;
1976;
8647;
3442;
(4975,(5947,(12574,15062)));
4905;
9397;
11087;
882;
11986;
7803;
9744;
11128;
12605;
4177;
9635;
11851;
10635;
15121;
15636;
14536;
(1285,13341);
(10893,14886);
12320;
7466;
13472;
(4051,7183);
10149;
757;
12103;
13221;
13151;
(2386,(14846,(3096,13544)));
8973;
12845;
(8814,12231);
819;
10131;
15190;
10748;
(10972,15061);
13975;
(4694,13786);
(10978,13346);
10699;
14597;
(8689,13243);
7098;
10657;
2028;
12395;
9373;
5667;
14079;
5531;
5672;
13274;
3256;
7119;
3743;
13587;
3234;
4643;
11734;
6876;
11903;
9833;
1587;
(3577,14580);
15663;
10594;
15584;
6990;
10185;
4873;
13174;
12264;
6933;
9838;
(5190,5990);
7100;
12286;
6589;
13380;
10207;
224;
9274;
5836;
5366;
9066;
8438;
12707;
(12378,13579);
1707;
12770;
1979;
(2417,(7928,9615));
4573;
13665;
4901;
6775;
1510;
11413;
12620;
10764;
7396;
8307;
4230;
9044;
11206;
9171;
1007;
10661;
6754;
(8141,15661);
((3342,11668),(4526,7585));
4706;
12481;
(6120,9916);
3878;
7147;
440;
13750;
5167;
7553;
12377;
3961;
13405;
4245;
3720;
10579;
3195;
12404;
759;
2632;
13255;
(3870,6748);
9866;
(6426,6728);
13413;
8978;
(132,10648);
13343;
4774;
8095;
2078;
13547;
4095;
9089;
14946;
10320;
14527;
9088;
1556;
14690;
6360;
1181;
1636;
2461;
5056;
99;
582;
7465;
(6110,11325);
13569;
9499;
13481;
14174;
12821;
2885;
11619;
(8623,9901);
6723;
5758;
13738;
(2453,10532);
616;
6468;
10284;
(2154,3120);
(3933,15215);
2998;
10993;
6284;
6900;
8867;
4085;
510;
12700;
14506;
2933;
7453;
11978;
3596;
14628;
1170;
15622;
7141;
12721;
11507;
899;
11686;
11452;
7298;
9110;
12431;
5497;
3554;
9908;
37;
(2654,(5717,13293));
4376;
1418;
(4047,12046);
4409;
438;
14476;
5027;
10983;
6203;
8405;
5533;
3400;
((4554,6771),(10847,15587));
(3618,10915);
11893;
9233;
11655;
13164;
7602;
4058;
696;
(10501,(7260,9306));
15124;
(5705,(13122,14339));
(3617,(8498,11953));
11544;
4844;
(6501,13918);
12081;
(4036,7368);
(48,3178);
7475;
731;
4765;
(1299,11926);
(3869,4668);
10124;
2035;
8380;
11039;
9694;
4742;
6592;
(8726,14465);
15680;
7008;
3245;
9070;
14016;
4907;
1672;
12341;
980;
15629;
9335;
13486;
(351,8531);
10985;
((5210,12178),(3882,(10624,15068)));
10269;
15586;
7671;
2570;
2293;
3129;
15612;
14874;
1094;
14981;
7947;
13001;
(2818,14226);
12161;
(6239,10209);
13084;
1893;
6547;
(6333,12326);
4813;
3300;
2717;
12666;
4246;
11561;
12896;
11020;
5410;
9724;
3975;
3541;
8475;
12469;
15365;
2124;
6121;
(12430,(12321,14026));
12253;
5796;
9128;
3865;
4016;
11310;
6233;
11177;
945;
13842;
5399;
1577;
7059;
4453;
4789;
2926;
888;
10201;
8452;
10703;
9713;
10210;
2842;
15152;
7600;
8001;
6138;
7361;
10889;
7247;
14094;
13360;
14441;
12112;
5173;
3098;
13139;
15240;
4627;
8151;
3747;
12440;
7729;
7648;
11769;
3810;
4522;
(15079,(3682,14406));
12035;
4990;
13628;
6812;
(4997,12468);
7391;
14104;
(3963,6091);
13063;
(4527,12672);
12361;
12838;
12850;
4544;
7697;
10736;
8312;
3819;
11374;
2399;
4607;
(11373,13582);
(3373,4007);
15029;
6569;
11709;
8931;
5200;
5411;
7733;
2024;
12842;
12110;
6560;
6632;
(11312,13946);
1484;
5378;
13436;
13311;
(7995,9213);
15354;
8510;
13752;
313;
11516;
14273;
7387;
5621;
13529;
8633;
996;
13626;
6456;
(1320,1794);
647;
1336;
12472;
533;
12434;
(7548,(12529,(1208,(6881,(4933,5535)))));
15294;
14562;
11660;
111;
1541;
15362;
6240;
(8496,10775);
3065;
7748;
9144;
8287;
6215;
2103;
4020;
11586;
(1120,2999);
6004;
5536;
12647;
8645;
7310;
2486;
9788;
1400;
10697;
10962;
6472;
12276;
2020;
2769;
2886;
8291;
7909;
4637;
(10435,13108);
15303;
8536;
3051;
4117;
14233;
3864;
(433,14348);
11098;
3843;
7598;
249;
15327;
6730;
6636;
990;
8177;
15298;
9778;
2561;
13329;
1907;
9005;
7121;
14732;
8218;
6609;
14266;
7750;
5538;
13115;
9589;
15043;
(4809,8135);
(10864,12136);
14633;
716;
13375;
(7137,14358);
(521,12424);
(275,9398);
3074;
13422;
13853;
5300;
15147;
3742;
6223;
10536;
15324;
(1293,13618);
(2126,9395);
5935;
13282;
(14603,(329,8074));
8269;
2353;
6995;
(8524,(10329,13716));
10474;
1784;
8035;
(4101,13667);
3262;
(3813,(5178,10343));
6792;
12937;
1895;
2365;
11226;
6650;
(7258,13586);
11571;
1953;
13466;
(1722,5748);
3886;
4019;
1539;
1255;
796;
12246;
13947;
12249;
15270;
1839;
(8958,11157);
1533;
11072;
(250,(3974,4709));
(3243,15406);
13830;
10900;
(3997,10145);
1843;
205;
75;
6309;
6552;
3275;
6196;
14513;
5556;
6799;
5147;
2232;
9882;
15161;
(848,15624);
4057;
6003;
(6363,6441);
7721;
14207;
4071;
4062;
6778;
5591;
7289;
10538;
255;
13244;
13036;
11698;
10901;
12398;
1689;
11888;
(14142,(3888,8306));
3794;
5860;
13610;
601;
10444;
9343;
(5402,11753);
14841;
12926;
2337;
15057;
13882;
2369;
8779;
359;
3593;
6313;
2410;
1965;
11407;
13092;
12368;
527;
7806;
6160;
9009;
(5844,11509);
14727;
13960;
4155;
3781;
985;
13862;
(1041,13303);
2230;
8471;
3757;
511;
13957;
14808;
1948;
10713;
1065;
(5587,8117);
15113;
6958;
(11914,(6787,7293));
4439;
13705;
4379;
453;
8186;
14624;
9943;
(2928,11927);
(4613,13410);
7388;
13746;
2246;
5195;
3547;
6133;
7683;
13357;
11874;
1812;
4935;
(((4693,9746),(5438,8500)),((4311,5927),(3030,10277)));
(7930,8499);
7747;
11612;
2430;
6034;
8183;
3348;
288;
10034;
4300;
3957;
4443;
451;
154;
4938;
(3688,6026);
947;
1824;
10167;
10045;
7442;
9584;
5913;
6131;
10024;
4108;
13984;
7340;
1875;
9019;
14413;
2830;
3295;
1848;
816;
13300;
(898,8719);
14120;
4942;
15252;
7819;
13078;
15687;
((8757,13697),(7175,8861));
1253;
9295;
12213;
12260;
14696;
5384;
5771;
5958;
7559;
2501;
2959;
414;
941;
14167;
5544;
1747;
5053;
10298;
(3595,6172);
(5044,8706);
12042;
14501;
10862;
6617;
5883;
9166;
11133;
11892;
5493;
7571;
14850;
(851,(10467,13577));
15464;
4347;
13099;
12000;
5047;
748;
9207;
6756;
15050;
(835,(8870,12208));
11815;
5893;
9046;
11050;
(3683,6378);
12728;
10888;
3929;
4325;
(8663,10524);
(5215,(2751,2974));
9926;
11377;
9420;
14638;
11834;
12329;
1674;
8575;
7861;
10410;
6184;
14893;
6916;
15139;
2724;
13444;
4056;
10936;
5513;
6698;
2565;
10530;
(5023,12128);
2728;
4366;
11451;
10028;
4557;
(8410,13242);
(9840,9853);
(6011,13632);
992;
212;
(9375,10774);
9027;
3090;
7584;
14388;
6616;
265;
11433;
10260;
(6148,11906);
567;
3773;
3845;
10288;
2749;
5878;
15602;
6814;
1701;
8792;
1694;
8446;
10569;
14439;
(5879,15084);
9060;
8193;
(11005,12458);
4275;
2566;
6694;
3392;
7592;
13655;
(9907,15637);
7025;
(3544,12997);
6328;
324;
14148;
10668;
12160;
9976;
3716;
2967;
10754;
2869;
13617;
13034;
10295;
14777;
11858;
10191;
10503;
10491;
(1712,15394);
1396;
11444;
6822;
(8899,(3546,13969));
4781;
13281;
10866;
8368;
8607;
((7229,9294),(13388,13919));
12550;
1250;
6925;
11327;
7305;
2248;
6649;
13323;
12166;
12775;
13813;
9176;
7762;
(11910,15119);
9259;
5169;
5454;
4777;
9299;
14836;
9469;
13625;
(377,3307);
999;
6541;
2771;
5912;
1820;
11529;
1754;
2233;
(1787,15619);
373;
14473;
9810;
5861;
4932;
(2531,5924);
(159,10402);
8684;
2374;
2864;
15451;
8557;
(11181,(11170,13933));
13991;
(6553,11617);
104;
15617;
(3782,8195);
1052;
9273;
14534;
11671;
5485;
7777;
3885;
11449;
4758;
5510;
11304;
13435;
7795;
3666;
2474;
10142;
2434;
2447;
13595;
1440;
12757;
6272;
3723;
11045;
(1859,13314);
15559;
2981;
(4790,15019);
5939;
(10887,((14027,(12448,12739)),(3486,6571)));
12753;
5217;
87;
10908;
2147;
12365;
5540;
(1274,14941);
8149;
13144;
724;
3676;
7220;
1924;
14365;
2077;
4576;
3761;
(11802,12053);
13803;
6024;
6334;
(6613,(1811,13268));
5732;
(5610,7022);
12625;
8453;
7206;
10800;
3240;
6840;
5921;
7337;
(1862,6076);
14845;
15220;
3812;
12097;
6113;
(13908,14111);
9676;
9726;
6419;
8227;
(5286,15297);
12630;
7923;
423;
12705;
9270;
3105;
1107;
747;
8181;
8144;
12642;
(11620,13956);
(4599,11323);
11968;
10902;
6226;
9662;
(191,1366);
14134;
6683;
1825;
(1962,(3196,8785));
5827;
11581;
8142;
(7580,8004);
4612;
13263;
10762;
15502;
8447;
3022;
1450;
2438;
4748;
10097;
12985;
(3793,13451);
13484;
4960;
7065;
2982;
(9797,11352);
1035;
10232;
7254;
10687;
1175;
2413;
3433;
15497;
4365;
8354;
9650;
4115;
3423;
4387;
(14734,15317);
(1726,11694);
(10461,15491);
4893;
5227;
7191;
(4512,8731);
(14544,(3791,7196));
2996;
8214;
15253;
11791;
7177;
10859;
1731;
3770;
6037;
4445;
10214;
12379;
2969;
(5870,8635);
10768;
(3949,4087);
4360;
5567;
11303;
(1920,(11783,(2971,15271)));
11637;
(9109,12785);
950;
1167;
10103;
2221;
9168;
5395;
1241;
6810;
13730;
13172;
5218;
10453;
5060;
10776;
((11642,(8748,10618)),(10359,12265));
10551;
9459;
13510;
9399;
2676;
8795;
12851;
11730;
12065;
10652;
5697;
5967;
(4729,(6526,14951));
(3417,14301);
3188;
(1987,6200);
(1069,14377);
11725;
1183;
2402;
14903;
15648;
1209;
4697;
325;
21;
(4971,11194);
8579;
13945;
9214;
11861;
2440;
7612;
14049;
3637;
13762;
13540;
4978;
8315;
2271;
1699;
1992;
5271;
(6757,(7128,11378));
(259,6751);
12022;
3652;
991;
8166;
7616;
8308;
14719;
1856;
3506;
10000;
13468;
6491;
12755;
2870;
833;
7347;
5823;
92;
9885;
11609;
(1358,3995);
8199;
2363;
1685;
12517;
14280;
12737;
7288;
10707;
8669;
14070;
4974;
11780;
8563;
(6090,(11916,12939));
12306;
13679;
10450;
11350;
13543;
5260;
9636;
3452;
3241;
9440;
11826;
(856,12637);
3378;
14754;
7508;
5455;
10043;
2482;
4559;
3940;
9513;
5295;
12945;
3569;
10642;
14425;
2350;
(8260,10119);
1389;
14623;
(11220,15507);
5397;
4542;
14329;
2336;
10598;
4260;
1479;
5764;
1118;
9572;
4455;
4849;
12663;
((256,(14668,(5632,10770))),(5858,9554));
9506;
8023;
3143;
13383;
(8079,10408);
(6668,12571);
14396;
12143;
13266;
2224;
4908;
14342;
(5006,12734);
(8769,13656);
3695;
14046;
6135;
6680;
1256;
885;
6041;
123;
5123;
7760;
7295;
13008;
2244;
10619;
(7854,9494);
2455;
10447;
7700;
6912;
7608;
11317;
12092;
1384;
(889,15569);
1185;
6283;
1519;
9580;
7535;
7114;
13400;
(8429,14751);
9328;
6813;
445;
13438;
2057;
(7850,12913);
1471;
7410;
(11881,(9798,14302));
14379;
15341;
15229;
4609;
3660;
14182;
1929;
14444;
3251;
15340;
(4518,5131);
13828;
8761;
(10911,(15054,(4030,4902)));
14259;
(3790,13110);
10918;
15691;
3344;
(1378,6400);
1360;
970;
8253;
11646;
4792;
(1362,14294);
(3599,(5232,10549));
(((8395,13199),(3686,9651)),(146,12762));
8825;
5312;
10731;
2752;
3273;
14769;
7992;
500;
2278;
10294;
5873;
499;
5422;
(1397,10857);
1584;
12719;
10725;
9333;
9298;
10148;
764;
5981;
7810;
14522;
8170;
14899;
8485;
14211;
(5660,10512);
14671;
6907;
10297;
5072;
(13283,14451);
12883;
(6719,14155);
(3515,14010);
515;
1786;
7946;
8255;
15320;
3534;
4041;
4169;
12587;
2383;
656;
7708;
15506;
(10419,14114);
4018;
5058;
2063;
10392;
2786;
13207;
1443;
(5334,6598);
6827;
6658;
11572;
5194;
3394;
(2522,9539);
749;
192;
5416;
4566;
14923;
9319;
13037;
11738;
2038;
7448;
15242;
11790;
(5792,6374);
9101;
(((9081,14905),(6063,9092)),(2675,6724));
162;
2074;
3062;
(54,9264);
8163;
12254;
10873;
10589;
10302;
3772;
7642;
7252;
9354;
(9014,12071);
12862;
14635;
6709;
2298;
1338;
6803;
15590;
10048;
15364;
7296;
8683;
(5406,14320);
4021;
6774;
12867;
(5787,12498);
13198;
14810;
9296;
3899;
4139;
((9545,(11931,14271)),(3993,9218));
8454;
10659;
430;
6914;
3706;
5677;
9152;
15137;
(710,2361);
6687;
2516;
1949;
13185;
7730;
3976;
8694;
8802;
13116;
8519;
13872;
1408;
680;
8190;
(825,5010);
11296;
5978;
(1662,7331);
7429;
7197;
(4377,8203);
12272;
10686;
4510;
6770;
11556;
7987;
13065;
6351;
(4814,(14304,(5801,(14818,(2929,10975)))));
13452;
7825;
9357;
1515;
6612;
13533;
2065;
(598,2498);
5394;
13588;
1382;
12375;
2475;
13691;
12135;
2603;
((1461,5449),(5782,15454));
2325;
3141;
9807;
1082;
5022;
(2391,2527);
10416;
6266;
13948;
9710;
(5308,14519);
14179;
1264;
2259;
5522;
3040;
10331;
4842;
406;
1493;
1686;
9805;
10763;
6229;
3650;
9410;
11196;
10373;
(3879,(1441,8198));
8762;
474;
432;
8331;
15578;
11538;
376;
634;
14653;
14605;
475;
6976;
6061;
(2608,7988);
15505;
12622;
5759;
11140;
14069;
(8772,9309);
2919;
7351;
9278;
611;
1599;
7579;
4035;
7979;
13365;
12117;
15166;
4419;
3733;
9030;
2026;
14466;
7202;
14655;
(7593,14066);
9500;
5347;
13276;
14082;
2545;
5036;
4750;
5357;
4965;
7031;
15494;
7259;
7286;
3907;
(4486,11602);
11492;
6484;
11773;
(641,3847);
80;
5762;
14350;
5253;
9772;
9873;
8610;
3224;
10077;
6421;
131;
1469;
14588;
10702;
(3485,6173);
5209;
13309;
4400;
13816;
11118;
3774;
9887;
11414;
10092;
8116;
5809;
10086;
(2202,15678);
(2435,6243);
4575;
3559;
903;
10095;
(12511,(569,1582));
10954;
8768;
1312;
2843;
6289;
1728;
13843;
829;
12903;
4928;
3531;
(12667,(7933,11884));
14757;
9240;
4138;
(1225,10666);
90;
9042;
4639;
(3346,4011);
(11917,11935);
6353;
9931;
(1053,11313);
1025;
9404;
10497;
4289;
6054;
(364,3248);
8192;
6498;
15045;
5311;
15556;
(2044,14334);
(3585,8951);
3052;
14966;
2610;
10316;
1252;
10052;
3875;
(7711,8457);
5530;
1020;
13782;
14829;
4968;
4820;
14255;
(2120,12659);
9432;
(5256,5518);
13359;
4442;
13165;
14189;
11229;
10061;
(2691,15221);
5068;
9723;
11120;
319;
5119;
10365;
14848;
5302;
13601;
5076;
(3894,14141);
9047;
9417;
14684;
11971;
15205;
5448;
13126;
97;
7653;
(4815,12311);
4335;
11244;
4218;
7935;
9277;
10677;
5479;
9717;
9439;
1595;
(1258,7383);
15099;
10378;
891;
2311;
10843;
8258;
10880;
12553;
9831;
13972;
14595;
9503;
9083;
15429;
5690;
5380;
13258;
5910;
4099;
(10651,15334);
2388;
12971;
(1356,11706);
14861;
6119;
1737;
6623;
4152;
14815;
10988;
559;
9777;
(1257,4303);
9900;
(5376,8530);
14442;
44;
(5237,8424);
9100;
10519;
10772;
8740;
15309;
14881;
4296;
6776;
4;
9971;
3908;
13125;
15467;
9461;
10326;
8603;
15486;
(4689,11127);
(4457,7046);
6574;
4823;
(3232,15508);
11737;
541;
13349;
9581;
11321;
8087;
10181;
5665;
2563;
3190;
5354;
(7276,11924);
2097;
1148;
12317;
5160;
2921;
13784;
(6478,(11360,(4594,11896)));
15573;
9175;
5088;
9418;
(6515,6839);
820;
(7689,11828);
13637;
1369;
(815,7139);
4065;
14789;
4199;
11134;
10051;
5174;
6188;
6693;
983;
10789;
(7838,14694);
6964;
7424;
4072;
4301;
8808;
(9318,14321);
7073;
1162;
1872;
15462;
5578;
944;
9948;
(1888,2234);
3091;
(8155,10514);
(2036,15292);
11079;
3856;
(7131,11559);
1714;
4829;
(1438,9413);
8692;
10401;
12680;
3072;
11338;
15228;
10080;
11093;
13876;
13275;
8829;
13979;
14609;
8977;
11613;
14915;
(4802,12393);
12489;
(10452,13710);
14496;
1353;
(47,1480);
13121;
15377;
(4372,9761);
(4629,(2973,3007));
(303,2523);
(6588,9515);
7876;
4116;
5070;
14121;
14411;
4679;
1753;
9301;
101;
8293;
11288;
5876;
7329;
10950;
(10065,12243);
((4209,6247),(2685,6555));
2262;
9238;
6885;
9091;
11292;
352;
5526;
(4948,7626);
3911;
11689;
14717;
8718;
1287;
10158;
11838;
1329;
5743;
1590;
1816;
2914;
5188;
(13356,(11608,(1179,4133)));
217;
11458;
15305;
(7702,15594);
2393;
13039;
13315;
1327;
8479;
10560;
14249;
1072;
157;
8250;
3668;
13792;
6834;
14199;
10935;
11124;
638;
(8654,13440);
9452;
2906;
2762;
14670;
14577;
1606;
15212;
10164;
9349;
813;
14928;
3681;
1454;
1355;
6561;
13915;
12280;
2571;
538;
2054;
353;
6402;
8185;
618;
13425;
(10856,(10406,13307));
2494;
4734;
1970;
12572;
12668;
753;
280;
(4331,13732);
(10508,14937);
12836;
10290;
8065;
12182;
5031;
13949;
6682;
9225;
5774;
(10572,14518);
186;
204;
2765;
(4428,9828);
4076;
15207;
7489;
10520;
3691;
1337;
1031;
12533;
10562;
797;
(1739,2345);
6781;
12486;
4192;
13220;
2732;
8571;
(3522,4589);
7769;
13064;
8950;
1746;
3802;
11532;
14567;
11580;
7786;
(6833,(1303,15350));
12710;
(8235,(1575,12133));
115;
3709;
5484;
13658;
302;
9912;
10973;
5657;
9671;
2862;
3971;
7847;
3144;
(15070,(12399,(4888,14403)));
4749;
(3943,14434);
5134;
6387;
4165;
8860;
668;
10676;
3985;
12536;
7594;
2866;
14772;
307;
11938;
2627;
12970;
7333;
(3283,7504);
8993;
13873;
7811;
128;
2408;
10141;
7645;
7133;
6844;
9857;
2586;
13819;
4667;
5251;
15657;
14295;
(9380,12643);
(2584,6667);
(107,11235);
8540;
11827;
3866;
7264;
8406;
2572;
7164;
9386;
6303;
5757;
(13714,(12909,12989));
9672;
6288;
(3358,7862);
7677;
(11286,15016);
11759;
11111;
3403;
11180;
9732;
3160;
13735;
556;
5932;
10535;
658;
9765;
1986;
7940;
12488;
274;
14957;
2145;
14495;
6365;
8577;
(3323,(6551,9654));
245;
15103;
9661;
11465;
(3874,12011);
(10490,11745);
14812;
6179;
3111;
15384;
9323;
13499;
9691;
11315;
(1095,(6836,14013));
6232;
7621;
7652;
8212;
158;
1967;
12956;
1487;
14729;
12242;
10352;
2468;
(3849,15153);
5364;
11778;
10400;
6405;
10881;
(11158,14130);
1392;
2086;
10211;
13386;
1661;
935;
((14158,14663),(10341,11693));
4502;
10361;
9848;
(2068,7855);
10809;
398;
13340;
6446;
(931,11151);
14796;
15627;
4185;
14543;
8196;
13009;
4154;
5804;
15402;
1247;
6725;
5359;
12547;
3397;
10156;
3158;
7554;
2389;
3725;
15626;
3657;
14675;
9072;
5829;
94;
9529;
(3674,8690);
(3504,4702);
((10134,(6992,13161)),(11669,14419));
3978;
3699;
7550;
6793;
12044;
4267;
(13962,(10237,14980));
2711;
7932;
14435;
5;
8798;
12947;
13727;
2645;
2321;
1744;
(4044,5926);
1569;
3634;
15053;
10220;
(7967,(11543,(6058,9120)));
5871;
1776;
13838;
4250;
209;
8422;
1923;
14305;
4284;
13571;
15355;
10443;
11474;
12795;
9720;
10664;
15017;
5176;
1365;
10761;
(5383,13987);
9535;
12358;
10116;
(1716,5899);
10947;
8420;
1014;
13090;
5301;
3629;
11498;
11209;
12319;
6883;
3851;
5574;
9514;
4316;
3930;
5385;
2776;
8148;
890;
13262;
13089;
13322;
11436;
1309;
14231;
14433;
5304;
4204;
2960;
(5252,(3705,(2855,5605)));
11666;
12371;
13094;
2884;
8685;
14561;
11388;
10072;
8313;
13815;
8584;
13992;
7135;
(7101,14764);
(14330,(12955,13169));
9366;
13645;
14926;
4880;
14386;
7256;
14900;
4315;
14030;
655;
(15500,15571);
(6566,15006);
4603;
12016;
10050;
(4998,7851);
7877;
14725;
4100;
4149;
6084;
8643;
11412;
(3510,13445);
6982;
257;
9360;
5628;
81;
5966;
9156;
2525;
2227;
2169;
(3493,13389);
(5020,11403);
13088;
11314;
12177;
3220;
3511;
3271;
3945;
6966;
8102;
11077;
13771;
10311;
(2250,11239);
9237;
13564;
9540;
12615;
11503;
(2875,5846);
4029;
3986;
9243;
6466;
15487;
7013;
14648;
6077;
3420;
10728;
(3519,(3692,8746));
14738;
1564;
801;
5928;
7067;
5272;
7556;
10197;
(6476,15450);
6817;
8656;
11639;
15567;
7246;
88;
11837;
14117;
2165;
11051;
(8984,12750);
4515;
7377;
11008;
13239;
1244;
7422;
4622;
1890;
7956;
4653;
9198;
10477;
6696;
6396;
6910;
8936;
8688;
15264;
(5770,7901);
5520;
6558;
(6556,9945);
9;
6918;
12629;
9192;
(((1799,5170),(13524,15267)),((4349,5622),(6631,12657)));
((11832,15632),(5993,8202));
12068;
11205;
3282;
11959;
4588;
15146;
1572;
1289;
11564;
623;
(2781,15087);
5647;
13651;
5783;
8903;
2204;
5030;
14262;
13353;
6082;
13951;
6134;
(1874,14370);
13883;
14449;
9436;
9075;
7002;
9977;
8153;
15260;
8589;
13173;
14509;
9865;
8289;
14920;
3927;
1138;
(5725,13236);
13703;
15397;
6545;
(8863,10766);
11805;
6311;
4388;
5740;
3574;
6703;
14632;
9199;
1836;
13163;
(6080,(2483,5377));
12697;
12861;
(6965,(3621,7406));
170;
11976;
5944;
8648;
2587;
7242;
6510;
4600;
2825;
15065;
10592;
14031;
9534;
5617;
13652;
2242;
5049;
768;
11437;
1410;
2130;
6962;
4913;
12696;
4182;
1635;
8678;
5244;
9096;
12548;
9960;
2540;
8715;
11515;
8009;
1126;
12392;
(4492,13805);
10157;
3068;
15570;
2366;
8505;
7071;
8942;
7323;
5080;
(12410,(11670,14436));
12946;
((8189,12446),(397,(10154,(9509,(5426,7006)))));
4477;
(10001,15428);
2701;
178;
14136;
(497,9646);
12339;
5351;
(7681,12599);
7514;
4896;
3049;
6186;
10132;
3253;
14005;
1169;
13175;
604;
5405;
5488;
920;
12252;
(3818,9808);
14649;
13773;
8946;
8244;
(6020,14099);
10171;
7865;
13558;
7641;
(3427,10091);
10554;
9631;
1307;
3046;
4089;
244;
14573;
3042;
3514;
(14857,15370);
9879;
(1934,11589);
(1691,9013);
9346;
11183;
14303;
8869;
8456;
803;
10544;
3857;
9338;
7132;
11479;
7858;
12423;
14477;
10317;
2158;
10994;
7887;
9340;
586;
3352;
12818;
8028;
108;
875;
7546;
9737;
14293;
2529;
(8608,11280);
7030;
11342;
4818;
13647;
7696;
14107;
417;
14517;
9888;
(199,(636,(2423,7943)));
5434;
4929;
1864;
11699;
82;
7624;
10199;
6178;
8031;
10166;
4408;
3288;
11215;
3198;
11818;
11418;
8585;
(6038,8852);
7976;
6741;
5466;
11947;
2150;
1088;
6543;
734;
667;
3351;
(9193,14681);
4596;
3746;
2070;
11883;
3164;
11633;
11432;
11784;
5998;
13648;
8846;
15244;
2575;
14526;
4819;
8533;
14854;
12870;
8818;
5624;
12188;
1468;
14047;
4943;
12689;
7318;
13884;
8937;
(6234,14685);
10717;
(912,14405);
(13424,15086);
269;
5233;
10860;
2436;
4181;
7965;
7828;
(193,1630);
14135;
11576;
8180;
6523;
14235;
8209;
9135;
11766;
5205;
11555;
11789;
9103;
4130;
(10212,10574);
5248;
(2333,9923);
15603;
126;
(3483,14222);
8617;
2954;
6917;
5592;
9573;
8843;
536;
11662;
8924;
11631;
(1015,7050);
(2560,7751);
6884;
9942;
1291;
6652;
379;
8397;
1222;
10874;
7524;
(3784,14753);
3512;
2225;
(2620,3966);
5936;
7479;
11744;
3640;
10516;
11238;
(10139,13487);
15254;
1456;
6327;
4866;
10362;
(2760,15662);
9053;
1311;
1495;
2050;
11115;
14721;
15552;
14188;
13829;
(1405,2071);
11755;
5580;
8322;
7270;
6856;
5613;
8774;
11841;
8026;
1634;
((13273,13941),(695,8224));
13028;
4180;
5817;
7325;
5391;
12749;
1432;
10195;
12218;
1184;
9593;
10115;
1677;
11353;
10476;
847;
8427;
15484;
12095;
4064;
(1570,7665);
10055;
6267;
13190;
1697;
15548;
6019;
5515;
742;
3168;
10548;
1238;
14908;
11650;
5596;
3263;
2555;
15353;
13954;
9701;
11495;
9097;
3806;
(2252,8110);
15202;
13482;
8043;
10057;
5037;
((2418,4513),(13393,14942));
12730;
11359;
3010;
5409;
14842;
12215;
10187;
(13142,(10715,12214));
15380;
2989;
(2616,7279);
2257;
3374;
13546;
(4484,14075);
9667;
13197;
5290;
9731;
3391;
11423;
7015;
14243;
1226;
7461;
1767;
3380;
1521;
8788;
8030;
9601;
2718;
3087;
11400;
(11448,11970);
14833;
2517;
7460;
2136;
3918;
2340;
7568;
(1375,6428);
1988;
4039;
((10672,(2741,14839)),(10027,(2062,7780)));
6742;
7603;
12948;
1379;
(5350,9486);
3088;
1545;
1422;
11344;
12884;
(8646,(2638,11729));
4652;
14493;
(10219,13489);
8029;
3982;
9234;
9392;
(328,10059);
707;
(3439,15059);
7374;
4529;
15329;
(3066,7506);
9849;
3521;
15401;
11259;
12228;
10438;
3459;
9918;
6095;
15525;
12631;
15144;
9708;
8334;
9444;
12902;
1983;
3082;
11644;
7091;
5772;
13684;
11504;
466;
411;
12941;
5481;
8702;
12210;
9627;
14800;
9837;
(11435,(6768,(7436,14017)));
5474;
4436;
12635;
12782;
11798;
7014;
1507;
11900;
15090;
12091;
7900;
8063;
10823;
3302;
9408;
5164;
8319;
9115;
5038;
5976;
(5661,9768);
6938;
703;
1854;
8750;
14909;
9317;
11551;
13189;
4611;
(4148,5326);
4437;
3620;
8059;
5161;
12083;
10586;
11875;
5367;
11921;
6985;
12714;
7362;
798;
10546;
11380;
(261,12544);
3503;
15325;
7304;
5514;
1910;
4431;
15038;
2789;
8179;
14006;
8948;
9996;
7353;
14228;
9760;
8717;
12809;
13953;
(1091,11266);
((552,14724),(1115,9073));
166;
11294;
10058;
9880;
1991;
11260;
6056;
3880;
(1326,1985);
(14515,14643);
10403;
5902;
13025;
11328;
9178;
10318;
15112;
11092;
14058;
11794;
10617;
11560;
6722;
3402;
7344;
11552;
4737;
4586;
14402;
14393;
14871;
14274;
9039;
13392;
4048;
(43,14853);
3941;
(2210,(7363,13983));
12152;
15498;
7567;
7668;
8655;
12736;
4712;
11197;
11242;
13454;
6300;
7533;
7771;
6345;
(6970,(15558,(4980,10285)));
2887;
844;
14863;
6187;
13578;
5502;
3829;
9105;
10662;
10820;
4013;
1142;
10053;
1373;
(9871,12076);
4077;
12606;
8297;
5875;
13505;
14916;
6431;
13834;
((587,1074),(5680,10135));
6895;
13479;
10907;
11332;
6701;
13809;
1026;
10623;
2859;
5729;
15074;
127;
780;
(3654,5640);
14688;
14333;
2245;
387;
348;
7974;
15018;
2834;
10746;
13527;
5543;
15677;
(7972,13251);
(750,13753);
1297;
9968;
3766;
3931;
7032;
8670;
14971;
2411;
(10007,15064);
(13446,(524,2854));
6185;
3708;
4593;
8576;
1675;
6779;
8701;
13938;
11438;
3803;
(8506,(14867,(1502,4073)));
2109;
4415;
15187;
4704;
9258;
(10432,12227);
6642;
3044;
1800;
(3063,6000);
6896;
9302;
7670;
10468;
13978;
14824;
((1798,9129),(6950,7352));
1314;
8337;
218;
12935;
11625;
5092;
12807;
(2338,(8283,10793));
15417;
(3786,6237);
1749;
9326;
3222;
9488;
3138;
8794;
3525;
8541;
590;
1463;
4229;
4964;
((5355,5917),((4462,8722),(5329,5923)));
4221;
8228;
4120;
13072;
4432;
(1447,3347);
(2342,6445);
8911;
1277;
3998;
9884;
6704;
10272;
11252;
(10561,(3722,11585));
((2896,11122),(5814,13719));
15576;
4468;
(2817,7844);
11139;
7591;
1763;
10709;
5648;
11136;
8262;
8873;
9781;
971;
7904;
9391;
11299;
1295;
6015;
7727;
6450;
(800,12686);
5882;
4970;
2003;
(3334,13128);
12507;
(8547,14056);
7531;
4555;
14438;
9114;
12309;
296;
7300;
2515;
7365;
5646;
1150;
14921;
11411;
12470;
5973;
(11316,12852);
5090;
14376;
(8434,(11653,12897));
4504;
1687;
10601;
5450;
6857;
3545;
9481;
8602;
7644;
14282;
5704;
(1978,13570);
13073;
14369;
9122;
15651;
1844;
15610;
6587;
(5561,(2512,6320));
9255;
5372;
(11227,13593);
2021;
3938;
6507;
12658;
15596;
8413;
1775;
15618;
(332,8497);
(15385,15437);
(1631,11997);
3748;
1423;
2520;
12895;
14361;
10767;
10002;
13780;
2831;
687;
(1453,11733);
1704;
(13989,14811);
5734;
5177;
3502;
13279;
15545;
(41,5898);
8991;
11964;
14185;
3977;
12727;
5637;
5148;
10120;
2682;
14250;
2578;
818;
5225;
13818;
6373;
1849;
13224;
7146;
(7366,7719);
6565;
7921;
2693;
9107;
6481;
5025;
14582;
10616;
3670;
8478;
8391;
8714;
12888;
12774;
7174;
9390;
5280;
13096;
1467;
11584;
6358;
(11996,(6801,10863));
4661;
4946;
4454;
10489;
150;
14131;
(5857,(11293,(4578,5392)));
6795;
12203;
2364;
1347;
(594,14166);
6932;
10163;
14083;
2437;
15607;
4695;
(4458,9759);
2129;
3906;
12901;
13372;
9847;
6278;
14490;
12916;
632;
2258;
7629;
5516;
11898;
7651;
13553;
1317;
(11362,(3622,6739));
10138;
5558;
(260,5418);
1409;
(10226,(1342,13798));
9742;
5220;
9477;
7870;
2715;
15368;
(5431,9006);
12628;
12084;
375;
2840;
11567;
5159;
13928;
15042;
11217;
15077;
6461;
5707;
15649;
125;
13541;
12150;
745;
3318;
14927;
8086;
(2838,3376);
15592;
3717;
6662;
14195;
6868;
5115;
14814;
7195;
(121,1823);
5845;
4751;
12049;
2946;
5303;
8430;
10714;
4255;
4046;
((923,5447),(448,5920));
1272;
15307;
8472;
6685;
10367;
11343;
562;
15186;
9449;
3537;
4517;
(10309,15299);
(5504,14791);
13177;
14335;
2720;
7215;
12671;
12830;
14208;
5289;
7136;
14454;
8011;
(9709,14275);
9314;
(11518,14579);
1709;
8626;
(6354,9802);
12222;
14247;
12263;
12354;
11679;
13548;
3842;
13298;
(4269,7809);
(169,9986);
3964;
13488;
6103;
4420;
12355;
2750;
11553;
6423;
3639;
(9216,13418);
12717;
(1879,10803);
4370;
12920;
11801;
14840;
11690;
2138;
13534;
9579;
5777;
6863;
7414;
102;
6850;
6800;
(6550,12859);
15310;
14452;
15209;
10925;
3737;
5831;
3103;
4460;
5971;
6536;
3194;
14202;
6689;
3987;
5738;
13657;
2203;
10003;
6341;
876;
1098;
9814;
2538;
5054;
12357;
3745;
14160;
(1576,8372);
1760;
14040;
3527;
11088;
7232;
7058;
4768;
14504;
(2273,6568);
(5994,13800);
14287;
7952;
12465;
14958;
4696;
2695;
9830;
3221;
3734;
8477;
(1867,3308);
(15160,15659);
12626;
7913;
8437;
(3789,11326);
9889;
5985;
5918;
2794;
9215;
2387;
4435;
6302;
15149;
15595;
(5094,6479);
6635;
12085;
10478;
9652;
12853;
589;
11137;
12944;
4469;
8838;
7474;
3973;
(8316,13055);
9287;
8548;
948;
(7773,11101);
326;
3798;
1566;
4989;
13257;
4660;
3965;
3292;
4657;
15645;
4788;
8932;
13890;
13602;
15681;
(10236,10531);
(((4767,8385),(2347,9355)),((973,13076),(4773,11324)));
2238;
5865;
13459;
7501;
7250;
10177;
7532;
11319;
7427;
15654;
2844;
(4914,7655);
10732;
9409;
1182;
12197;
1834;
15283;
15604;
10016;
7785;
14682;
15366;
(2217,8416);
(11017,12479);
6337;
(5026,15027);
4061;
10428;
4231;
14168;
(11852,(5221,6467));
(2945,11987);
2301;
10660;
15564;
9753;
(5258,(5675,13742));
694;
13612;
13514;
12650;
3648;
546;
(1133,10526);
4728;
7705;
4580;
13019;
8686;
9906;
13841;
(5162,8598);
938;
14265;
5157;
1878;
15517;
11736;
4489;
6;
12427;
8826;
15601;
9208;
9674;
14575;
10054;
15574;
617;
(5153,(4541,14034));
4399;
4353;
9104;
8569;
2611;
(9648,(7342,12932));
8537;
11615;
4755;
6055;
2101;
5579;
6870;
9102;
8321;
1538;
11138;
5676;
14983;
7925;
12614;
13003;
10807;
12129;
9414;
4217;
9285;
(4334,6522);
987;
13817;
6931;
2689;
5138;
(10840,(1497,2881));
4367;
15485;
11439;
1585;
(7735,15427);
(8587,10454);
12898;
12422;
14192;
(14781,(596,605));
6452;
721;
915;
10730;
2692;
1960;
7007;
14849;
2265;
40;
(11071,14139);
14715;
14972;
10321;
4228;
((5746,7413),(8222,14662));
(3167,8050);
3887;
8971;
12296;
9351;
3741;
(2108,4574);
(2958,8492);
5323;
2716;
13426;
8091;
2090;
2567;
12070;
13010;
7407;
13776;
10612;
5730;
(1639,1656);
2157;
2006;
5433;
1711;
4582;
3071;
(1385,10188);
15446;
14600;
4022;
277;
14019;
3711;
4055;
(5118,13428);
(7889,14523);
14430;
5309;
14084;
649;
(746,((1363,13608),(2972,6731)));
3327;
5552;
7833;
8754;
554;
1936;
9374;
6892;
6738;
6301;
(2662,5235);
13187;
10128;
4279;
10700;
(3700,(4780,15279));
6008;
(2390,9757);
11468;
2211;
4646;
340;
284;
6972;
(8739,15534);
5756;
14128;
15237;
5834;
10252;
15540;
11739;
2557;
7502;
8348;
3815;
(966,15081);
(12455,13387);
14198;
10276;
8092;
13950;
(978,9200);
8509;
6001;
1903;
(1419,4416);
7499;
3204;
11473;
4339;
1301;
7281;
3631;
11110;
(5507,(10186,11415));
(((4879,6308),(1732,12298)),((13621,14919),(3837,11787)));
11570;
6191;
5594;
9297;
(12018,14368);
9702;
1243;
13700;
2910;
10340;
(6790,15094);
8529;
2868;
356;
9289;
14162;
8020;
12733;
13284;
3501;
3694;
10905;
8632;
(1899,14395);
10724;
8866;
11812;
544;
14667;
6563;
11540;
5462;
109;
551;
13797;
9127;
2528;
(3499,(5888,7525));
10146;
4291;
10280;
15285;
6339;
15106;
7009;
(12562,13789);
13079;
11114;
7192;
1679;
7638;
7672;
12293;
9602;
13331;
12349;
2671;
4397;
2007;
(378,2740);
14611;
12093;
14491;
(122,(7161,(3121,11187)));
12314;
(6137,13153);
7249;
(5864,5982);
(5868,10152);
11855;
4584;
14;
11298;
13469;
4884;
(8279,9965);
1805;
8288;
(3526,4346);
8005;
8426;
6904;
8912;
(2197,7637);
(3835,7663);
4345;
15496;
7578;
6656;
3508;
7082;
4298;
10456;
5420;
11870;
7890;
11911;
3608;
1459;
11060;
12002;
(13464,15323);
11322;
3029;
((5331,10929),(14214,15004));
12779;
7190;
13744;
12230;
13594;
194;
3707;
15536;
15580;
5132;
8123;
5668;
9669;
14268;
(2861,10192);
(13423,15036);
7390;
10992;
11080;
6002;
(13613,15418);
4572;
(1218,5375);
715;
2119;
7419;
5701;
15319;
14991;
7639;
13545;
14889;
4459;
14317;
5109;
10330;
7231;
8408;
(3649,5824);
9930;
7397;
(91,8401);
13721;
8703;
4947;
838;
10305;
10250;
7209;
9824;
(3912,4590);
8433;
5246;
7445;
6040;
5339;
10271;
15597;
2360;
8140;
2657;
1145;
7115;
10483;
12223;
545;
3950;
(12980,(484,12993));
2287;
10308;
4924;
13646;
1372;
6628;
7690;
10875;
8432;
12781;
4605;
2953;
14124;
2737;
(3643,9633);
5093;
9342;
3892;
231;
1725;
15560;
6944;
11912;
12450;
(2484,10439);
4804;
11593;
12111;
6659;
14123;
4620;
3331;
(1682,(8871,(10482,(5866,8965))));
628;
12352;
216;
11853;
((6155,10742),(15196,(3021,(3014,4282))));
3749;
(6195,(3469,(810,11772)));
11146;
6161;
14389;
4503;
9639;
1304;
(6329,6562);
2053;
8999;
8679;
6818;
4941;
1415;
(1613,12257);
6979;
14844;
4874;
(3057,(2574,4925));
5685;
(11100,14080);
7843;
482;
10797;
14587;
3479;
6706;
10886;
2951;
12394;
13209;
9284;
11844;
3296;
234;
4202;
10681;
(13706,15173);
2943;
14272;
654;
(14311,14443);
1658;
9679;
278;
8534;
4519;
6535;
13832;
2256;
(2061,13368);
(688,14758);
10891;
6493;
3898;
(6488,(5851,13312));
7944;
5555;
4967;
4511;
6192;
4042;
9664;
4333;
(9256,11486);
13846;
64;
13208;
2766;
15276;
7061;
3147;
9622;
(11511,13138);
9368;
13717;
4005;
(2144,14372);
8671;
(8309,(10381,12087));
6673;
10383;
3489;
(7280,11461);
8246;
1777;
11404;
3387;
7869;
4642;
9086;
5911;
14258;
6401;
7469;
8060;
5931;
8629;
12616;
5352;
550;
9406;
12598;
15411;
(12886,14001);
14205;
7167;
13616;
12056;
1652;
5548;
13412;
(1721,7099);
4855;
(5635,14061);
15179;
2947;
(7582,(4523,8796));
(4852,(12271,(8778,14032)));
8345;
2803;
10557;
11023;
360;
8581;
12961;
354;
15118;
8230;
6459;
11066;
8342;
8573;
4753;
13854;
751;
(14485,(12401,13335));
7713;
(9352,(281,13210));
389;
8804;
(661,13184);
1909;
9904;
7526;
(5039,9611);
2966;
3032;
3661;
11248;
11726;
(119,4433);
7899;
10980;
(5633,14474);
15238;
321;
9675;
(7740,8874);
592;
4561;
(12988,15611);
8411;
3207;
14752;
(3424,(940,3768));
8682;
1439;
9955;
3663;
13246;
10705;
4357;
9628;
9034;
6439;
1535;
(7066,(7026,8819));
11701;
9963;
4663;
7647;
(4404,14102);
15226;
13044;
5124;
2128;
4132;
11189;
11270;
(7941,(5360,(2827,11150)));
14428;
14748;
15056;
(1215,11797);
(489,((1455,7646),(3612,8938)));
9559;
14163;
12999;
(1708,12644);
15457;
((8122,11750),(2581,3539));
6305;
4212;
(1032,6199);
528;
1213;
4760;
2094;
2597;
8128;
13905;
5547;
5527;
6092;
12086;
350;
(10230,13112);
5525;
(13117,(9276,11973));
12685;
12832;
13143;
((4261,7832),(3215,9660));
6644;
11923;
15407;
7955;
12275;
(1013,11012);
11243;
2659;
11779;
(3223,8272);
5222;
3152;
8880;
9868;
4761;
853;
(1837,3646);
77;
6107;
7905;
(5890,7871);
(1093,(137,2428));
4146;
12338;
59;
2249;
6268;
3130;
10808;
7123;
1475;
6067;
693;
(165,4615);
13328;
6177;
1956;
14851;
4714;
(5293,10739);
2419;
10658;
(7686,(13849,((9521,(12262,13324)),(6198,(6029,7872)))));
(3662,(11210,13561));
14314;
13560;
5849;
1855;
9929;
11048;
10811;
12345;
3669;
9253;
918;
2290;
6520;
5970;
6030;
14652;
11395;
(6922,8542);
(972,2731);
5620;
10078;
13038;
15387;
4237;
((10945,(5282,15646)),(14766,(14143,(12600,(5582,(15376,(12164,(14837,(9269,11675)))))))));
((4032,9492),(3037,5101));
3693;
11930;
949;
7149;
6094;
15275;
13265;
1039;
12207;
12527;
9642;
14500;
(1912,5691);
(1234,(8320,8972));
5625;
4191;
10824;
8606;
11257;
14187;
(9893,12418);
6297;
5250;
1852;
9334;
5459;
4994;
11103;
1322;
3033;
1790;
6661;
12327;
(6485,12646);
(6519,10550);
6785;
11974;
(2492,(1437,12348));
6477;
10976;
6048;
2690;
2944;
((8698,(11477,13937)),(10611,((10696,14209),((270,4135),(832,(2457,10279))))));
13191;
9482;
3083;
9261;
4564;
12331;
(6544,13693);
(3016,12335);
1999;
8743;
10394;
(2146,8097);
4776;
10073;
13605;
11393;
6235;
5386;
10121;
5880;
(1522,10552);
(11367,11582);
4556;
2479;
5652;
8594;
(11604,12425);
575;
11459;
11956;
4825;
(986,(8543,(12074,(5736,5760))));
5695;
6886;
702;
4287;
2055;
4531;
(4691,11240);
2449;
4094;
10066;
12201;
1793;
10968;
1941;
(6549,7373);
6434;
1294;
(5503,5877);
10404;
9517;
11370;
3303;
13245;
7817;
15231;
1573;
14161;
12451;
((6316,15522),(2658,(11770,14547)));
12484;
14029;
7675;
(1645,3013);
13650;
(6531,12570);
9692;
523;
8806;
10151;
5270;
5100;
11159;
(3776,5446);
4196;
14924;
14286;
65;
2247;
15635;
3174;
2441;
11547;
(10543,15051);
(4701,7714);
9379;
12463;
12559;
(7037,12132);
14129;
3509;
3336;
12060;
6101;
4507;
3169;
13606;
(6032,8955);
13475;
7130;
36;
7938;
6653;
7709;
5417;
5226;
10890;
14552;
11184;
14765;
6862;
15290;
7758;
14556;
(3104,15400);
1302;
(7718,13308);
(2507,3255);
10744;
13929;
5997;
6557;
8777;
(12224,14782);
1340;
3024;
10374;
5618;
8296;
(11335,13225);
9771;
568;
7079;
4722;
4881;
9620;
3999;
8891;
14050;
5992;
15031;
8791;
4934;
15000;
(10032,11075);
10924;
9185;
((1206,4125),(9961,12051));
689;
(15452,15549);
4991;
10270;
9434;
6755;
12346;
39;
5106;
4726;
9174;
13254;
(3258,6733);
1027;
5692;
(9844,12906);
4068;
3252;
7213;
2613;
2472;
2882;
6951;
8751;
4252;
15468;
6788;
8526;
13973;
3588;
11218;
13692;
12464;
1136;
(168,11067);
3785;
(8564,(7027,9632));
(11201,(2768,7888));
2236;
8995;
9653;
3244;
4215;
7403;
572;
(2467,(9204,(8048,10506)));
6271;
10244;
4631;
223;
10620;
13321;
68;
11381;
1391;
13532;
13123;
5573;
13550;
46;
2811;
4759;
15021;
2180;
1678;
1750;
9714;
(783,14803);
1975;
5791;
2323;
7636;
5281;
12259;
3536;
138;
8834;
10545;
84;
8324;
12968;
782;
(10576,12584);
(1411,6533);
13980;
3529;
(8636,10779);
13157;
727;
14512;
2267;
10643;
(2640,8152);
3389;
15598;
3910;
13463;
7883;
7957;
3265;
15184;
12421;
7754;
6678;
12248;
2607;
(2427,14640);
1086;
12518;
2987;
5737;
10795;
6921;
5050;
6504;
3132;
10153;
7178;
13316;
12670;
10625;
1809;
4738;
6927;
10719;
6952;
10327;
828;
6383;
8210;
6805;
4006;
7204;
1526;
14181;
7746;
(10982,11331);
341;
8661;
5950;
15206;
(6935,(4795,(4955,9154)));
9290;
12485;
10193;
8976;
7770;
13726;
357;
6228;
6514;
5456;
6744;
14063;
6386;
8811;
1054;
4843;
(2297,6427);
13260;
3212;
8618;
(12282,14936);
5501;
(4650,4785);
6346;
(883,4214);
(6344,(2312,14412));
103;
3816;
374;
6482;
7153;
14367;
8371;
2349;
6888;
11109;
6174;
6357;
8049;
8729;
11213;
12497;
577;
15287;
12801;
775;
14232;
(405,3463);
(9585,(892,14574));
2395;
11522;
11537;
15593;
13134;
6847;
6410;
11499;
2116;
9235;
(10919,(12974,(6898,(7320,(6572,10802)))));
1797;
3464;
3472;
4762;
(1813,(9325,9829));
9384;
14774;
14384;
7782;
71;
6258;
2500;
2178;
12386;
3314;
3680;
13492;
7053;
3211;
12288;
3935;
3431;
14558;
10511;
(3163,4744);
(8398,14089);
(((4241,6878),(1330,2835)),((5571,8156),(5656,8423)));
((4886,12289),(3753,5795));
1528;
3665;
15055;
(1153,4128);
(8555,12211);
9189;
14194;
7467;
(4111,7607);
14467;
6286;
9241;
8111;
(6766,(1667,(2668,7764)));
7385;
4183;
1866;
15041;
(9754,12858);
12607;
10631;
(2916,10136);
1769;
8318;
1446;
7706;
4190;
4892;
836;
13682;
15671;
14480;
9095;
1913;
2705;
4703;
((3896,10633),(2269,8949));
14230;
8546;
3573;
4698;
13681;
1579;
3779;
12855;
11148;
((2496,9405),(1683,13046));
13863;
7857;
3305;
4491;
(1429,1715);
10871;
8216;
2132;
12461;
13232;
7520;
((1633,6043),(1607,2166));
5763;
6691;
