14344;
13229;
(9687,11539);
7233;
7876;
2912;
(1326,1985);
5299;
13640;
(9375,10774);
10206;
(441,15482);
942;
11717;
(11881,(9798,14302));
8971;
5519;
(7673,7767);
14693;
9206;
13995;
3429;
15623;
12775;
8183;
4580;
7361;
11164;
11107;
5410;
6190;
3720;
11735;
7379;
11762;
127;
5979;
5508;
708;
(259,6751);
14042;
6413;
10248;
14432;
14714;
2769;
15298;
3850;
8613;
(1285,13341);
(1411,6533);
13629;
1251;
5780;
13028;
9661;
4003;
7720;
10437;
6711;
7005;
13246;
1817;
12131;
11660;
((13513,15138),(5671,13171));
14978;
(3127,12826);
2571;
14696;
6057;
6930;
1102;
13606;
623;
11270;
614;
2701;
15364;
10686;
10817;
3663;
11490;
(6506,14636);
3563;
1949;
8383;
12806;
15620;
4056;
(489,((1455,7646),(3612,8938)));
11495;
6303;
8252;
7669;
(4151,11447);
2350;
2208;
11322;
12296;
251;
10507;
(5383,13987);
905;
13252;
14659;
15305;
12604;
1551;
14181;
12978;
12252;
((6597,10653),(3438,11467));
15280;
4816;
11708;
12663;
2406;
469;
3261;
3733;
1552;
11792;
8312;
(14183,(4413,7482));
12949;
15045;
13947;
1957;
7935;
12497;
9679;
8196;
7500;
8291;
6429;
27;
8571;
(12940,13633);
15521;
2243;
1891;
11336;
14871;
6584;
288;
14329;
1614;
11519;
1349;
(1567,4270);
12153;
((10945,(5282,15646)),(14766,(14143,(12600,(5582,(15376,(12164,(14837,(9269,11675)))))))));
2450;
15074;
14002;
(621,6643);
12415;
13188;
12850;
10907;
292;
8869;
10035;
6274;
10066;
(1227,15191);
6086;
4964;
7613;
11714;
11328;
5996;
9057;
1052;
1893;
8436;
8715;
431;
5427;
13627;
14425;
3712;
(521,12424);
7857;
6591;
(8398,14089);
7672;
11596;
2794;
3746;
6008;
10534;
4711;
15509;
4126;
1379;
10985;
10879;
8487;
8354;
15113;
10979;
5036;
15017;
7086;
5332;
14386;
4246;
(41,5898);
6503;
8218;
7573;
3584;
10716;
14626;
3928;
3880;
11994;
6284;
12589;
5333;
11428;
(10236,10531);
10657;
8860;
12733;
9233;
11727;
1004;
11868;
3680;
(1613,12257);
12158;
(1803,9542);
2959;
12506;
12595;
4249;
3315;
3433;
7247;
(14734,15317);
8003;
14971;
15600;
2329;
12403;
301;
4550;
3205;
12042;
(5853,10974);
2777;
11022;
6249;
10872;
15313;
6153;
9816;
10223;
1759;
5616;
13176;
11603;
6248;
853;
15214;
4109;
6754;
9228;
(6670,(370,8597));
11065;
9890;
8374;
11930;
13415;
10671;
1471;
10933;
14495;
12603;
14117;
2198;
1214;
59;
10505;
(13908,14111);
7775;
8683;
(746,((1363,13608),(2972,6731)));
7288;
15281;
(5267,14352);
6473;
9192;
(1882,8200);
13576;
5902;
15618;
4130;
8627;
1207;
(100,8604);
2645;
6582;
2349;
4713;
5742;
10729;
7758;
2245;
9211;
(4044,5926);
(5162,8598);
3480;
12166;
13540;
3363;
2943;
(5330,6684);
(5376,8530);
7745;
3731;
14531;
7578;
8541;
11890;
6939;
10000;
7338;
(2273,6568);
11439;
(14691,14847);
7614;
(1482,13228);
5533;
1983;
763;
12591;
8114;
4231;
(1257,4303);
8474;
13773;
11937;
14048;
6089;
10346;
7324;
9110;
11679;
3197;
5550;
2524;
9366;
3926;
(8958,11157);
((11642,(8748,10618)),(10359,12265));
8750;
6326;
13267;
14388;
4533;
13521;
8841;
10315;
5912;
7007;
9985;
4992;
8441;
8520;
7725;
(3917,4506);
(7835,13478);
4200;
12099;
6903;
10305;
3397;
7736;
5573;
3855;
4015;
1450;
10607;
1105;
(9216,13418);
(1570,7665);
9258;
8622;
(((219,12435),(7301,7742)),((3581,12185),(9344,15440)));
4543;
3157;
10871;
8953;
4042;
6196;
10558;
3699;
1255;
14629;
(1888,2234);
12466;
4387;
11702;
7834;
8029;
13980;
40;
9794;
7225;
5133;
664;
9225;
15246;
14199;
1684;
14082;
4408;
4756;
24;
(8132,(3119,6828));
8747;
12199;
11117;
5196;
12964;
13653;
2798;
6761;
(4775,10492);
8244;
3135;
7123;
9557;
14784;
3771;
10330;
15132;
9531;
6220;
7302;
7532;
14008;
9362;
(285,2850);
5613;
10210;
4771;
12320;
6126;
7271;
3798;
(2917,3481);
4190;
2419;
467;
13000;
12225;
6466;
3810;
10425;
432;
(2863,6231);
10617;
3423;
9885;
13311;
(6234,14685);
13049;
9970;
6251;
14539;
13749;
1946;
8472;
9911;
5667;
3236;
9058;
(10605,14446);
9391;
1034;
5493;
(1133,10526);
(960,12558);
10968;
15099;
10725;
(3477,(4979,5546));
13287;
((2643,5098),(4675,12618));
11928;
12220;
4449;
11183;
5246;
3065;
8113;
7866;
(5306,6193);
10474;
4217;
3133;
13291;
(7853,(11969,14739));
11171;
4297;
2862;
4509;
365;
633;
(5334,6598);
11125;
11619;
7774;
5781;
4604;
(298,13554);
9955;
8313;
9483;
11160;
11021;
237;
5309;
14450;
12419;
11383;
717;
3490;
12862;
13931;
10003;
(10432,12227);
1216;
3447;
12883;
12390;
804;
(5428,6218);
12717;
3641;
6795;
15176;
3302;
(1921,9920);
2086;
2293;
8510;
8126;
13093;
2745;
2179;
12451;
1603;
10428;
408;
(51,13334);
685;
(6838,8963);
478;
3204;
12661;
5041;
(6367,6420);
10899;
5831;
3095;
3858;
9858;
149;
2921;
2699;
(10747,14795);
13651;
10295;
12135;
(2047,8630);
6189;
(12410,(11670,14436));
(2662,5235);
8755;
(4176,9637);
1950;
2950;
6219;
12402;
3263;
(12316,(7420,8387));
12810;
(688,14758);
2395;
5280;
1134;
(15416,(4741,14362));
15441;
6286;
14833;
9125;
13605;
5457;
5972;
10122;
11859;
8911;
2874;
15276;
12936;
5197;
1414;
(6757,(7128,11378));
7800;
314;
7147;
(4381,8605);
11252;
2259;
11296;
2688;
7002;
9579;
9562;
12188;
1526;
1474;
9005;
4211;
8417;
9246;
2679;
(2217,8416);
4817;
13891;
8174;
419;
15404;
2750;
(3358,7862);
8634;
8696;
4949;
(4332,7208);
9469;
(2590,11594);
258;
762;
8728;
4840;
(5870,8635);
2953;
645;
2076;
12078;
8483;
300;
8644;
8523;
6259;
10745;
14293;
9817;
14610;
12546;
4884;
8027;
38;
12259;
8375;
6777;
14280;
15277;
7449;
2087;
3455;
12112;
14642;
10922;
(4161,14930);
8783;
11872;
15517;
12241;
2722;
10764;
2703;
3600;
2595;
12628;
589;
12353;
1391;
7347;
4417;
14423;
745;
10288;
10958;
9900;
2572;
(15235,(2591,7787));
14264;
10125;
2335;
(7443,15052);
4976;
14464;
9626;
9035;
3375;
13379;
1126;
9414;
14665;
8384;
6879;
7734;
1123;
(11518,14579);
9892;
(7110,11269);
4944;
(2373,9897);
5250;
12971;
14006;
2909;
7831;
970;
8368;
(898,8719);
4164;
(7048,10101);
3191;
4452;
10826;
11860;
7461;
1083;
3915;
9906;
(4474,5296);
3006;
12081;
1697;
1291;
12887;
(11917,11935);
2158;
1183;
15157;
3900;
6697;
15269;
(8336,14722);
(6501,13918);
(13142,(10715,12214));
7564;
9940;
(14330,(12955,13169));
2671;
435;
3909;
8534;
11417;
12952;
7384;
12480;
(422,425);
1273;
14688;
(2837,5071);
(5504,14791);
(10572,14518);
9981;
7518;
(311,496);
11243;
10813;
14595;
617;
501;
10730;
3864;
(4512,8731);
5631;
(8587,10454);
(11993,(372,11052));
10621;
(9995,14674);
15365;
(11440,12452);
1829;
498;
7124;
6569;
12624;
10450;
(5754,(7306,8580));
5602;
13257;
234;
9100;
1609;
1851;
8176;
8249;
3106;
2010;
11294;
12645;
10090;
13755;
7360;
114;
10456;
12485;
(4791,7236);
9787;
12596;
4366;
11248;
1278;
5142;
(2507,3255);
12190;
3783;
2759;
12396;
340;
2364;
14073;
921;
4286;
9275;
6263;
4725;
13456;
11023;
9304;
12984;
14103;
1399;
13174;
14250;
(4577,13384);
6041;
6092;
(10911,(15054,(4030,4902)));
14393;
7752;
11376;
11300;
437;
(3869,4668);
1524;
(4485,13663);
8193;
13097;
9692;
9929;
4456;
8815;
1178;
11789;
8178;
7056;
8833;
5854;
2868;
9947;
12191;
3998;
6561;
12530;
9505;
9241;
2082;
(1470,5751);
(8309,(10381,12087));
6079;
4094;
11968;
(10972,15061);
10182;
2635;
10706;
3314;
8847;
(1554,1925);
7093;
2819;
(((175,9789),(1080,5991)),((7823,9337),(10755,15679)));
(5293,10739);
9417;
14159;
1048;
9812;
10255;
(4428,9828);
9601;
92;
5583;
11504;
10337;
4859;
7095;
7423;
15229;
7840;
(2343,11920);
7730;
10394;
6729;
7039;
2374;
14191;
7696;
5132;
12331;
10380;
5441;
14260;
12898;
5356;
11086;
4459;
13371;
1205;
14470;
716;
11327;
737;
4635;
12625;
4969;
(4464,10022);
14286;
9851;
(5430,12950);
1254;
13996;
11273;
(2223,15375);
9142;
11279;
(34,14529);
11190;
7705;
7962;
906;
14472;
4607;
15114;
5138;
5312;
(6928,13799);
7188;
4889;
12557;
14748;
3647;
9773;
4418;
6941;
8897;
5641;
11902;
7471;
680;
403;
(10561,(3722,11585));
13005;
(4312,13581);
7545;
1896;
5873;
10396;
13915;
(12511,(569,1582));
3023;
(9770,11880);
12216;
6774;
(13989,14811);
1846;
6422;
5775;
5316;
14985;
5973;
2157;
2224;
1628;
12019;
4487;
3189;
(629,11940);
11057;
5921;
10078;
14197;
4348;
4660;
(9803,14116);
12268;
9659;
5895;
13284;
10489;
4215;
7731;
8762;
15339;
3501;
5096;
6798;
8794;
6593;
3056;
(4701,7714);
12467;
14441;
8045;
13479;
7557;
10643;
(7560,13788);
9080;
14717;
14622;
10838;
5385;
7249;
14721;
9489;
7055;
7372;
3322;
13178;
8390;
2907;
(8103,13756);
5307;
8446;
(5745,(4498,5689));
4576;
2023;
3785;
14442;
487;
7769;
7152;
7586;
4907;
11149;
9888;
14735;
6010;
8518;
(7582,(4523,8796));
8653;
3391;
7141;
(6864,(2934,(2001,13906)));
14793;
(13517,13552);
6894;
(8133,14240);
8043;
6357;
13031;
3887;
5320;
15288;
11963;
221;
10290;
13626;
14762;
2687;
11285;
3819;
8721;
4502;
3911;
13491;
5612;
267;
15426;
(2079,11840);
14995;
3465;
7121;
1769;
7619;
622;
8801;
11241;
6442;
6596;
7868;
5611;
5400;
350;
3530;
2015;
5603;
4881;
4224;
7827;
(201,7722);
3150;
10326;
1081;
2964;
1608;
11155;
9781;
15658;
15251;
((6403,10674),(9094,(12509,14487)));
975;
(((9081,14905),(6063,9092)),(2675,6724));
14011;
(8279,9965);
13746;
(331,4091);
12793;
1845;
5975;
3051;
13783;
10303;
10181;
10626;
11244;
10403;
12560;
3655;
7398;
771;
8099;
14316;
11564;
2246;
6532;
6457;
333;
13721;
1500;
(6550,12859);
9234;
8346;
11546;
8891;
11665;
6576;
151;
10088;
9529;
14780;
4473;
411;
9435;
12129;
1272;
12953;
12842;
807;
7555;
8658;
5448;
7645;
(10150,14540);
9535;
4540;
3614;
12781;
12855;
7298;
13221;
9982;
914;
(1643,11010);
14409;
11676;
2239;
3794;
12759;
8845;
13370;
6586;
4121;
14728;
5510;
13260;
1145;
14257;
6546;
11129;
14563;
6201;
362;
8165;
7625;
8328;
15168;
704;
(9248,(6238,(15133,15625)));
8078;
10171;
(10452,13710);
7632;
(4423,13584);
3755;
847;
6911;
13615;
10355;
13539;
3416;
5243;
(2710,9954);
14397;
10677;
2440;
6581;
9187;
(3994,12881);
(6242,11152);
3250;
3502;
12237;
(6120,9916);
9287;
8190;
5659;
14457;
4539;
(8311,(10217,12765));
10272;
14100;
218;
1531;
6617;
14030;
15315;
10900;
13912;
(3491,7370);
(1505,5500);
7286;
(7131,11559);
12564;
(8909,12493);
(15335,(3671,7654));
(1320,1794);
1821;
2630;
1610;
11761;
13394;
10002;
1737;
881;
11811;
(3182,12569);
9283;
(7661,15301);
12875;
13504;
7847;
(609,2846);
10538;
1177;
3547;
15684;
3111;
3839;
1927;
13624;
3296;
8813;
9638;
10138;
7307;
8021;
1290;
10886;
2516;
15612;
7594;
10773;
15568;
((390,15555),((7565,13885),((14787,(1973,12695)),(495,8257))));
12352;
7226;
6468;
3420;
1943;
10271;
12930;
760;
10214;
3407;
14258;
(3784,14753);
3570;
12284;
9426;
(3038,5066);
15421;
12687;
11847;
2775;
4736;
2792;
11375;
14786;
5627;
11707;
6966;
11686;
7304;
(8614,14051);
(9000,11724);
15346;
14585;
7505;
(12001,14877);
2436;
8431;
2452;
6348;
2942;
9214;
650;
9047;
2039;
13133;
2304;
7010;
(6363,6441);
13422;
13535;
3489;
10642;
5722;
11738;
5569;
14467;
(203,15565);
6359;
14730;
(3398,13549);
9533;
7180;
3445;
14459;
14958;
7454;
9605;
(2156,5182);
3716;
(6627,(338,10685));
4743;
10046;
15000;
13421;
(1993,12812);
14783;
6953;
14639;
13315;
2840;
12615;
(4310,7569);
8999;
7567;
5335;
11730;
14914;
11386;
(13566,14548);
13628;
13558;
(5808,13795);
9107;
(6719,14155);
7230;
11681;
10111;
4824;
6235;
(9797,11352);
2460;
4013;
6364;
9880;
15436;
15112;
3128;
1338;
14845;
(12426,(3868,5452));
2726;
12774;
(3232,15508);
8323;
((11419,(11685,14645)),(5143,6851));
5240;
9501;
11719;
13564;
6455;
8994;
5601;
14970;
15338;
1866;
13711;
5311;
7656;
9878;
560;
13948;
6681;
11563;
6002;
11167;
14824;
9675;
(6626,13781);
7785;
1772;
1773;
4751;
8342;
9400;
9360;
12763;
689;
(4023,13104);
1565;
(45,8276);
2319;
9240;
4115;
2824;
15022;
12524;
12364;
9115;
6834;
10615;
6942;
1490;
13880;
11148;
8310;
8952;
10201;
(4766,9183);
11098;
7765;
10780;
(10909,12172);
8930;
8145;
7421;
4252;
15135;
893;
14893;
10697;
7717;
14479;
6055;
7106;
12533;
4564;
12896;
(1075,9548);
8256;
8629;
126;
11319;
1436;
577;
5862;
10964;
9621;
12888;
1431;
12561;
7576;
12566;
13959;
12246;
10511;
3690;
5147;
(13227,(1201,14790));
2743;
2276;
(10230,13112);
134;
2757;
7617;
8760;
2360;
12606;
7348;
12965;
844;
4233;
5279;
14769;
8553;
12142;
7907;
10283;
15262;
(9077,(6093,12844));
7177;
9463;
4643;
11025;
12380;
1319;
2085;
8603;
3827;
13876;
(10735,(13057,14308));
6047;
1317;
11141;
669;
(3633,3981);
13086;
10308;
14924;
3118;
10921;
3227;
12070;
2472;
247;
5310;
(3163,4744);
6449;
13914;
11410;
6345;
7502;
10055;
5228;
10196;
4776;
10551;
668;
3953;
11627;
10797;
(2456,((6213,8213),(7248,14216)));
14909;
8838;
15115;
494;
5704;
(6344,(2312,14412));
6040;
4330;
7922;
10006;
10829;
10020;
(10704,11462);
(8784,9021);
(10239,(1221,4912));
7098;
(8164,15513);
(4689,11127);
8035;
14822;
6806;
5806;
3067;
805;
2141;
13025;
5464;
82;
2936;
(8369,14507);
(3427,10091);
7045;
(841,5892);
13816;
13172;
5772;
11188;
2235;
2266;
5225;
3472;
286;
6264;
10073;
11763;
8248;
9910;
(2753,5645);
12433;
691;
6311;
(4321,12069);
15320;
(4336,10479);
1173;
(5286,15297);
2216;
11741;
4654;
(3863,11524);
(5503,5877);
1088;
(8100,9826);
(8926,12878);
14568;
5163;
8817;
(7218,11346);
9396;
(10856,(10406,13307));
14179;
(250,(3974,4709));
11978;
6521;
14638;
15578;
14104;
6004;
1035;
9163;
11657;
6203;
6206;
9513;
2191;
10368;
5637;
10993;
3211;
1276;
3828;
7148;
1860;
10307;
3047;
6273;
7232;
9482;
14365;
3277;
11242;
2139;
(2197,7637);
14401;
9038;
8599;
12819;
1965;
11498;
(504,5219);
14528;
9807;
5012;
14298;
(6469,(12483,14699));
548;
8281;
5386;
13646;
3131;
2709;
10675;
13514;
10345;
8626;
(946,8459);
3637;
955;
11696;
2556;
9526;
4987;
7710;
12334;
6875;
14761;
(3485,6173);
9932;
8286;
7544;
10868;
15290;
14913;
11933;
15327;
2982;
964;
5169;
8241;
(8,(15120,(4549,13082)));
15675;
2466;
10769;
6548;
1324;
13441;
8710;
901;
827;
3665;
7150;
8230;
7937;
11891;
9884;
3760;
7153;
13185;
9316;
10298;
1030;
10650;
1875;
15130;
5646;
14504;
7894;
7450;
3292;
13511;
9166;
9083;
7516;
7949;
(7689,11828);
9549;
11645;
12123;
6536;
13638;
1312;
(15122,(2171,13822));
10486;
2393;
1382;
(672,(1003,9795));
1313;
12551;
(6613,(1811,13268));
933;
1392;
798;
1701;
(5542,12567);
9726;
2434;
2080;
344;
731;
6027;
13349;
144;
(1348,3077);
9642;
12079;
9903;
2712;
9224;
3351;
10063;
12901;
8452;
289;
11492;
5226;
4352;
3941;
(13611,15359);
15419;
14666;
846;
6862;
(5453,(2385,8742));
7205;
8128;
(1472,9524);
1138;
9667;
7535;
9664;
5048;
1232;
7079;
1748;
(5393,11434);
3149;
(848,15624);
7633;
(522,12675);
886;
13778;
1800;
(3594,3778);
14070;
13944;
1027;
8413;
9617;
6823;
11208;
12877;
8873;
(8772,9309);
(2704,6051);
15434;
(3424,(940,3768));
14557;
5883;
417;
14177;
3053;
13376;
12440;
2130;
13329;
5462;
5394;
(3542,10179);
1270;
2554;
14602;
2075;
12602;
12005;
11507;
10609;
274;
8172;
12201;
4733;
8983;
5848;
2090;
11799;
13555;
10760;
14007;
10499;
(3618,10915);
14969;
11562;
858;
(10184,14554);
(3379,9209);
8697;
1717;
1252;
(8623,9901);
3453;
7240;
166;
4520;
703;
780;
13519;
6975;
15525;
597;
8528;
(6871,8467);
7530;
1895;
1521;
14982;
3402;
11867;
544;
(8608,11280);
6529;
2724;
3514;
14810;
6841;
(1095,(6836,14013));
14198;
13298;
4967;
12315;
8717;
2113;
7201;
6186;
2309;
12623;
5625;
361;
11592;
13866;
(9361,13269);
(5741,6471);
1180;
(5623,14858);
3706;
11515;
12056;
4732;
13934;
15368;
4511;
6957;
8139;
(4592,13056);
1298;
5164;
(6011,13632);
7509;
(4160,7224);
2102;
4025;
14231;
13013;
(8700,15198);
4395;
4973;
15030;
(1332,13785);
13134;
7255;
8576;
1991;
12919;
15468;
(14108,14598);
(7681,12599);
4039;
7552;
13258;
1910;
5620;
12605;
(9818,(6170,((10472,(4476,6212)),(6721,(6132,10785)))));
6265;
12549;
1188;
10061;
6215;
294;
(835,(8870,12208));
10333;
13454;
1128;
1622;
517;
(4111,7607);
8485;
9020;
7319;
14268;
13676;
13988;
6814;
7492;
10300;
6518;
13590;
14292;
11992;
2323;
10936;
1463;
8566;
4783;
11934;
488;
10265;
(5465,10387);
15579;
2666;
(7590,15172);
5515;
11552;
((14158,14663),(10341,11693));
12818;
10227;
(2435,6243);
14994;
(2250,11239);
533;
(13706,15173);
3814;
10162;
11482;
10463;
(13201,14071);
(10853,14254);
4279;
8879;
14813;
451;
702;
(260,5418);
4778;
7553;
(12113,13917);
2231;
10861;
6304;
6334;
2985;
(686,11441);
9176;
13829;
6337;
10242;
10754;
(5765,8987);
13527;
6069;
5629;
6405;
10175;
10503;
13530;
12710;
14305;
5136;
14689;
3996;
6740;
15668;
13200;
10231;
15141;
6088;
4614;
(12534,13264);
(910,7000);
8758;
12179;
8161;
(11135,(7207,14429));
13016;
4392;
15013;
4020;
4937;
11746;
13419;
14767;
10995;
15012;
2294;
(3365,7235);
11810;
4640;
12728;
7209;
9800;
13894;
5998;
11168;
11962;
758;
766;
6314;
9922;
876;
(4421,9914);
13358;
7239;
(10412,11357);
(12066,14112);
1468;
12379;
3115;
15577;
12715;
13975;
4687;
7660;
(4852,(12271,(8778,14032)));
8624;
12229;
(7818,13794);
2268;
1975;
11537;
4193;
9032;
(1757,7349);
(1665,13235);
(3879,(1441,8198));
7794;
31;
6024;
11599;
591;
11502;
14400;
(3156,6379);
7171;
15647;
2281;
(283,3434);
4548;
12355;
2170;
3924;
7647;
14074;
(5509,8631);
(6143,(6988,(4552,12144)));
7197;
(11024,13237);
14252;
(6833,(1303,15350));
12146;
4627;
407;
7925;
10928;
5948;
11457;
10973;
(7850,12913);
(9479,14415);
(2297,6427);
7905;
2114;
13492;
1043;
8107;
3978;
2944;
6386;
1443;
(13768,14217);
(246,12790);
1923;
14808;
11229;
((7610,(1101,10636)),(2315,6065));
482;
145;
4596;
3648;
8761;
9049;
14860;
6859;
13743;
(4024,9431);
6067;
1546;
14431;
12140;
6134;
12481;
12273;
5405;
6848;
11406;
10495;
11213;
4806;
6232;
11092;
2081;
8718;
9976;
6946;
11528;
10229;
9581;
2900;
10397;
15460;
528;
12104;
9966;
14779;
11093;
9964;
4081;
1872;
7118;
8798;
(2988,6937);
14623;
11070;
4871;
7299;
10746;
10220;
15285;
9620;
15341;
13186;
9113;
14300;
5785;
11058;
9420;
7992;
14968;
(2620,3966);
15556;
15293;
11388;
9713;
(5153,(4541,14034));
1681;
2966;
14680;
4722;
1488;
5017;
5505;
13766;
9099;
9195;
14153;
8991;
2843;
8067;
14562;
9830;
9927;
6365;
3070;
6094;
(10913,13427);
5562;
11039;
7126;
6629;
14272;
(6858,9972);
4179;
6976;
2946;
115;
13226;
15071;
15446;
6387;
8258;
10431;
837;
10024;
6636;
2711;
222;
1131;
(8567,13045);
7164;
14794;
9769;
7846;
14127;
2789;
1832;
11878;
3564;
(7704,12194);
12294;
10247;
14154;
2555;
7816;
(9193,14681);
220;
3574;
11292;
1185;
13754;
9041;
14989;
9988;
3312;
6336;
13973;
6157;
5479;
12495;
5255;
12929;
((7375,11033),(6718,9331));
7308;
10168;
(5589,13270);
12981;
5662;
4059;
(4080,8906);
6492;
2261;
5487;
1604;
4053;
5185;
13090;
10157;
(7376,11768);
13965;
(10864,12136);
2502;
961;
4034;
7942;
12275;
13700;
3940;
14230;
2922;
2528;
10200;
12581;
3907;
4874;
14881;
15371;
(10628,14855);
6185;
13715;
11348;
6112;
3426;
3046;
1765;
936;
1268;
((13273,13941),(695,8224));
8171;
4531;
2551;
13607;
7572;
2278;
3048;
15504;
(776,15032);
13404;
2412;
15643;
12726;
12219;
838;
7667;
7359;
12778;
14828;
6705;
(8051,(12061,14542));
7651;
11823;
3591;
12701;
14532;
11636;
8934;
8246;
2673;
7724;
7562;
10894;
9351;
14906;
8588;
8936;
6272;
(2295,3616);
14605;
5119;
1979;
1322;
2194;
15493;
10251;
(866,12040);
15524;
(3526,4346);
4677;
8977;
(1013,11012);
902;
14218;
2546;
11215;
7791;
6687;
5511;
5686;
4880;
9506;
3766;
9450;
1422;
10743;
6683;
1231;
(2453,10532);
9370;
5380;
8714;
9389;
3656;
3773;
8843;
13224;
2237;
1305;
4929;
15379;
3938;
12302;
7425;
13326;
1504;
3534;
730;
(10501,(7260,9306));
4801;
12547;
8232;
11833;
1009;
10688;
9555;
1760;
(47,1480);
(193,1630);
8829;
2621;
6277;
4667;
9280;
3295;
1260;
5472;
(10032,11075);
12958;
3394;
(10971,(3437,13032));
8373;
10496;
13649;
6129;
8642;
7589;
(5908,8888);
7444;
8752;
(10819,13660);
10151;
754;
10079;
12006;
12833;
491;
4906;
7198;
386;
13231;
(3598,15363);
13864;
14462;
4727;
12716;
3130;
1328;
10545;
15511;
7335;
(711,8574);
414;
2910;
4672;
11865;
3333;
1282;
11061;
15095;
3199;
15303;
124;
12157;
1754;
7417;
10768;
(8240,13851);
5816;
9578;
13767;
(6090,(11916,12939));
8335;
11007;
11866;
7798;
3758;
(3595,6172);
6335;
13436;
10129;
8655;
761;
7364;
14086;
4786;
3969;
14653;
12084;
7034;
5490;
10946;
11456;
7596;
12245;
(10759,13542);
10056;
10383;
3266;
7328;
(5943,(4891,((4162,(11661,13018)),(13399,(10559,13760)))));
(11914,(6787,7293));
13274;
13815;
13803;
5572;
6715;
10199;
(3473,3840);
14624;
7130;
6559;
4898;
13665;
9465;
15249;
4647;
5817;
6142;
13569;
9437;
(1631,11997);
(8036,11036);
15351;
1655;
9852;
6703;
4797;
9411;
2200;
9134;
836;
7856;
(9585,(892,14574));
11726;
14825;
6722;
11615;
1005;
10284;
(11290,11583);
4749;
693;
15085;
713;
11395;
8084;
3418;
5399;
4649;
9273;
2893;
8693;
10234;
14635;
13736;
11465;
394;
1246;
3667;
10289;
5199;
2291;
(13446,(524,2854));
12983;
6993;
7533;
15106;
12108;
10075;
9262;
3317;
11037;
10560;
(7280,11461);
13534;
3060;
3892;
1782;
4448;
(1274,14941);
4357;
(4595,6708);
14238;
276;
15069;
14675;
6084;
2016;
65;
1383;
1834;
3247;
12934;
14509;
601;
87;
(2186,12576);
5796;
(3710,11200);
8396;
(1258,7383);
8855;
1977;
(6222,(7659,11339));
4887;
13157;
4563;
1534;
11568;
13212;
15627;
6849;
5681;
5514;
2282;
((8016,(7172,8502)),((5566,15396),(1237,11982)));
12092;
4723;
13641;
14571;
11147;
171;
3432;
3313;
10149;
9084;
5949;
11185;
6873;
1652;
11112;
1756;
14620;
10998;
14854;
10493;
3935;
581;
10533;
(1858,(404,5365));
3553;
11059;
389;
12456;
8779;
4659;
3937;
9210;
9001;
1750;
12055;
11691;
15470;
14965;
11018;
806;
8989;
4634;
14736;
12788;
1096;
10054;
(5635,14061);
(7137,14358);
13147;
4186;
10580;
3989;
8980;
6072;
1315;
427;
4205;
11895;
9282;
9859;
719;
(9706,(4708,5906));
11449;
7753;
12519;
14307;
8275;
9561;
4586;
4478;
13183;
(9352,(281,13210));
15250;
8301;
5181;
7253;
5815;
323;
8864;
2735;
13925;
5470;
5093;
10837;
10504;
11131;
12918;
15499;
6321;
1062;
3099;
2547;
5594;
2118;
1513;
11363;
8967;
10018;
10855;
(((1670,9546),(5720,14581)),((2322,12370),(1265,9471)));
14741;
10030;
10067;
1498;
(4853,(1770,8326));
6319;
12512;
6737;
13681;
4631;
1819;
445;
7343;
10948;
6419;
14819;
1388;
3246;
(2691,15221);
3125;
3729;
11600;
7088;
(1099,7981);
9290;
11752;
2534;
11551;
(((4879,6308),(1732,12298)),((13621,14919),(3837,11787)));
6901;
8038;
14040;
13723;
15523;
(13301,(7102,13600));
12264;
13107;
10752;
3561;
9377;
(4815,12311);
6817;
14879;
((1633,6043),(1607,2166));
12946;
10590;
8990;
1097;
(10422,15300);
8932;
6840;
11816;
6525;
14052;
6370;
9196;
8552;
2145;
1918;
4061;
((3187,13599),(9002,11879));
15042;
4265;
5005;
1236;
8720;
12443;
(3933,15215);
(14857,15370);
13022;
5567;
3018;
14449;
8047;
927;
(11852,(5221,6467));
475;
12889;
(2289,13852);
12232;
(391,6343);
14775;
6003;
(9143,12972);
8071;
12261;
5121;
12925;
253;
6294;
7445;
15216;
768;
11584;
6381;
8724;
561;
(1780,2634);
5733;
(3762,14647);
11366;
10193;
14162;
(986,(8543,(12074,(5736,5760))));
446;
2240;
13771;
620;
8680;
10586;
12559;
357;
13734;
1587;
8679;
15023;
3320;
5777;
(7686,(13849,((9521,(12262,13324)),(6198,(6029,7872)))));
3796;
8438;
15453;
1350;
(12101,12682);
7476;
2124;
11214;
6984;
5;
12973;
9993;
14072;
1982;
7568;
8053;
7484;
(6020,14099);
15506;
6355;
(2608,7988);
6727;
4432;
462;
4895;
4256;
9866;
2747;
9790;
632;
11951;
(1934,11589);
9607;
11245;
10736;
3443;
6558;
3183;
12999;
14128;
3409;
10897;
4251;
5091;
9778;
2465;
9963;
14732;
12829;
6424;
13904;
(5661,9768);
94;
13873;
12555;
(2899,7047);
13500;
2902;
8317;
2606;
11530;
14028;
15329;
4611;
8561;
4529;
11060;
2052;
13889;
2199;
2401;
5580;
12189;
3257;
4120;
13705;
4956;
6573;
(4272,14616);
9760;
2631;
14725;
5049;
8166;
4414;
8637;
511;
13573;
777;
5353;
13304;
(6293,11623);
2830;
2426;
11354;
(7369,8570);
11295;
12313;
(3462,6499);
15670;
11843;
(3523,8915);
6594;
9960;
4958;
4339;
10015;
3557;
1239;
2204;
8254;
249;
14498;
14679;
(1017,15666);
2940;
15010;
2241;
6115;
5236;
12258;
14945;
2242;
1602;
6793;
10997;
12766;
1839;
13679;
7508;
9764;
(4999,9223);
11081;
14105;
2627;
5238;
3161;
1307;
3207;
6392;
(6488,(5851,13312));
3660;
4074;
9185;
974;
(492,13604);
14029;
1625;
3216;
13173;
759;
12507;
7439;
14583;
4141;
6523;
15573;
11470;
4796;
1596;
11751;
2311;
14481;
6723;
10426;
4515;
319;
257;
2488;
9441;
10851;
10823;
6133;
(12018,14368);
14004;
6253;
13836;
13499;
2368;
(6948,9582);
9477;
12385;
9201;
5032;
6209;
1049;
15669;
(119,4433);
(1662,7331);
90;
(10161,12124);
14346;
(7995,9213);
10420;
6262;
5173;
13614;
2920;
1555;
15362;
7598;
6144;
8853;
8365;
13647;
14341;
2501;
9672;
7264;
10050;
13592;
14437;
(9657,10727);
3601;
15581;
7875;
13435;
9042;
3593;
12394;
86;
9060;
6124;
3709;
7848;
13811;
14773;
8490;
15381;
14760;
14931;
14129;
1487;
8590;
11817;
9308;
2024;
13319;
540;
2096;
5109;
8121;
11827;
9368;
11918;
5938;
2432;
11455;
14106;
12714;
14698;
8269;
947;
1033;
4684;
8670;
9245;
8508;
(2126,9395);
5974;
9332;
10338;
7884;
15033;
9567;
14091;
14477;
13080;
5069;
9571;
4984;
10276;
8866;
3272;
6624;
2247;
8609;
2277;
5077;
5100;
1590;
4149;
6633;
10352;
6743;
10519;
10799;
11513;
1541;
10014;
15253;
(1341,8734);
(1120,2999);
15387;
6845;
14180;
14196;
3788;
6036;
10444;
6325;
13698;
401;
10943;
4890;
15134;
(5864,5982);
15541;
520;
103;
2149;
6762;
9933;
10376;
297;
(3311,12301);
3274;
(10001,15428);
8818;
4085;
952;
15001;
(12667,(7933,11884));
2947;
12526;
895;
13562;
1067;
2549;
2132;
13156;
10732;
3604;
9873;
10784;
3580;
(6829,(355,13888));
12138;
2661;
1082;
6498;
(3765,13026);
14009;
14469;
5793;
8243;
(198,3299);
7554;
13731;
14556;
6912;
9604;
6431;
11464;
(4101,13667);
12482;
5073;
1627;
(6171,12784);
5593;
5277;
2633;
8821;
8595;
232;
10211;
196;
4099;
4842;
6096;
2049;
(3560,6989);
11635;
11972;
8255;
13787;
8607;
5086;
4745;
11786;
243;
11778;
3098;
6482;
(1874,14370);
(3674,8690);
(2022,5107);
7864;
12825;
4450;
10810;
8299;
(10639,13823);
6868;
4296;
15596;
(1371,4525);
10491;
13992;
14535;
254;
12276;
(802,9069);
(7711,8457);
3350;
(3577,14580);
10218;
11683;
8169;
10094;
2651;
15066;
635;
12610;
4666;
11195;
11333;
7272;
5148;
6181;
2610;
10085;
10423;
4584;
11824;
13979;
11807;
1311;
10924;
12340;
3022;
15093;
8031;
468;
(959,10987);
10527;
14918;
(13881,(13567,13722));
5205;
(11512,11588);
9075;
809;
12342;
2411;
5254;
9231;
10588;
(1139,2605);
4688;
10969;
11453;
2948;
1465;
4426;
(14781,(596,605));
1087;
6425;
5294;
(13431,13674);
5027;
8929;
3071;
(767,4001);
2066;
(2105,12236);
3764;
2497;
2778;
10174;
1407;
8946;
15422;
14731;
6184;
3983;
5962;
4300;
7811;
13603;
559;
(7216,7885);
10405;
8914;
1351;
((1461,5449),(5782,15454));
4916;
(3592,(6083,12089));
14148;
9527;
11196;
13321;
6001;
15483;
(13796,(4957,7515));
(2928,11927);
2539;
(7096,11116);
7521;
3495;
13409;
7739;
(2783,(5859,14204));
15687;
10520;
15296;
2596;
12450;
10587;
13691;
15128;
8120;
13824;
(7593,14066);
(3688,6026);
14891;
10243;
14492;
4762;
3792;
12034;
4254;
10126;
9848;
9714;
5491;
7144;
5774;
1788;
2352;
12369;
(2122,10074);
6103;
10297;
(12430,(12321,14026));
10865;
14207;
1066;
13870;
(1522,10552);
6704;
5985;
399;
9116;
5174;
11628;
8850;
15050;
8836;
13149;
2050;
5829;
752;
7060;
2262;
8147;
9421;
6432;
1698;
(11604,12425);
6955;
14068;
12447;
11344;
6712;
8725;
11966;
510;
6567;
10291;
11104;
8351;
6252;
5756;
6302;
(191,1366);
801;
8267;
(1160,8521);
9743;
2013;
5387;
1469;
11425;
14805;
15195;
2464;
588;
8664;
15312;
(2064,(4398,(4156,11829)));
4319;
14577;
8741;
(15079,(3682,14406));
8546;
7473;
(1520,7966);
13459;
12041;
6611;
14353;
7303;
10058;
13769;
1217;
7435;
12098;
7971;
(2362,(1600,10263));
(6494,12764);
12366;
11740;
(2254,9033);
3195;
5207;
((7826,14785),(8090,14418));
9449;
13516;
3371;
6677;
(8506,(14867,(1502,4073)));
3457;
2398;
(10398,14399);
12776;
12170;
13971;
7243;
7170;
10849;
5095;
1699;
1853;
2092;
5085;
395;
(3209,9909);
8432;
11771;
13650;
111;
2761;
13059;
(((493,9665),(5651,9010)),(9322,(3478,(12786,15156))));
6865;
176;
5061;
8266;
6456;
10901;
1125;
1491;
(8463,9496);
((8672,12240),(2649,11094));
7215;
4813;
14427;
15572;
11695;
4765;
9037;
12827;
(7210,8625);
3945;
13528;
14094;
1906;
5997;
7391;
7756;
(6588,9515);
7639;
10965;
(11995,15223);
2375;
8377;
(480,1868);
4370;
14804;
1148;
(4047,12046);
(3258,6733);
(1151,1951);
9045;
12363;
9130;
14812;
15595;
2565;
3829;
957;
(1358,3995);
6680;
(12416,14935);
6346;
12915;
(4516,(1262,11191));
11791;
673;
279;
4131;
11699;
1843;
9875;
5698;
(12542,14746);
13323;
7990;
3431;
11278;
15228;
14265;
(1405,2071);
13061;
13846;
12851;
(3959,(1571,2955));
3454;
13774;
14683;
7700;
11788;
662;
(1523,2159);
(2328,(11038,11781));
4818;
1396;
5266;
4637;
5547;
4239;
14233;
6863;
8303;
1593;
6021;
(856,12637);
(25,15477);
6625;
(9898,12238);
992;
10530;
(1073,2017);
4855;
1152;
6042;
10208;
13021;
15308;
13429;
(2040,4606);
12280;
6981;
12386;
3956;
14378;
9568;
14916;
11311;
2728;
10170;
4271;
14138;
7931;
15206;
7788;
9727;
9572;
990;
6402;
1710;
4490;
(12162,14578);
(7366,7719);
((3166,4838),(3474,10395));
14575;
15201;
13084;
3410;
4579;
6397;
8894;
(7895,10084);
10967;
5231;
5650;
14634;
840;
10573;
10694;
8324;
10194;
(7930,8499);
353;
63;
14149;
128;
10335;
11956;
13518;
13407;
(2930,11064);
2185;
11764;
((8122,11750),(2581,3539));
12489;
9363;
11002;
6947;
4714;
15188;
14234;
4361;
(7394,14677);
7136;
6049;
5042;
3843;
14456;
5413;
15328;
3964;
(12562,13789);
8355;
(4839,(10413,15170));
(10978,13346);
574;
10292;
7786;
6167;
(3602,14044);
305;
13091;
14719;
10294;
12260;
740;
6688;
8093;
14897;
(4662,13305);
5397;
12122;
7845;
13275;
13644;
8116;
12291;
12088;
822;
13192;
904;
14907;
(9318,14321);
7250;
3899;
1915;
6908;
4471;
13191;
(690,10788);
73;
2320;
10099;
14772;
3275;
3214;
(5431,9006);
12035;
13282;
12740;
5678;
(6640,7029);
3256;
2034;
(641,3847);
5835;
10166;
13141;
((4500,8944),(8770,10388));
4046;
15655;
10484;
1892;
14792;
8565;
2331;
10350;
5578;
10912;
7346;
2758;
773;
7076;
5251;
1775;
515;
8651;
(4481,(5564,(4084,11318)));
6490;
4360;
2828;
(4441,15014);
11236;
15306;
5791;
14337;
2967;
13014;
3734;
10888;
3719;
4129;
4117;
1039;
3201;
5592;
2431;
13726;
9121;
14107;
9503;
1676;
7690;
4264;
12438;
(732,2292);
6999;
4226;
10811;
452;
10947;
363;
12722;
10597;
4374;
2739;
369;
2326;
12894;
(4375,12992);
1286;
10794;
13006;
(3617,(8498,11953));
5970;
4799;
(5024,6440);
6639;
8960;
12228;
7940;
3775;
(1339,5946);
3496;
15546;
8997;
12735;
(5879,15084);
11837;
6951;
7073;
((1798,9129),(6950,7352));
1997;
571;
(415,11424);
6135;
(1492,12874);
(13574,(3137,9043));
10077;
9704;
(3057,(2574,4925));
13970;
1907;
5391;
13449;
326;
14953;
(5118,13428);
1010;
14379;
4977;
8389;
12411;
5836;
1869;
10112;
1496;
7087;
6406;
14206;
(8226,13062);
(3638,10878);
6276;
(4673,6671);
15567;
(6772,10228);
14356;
13;
13868;
13991;
1094;
14416;
13808;
9600;
3055;
503;
(3066,7506);
558;
15118;
5123;
3511;
(14037,14253);
7358;
7112;
13365;
11942;
4353;
10195;
8935;
9705;
9593;
7938;
4679;
14287;
(4599,11323);
15648;
13198;
2161;
10791;
96;
1620;
4333;
9553;
8092;
10955;
14328;
(377,3307);
14458;
9680;
6876;
1560;
11489;
12854;
5047;
9382;
13729;
13921;
(2143,3340);
8617;
5699;
13099;
(2088,2939);
4437;
4823;
15091;
14789;
13177;
15559;
5940;
12590;
7323;
12917;
5563;
10044;
14657;
10378;
7747;
1343;
(5868,10152);
850;
5435;
(14098,14650);
15685;
(6869,13160);
5473;
14984;
1464;
6053;
5187;
15244;
10724;
440;
9295;
14468;
10873;
13935;
15137;
4070;
1292;
4991;
(2061,13368);
9699;
2439;
1347;
4822;
11704;
9399;
12329;
8102;
(455,4407);
(13259,15403);
1944;
11839;
13594;
14313;
6644;
12935;
6484;
579;
12730;
13342;
13879;
10700;
2786;
14424;
13958;
15490;
14484;
667;
1195;
10319;
6694;
14777;
5134;
(2594,7021);
919;
4505;
14514;
8477;
7032;
2164;
6056;
5315;
10458;
2491;
1192;
5348;
10430;
3208;
13661;
1967;
7231;
11949;
4223;
14433;
3425;
13253;
8052;
14497;
4508;
(3287,12031);
((8800,9556),(8549,12873));
2659;
(15385,15437);
4439;
((10134,(6992,13161)),(11669,14419));
(4546,12130);
1212;
4652;
8581;
4088;
7333;
865;
8464;
(3870,6748);
9178;
7082;
13747;
5072;
15417;
6540;
3200;
(5242,(917,5528));
9603;
2477;
7624;
15378;
490;
9345;
(4524,15465);
11989;
6972;
(7609,11505);
11756;
(1055,10267);
((4106,13522),(1512,14541));
3044;
12250;
9668;
14077;
4086;
12210;
4274;
4706;
9133;
278;
(725,10869);
13366;
13033;
10852;
(15455,(6117,(4959,5710)));
9623;
12117;
(3664,3767);
(91,8401);
4113;
1110;
6324;
3348;
7470;
2298;
11555;
15604;
670;
9039;
14932;
8295;
8379;
14975;
263;
2657;
2785;
12013;
1650;
11901;
14261;
7913;
(8414,8535);
1675;
9703;
7559;
14900;
7227;
4644;
4557;
774;
10246;
15098;
1336;
8422;
14710;
9470;
613;
15226;
7020;
14195;
3378;
4528;
7608;
4517;
2430;
14413;
12207;
9669;
12867;
10941;
(8260,10119);
3857;
13159;
(4331,13732);
15203;
(351,8531);
6338;
(6182,7618);
5485;
6035;
8318;
12454;
3749;
342;
5696;
(8292,15200);
(9182,12960);
3569;
4909;
7782;
7534;
1831;
13898;
4532;
((7587,9153),((2702,15543),(3269,14453)));
12233;
1730;
630;
13400;
(130,3968);
13297;
9451;
3540;
9736;
(3050,9453);
13052;
4194;
12821;
((3264,5482),(3089,14625));
2864;
4283;
8610;
11250;
71;
712;
(1434,2618);
6034;
12003;
12304;
((4290,15159),(228,7813));
3815;
12134;
7738;
2721;
(10644,13878);
10502;
4058;
3865;
7979;
13545;
13300;
6874;
12941;
15585;
(5725,13236);
2025;
13861;
13869;
15447;
7879;
(320,1359);
(317,11262);
5018;
4573;
5809;
8494;
9801;
9439;
(5252,(3705,(2855,5605)));
9019;
6607;
324;
9319;
11579;
1744;
7983;
11189;
4328;
(14904,15665);
4066;
11381;
1085;
13501;
(8814,12231);
9598;
15144;
11652;
13034;
12748;
3754;
8081;
(12165,14520);
12182;
14946;
6435;
1409;
2952;
15178;
4601;
14335;
3341;
2099;
14489;
2413;
12054;
12865;
12339;
(3000,8259);
11882;
12239;
8572;
10306;
60;
4222;
5688;
13820;
2797;
5676;
8075;
12200;
6918;
11472;
156;
3516;
13932;
(4535,7269);
(8247,11385);
(5328,8878);
7340;
(5825,13952);
7671;
12648;
13296;
10681;
818;
14306;
(3373,4007);
(4028,13406);
5664;
5463;
8094;
245;
10540;
5677;
4444;
8816;
1444;
10698;
12004;
8898;
871;
12043;
(3504,4702);
7600;
2954;
9289;
13058;
10917;
(5524,8068);
5076;
5615;
1960;
(1568,3727);
10374;
(3544,12997);
(168,11067);
13809;
4862;
1370;
14524;
2925;
10570;
11532;
4622;
6267;
2383;
9296;
4298;
13426;
6111;
(6935,(4795,(4955,9154)));
9989;
6575;
10789;
5008;
14844;
7458;
5630;
15131;
8148;
1098;
6784;
6973;
1040;
(11014,13330);
13060;
13999;
5304;
4183;
15681;
5718;
15663;
8616;
8285;
14039;
15167;
10176;
8586;
2793;
10106;
(3793,13451);
14289;
11329;
12398;
(2817,7844);
14140;
12587;
(1840,9007);
8205;
3607;
1908;
10274;
10798;
7792;
2889;
(7037,12132);
15463;
13655;
(3599,(5232,10549));
3151;
3852;
11678;
891;
(2163,5421);
12496;
8835;
14447;
3757;
6552;
(11776,12436);
2931;
1894;
(1987,6200);
9061;
2923;
14242;
14123;
1046;
1913;
12694;
1196;
12347;
2823;
784;
(2838,3376);
6682;
12423;
13051;
7754;
12362;
(2229,(1669,1947));
12626;
9259;
12174;
11812;
(6241,(2069,7408));
9573;
(8524,(10329,13716));
1172;
1054;
5029;
5206;
8652;
3920;
(2342,6445);
182;
1368;
13092;
7104;
555;
2714;
4386;
755;
14564;
10445;
5875;
8621;
(3662,(11210,13561));
7929;
963;
13444;
6938;
11392;
252;
12461;
3661;
9656;
2682;
6415;
10316;
14440;
9181;
8065;
13007;
12550;
3615;
12770;
(1041,13303);
13447;
15129;
4008;
8505;
7806;
5150;
10156;
12010;
9583;
4049;
11722;
3230;
890;
7529;
12870;
11758;
12608;
88;
(3740,14021);
8862;
(13356,(11608,(1179,4133)));
6870;
2870;
10164;
12617;
13677;
14964;
14862;
10891;
9677;
14703;
9016;
1881;
(11796,(4060,9899));
13631;
13175;
15102;
8233;
(1012,9606);
10654;
(789,4835);
6603;
5011;
1203;
(14142,(3888,8306));
10790;
(6566,15006);
4536;
15336;
11606;
2340;
13266;
11340;
12792;
(1215,11797);
13008;
9519;
2779;
13416;
10385;
12619;
4368;
402;
(11757,(897,9229));
(2867,(10515,14646));
(3579,11016);
9728;
15355;
(5059,11925);
1988;
13707;
109;
2148;
12968;
3033;
6022;
10977;
10042;
10620;
8136;
5060;
12251;
3698;
9497;
9023;
4995;
2852;
8343;
3290;
790;
15247;
2054;
3681;
(7251,11144);
1956;
((4078,(11204,(8842,11500))),(7212,12987));
1527;
12795;
5067;
12703;
7784;
13560;
(13047,14178);
9357;
10509;
2473;
12508;
12731;
9064;
13077;
5728;
(12834,12882);
(8428,(271,(4602,6672)));
14852;
6517;
9682;
5823;
8966;
4185;
2644;
13466;
13145;
5120;
3703;
(7101,14764);
6910;
7606;
13652;
14480;
11142;
2249;
9742;
2548;
(8547,14056);
12097;
10260;
7404;
15480;
(1378,6400);
3748;
12664;
6412;
5501;
11102;
11613;
7438;
13448;
7479;
(13135,(9312,14770));
4656;
15582;
2978;
1175;
15430;
2697;
1454;
(6746,9123);
8471;
(1174,2110);
2526;
1880;
5220;
541;
5192;
2123;
(7452,10344);
3087;
(5872,11488);
5577;
2723;
616;
10097;
12627;
15026;
11055;
13453;
11700;
(2391,2527);
8331;
9460;
4633;
10369;
10828;
15284;
6290;
4738;
(2421,(5995,12962));
4537;
14676;
1689;
1167;
(339,15127);
14861;
8142;
194;
9547;
12630;
4894;
5140;
6755;
((1114,2667),(3289,4403));
(1954,11246);
(4869,(2012,13017));
12100;
8632;
15444;
12802;
3094;
7174;
7178;
14870;
7202;
8002;
6583;
(7735,15427);
4;
3759;
9;
14220;
11077;
(456,2510);
2736;
11875;
4309;
10318;
8703;
14742;
8682;
10553;
68;
7024;
4826;
(598,2498);
6867;
15116;
11899;
5734;
14745;
3231;
2078;
(3073,8039);
11154;
8514;
11974;
5363;
(5084,5852);
((5746,7413),(8222,14662));
14118;
14713;
3103;
6223;
647;
5038;
4875;
9145;
9854;
6689;
8082;
(5094,6479);
15319;
3010;
6361;
14285;
8848;
(812,9984);
3975;
8344;
10256;
(7829,(6458,9365));
3028;
6657;
(8646,(2638,11729));
1969;
393;
(3012,3787);
9271;
7097;
10012;
8868;
2279;
(5633,14474);
1569;
3875;
10417;
1657;
11806;
(1968,9457);
(5052,9197);
11310;
6802;
11050;
4035;
5719;
15599;
10469;
9279;
13495;
9780;
11517;
7270;
9392;
11444;
2228;
(2059,4318);
10328;
3932;
14249;
12931;
4405;
5290;
7611;
8123;
14398;
(1091,11266);
954;
(66,5471);
14838;
5114;
12151;
4326;
6580;
15259;
1594;
141;
5217;
4872;
5016;
12107;
6044;
6377;
5950;
3714;
5321;
158;
(121,1823);
(5537,14910);
6824;
14938;
(3763,(7701,9641));
(12724,(2908,9148));
133;
15326;
(7066,(7026,8819));
6537;
2587;
3962;
12745;
1301;
3179;
6907;
9172;
5540;
10541;
2951;
4828;
6095;
13015;
7501;
4063;
15080;
12853;
6745;
11800;
2382;
556;
13254;
6892;
9277;
10862;
12014;
5092;
4406;
8764;
11303;
1406;
14596;
11004;
14565;
13181;
12614;
8890;
2784;
12517;
39;
15583;
11575;
1749;
3866;
2932;
12665;
1263;
2508;
12198;
(1739,2345);
5108;
13144;
9814;
(2390,9757);
1235;
2529;
1781;
7762;
7460;
12427;
4939;
13450;
(2609,6978);
7685;
(8239,15169);
12713;
(2213,2669);
13044;
8892;
2977;
(1113,3576);
3619;
1711;
8730;
3152;
11913;
5931;
(2522,9539);
14744;
8979;
6934;
273;
14173;
(4518,5131);
5112;
9796;
2264;
11008;
4219;
9758;
4253;
5842;
12583;
13163;
5456;
14490;
(3435,14708);
9387;
11020;
997;
5090;
8573;
367;
((4261,7832),(3215,9660));
1503;
3986;
12816;
5984;
6283;
15015;
14750;
2487;
14392;
839;
11651;
2449;
5945;
15;
6233;
10173;
13801;
1211;
5532;
6679;
11680;
536;
8807;
828;
8676;
10488;
1473;
13883;
6779;
6500;
8600;
2593;
8806;
(11950,15007);
10705;
6926;
8083;
11297;
6889;
(661,13184);
366;
4598;
(11558,(5794,11873));
204;
6460;
6005;
8688;
6599;
13359;
2732;
736;
226;
(1955,5752);
(1508,4658);
4807;
5672;
8465;
(9256,11486);
729;
(136,15408);
8411;
3237;
4827;
10411;
1648;
1002;
13872;
8273;
11834;
3804;
14814;
4994;
2888;
7054;
3701;
6574;
2493;
894;
148;
12525;
(573,4234);
2454;
8392;
1022;
11900;
(3963,6091);
5937;
5552;
11459;
9384;
11701;
12204;
9321;
6794;
9347;
15024;
6114;
2802;
(6668,12571);
2725;
11251;
(10390,14759);
13452;
6453;
7697;
(4975,(5947,(12574,15062)));
15213;
3867;
14771;
8512;
15530;
1864;
12961;
2628;
15209;
11254;
1638;
8403;
7013;
((5210,12178),(3882,(10624,15068)));
11051;
3921;
(594,14166);
(1995,4831);
11819;
9487;
11815;
981;
6119;
14255;
(6116,14318);
(5798,15690);
2461;
3329;
4645;
8470;
12197;
11534;
2220;
14262;
779;
13585;
(3609,14559);
7620;
9065;
9315;
5599;
12075;
5191;
979;
7638;
11863;
13619;
11202;
10347;
5179;
1365;
10446;
((6060,(8013,10448)),(2272,7105));
7883;
6509;
2056;
1767;
((9625,12815),(4295,(6295,15331)));
15560;
3913;
2005;
(9380,12643);
13219;
2580;
5695;
10903;
10646;
2420;
3697;
11825;
13818;
803;
2588;
1903;
14768;
(5346,8019);
12442;
5731;
(303,2523);
(3532,8961);
5936;
10579;
(4981,12669);
15182;
5099;
9484;
485;
(7018,8998);
11397;
1686;
775;
79;
9630;
6765;
9767;
1854;
290;
4575;
(1402,11943);
14096;
(4705,4950);
3273;
13724;
(13041,15100);
9507;
15635;
14856;
12609;
14513;
9442;
15239;
7206;
10571;
2057;
15266;
12314;
6927;
2348;
67;
15564;
5097;
13180;
(9707,(7634,15439));
1337;
8020;
8771;
10594;
5276;
9401;
14709;
(8462,13920);
12336;
15149;
6696;
5783;
1413;
4642;
2400;
7433;
8454;
231;
11136;
4620;
6009;
(10386,12127);
12222;
8618;
3836;
(2916,10136);
15325;
821;
(4402,8440);
(646,7140);
13967;
8146;
7899;
1335;
764;
1387;
13819;
5804;
7743;
3842;
6734;
14943;
663;
4571;
10751;
8228;
2226;
11801;
7011;
14003;
5655;
9793;
941;
14830;
10269;
4962;
14615;
7151;
13955;
9592;
14866;
14612;
7325;
(4926,8271);
8468;
9838;
5288;
(6956,8975);
4356;
11097;
4860;
15580;
4440;
14868;
5983;
(3585,8951);
(9718,(13377,(11711,14948)));
2160;
(3894,14141);
11105;
9026;
14055;
(1688,5338);
3976;
4165;
1355;
15260;
14342;
5432;
6421;
6240;
507;
6595;
2582;
7951;
4123;
2459;
11621;
6923;
13764;
49;
2636;
10890;
7069;
14046;
3446;
(5541,10304);
(12794,(1931,3951));
8857;
9662;
11633;
5609;
2301;
5347;
1264;
1680;
8666;
(1501,(15193,(4621,(1916,7588))));
6292;
5424;
6221;
11634;
7963;
14340;
8282;
8885;
1963;
12513;
1485;
6622;
15512;
700;
4105;
2221;
5128;
2576;
3952;
216;
14829;
13137;
1664;
6554;
2371;
12253;
13322;
(1032,6199);
7603;
14700;
8109;
10954;
7091;
1373;
(((4693,9746),(5438,8500)),((4311,5927),(3030,10277)));
((739,13671),(627,6654));
13694;
7921;
10554;
8125;
4734;
9765;
13813;
5724;
9082;
9131;
(11096,(1029,4278));
12807;
9845;
9044;
2127;
164;
14604;
(4238,15302);
10612;
(3,13672);
11460;
4768;
12077;
10756;
5981;
6017;
15163;
2267;
4566;
(4608,13623);
(6329,6562);
14396;
7668;
12791;
(6835,(12287,15448));
13533;
13551;
15028;
4739;
5516;
863;
13802;
12773;
4927;
21;
9180;
10037;
15621;
8913;
13827;
11011;
15147;
7284;
7583;
11404;
(3078,8923);
6269;
4825;
7993;
4337;
4317;
3737;
849;
5104;
2137;
11047;
8033;
9409;
(3659,5838);
2225;
((923,5447),(448,5920));
12417;
10841;
10476;
1008;
1233;
3036;
10102;
535;
14586;
(671,8922);
1897;
14851;
161;
3914;
(1838,9388);
5372;
2903;
5684;
14189;
4145;
10623;
4329;
9093;
9896;
4863;
14756;
11146;
(3535,6350);
242;
13857;
7291;
6877;
14247;
3973;
15570;
154;
519;
416;
9063;
10459;
7691;
7695;
299;
7075;
6434;
11503;
7556;
15673;
(5350,9486);
14733;
2180;
7446;
3244;
9169;
(2845,8268);
11612;
12823;
2857;
7984;
4308;
12491;
14192;
12412;
1621;
682;
264;
(10991,((2680,12912),(7953,8592)));
13139;
968;
8023;
1304;
8080;
3422;
3965;
(1220,4794);
6156;
3040;
215;
1058;
3441;
2402;
8578;
14212;
13380;
11414;
11128;
8702;
5337;
7822;
9008;
1182;
2641;
2063;
(2897,15063);
11029;
13392;
5260;
8409;
11095;
309;
(666,13130);
13817;
(10930,(8513,14041));
(6110,11325);
12213;
4009;
11616;
10057;
10767;
11053;
(1879,10803);
9119;
14987;
7412;
1577;
11553;
2405;
14057;
13010;
6497;
16;
2800;
10494;
11272;
9031;
9364;
2009;
7127;
9274;
5030;
3715;
11068;
131;
14219;
14527;
3004;
13483;
1449;
11427;
15148;
4671;
2290;
(4632,9684);
13115;
((10672,(2741,14839)),(10027,(2062,7780)));
3268;
(7486,15383);
(8654,13440);
8774;
14038;
14194;
(2686,5586);
14295;
5729;
(11017,12479);
7542;
14310;
10834;
2494;
3725;
12209;
13124;
3795;
10215;
8921;
(11335,13225);
11725;
12698;
9849;
1535;
6995;
2381;
(6766,(1667,(2668,7764)));
12705;
(9467,13361);
2559;
10373;
12297;
12431;
2762;
4016;
7947;
387;
5388;
(3683,6378);
15481;
13553;
572;
12916;
(1557,10008);
(6038,8852);
5291;
2134;
2263;
14849;
12072;
255;
7955;
10846;
11430;
5436;
543;
2937;
2410;
11110;
2509;
1466;
7162;
11813;
6396;
12641;
4470;
11145;
13280;
770;
7200;
(7186,(8124,(513,14382)));
6565;
9825;
9139;
10821;
13213;
15653;
1761;
(6531,12570);
9440;
8633;
4678;
(9613,11000);
7934;
796;
6857;
12029;
4140;
15264;
9514;
8808;
1605;
13337;
3174;
1917;
5548;
13285;
788;
15311;
3944;
12846;
3878;
9089;
13625;
8288;
1510;
2914;
(624,2429);
13645;
3025;
1747;
(8079,10408);
13583;
14701;
9819;
212;
14573;
13467;
7839;
(4691,11240);
2028;
5750;
5188;
5669;
6106;
1994;
508;
5382;
3088;
15651;
13460;
10356;
(3992,13458);
14537;
10753;
(4168,(12771,13678));
11281;
3280;
3449;
10131;
6815;
1601;
400;
8444;
13843;
2619;
3718;
8073;
12813;
11773;
9456;
(10576,12584);
3090;
659;
10016;
(4729,(6526,14951));
6991;
((7339,9719),((516,14996),(1427,11629)));
11408;
4228;
8419;
12895;
1367;
1809;
152;
6176;
(5443,9670);
(5610,7022);
7746;
8007;
6789;
12580;
12322;
5960;
15622;
12118;
3632;
11957;
15255;
3628;
5919;
6564;
2536;
718;
12754;
12230;
9730;
6524;
655;
11999;
4104;
84;
13884;
10404;
2545;
11784;
12045;
6706;
11400;
3188;
1072;
5002;
4052;
2826;
13503;
3666;
3297;
12327;
(3522,4589);
(2592,15410);
2189;
10325;
10660;
(909,1904);
2032;
10144;
6610;
15388;
10680;
6423;
(238,8556);
8867;
9438;
14445;
11649;
55;
2689;
12058;
2365;
9640;
2727;
9160;
1283;
4603;
11748;
4885;
4316;
13038;
6759;
(1430,13525);
9397;
9428;
578;
9762;
9987;
14788;
13182;
2133;
1389;
2796;
(883,4214);
(7510,14383);
(907,8098);
2485;
9777;
5159;
11299;
12184;
15145;
4982;
10500;
6152;
(10982,11331);
6104;
10910;
8319;
2865;
10410;
7911;
1777;
6204;
14165;
9156;
7184;
12658;
7350;
5758;
64;
(8168,12723);
9569;
5652;
7195;
6050;
13814;
5013;
(1176,9320);
13118;
13635;
9054;
11356;
13328;
13688;
6543;
1486;
5575;
7499;
2021;
4943;
7642;
5177;
(2183,3942);
9596;
6958;
(4482,7836);
4965;
9476;
11353;
(7580,8004);
698;
2791;
709;
9563;
12579;
9574;
13465;
1774;
5813;
7053;
12044;
512;
11921;
13432;
9495;
(5237,8424);
12305;
4695;
4442;
(1280,3309);
12582;
3799;
3367;
4306;
3081;
4436;
(1412,2579);
15187;
12255;
11046;
12343;
4920;
9340;
11496;
1156;
9895;
11976;
14505;
15034;
2138;
7165;
2019;
4553;
(1397,10857);
13984;
4206;
9403;
13913;
2317;
9827;
12114;
5551;
163;
(6394,8201);
11374;
14144;
13360;
8743;
(15374,(5933,14345));
15576;
12181;
8212;
13390;
996;
11197;
6959;
3062;
2006;
8780;
10858;
9086;
7381;
5506;
20;
9050;
9992;
12102;
420;
11975;
248;
13602;
15484;
2763;
10750;
4479;
1793;
8763;
11001;
14979;
307;
7579;
(1130,7804);
10216;
12747;
(177,8615);
7820;
11766;
12836;
14863;
4248;
3517;
11841;
10763;
5595;
3338;
2570;
2717;
903;
7115;
6825;
(11201,(2768,7888));
3769;
12063;
11607;
9299;
6535;
210;
3440;
(989,1900);
13367;
(9543,(7970,8876));
925;
5869;
592;
3458;
(1722,5748);
10918;
8345;
7329;
7467;
873;
7268;
4970;
10959;
9837;
6118;
12248;
7965;
((3108,7142),(2839,6936));
11085;
5732;
4521;
12312;
8901;
8493;
7033;
1548;
15535;
7442;
5807;
4966;
14927;
15225;
12699;
13472;
11640;
10808;
13286;
15496;
3229;
10641;
10371;
410;
4327;
6328;
7858;
97;
13886;
8382;
9702;
(7968,((7657,(5768,14133)),(9266,12982)));
2116;
12022;
11960;
8060;
(14515,14643);
13595;
(4404,14102);
4389;
(107,11235);
(7958,(12768,(2367,2748)));
9751;
785;
817;
(10887,((14027,(12448,12739)),(3486,6571)));
12573;
618;
6268;
5965;
10536;
1678;
11548;
2109;
3168;
3069;
1159;
14018;
7023;
3895;
4068;
5194;
((230,7908),(1649,11907));
13396;
13682;
15353;
1677;
8517;
13690;
5222;
6645;
9128;
1190;
1100;
(7773,11101);
6071;
(((769,2107),(1668,15672)),(13508,(2260,5247)));
1695;
11650;
(8265,10693);
9226;
13338;
652;
10147;
8669;
6545;
14558;
7914;
1432;
1606;
1194;
7035;
12977;
236;
(3643,9633);
3803;
696;
4055;
10109;
12472;
3831;
11967;
209;
3169;
1423;
7491;
14359;
2562;
5591;
11739;
10455;
4191;
13035;
7918;
8199;
8177;
1386;
10105;
9327;
(5258,(5675,13742));
7688;
8437;
12147;
1822;
123;
8381;
6750;
4422;
12476;
(5208,5343);
5271;
2962;
((14525,15286),(6897,8727));
7119;
6136;
9971;
5653;
(2818,14226);
3032;
(6356,(5480,8332));
10598;
12751;
5285;
12095;
1964;
13434;
2764;
14063;
14882;
7833;
9052;
12840;
10249;
12796;
9127;
8537;
4397;
14912;
(291,6882);
3629;
2853;
2351;
9811;
5819;
4494;
12777;
3017;
12080;
14373;
3355;
2847;
7799;
11409;
(15631,15683);
358;
10167;
13073;
5822;
(7676,12588);
(14291,15058);
14053;
10041;
3531;
(825,5010);
5999;
11732;
12206;
10962;
2639;
12149;
7374;
7472;
14058;
11961;
11794;
12910;
3987;
11632;
9408;
15677;
13230;
5124;
15243;
15005;
8186;
8504;
5536;
12365;
(4830,10940);
10762;
423;
392;
13985;
13004;
7191;
6074;
4430;
8290;
450;
8563;
2849;
14005;
14279;
8028;
6150;
12408;
9429;
2106;
10261;
6073;
6205;
12161;
8406;
11760;
1065;
509;
12697;
(4694,13786);
1573;
1277;
1068;
8175;
3162;
9584;
2872;
(2519,10577);
14823;
2060;
10064;
11206;
8550;
4876;
1852;
11042;
1135;
1692;
(10212,10574);
715;
150;
14593;
11876;
7278;
6390;
14349;
13203;
((5009,9698),(477,13106));
10815;
5253;
(15318,((12991,(8489,8982)),(147,8501)));
10635;
15451;
9602;
4021;
4174;
15542;
(11220,15507);
11638;
11570;
8882;
14360;
2749;
3673;
7469;
6925;
185;
1990;
(5043,8421);
14031;
((3809,7601),(473,5568));
619;
8448;
3620;
3173;
15358;
4412;
(7400,11948);
14967;
2357;
3305;
12800;
4079;
10914;
5200;
9846;
1709;
5925;
12798;
((4483,(7517,11364)),(7077,13443));
15589;
8649;
15399;
8825;
699;
13114;
14193;
854;
(13117,(9276,11973));
8711;
11793;
5184;
13455;
10592;
3461;
4138;
7897;
908;
(3808,9348);
4401;
(12282,14936);
(7283,8025);
3568;
11885;
5918;
4293;
13119;
1241;
(1645,3013);
6632;
5790;
14131;
190;
2168;
4466;
10546;
(9177,9372);
12023;
(3408,(4451,10842));
10436;
5654;
12176;
9747;
14239;
8716;
4755;
(10139,13487);
9098;
4940;
11258;
12373;
8173;
13240;
5935;
380;
8881;
(12224,14782);
14160;
11137;
9430;
10937;
(10461,15491);
9688;
743;
(2427,14640);
14843;
15257;
(6760,7902);
2486;
1783;
11317;
649;
4655;
1398;
11143;
4661;
3689;
10521;
93;
11259;
4364;
6368;
6778;
15194;
2495;
3910;
8788;
8274;
8665;
12921;
5889;
4928;
14641;
11569;
1372;
8647;
2859;
5318;
5992;
8402;
5467;
7483;
2053;
7915;
7437;
428;
8167;
4686;
4638;
6300;
14506;
(3359,(61,4244));
7920;
554;
1634;
5176;
1595;
10812;
9076;
2098;
12494;
(3116,(2598,13408));
13842;
8005;
1591;
9725;
((1018,1724),(9649,11549));
5721;
9126;
10434;
1424;
(11006,13485);
13572;
10557;
4017;
12563;
(14485,(12401,13335));
15473;
443;
11437;
14126;
11423;
7070;
2476;
1408;
10659;
728;
1764;
3218;
9560;
8337;
14516;
6780;
15258;
(8769,13656);
9934;
6230;
6659;
(1357,4227);
5081;
7817;
14350;
4703;
8321;
(977,6601);
6393;
(12860,(5907,13804));
2904;
4763;
2203;
7932;
14332;
4343;
11850;
4469;
3349;
(5803,5901);
4848;
1752;
6700;
4202;
9028;
15551;
2672;
3708;
(3844,9820);
6188;
11253;
4542;
(1712,15394);
10342;
7017;
12463;
5502;
3238;
6921;
12783;
13571;
8678;
14842;
1878;
11469;
5434;
606;
7362;
4198;
(13423,15036);
12344;
1517;
4712;
9097;
9589;
(2068,7855);
10443;
13317;
10273;
1284;
(637,10205);
(783,14803);
8289;
(10543,15051);
9103;
14176;
4841;
15056;
4843;
2370;
(((4241,6878),(1330,2835)),((5571,8156),(5656,8423)));
5761;
14444;
14597;
6785;
4989;
8091;
7571;
(1452,14137);
14569;
11715;
4383;
(5968,13942);
2520;
3565;
5687;
3752;
2629;
14136;
12086;
9530;
10699;
4050;
(1787,15619);
8251;
7644;
8325;
6699;
(122,(7161,(3121,11187)));
2162;
8488;
11341;
6197;
3588;
(4220,7793);
1226;
6969;
12845;
3054;
(3649,5824);
13847;
10986;
13617;
6383;
8803;
4043;
3679;
5555;
8370;
14394;
11091;
6813;
7203;
3625;
5053;
12677;
1626;
9693;
7805;
9191;
4177;
11361;
12947;
8945;
7708;
14865;
14435;
5322;
10232;
8115;
11755;
3382;
6013;
12639;
7945;
10178;
6932;
10673;
705;
9281;
14729;
10562;
(7650,15136);
3548;
11777;
3806;
10632;
4618;
5409;
8568;
971;
11304;
12254;
9095;
15409;
7295;
(5863,14147);
9813;
1149;
10254;
14705;
129;
2232;
2695;
11904;
15304;
(3076,11003);
11099;
(5000,13345);
12966;
13066;
1186;
7179;
6513;
8797;
(8691,9358);
4777;
1346;
1932;
15617;
3916;
(12455,13387);
14952;
6510;
567;
(8899,(3546,13969));
(412,(10814,(814,10844)));
10895;
545;
3328;
14338;
13550;
11076;
15411;
7653;
4544;
6701;
13509;
9998;
7666;
8160;
3488;
10222;
9711;
13019;
3082;
3281;
7882;
11871;
5157;
3545;
12288;
13924;
3834;
(7776,10517);
(3260,(8551,13271));
(1899,14395);
13887;
(1721,7099);
9480;
316;
13807;
343;
546;
(4203,8708);
13903;
2960;
217;
(449,12453);
8447;
6980;
9697;
15644;
14387;
5234;
870;
(10159,(5649,6382));
749;
13664;
2780;
4892;
1641;
11056;
2041;
15389;
5212;
10296;
2095;
(1814,6331);
3034;
626;
(5145,10984);
(8330,(1530,2883));
1940;
937;
13834;
15518;
1310;
10197;
8596;
(2654,(5717,13293));
3881;
6480;
15002;
9708;
8681;
3572;
((10225,14385),(12805,15516));
359;
11864;
9253;
15610;
8954;
14926;
(4358,8458);
928;
4409;
10513;
(9870,13916);
14896;
(3997,10145);
6904;
1658;
13155;
12148;
5125;
6800;
11862;
2866;
11401;
14752;
(2665,12847);
11531;
11217;
6528;
5198;
7795;
15407;
4921;
1360;
11398;
12126;
5517;
1281;
12457;
2813;
(9443,(5113,9951));
10266;
13001;
69;
13070;
1117;
12484;
10118;
14186;
(8184,(823,14664));
11723;
7122;
14977;
7367;
8638;
1242;
4917;
15204;
6516;
9628;
1269;
5088;
12592;
2831;
(6330,15423);
1199;
4489;
(2029,7401);
10740;
14929;
(5994,13800);
(3223,8272);
7382;
2718;
15185;
7072;
(4026,11113);
14567;
9937;
9930;
14553;
(4148,5326);
(912,14405);
((8757,13697),(7175,8861));
1111;
953;
11955;
11525;
2806;
4510;
11898;
10282;
8037;
5762;
9323;
12441;
958;
3982;
10905;
8484;
2251;
(2332,(11946,12192));
10433;
7574;
14588;
998;
(9385,9881);
13381;
8709;
44;
2719;
13208;
5019;
266;
6587;
9771;
(3786,6237);
5769;
2995;
9017;
10253;
3267;
3336;
2101;
10052;
4893;
2832;
14695;
7558;
7616;
11557;
782;
7841;
7292;
4291;
3354;
8072;
819;
15164;
8985;
13966;
12221;
((5283,14245),(5344,11320));
857;
14572;
(4670,(5818,9850));
12629;
6808;
13863;
3100;
7563;
13263;
10202;
10281;
4424;
6121;
1719;
3694;
14826;
1308;
4626;
(13597,15445);
(165,4615);
9949;
(4971,11194);
12539;
7012;
(481,(2622,8525));
14606;
2125;
9488;
6967;
13612;
2765;
995;
9135;
8061;
(6922,8542);
6495;
13546;
15047;
10625;
5116;
(4812,12799);
4664;
10103;
11944;
10051;
2181;
15380;
6628;
2892;
9132;
10647;
7237;
9774;
1791;
3385;
2222;
6952;
10904;
9353;
9671;
5319;
(5844,11509);
993;
12568;
6660;
(8294,12841);
14322;
4930;
707;
6854;
(8704,(5800,14324));
4124;
566;
4819;
5954;
10875;
4146;
3985;
6033;
3820;
7523;
4077;
(2770,3009);
3897;
11954;
6317;
302;
(4961,14706);
3259;
10585;
(3003,8515);
13739;
3225;
7674;
10460;
8206;
6122;
3395;
11639;
4394;
(5429,11688);
13043;
8577;
14163;
4735;
10401;
3102;
8070;
12565;
6542;
2336;
15314;
3518;
6052;
4593;
8130;
3029;
(7707,8412);
14894;
2363;
9867;
7109;
(5779,8057);
14466;
10442;
1456;
6323;
10566;
11124;
13383;
6464;
13490;
14347;
11523;
11697;
(9109,12785);
(6821,12640);
4896;
9788;
12464;
5481;
8751;
5604;
12196;
(2795,12292);
10389;
9311;
3756;
9475;
(4899,11977);
14331;
12409;
15090;
14205;
2887;
11728;
(5553,(1306,5639));
5342;
13740;
8640;
7538;
6461;
7825;
1296;
5195;
10667;
8775;
15152;
6971;
10224;
11355;
8558;
2218;
7219;
11780;
5297;
6641;
11731;
7418;
9755;
2927;
1848;
13123;
(4551,5755);
(2004,11566);
1248;
8668;
10070;
7514;
7526;
3298;
4877;
5757;
7790;
10726;
3001;
9968;
7132;
12406;
13758;
(9402,15501);
6062;
3059;
6693;
6030;
223;
(529,(3294,10563));
12096;
6940;
(3293,5045);
14920;
1547;
549;
5526;
4467;
5068;
11123;
13127;
6191;
(11182,(3171,8756));
7952;
4616;
9921;
7807;
13166;
3175;
11394;
10158;
15025;
13793;
11231;
13762;
12323;
11610;
(2108,4574);
6054;
4415;
2693;
13165;
9738;
15361;
10850;
12121;
9146;
4181;
3672;
4978;
10407;
12283;
7729;
9594;
523;
3853;
6592;
13374;
5621;
(1553,12247);
2612;
967;
14454;
(15461,(8108,(6707,9782)));
13391;
11809;
1566;
(12541,13831);
(7321,10076);
1561;
1425;
13382;
1790;
10086;
950;
5154;
224;
15438;
12160;
15175;
7190;
12905;
13892;
(3323,(6551,9654));
8846;
7353;
(6151,(2296,11234));
4029;
12193;
1244;
(5039,9611);
4617;
(169,9986);
14543;
9205;
10731;
(1742,9577);
638;
12822;
8111;
7424;
4184;
7480;
6847;
1728;
5596;
13279;
9268;
12083;
6465;
(9597,12333);
7808;
(9090,10996);
15124;
(48,3178);
3876;
15234;
3859;
205;
1209;
3213;
7684;
8735;
(6333,12326);
1476;
13752;
(2286,2558);
13272;
9821;
8062;
5004;
14371;
11473;
14221;
12421;
794;
11284;
694;
6312;
9367;
7541;
10896;
14884;
12272;
13712;
5492;
5367;
3224;
7916;
772;
12187;
5404;
9158;
10034;
11370;
6615;
10805;
9653;
5978;
3092;
10711;
5484;
1158;
2552;
3251;
4076;
10707;
2997;
6695;
7459;
530;
7539;
(1736,2499);
8357;
3507;
3623;
10824;
(4809,8135);
4591;
6258;
4868;
1556;
9015;
8662;
6753;
(3417,14301);
7419;
12143;
(5190,5990);
4946;
9263;
(5249,13218);
4157;
2653;
5149;
9523;
(9610,14201);
(172,12760);
9350;
6477;
10207;
(1810,5534);
9710;
11835;
11066;
7052;
11479;
11263;
2600;
600;
5959;
4362;
11744;
12361;
12985;
10738;
6099;
13772;
11782;
14019;
6663;
(1859,13314);
1992;
11276;
9753;
4155;
14962;
8049;
7311;
12594;
9721;
13238;
1193;
7388;
8904;
5520;
354;
13725;
9175;
14925;
7960;
5967;
9317;
2626;
8085;
(8663,10524);
12631;
470;
77;
9636;
11054;
5726;
3939;
5089;
6097;
537;
(2958,8492);
1976;
14859;
5070;
(9550,10999);
8479;
9953;
8439;
3132;
(11448,11970);
9025;
14963;
5414;
((6807,10087),(1640,3414));
4434;
10132;
10692;
36;
14025;
15076;
4351;
13659;
2275;
6885;
15205;
12027;
6165;
14609;
3321;
12801;
6637;
13950;
6638;
8449;
7662;
7886;
(851,(10467,13577));
1629;
7478;
10663;
4180;
8426;
4900;
15161;
15654;
7956;
10183;
6309;
8215;
13151;
(5268,6448);
8405;
6254;
5135;
(5055,15044);
4014;
11516;
7014;
(2984,8875);
7796;
12670;
10313;
15105;
2212;
14263;
14369;
8350;
8460;
3587;
14999;
7192;
8420;
6534;
(2409,8159);
2173;
(7258,13586);
382;
(8191,13685);
8589;
12528;
13105;
11743;
9538;
15613;
4538;
195;
9149;
2915;
10409;
9297;
12680;
5834;
(3949,4087);
12597;
4281;
6028;
6634;
(5044,8706);
15077;
3110;
15510;
11224;
12065;
6061;
10658;
8469;
12642;
(10323,12445);
5183;
1213;
7912;
7715;
1696;
(5083,5313);
8648;
984;
9737;
(12803,13821);
(8157,15011);
(3824,5739);
14488;
13954;
(5406,14320);
8443;
7252;
9810;
13040;
15231;
4236;
751;
2807;
7263;
14276;
(815,7139);
3904;
13167;
7474;
(83,2700);
3143;
4461;
7561;
9027;
9681;
13362;
8378;
14821;
10539;
4922;
(5753,13741);
687;
14376;
10327;
56;
4285;
6563;
11216;
7411;
2705;
13717;
11929;
1393;
(4002,10082);
2533;
3918;
11494;
3821;
6827;
12186;
3471;
3685;
11338;
13507;
8153;
5450;
5239;
5110;
7448;
10833;
14923;
13506;
13078;
4410;
12736;
11079;
15686;
1704;
12707;
((4032,9492),(3037,5101));
4923;
9876;
2422;
(3186,7163);
2356;
5416;
15457;
985;
9655;
13575;
(7838,14694);
3508;
935;
11307;
6960;
(7880,15563);
4792;
(7980,11166);
3723;
12811;
1666;
12817;
11265;
6820;
3713;
14482;
13420;
1734;
12155;
12711;
938;
7378;
334;
10382;
(2801,14101);
13529;
7877;
13961;
(13589,(9686,10348));
12028;
4993;
7214;
14582;
2646;
(8410,13242);
12367;
(7967,(11543,(6058,9120)));
7061;
14428;
15536;
(1015,7050);
9967;
12937;
7042;
(1862,6076);
13204;
6332;
8451;
11947;
6228;
12758;
15083;
9112;
5549;
2305;
4742;
2575;
12469;
9715;
11211;
4692;
2517;
820;
2091;
10777;
10331;
14656;
3503;
8947;
4990;
15055;
3624;
(32,6139);
4639;
7187;
15180;
13896;
8236;
10473;
14499;
8450;
8924;
13497;
7692;
13209;
6270;
10438;
5665;
7748;
11838;
9335;
10083;
12064;
12948;
1416;
9913;
10028;
(5634,11684);
12359;
13835;
(2146,8097);
5928;
7380;
3627;
(6968,10931);
(405,3463);
15550;
13990;
1618;
11874;
5351;
(7084,8828);
2344;
(3016,12335);
1818;
13684;
11306;
11529;
330;
8187;
14422;
(9608,12337);
14510;
8327;
10923;
14872;
7266;
3039;
11232;
7652;
12536;
(877,10370);
6128;
2613;
1919;
13907;
11572;
7760;
14211;
3802;
2998;
4237;
13486;
2169;
6895;
10669;
(8877,8962);
3851;
3084;
14187;
1528;
8214;
8916;
10069;
(6714,11233);
(1682,(8871,(10482,(5866,8965))));
5764;
(1691,9013);
(1726,11694);
11458;
(10510,13900);
644;
3636;
11646;
3833;
8305;
(4707,8887);
7318;
10555;
((5355,5917),((4462,8722),(5329,5923)));
11964;
11298;
13320;
14475;
6216;
3285;
(10893,14886);
(3243,15406);
8329;
7591;
4942;
15218;
7465;
4717;
2583;
11499;
3031;
4038;
(13075,13398);
1329;
14134;
14202;
6635;
6177;
14669;
10302;
167;
9288;
3158;
2152;
13131;
6692;
12502;
(1225,10666);
11716;
15382;
8956;
(2442,13290);
5845;
9108;
(11005,12458);
(4269,7809);
14241;
14667;
4758;
5469;
10544;
4443;
4365;
13701;
7296;
2876;
(2986,5789);
12358;
1671;
11429;
6990;
12532;
15150;
11082;
1327;
7994;
5513;
3780;
14375;
10497;
5988;
9894;
2882;
1939;
1354;
3180;
(9341,(14538,14660));
10795;
4240;
7028;
6418;
3291;
13401;
2043;
10989;
(378,2740);
1489;
8473;
(1716,5899);
11119;
2890;
11831;
3357;
14807;
13636;
2766;
9436;
14259;
(11286,15016);
8865;
22;
9394;
4018;
13083;
6031;
4761;
12712;
13189;
12377;
4097;
3582;
9227;
14283;
6698;
13782;
8516;
13744;
14270;
6452;
9338;
8732;
8768;
(3412,10264);
125;
5608;
7273;
9198;
6178;
7275;
11536;
(1453,11733);
2895;
1871;
13378;
2174;
4861;
(9871,12076);
3470;
(1867,3308);
10831;
7038;
7310;
2188;
7116;
3562;
11466;
9792;
6725;
52;
6339;
(5969,(10939,12892));
1458;
3500;
12572;
458;
9291;
14380;
2192;
(6032,8955);
10717;
8686;
6744;
(8739,15534);
(315,7277);
((14000,15165),(15398,(5716,(2458,12141))));
(10466,14720);
10859;
6646;
9433;
611;
7903;
643;
12357;
13867;
15207;
8104;
13281;
875;
(12175,13385);
225;
4095;
7682;
13065;
2355;
10421;
10293;
7869;
13833;
2632;
10453;
9136;
13313;
5323;
9004;
13951;
(6790,15094);
13642;
(11100,14080);
3980;
8338;
13532;
15502;
10465;
8782;
10589;
1707;
12920;
15179;
37;
(2284,5565);
5384;
7464;
8579;
930;
10375;
1294;
1170;
15574;
15401;
(738,6605);
14627;
5986;
5223;
10689;
2858;
2885;
15177;
(2755,3487);
5102;
9974;
10416;
590;
12002;
12490;
14546;
5692;
1077;
(3883,6443);
514;
4041;
1693;
13037;
3160;
4938;
2652;
14815;
1519;
7074;
5214;
8144;
11550;
(3109,11979);
3318;
((4209,6247),(2685,6555));
3265;
13206;
14570;
3303;
10783;
9434;
8823;
14806;
3524;
12885;
15391;
(966,15081);
7761;
10765;
10602;
10884;
454;
9056;
9915;
1353;
542;
9046;
14084;
14333;
13488;
8219;
(4560,6899);
(5837,7487);
464;
6511;
15597;
988;
15275;
1753;
10728;
5411;
8000;
9170;
10257;
5713;
7870;
12681;
14303;
999;
9924;
11368;
10885;
642;
14617;
5489;
11986;
12755;
10806;
15233;
6832;
1042;
9575;
14367;
(4458,9759);
2150;
4187;
(10630,13537);
11671;
13079;
3284;
852;
5034;
1619;
11822;
10721;
12902;
15652;
12299;
3929;
2771;
11156;
(132,10648);
5278;
1938;
9973;
11349;
(6426,6728);
15544;
4208;
7976;
2924;
8445;
14336;
388;
15324;
11222;
7257;
7640;
(4619,9643);
14161;
4530;
11062;
4005;
11478;
10141;
6489;
14600;
2607;
12052;
9879;
7051;
7670;
(7896,8677);
(3364,13875);
15514;
11350;
15429;
1911;
9748;
(872,9525);
2288;
5160;
11121;
2911;
(2386,(14846,(3096,13544)));
9473;
11035;
4260;
3430;
5003;
1187;
11173;
14354;
1909;
6732;
9614;
(10927,13810);
3573;
(1438,9413);
6735;
8554;
1989;
11114;
(3872,4385);
1653;
6391;
6474;
14471;
5442;
6352;
14690;
10627;
10180;
1321;
3738;
6512;
11544;
13832;
4390;
12757;
14500;
13193;
1797;
6340;
8912;
3657;
7623;
4905;
4350;
8042;
76;
4514;
11889;
3374;
11287;
(2037,14223);
2258;
11080;
7852;
13414;
7217;
13207;
3735;
1857;
10712;
5079;
6410;
4988;
6962;
2280;
6846;
4199;
(931,11151);
6651;
(54,9264);
2790;
5685;
7238;
12039;
6163;
2504;
3220;
1108;
8059;
(1356,11706);
(7941,(5360,(2827,11150)));
8628;
11334;
15190;
(2274,6686);
3711;
10235;
13476;
3988;
2211;
406;
4150;
3377;
12839;
13943;
8158;
1984;
12125;
(6965,(3621,7406));
170;
2475;
976;
14060;
8792;
6493;
(3575,5606);
1118;
11908;
1802;
4057;
5976;
1583;
9422;
14124;
3239;
5784;
14227;
6891;
5522;
3339;
2655;
7430;
(9938,15405);
10567;
15505;
5022;
9186;
6366;
9740;
5876;
8917;
12038;
12662;
13442;
15289;
13993;
505;
5544;
3505;
4158;
15392;
13417;
8001;
6169;
7386;
396;
3930;
14799;
(5264,12381);
(7549,15072);
10072;
550;
(8726,14465);
5759;
15322;
12944;
14411;
14135;
(5006,12734);
2994;
3597;
7522;
4132;
10801;
8900;
6585;
(4036,7368);
12109;
(10637,12032);
6145;
4787;
7546;
9544;
575;
(10934,13048);
2178;
11574;
6291;
1636;
885;
6782;
13277;
10898;
9663;
6305;
5272;
142;
8659;
(2377,10683);
1230;
8620;
10334;
8433;
6612;
6690;
6102;
11593;
(5263,13136);
15166;
3484;
12060;
4716;
799;
2;
3002;
7781;
(9014,12071);
8478;
7223;
969;
(11071,14139);
1050;
1166;
13978;
(12988,15611);
10854;
11779;
8667;
5773;
7592;
13468;
15230;
8096;
13482;
80;
(2404,(5389,10845));
(3871,(2860,12679));
7679;
5354;
9088;
4090;
14448;
14915;
1588;
10113;
3677;
13909;
10932;
10324;
7812;
1440;
5065;
7859;
3105;
207;
((6855,12879),(11846,15111));
6982;
3380;
(10029,12235);
8759;
8822;
9485;
7345;
(2584,6667);
14652;
12068;
9857;
10310;
4139;
8388;
13331;
7703;
1898;
896;
2388;
9559;
12647;
3235;
14876;
11069;
6077;
2615;
1287;
(3460,(8507,10758));
9977;
6702;
2207;
11048;
15442;
(15070,(12399,(4888,14403)));
(1385,10188);
11416;
2514;
3751;
10009;
(11703,(2339,10372));
5556;
12548;
7337;
15638;
1028;
1019;
6665;
((3342,11668),(4526,7585));
1740;
2233;
5218;
7803;
4378;
9627;
13838;
14152;
6764;
5475;
4582;
346;
11120;
(3849,15153);
10366;
4565;
12696;
14213;
15186;
(6963,11795);
3411;
599;
(2044,14334);
9652;
10807;
1417;
1533;
10187;
5137;
9540;
8820;
8754;
4301;
9490;
660;
4134;
7528;
(1279,3476);
15096;
6826;
12016;
1514;
8925;
1483;
10734;
3144;
5727;
15256;
(332,8497);
9152;
9536;
14314;
11238;
8262;
11031;
14404;
11212;
3668;
(3278,5201);
(710,2361);
8992;
12177;
(4355,14740);
678;
8765;
12880;
13023;
13890;
15053;
15263;
1446;
4438;
6131;
11179;
(4629,(2973,3007));
11580;
12470;
10364;
13493;
11475;
11450;
13234;
6917;
5839;
9190;
12593;
15674;
7485;
14576;
15097;
(5507,(10186,11415));
10603;
7065;
1390;
12797;
8476;
2987;
1718;
14831;
2733;
9354;
4974;
(6549,7373);
(10840,(1497,2881));
(6970,(15558,(4980,10285)));
15649;
(8316,13055);
15123;
8227;
1163;
8009;
10778;
5369;
(10490,11745);
9232;
2316;
5647;
4147;
7810;
14536;
7199;
9022;
13940;
11402;
13596;
4793;
9202;
1157;
7547;
1184;
8810;
7422;
9666;
8705;
12499;
2379;
8694;
6577;
4245;
14972;
2407;
12655;
4556;
899;
10021;
14297;
1451;
14282;
5209;
(3813,(5178,10343));
4305;
7244;
3640;
15671;
7789;
(8141,15661);
9410;
6180;
11257;
10935;
2190;
(5787,12498);
1136;
2773;
12684;
5161;
4427;
3138;
5339;
6655;
12195;
9159;
2676;
792;
2182;
3936;
(5180,8611);
11209;
1518;
10591;
5233;
(4495,13217);
(((2219,7432),(9860,13695)),(95,12938));
8012;
12666;
5673;
9096;
5737;
4669;
5871;
2206;
8964;
11591;
9070;
14649;
13355;
14587;
2542;
2906;
(7854,9494);
14188;
11264;
2603;
5618;
9558;
15101;
14501;
1581;
2026;
12620;
(10245,11654);
10320;
9101;
5882;
11527;
2215;
15125;
816;
(1959,6417);
6064;
10877;
14312;
526;
(10608,15615);
10121;
2557;
8729;
(233,15386);
11581;
8044;
(3041,14955);
(6791,8927);
11422;
11030;
1624;
2271;
15337;
12404;
11656;
424;
10581;
8008;
3181;
7462;
1733;
4082;
12598;
15224;
5476;
1768;
(2036,15292);
11225;
6770;
1394;
9722;
(4004,10169);
14235;
4197;
4263;
3459;
13081;
3304;
1090;
12139;
10275;
(4904,(2804,9683));
(1637,10670);
318;
6747;
3567;
5324;
8773;
2624;
10564;
8026;
878;
3343;
6943;
13844;
10944;
1121;
795;
9522;
(615,1420);
6773;
(2338,(8283,10793));
(13241,(4166,13351));
9173;
(3818,9808);
14145;
9991;
13265;
9369;
5590;
13125;
(932,9791);
4770;
8069;
(14801,(12325,12477));
14355;
10860;
8394;
200;
(10651,15334);
5554;
8943;
9334;
12979;
10005;
3927;
8583;
11698;
13871;
10142;
(2396,6749);
9504;
4837;
11547;
14121;
2513;
7146;
12995;
9303;
3210;
3415;
2380;
7881;
(287,(5670,9254));
10160;
3177;
6322;
5703;
12234;
112;
3684;
10133;
5229;
6147;
7477;
4280;
11480;
10874;
10645;
15402;
(12904,13855);
10839;
(8231,10787);
(1140,10990);
5850;
(12980,(484,12993));
35;
4798;
9809;
7985;
11851;
15184;
173;
8237;
1532;
2480;
13673;
1564;
5847;
9902;
1970;
(6210,12173);
721;
2416;
1428;
8264;
2227;
13132;
13654;
14256;
3533;
557;
10137;
162;
6039;
2746;
1661;
2933;
8397;
6676;
6799;
10596;
9238;
10976;
3475;
1197;
15548;
14088;
564;
15369;
7946;
584;
(10419,14114);
6781;
14;
5648;
9732;
6012;
12678;
12837;
1886;
8851;
12540;
10339;
11765;
8978;
14363;
5488;
14922;
5303;
4116;
9658;
3744;
15680;
1116;
9249;
4698;
3934;
(13520,(11814,14190));
6850;
6608;
2394;
7377;
1400;
187;
15227;
11332;
(((1799,5170),(13524,15267)),((4349,5622),(6631,12657)));
(5638,13850);
15464;
10772;
2810;
426;
8526;
6108;
13565;
5129;
9805;
12049;
10400;
9518;
12585;
13759;
593;
10980;
14895;
7403;
5230;
11826;
8352;
11565;
(7317,9423);
7305;
7713;
335;
10830;
(2663,7409);
4335;
14991;
9772;
(2333,9923);
13601;
10100;
9500;
4460;
1127;
2111;
12749;
880;
(4380,14290);
15356;
11315;
8349;
14981;
5957;
8293;
6125;
8322;
4568;
3743;
(570,2444);
(6519,10550);
(4446,13050);
6792;
9959;
(1259,11677);
11618;
10836;
651;
13064;
(11620,13956);
3566;
12269;
6475;
3068;
3326;
4832;
1376;
1789;
994;
14169;
8859;
6327;
13072;
7385;
(1980,14550);
321;
10950;
8217;
1550;
13074;
11180;
5050;
(3835,7663);
5257;
13750;
((4554,6771),(10847,15587));
5628;
10593;
14765;
(612,5127);
447;
12685;
13233;
4924;
5175;
3419;
2812;
14390;
6736;
5987;
4012;
8119;
3676;
9144;
7543;
14908;
10043;
4393;
2303;
(2781,15087);
10039;
1122;
3497;
12180;
4103;
13027;
9528;
(4997,12468);
306;
2314;
10427;
5495;
7551;
12449;
(3811,7143);
9333;
6245;
13862;
15397;
4504;
2074;
10662;
(7334,(13496,15529));
((3896,10633),(2269,8949));
(9446,11049);
5884;
6843;
1204;
8805;
(10568,15291);
11028;
2919;
(2467,(9204,(8048,10506)));
4653;
4646;
15309;
2112;
(1119,10684);
10004;
12505;
(2202,15678);
1240;
3550;
3097;
(139,11454);
12510;
4167;
10720;
7036;
3058;
2481;
9752;
11133;
3856;
(6349,11481);
7416;
13658;
14651;
4435;
1816;
4821;
(364,3248);
13526;
5642;
11709;
2821;
356;
2121;
8225;
6830;
6604;
13375;
14277;
6360;
9749;
8880;
10314;
9566;
1828;
7211;
10616;
(2478,14986);
1700;
4315;
14244;
14067;
8981;
5415;
(6225,10771);
6979;
(6919,(2623,4676));
(11256,12814);
6481;
10240;
3330;
(10883,(10110,15268));
11015;
11625;
2167;
14632;
5381;
9474;
(3558,(11445,(9478,13211)));
7964;
9862;
14883;
13463;
3026;
1844;
6650;
15575;
(9980,13256);
3353;
7733;
3442;
4169;
3325;
12650;
(5792,6374);
15526;
12073;
5289;
13369;
2742;
15642;
4213;
6288;
(((7536,12356),(1261,1883)),((9739,10349),(8660,15151)));
11177;
9942;
293;
15537;
8585;
2184;
13002;
5433;
5151;
9635;
6726;
5001;
14738;
(7057,14607);
5712;
14800;
10749;
586;
6369;
1563;
(5020,11403);
(6109,14816);
13616;
10522;
11108;
4127;
6944;
4289;
1776;
12223;
5203;
8006;
4204;
10535;
(3702,(9155,(10723,(9498,13158))));
5944;
5714;
14296;
5788;
1713;
6179;
7605;
1507;
12300;
2165;
1599;
1579;
4728;
2117;
3695;
1549;
(5440,12531);
5614;
3155;
6986;
1537;
9189;
(10363,14944);
12933;
12459;
(2805,7316);
6656;
9997;
(2503,7125);
(7063,12848);
7615;
(211,1001);
8143;
1036;
12869;
4600;
4107;
15344;
10575;
13162;
14203;
4096;
3024;
9650;
7285;
4465;
1835;
12927;
11754;
3903;
3240;
9079;
13336;
(12969,(385,4098));
2468;
1493;
9466;
5617;
11032;
5715;
9580;
665;
1986;
7821;
6514;
1506;
3675;
3142;
4968;
607;
99;
(4650,4785);
(11510,12059);
4065;
3254;
14494;
(2532,9412);
3639;
10391;
14248;
12462;
(11312,13946);
10233;
2104;
15041;
8905;
336;
8261;
7434;
8657;
2392;
8993;
(7972,13251);
1885;
9618;
4102;
(1562,5841);
8872;
12085;
466;
(6018,12382);
(1016,8712);
5832;
12954;
(11996,(6801,10863));
13639;
6619;
(1375,6428);
2684;
8363;
11883;
14820;
11541;
5314;
10518;
13087;
2894;
4379;
5224;
7463;
8591;
(14644,14892);
7176;
((((2175,4986),(2448,14940)),(4463,7113)),((3630,6281),(7512,8957)));
3822;
2782;
15540;
9784;
(8407,13598);
12368;
2443;
4697;
1395;
5166;
12286;
9373;
13067;
3846;
7757;
(2176,3079);
1079;
7909;
8192;
(4457,7046);
14654;
2518;
(7513,(11821,12575));
14715;
7878;
7527;
6407;
10115;
3498;
5523;
12986;
3538;
7155;
2756;
2014;
13982;
2941;
12400;
15552;
9314;
1410;
1654;
676;
4110;
13945;
(10435,13108);
4547;
11426;
5284;
15561;
1107;
982;
1981;
14618;
1901;
6673;
(756,10238);
1806;
5579;
6168;
13751;
(6666,12900);
6983;
6;
(10475,12277);
10278;
4867;
15472;
1825;
13244;
13840;
9912;
1340;
11139;
14132;
4820;
2283;
13069;
7392;
8339;
3610;
7890;
5466;
14236;
10457;
15008;
8162;
2979;
8606;
8533;
8684;
3908;
12668;
14299;
15236;
(11435,(6768,(7436,14017)));
3392;
1836;
10241;
4696;
1031;
6398;
(((8395,13199),(3686,9651)),(146,12762));
6433;
3707;
5929;
13957;
10049;
12317;
(476,9733);
(2120,12659);
(11175,12942);
12226;
7365;
(4720,4963);
5682;
(159,10402);
(8088,(14463,(13011,(884,8830))));
13347;
8253;
15630;
3362;
12093;
12407;
11561;
2285;
(261,12544);
9741;
7783;
9300;
178;
(5955,13708);
6451;
4384;
12171;
6803;
11384;
12676;
4657;
7133;
5496;
3770;
5964;
7996;
15466;
75;
9171;
6192;
811;
9532;
1516;
15245;
7059;
5156;
14648;
14934;
6023;
(12303,13344);
(2492,(1437,12348));
5766;
3805;
4083;
6166;
12753;
5694;
4108;
6353;
13702;
(3776,5446);
13648;
(4031,5245);
9831;
7071;
15554;
11641;
11522;
(8154,14778);
945;
4844;
11869;
11111;
10668;
5403;
3527;
2253;
1352;
9904;
(4680,15117);
7049;
9302;
5275;
4609;
14033;
6669;
(8984,12750);
5525;
13930;
4721;
8893;
(640,1070);
9822;
8234;
13354;
4788;
6285;
(3167,8050);
3521;
(3800,8150);
(11316,12852);
(4570,12890);
1014;
5607;
4153;
2469;
5144;
(639,6454);
(6444,10204);
5966;
13089;
3979;
6618;
6486;
1333;
9260;
15240;
14414;
15038;
8481;
(648,7245);
3400;
2803;
10827;
15241;
6275;
12702;
6818;
11138;
5037;
15310;
12266;
9174;
11630;
3008;
8832;
2321;
284;
2438;
2822;
845;
6652;
4683;
6579;
6318;
7068;
11747;
(525,(4294,12914));
3253;
4519;
13205;
6805;
5952;
4908;
8723;
(2310,15107);
9078;
3925;
4833;
11411;
(4527,12672);
13910;
7641;
1702;
(1069,14377);
6395;
4641;
6816;
143;
3902;
1928;
8795;
14015;
13386;
10776;
3541;
830;
1703;
11533;
7497;
(10198,15332);
9270;
(2760,15662);
7923;
214;
12838;
3732;
5341;
5521;
3931;
4811;
(262,13763);
(13071,(312,1738));
3999;
5644;
9012;
4918;
5292;
11140;
7281;
14711;
(1978,13570);
((2938,10399),(11043,11309));
3306;
11919;
(2358,3148);
7193;
295;
(2471,15197);
1124;
(9891,(6127,11658));
2720;
956;
1384;
4715;
7919;
7987;
10120;
1876;
2490;
2815;
701;
13748;
7025;
4118;
13610;
(7889,14523);
15462;
14836;
8055;
(4377,8203);
5581;
6720;
11556;
4983;
8334;
9502;
5911;
398;
2737;
6620;
7768;
4764;
2970;
553;
6888;
8149;
(3724,11622);
991;
14087;
4210;
6890;
5735;
7648;
11073;
14215;
(978,9200);
1663;
(1660,4216);
6217;
14993;
9908;
(9939,15425);
2566;
12020;
6717;
12319;
15354;
(3390,11742);
11347;
980;
12460;
(5886,13865);
(2875,5846);
7030;
5828;
53;
11526;
4323;
(5126,(6227,12691));
15590;
11118;
8204;
9310;
(1093,(137,2428));
7149;
11174;
12824;
722;
539;
5374;
3777;
(13179,14315);
874;
12242;
11535;
15171;
765;
1690;
9639;
6931;
11614;
5216;
11044;
6997;
(3499,(5888,7525));
1169;
14115;
2871;
11648;
6389;
2055;
12924;
(5445,14508);
8308;
3891;
9371;
12527;
(7428,10498);
726;
2030;
6138;
13837;
683;
6590;
3396;
7537;
6384;
14621;
2287;
8358;
697;
1418;
1820;
859;
15217;
603;
14763;
10033;
5810;
(2774,7635);
(1361,15003);
7081;
833;
429;
12553;
(6674,14947);
444;
9307;
13003;
1144;
15591;
11849;
10415;
8601;
9962;
15210;
7599;
12689;
(1727,9250);
9564;
10619;
15333;
860;
(1023,4178);
4196;
1011;
(5900,6804);
11643;
8163;
5913;
4854;
6140;
7999;
2048;
604;
(1796,15495);
13239;
10477;
13692;
12843;
15547;
6977;
1623;
1051;
10631;
948;
2715;
11274;
8548;
(8263,11255);
10048;
4119;
8791;
2808;
6810;
1926;
15384;
1150;
4188;
9448;
4849;
11103;
(85,3482);
9690;
1433;
5407;
5963;
12159;
7429;
(3483,14222);
5826;
((8189,12446),(397,(10154,(9509,(5426,7006)))));
9066;
12392;
2642;
14899;
((587,1074),(5680,10135));
14798;
13902;
10483;
5395;
13332;
14036;
3387;
3905;
595;
12030;
13901;
5958;
7261;
8180;
5062;
(11373,13582);
1889;
19;
10757;
5776;
3919;
12761;
4429;
15608;
15108;
14534;
7693;
6146;
7683;
3841;
13471;
11314;
1369;
15126;
2674;
15657;
14168;
2000;
5674;
14079;
11330;
6014;
4555;
8959;
(1076,12963);
10843;
6797;
12008;
15212;
13874;
(778,9917);
12926;
81;
9936;
11218;
3817;
4064;
1494;
(8034,12871);
3728;
11984;
1673;
13425;
1271;
8940;
13121;
4284;
576;
14171;
14246;
15474;
13960;
1617;
6900;
551;
11609;
1247;
14917;
8540;
10221;
10710;
9194;
9551;
3537;
(4288,14988);
11358;
7108;
(7766,14832);
11396;
12515;
2744;
5014;
8211;
2772;
(602,(1435,5439));
5371;
7213;
2265;
4719;
4585;
8858;
12638;
(12387,12633);
1223;
(1053,11313);
(1104,2324);
((6100,14747),(9616,13839));
360;
9969;
8400;
12115;
9864;
9776;
10165;
6786;
10392;
4730;
7114;
14552;
2244;
1812;
744;
4172;
1057;
10604;
4834;
7294;
12324;
5345;
4499;
2437;
11485;
6884;
4850;
5951;
1974;
10250;
11228;
10687;
1462;
1266;
4674;
7169;
5186;
(15500,15571);
3203;
4092;
14878;
6614;
5827;
4836;
15109;
14526;
9552;
8362;
11247;
1542;
5749;
6502;
6520;
5910;
8315;
2729;
13113;
7107;
(9754,12858);
(13012,13994);
3368;
(2616,7279);
(2002,5805);
15345;
11790;
2963;
(1153,4128);
4243;
8902;
11268;
4829;
10146;
8736;
1953;
2306;
8827;
5574;
10468;
(7740,8874);
11321;
4257;
10449;
9508;
2248;
9511;
4985;
(4075,9472);
14274;
(2403,14113);
1020;
10071;
368;
11084;
5451;
3124;
(3943,14434);
8942;
1060;
11981;
2787;
14888;
118;
(4040,(4952,5977));
(413,11857);
6082;
4399;
(14544,(3791,7196));
1611;
7843;
15629;
15357;
8804;
5930;
11468;
1439;
13288;
6255;
8118;
13986;
5840;
(10065,12243);
(206,10481);
14957;
12545;
2734;
7986;
5281;
15414;
3812;
10569;
5064;
30;
(4623,14184);
(1945,8824);
7575;
5211;
9691;
7157;
(183,2905);
4572;
1632;
1826;
2027;
2683;
8939;
2093;
10809;
13997;
14737;
14357;
13024;
(13202,13859);
5558;
6075;
3172;
7531;
13858;
1007;
14959;
5193;
14460;
(12651,(5867,13098));
12372;
(3519,(3692,8746));
15498;
7493;
11720;
9941;
11903;
(199,(636,(2423,7943)));
3221;
3134;
13964;
2033;
10262;
4314;
5708;
2983;
12866;
15606;
14167;
1478;
(433,14348);
6915;
1295;
6776;
7405;
12156;
12428;
1189;
(3249,7355);
8011;
4322;
11858;
5117;
1222;
418;
6623;
2965;
12907;
8889;
2007;
1200;
(3117,10796);
9905;
7581;
15412;
8415;
(11587,15488);
12307;
2935;
(((4767,8385),(2347,9355)),((973,13076),(4773,11324)));
934;
4054;
5702;
280;
14266;
2119;
3513;
15533;
(8138,9138);
15143;
348;
7631;
7550;
9815;
(8503,(5643,7759));
15366;
13474;
8937;
(14603,(329,8074));
1484;
(9203,11193);
11611;
15089;
11390;
4610;
474;
11351;
4347;
10354;
(4142,12613);
7415;
4325;
1086;
9293;
15603;
1679;
6372;
7677;
4497;
(6544,13693);
11451;
(4802,12393);
1106;
9541;
(9537,(723,9221));
1403;
7441;
(106,15633);
(9709,14275);
6298;
11844;
4230;
459;
9874;
(2252,8110);
7732;
8950;
12371;
3107;
8210;
4882;
12050;
14903;
10892;
15605;
12704;
15254;
3529;
5075;
8766;
8740;
4045;
12492;
9865;
11939;
8371;
11162;
8134;
15103;
(5023,12128);
7716;
2209;
8393;
5740;
8347;
12616;
6886;
12752;
9978;
6375;
15584;
7031;
(14551,15265);
674;
9744;
11798;
1538;
(9147,12744);
2399;
6289;
11289;
(4492,13805);
742;
10981;
2318;
6183;
11887;
5980;
(4870,11705);
9674;
10096;
13042;
829;
(4480,5499);
2926;
786;
(8434,(11653,12897));
5706;
4232;
12725;
13395;
11521;
12330;
7974;
10835;
11690;
6161;
1316;
5269;
9278;
12586;
15641;
12338;
9520;
2008;
1646;
2564;
14049;
9087;
13096;
(9313,10951);
965;
4866;
(1877,9222);
6260;
(4235,9609);
10114;
9091;
2961;
1426;
(9907,15637);
(483,14059);
11377;
6160;
6194;
15242;
8408;
7019;
9048;
9724;
7494;
9235;
(2144,14372);
12067;
7181;
11892;
(1961,9861);
7242;
14164;
6887;
1479;
(5770,7901);
6913;
(33,3586);
1795;
(11910,15119);
9236;
8713;
2072;
7814;
8300;
1972;
4411;
1674;
(4195,11405);
13498;
(6556,9945);
7969;
13563;
4302;
(6287,13403);
5885;
11261;
13457;
1467;
14047;
(3654,5640);
2070;
1037;
5636;
6313;
(7315,13977);
6662;
4275;
6507;
9534;
4292;
6408;
7402;
7138;
8054;
2809;
4250;
13433;
6809;
11542;
(116,6752);
62;
12465;
8569;
3165;
10447;
14473;
(6059,8242);
6436;
9863;
8695;
3324;
3845;
8793;
7481;
(4897,7989);
3428;
4883;
10089;
7397;
11785;
13494;
4341;
13126;
11737;
13477;
5080;
349;
861;
2879;
12281;
(3020,(843,9516));
7135;
12522;
74;
12163;
((3093,4847),(11506,13765));
14992;
9887;
12893;
12439;
9481;
3270;
6924;
(10226,(1342,13798));
8170;
117;
11407;
9244;
532;
304;
3129;
14614;
14232;
10384;
534;
4354;
11631;
6315;
(869,4752);
1731;
4367;
4588;
12486;
(8790,10966);
9167;
(2154,3120);
8095;
7675;
4425;
9712;
13713;
13543;
(3493,13389);
15494;
3520;
(8636,10779);
753;
4903;
(9648,(7342,12932));
2089;
1142;
9806;
10556;
1256;
1061;
7998;
12737;
3468;
3086;
3772;
9886;
11915;
10678;
11476;
9731;
1288;
3830;
6414;
277;
13591;
6437;
9720;
(8302,14555);
(4724,12552);
(2359,(8988,10649));
9678;
(13899,(11089,15158));
4934;
11911;
11219;
6653;
2455;
(585,6769);
2976;
(5498,8781);
5989;
4951;
(7490,8974);
5915;
10017;
10547;
2848;
10143;
12891;
3061;
3717;
3954;
8973;
5325;
12090;
12621;
9342;
12692;
2544;
14022;
6902;
(1084,5437);
12218;
8455;
2408;
7282;
10525;
(3334,13128);
(5747,7926);
7220;
8435;
13352;
5401;
6606;
11856;
9208;
7015;
13853;
14278;
(13704,14673);
3596;
13683;
11418;
15146;
11040;
4382;
1229;
7924;
241;
6600;
14517;
(2155,10259);
(6137,13153);
943;
1457;
3571;
(10942,(3687,7040));
6175;
12683;
8738;
436;
3626;
8575;
((11832,15632),(5993,8202));
11288;
5557;
11178;
1672;
5028;
12478;
383;
8777;
3406;
1996;
14530;
12395;
11990;
18;
12516;
4648;
1833;
3271;
987;
(9634,(345,10336));
11436;
14628;
(10007,15064);
6341;
3327;
11438;
4625;
13981;
583;
2993;
3234;
6388;
(11682,14726);
14950;
13727;
4320;
(1154,11803);
2599;
14561;
14874;
3206;
1495;
1092;
3635;
14267;
1580;
6046;
2172;
2387;
14549;
7649;
1334;
188;
5799;
7287;
2601;
4207;
12168;
3226;
3310;
(1198,(9766,(11391,(735,(8032,(11198,11922))))));
9284;
5961;
8018;
3170;
10652;
10916;
14682;
(12378,13579);
9346;
10177;
3452;
2341;
8399;
6351;
12742;
1064;
4376;
265;
1971;
10679;
1705;
1141;
11971;
13364;
3185;
8430;
8238;
3136;
4700;
5956;
13088;
929;
1786;
8486;
(4803,8933);
(328,10059);
8348;
14802;
12654;
13547;
9975;
(3782,8195);
11712;
9029;
3361;
8367;
11540;
7802;
15449;
14880;
658;
4731;
7194;
7431;
14774;
15691;
6246;
3383;
12389;
9834;
656;
(497,9646);
14834;
6691;
628;
1529;
6078;
12908;
11343;
11894;
10367;
(657,6371);
4071;
10889;
17;
42;
2563;
11446;
5054;
9379;
13430;
12688;
5474;
11958;
10656;
5458;
7117;
14633;
808;
10676;
1143;
10737;
2537;
12622;
4163;
12332;
7300;
(3233,9074);
983;
(7234,9856);
11452;
8826;
4212;
6539;
375;
6964;
1902;
11560;
6362;
1515;
2515;
11577;
(1815,5336);
4784;
(10038,14584);
3774;
3372;
4779;
6496;
14478;
11870;
12310;
7457;
10920;
4454;
(9003,11132);
5855;
3536;
13797;
3464;
(4699,13556);
(465,4307);
5711;
453;
14200;
(4334,6522);
4945;
4267;
4371;
6373;
1374;
12996;
2752;
15181;
14686;
2353;
14796;
7160;
2949;
11369;
10925;
244;
5261;
(5361,11345);
3126;
8527;
6896;
11249;
13776;
9324;
7763;
15040;
2051;
227;
3049;
2195;
13146;
2463;
2788;
(1165,11667);
(3346,4011);
1804;
7044;
5600;
13292;
5538;
(6819,9416);
12861;
7455;
3886;
3991;
8536;
6831;
2898;
6409;
10062;
4093;
11380;
14608;
15458;
1612;
15557;
(181,8058);
8737;
13120;
6229;
7867;
((6538,(12543,(15352,(3884,(9700,(3332,(6602,(7749,7863)))))))),(5894,(7898,12504)));
3384;
11647;
6282;
(6354,9802);
15487;
2384;
(3861,6068);
5529;
10748;
8970;
13720;
296;
9106;
6019;
6709;
13938;
15220;
3035;
4682;
13100;
3816;
5455;
14887;
352;
11207;
((879,10081),(7680,9140));
10953;
1735;
14374;
(7356,12738);
4931;
10601;
4400;
3276;
13289;
9696;
4276;
6883;
14545;
(2841,10792);
4501;
13897;
9779;
10441;
9925;
(800,12686);
(3603,14122);
5417;
10244;
(2625,4262);
6578;
1481;
5494;
5861;
240;
374;
12652;
12471;
14521;
9952;
787;
11952;
(1234,(8320,8972));
7332;
(12746,(1827,4010));
(10786,13054);
5932;
10529;
9624;
(4484,14075);
4624;
(9330,14095);
3403;
9292;
2376;
8056;
2767;
7008;
15082;
373;
8674;
2031;
12649;
15211;
4488;
10361;
9570;
1936;
7698;
1687;
(9893,12418);
1948;
5327;
2094;
7991;
5763;
3466;
1162;
(2945,11987);
5658;
12884;
9427;
8907;
3862;
9432;
1635;
4612;
7777;
6310;
14024;
8223;
15497;
6236;
2196;
7468;
11045;
(8364,9141);
11689;
3389;
13348;
5531;
9786;
12256;
5373;
15395;
12769;
11769;
(15219,(3873,((((5934,11985),(2820,7094)),(518,9036)),(9689,14281))));
5730;
7043;
7327;
15432;
3608;
916;
2696;
2067;
(2042,12270);
6661;
9179;
2129;
11941;
11491;
457;
2424;
741;
(((9629,13029),(5767,10832)),((4597,5786),(2833,8559)));
2877;
6358;
12422;
4143;
(2484,10439);
4996;
5461;
7246;
9301;
(4051,7183);
4737;
3085;
5040;
2354;
3153;
13063;
(5626,11710);
7892;
6861;
8341;
((4886,12289),(3753,5795));
13480;
11538;
10053;
229;
5483;
10362;
13353;
6738;
213;
4753;
12295;
14619;
(972,2731);
((8545,(7849,10418)),(2664,12636));
(9979,14110);
11836;
7344;
9847;
1746;
2873;
8131;
2543;
13953;
11359;
13696;
8903;
12772;
((2506,13020),(5460,15688));
15088;
4605;
14983;
13790;
6860;
13197;
((1206,4125),(9961,12051));
1870;
12612;
1584;
15208;
3114;
6961;
15039;
3123;
3923;
6730;
5244;
1863;
8802;
13316;
(9085,13215);
(43,14853);
11888;
6527;
7819;
15676;
5893;
7371;
10185;
6998;
3241;
8560;
12503;
6280;
7407;
4255;
8101;
9162;
5903;
10117;
(1525,2255);
13154;
4857;
7440;
568;
2038;
8287;
15479;
11305;
2677;
(4175,5021);
239;
(4814,(14304,(5801,(14818,(2929,10975)))));
7475;
4665;
2692;
1044;
14966;
5007;
2236;
10957;
1884;
8650;
3947;
10464;
11205;
14389;
9843;
5025;
15616;
13968;
2585;
920;
5165;
10108;
8895;
10045;
11909;
9406;
(4613,13410);
(5287,(13095,((3528,6081),(((4754,13150),(12,4266)),(5679,11153)))));
3704;
3807;
12215;
7182;
1935;
9242;
2205;
9328;
(3283,7504);
6505;
4475;
14875;
3613;
384;
108;
(13675,14081);
(3202,14939);
9716;
1694;
13109;
13295;
12809;
6742;
8645;
11672;
8112;
13357;
5189;
11595;
1801;
(684,10695);
4268;
438;
15377;
13512;
7728;
(1808,9286);
2989;
4022;
6893;
6202;
12611;
11372;
13327;
15029;
11590;
14174;
(5390,9068);
3083;
3113;
(10804,14885);
11877;
6920;
15459;
11192;
14273;
15282;
9459;
14050;
9104;
4037;
6399;
10902;
15139;
12719;
3669;
7507;
6649;
5259;
15390;
3015;
13340;
5227;
527;
7771;
12350;
6007;
8811;
12017;
733;
1536;
5971;
6159;
6775;
15545;
7595;
13470;
11271;
(9356,13502);
(2560,7751);
(1210,(12413,12787));
2369;
9305;
12360;
3634;
(8129,13437);
15031;
2799;
1219;
(8235,(1575,12133));
5396;
(12886,14001);
6107;
6250;
4229;
12383;
2992;
3052;
12975;
7001;
9783;
10451;
2573;
15067;
10429;
5357;
2177;
2535;
15424;
547;
724;
4545;
5707;
13936;
(7092,9510);
1202;
8207;
12501;
8593;
5454;
(1830,10377);
9935;
11283;
14594;
7597;
(10508,14937);
371;
10287;
12729;
(8496,10775);
2020;
12607;
3219;
10820;
10629;
10332;
(6098,7797);
7927;
4277;
1720;
(10816,13806);
(337,(8910,9212));
6015;
104;
15598;
6856;
28;
(4159,9729);
10480;
14076;
(3696,(7322,10258));
7080;
9926;
2541;
11027;
11637;
7721;
13825;
7959;
3761;
12405;
(7548,(12529,(1208,(6881,(4933,5535)))));
2482;
8749;
(5598,6880);
15162;
13928;
5939;
(14311,14443);
11804;
12868;
4804;
8809;
138;
4919;
7447;
(3075,(11897,12374));
(14658,(2738,(10036,12444)));
8799;
(7228,10351);
(11362,(3622,6739));
9349;
15586;
14150;
9823;
7159;
9775;
3282;
(10926,10938);
8229;
6307;
727;
(6553,11617);
911;
11959;
(1419,4416);
8077;
15283;
9255;
12706;
1063;
13413;
8209;
15037;
6446;
13905;
14797;
12808;
2969;
(6853,12656);
(1103,10190);
15192;
1168;
11945;
13094;
(5584,(7134,9832));
3072;
2844;
308;
2829;
3860;
791;
4630;
(15160,15659);
813;
5576;
(1299,11926);
3164;
6609;
9996;
12635;
(3184,7772);
1890;
15343;
(4948,7626);
14890;
479;
9928;
3556;
11106;
11818;
(135,1758);
5408;
(4144,7837);
7312;
(4304,14170);
((9545,(11931,14271)),(3993,9218));
(1723,10733);
12943;
3948;
4781;
9445;
5738;
9994;
(3823,5082);
6244;
5046;
(9842,15415);
3838;
3977;
7779;
(4486,11602);
9265;
(1447,3347);
(9840,9853);
3960;
7939;
15021;
7643;
10414;
4258;
(11158,14130);
3889;
4391;
(1922,4710);
2378;
1771;
13620;
7357;
7744;
7997;
6447;
679;
12727;
10781;
2884;
(11511,13138);
15078;
14961;
((4313,9576),(2135,6070));
12500;
202;
951;
6162;
10322;
12152;
(5802,14119);
(13464,15323);
9855;
5543;
5305;
11471;
(6080,(2483,5377));
7612;
2131;
2611;
10638;
3301;
8066;
8701;
(8482,13278);
7944;
268;
7712;
(13261,14511);
9946;
13828;
9444;
7778;
9588;
(1708,12644);
13510;
11115;
3971;
15614;
12831;
(1930,13168);
(3790,13110);
2836;
12105;
13085;
5904;
2707;
5171;
4338;
4941;
8656;
939;
11674;
1146;
7;
1164;
14090;
15307;
8539;
3042;
11260;
(7824,(5539,14503));
10640;
6796;
8030;
4472;
12789;
8532;
3145;
9763;
(2648,5663);
2187;
2397;
10682;
1847;
3747;
15048;
14754;
14476;
13860;
14309;
15046;
(2470,15664);
(11597,14589);
5349;
8491;
(3467,9458);
3549;
7004;
11078;
9883;
10023;
11026;
(5561,(2512,6320));
12375;
14064;
5358;
8612;
12832;
7351;
15634;
9824;
5530;
8544;
12154;
(5256,5518);
15650;
(13170,14351);
1318;
11134;
9948;
113;
11912;
7173;
8594;
855;
4431;
3509;
2647;
9695;
10870;
9102;
4858;
4567;
5683;
10130;
13333;
4019;
6658;
12537;
(7975,(5874,13325));
882;
5031;
11861;
14817;
12145;
(5308,14519);
9034;
1109;
8995;
9723;
3990;
1381;
((7389,12514),(2730,11176));
14185;
3551;
824;
7737;
4345;
14921;
12956;
8063;
7111;
2142;
15248;
5167;
13998;
3589;
1460;
9239;
10040;
2681;
8787;
5942;
8046;
379;
4936;
1238;
1191;
14125;
5860;
4287;
(1429,1715);
5588;
12111;
7687;
4363;
8461;
12012;
8014;
2256;
5364;
7168;
8220;
12487;
506;
13036;
14590;
12632;
(2530,9455);
(4914,7655);
(12007,12397);
1112;
11199;
3906;
5274;
13484;
2614;
3019;
14439;
7185;
13515;
8522;
3300;
12309;
6207;
11545;
11034;
13923;
500;
499;
653;
15682;
8692;
15060;
7396;
3331;
15420;
10123;
8307;
14288;
12106;
2307;
757;
10867;
12828;
10280;
12202;
918;
11923;
5914;
((1861,3193),(15199,(6438,13761)));
2578;
10880;
11598;
14325;
4033;
(5666,6025);
10994;
4845;
10487;
409;
12212;
3736;
10690;
(4324,12308);
8986;
3611;
4388;
9230;
(2330,14020);
11013;
472;
9835;
11088;
70;
5512;
12671;
13559;
1741;
9452;
(4757,4810);
(793,1344);
9199;
3691;
7755;
3262;
9587;
834;
3797;
1224;
(12673,13223);
(7628,(2151,12780));
11109;
1089;
5693;
9114;
2996;
(8564,(7027,9632));
11853;
6266;
6105;
(13714,(12909,12989));
15456;
6416;
8776;
4558;
13216;
8086;
9151;
(12388,15660);
(8429,14751);
(6087,10528);
634;
868;
(11130,(1933,14613));
1448;
582;
12015;
15566;
14016;
4587;
11692;
46;
562;
8584;
11721;
15295;
14841;
6006;
3967;
14522;
1243;
8380;
13922;
6347;
(8918,((5560,12994),(9059,11965)));
10992;
797;
(7336,8404);
8017;
625;
(15452,15549);
14317;
7727;
7906;
110;
(12863,14776);
11161;
2257;
471;
8886;
11805;
13770;
2462;
6933;
2325;
5359;
(1038,1445);
8340;
1642;
6914;
13195;
11508;
11687;
15020;
(1380,11074);
8298;
14692;
12857;
5668;
3288;
3559;
11169;
7089;
11655;
14420;
8105;
13475;
15232;
4369;
11848;
15413;
5477;
9565;
3401;
4935;
6589;
10163;
10881;
5897;
13148;
5849;
748;
11808;
4072;
1302;
10714;
15471;
11576;
13657;
10379;
(2550,11019);
6380;
1059;
7354;
6154;
(3005,9067);
6256;
12420;
8854;
3448;
2451;
862;
9424;
10213;
8673;
5270;
1589;
4152;
1559;
14743;
327;
15667;
7604;
4493;
15626;
12970;
(12024,15321);
10031;
102;
((7229,9294),(13388,13919));
1147;
11474;
681;
2115;
11624;
(7145,(2489,3335));
6756;
3739;
(6195,(3469,(810,11772)));
5468;
13531;
11842;
12183;
2018;
15467;
11493;
6301;
6906;
(11181,(11170,13933));
12203;
8194;
9944;
5115;
(6485,12646);
3552;
11626;
1887;
1511;
2816;
(1743,4122);
(2678,8844);
13481;
10424;
4445;
2366;
13294;
4932;
1543;
(9464,14949);
(4998,7851);
7326;
6872;
14712;
26;
6376;
8744;
5213;
10665;
3369;
12856;
1616;
3779;
8418;
3242;
6401;
(14566,(9745,14591));
13893;
12026;
14109;
14402;
4748;
8453;
12429;
11855;
(15104,(10268,11302));
7453;
6713;
3279;
4100;
7723;
8509;
5379;
13009;
(12279,(6164,9220));
8931;
1792;
9157;
2334;
5241;
8277;
3653;
310;
4114;
2003;
14438;
(8555,12211);
677;
(11802,12053);
13927;
7520;
9419;
12432;
(714,8361);
5412;
13745;
12062;
14727;
831;
2299;
(6016,12743);
(4359,7630);
7267;
5122;
8675;
10148;
6783;
8948;
2147;
949;
9454;
10761;
1784;
7067;
13580;
12278;
12391;
6279;
7629;
8425;
7003;
(1766,(5202,9150));
9872;
4373;
14408;
5624;
10614;
(11301,12048);
9499;
8602;
11601;
((9137,10140),(11126,12990));
8475;
8920;
1762;
442;
3832;
7009;
5425;
(9799,12741);
2136;
10719;
14092;
12354;
4750;
4789;
325;
1941;
9833;
(6148,11906);
9252;
14889;
10471;
7570;
4192;
12923;
14707;
14069;
2637;
2856;
10848;
11644;
3554;
13587;
4420;
2886;
9359;
3366;
8968;
14151;
15443;
6430;
7950;
7726;
15553;
8839;
6487;
1924;
5295;
(11664,12804);
(11163,12967);
(889,15569);
9404;
15489;
13372;
13438;
3525;
1404;
13397;
5298;
14898;
1250;
6066;
1855;
4477;
11420;
9804;
12150;
11371;
2270;
14035;
6504;
10025;
692;
1161;
13699;
4873;
6985;
4953;
15121;
4954;
5486;
5811;
2698;
13929;
13222;
5690;
(9040,(10722,12244));
197;
6945;
12025;
1585;
7861;
(13962,(10237,14980));
1477;
924;
140;
11;
2500;
14156;
12872;
4636;
10983;
(((15073,15628),(4201,(10098,(6974,(580,12708))))),(6811,8333));
1778;
913;
1545;
13299;
10988;
9734;
11497;
(11365,(179,15692));
1249;
9836;
10252;
8179;
15174;
(2991,3388);
9877;
5865;
8024;
9990;
13784;
6678;
4137;
7602;
9599;
12274;
13812;
2990;
13405;
2825;
5340;
12318;
9164;
8767;
2140;
(10309,15299);
2300;
12876;
13630;
6741;
5063;
9631;
5905;
13116;
8671;
3950;
7330;
78;
9645;
15189;
5881;
5896;
6385;
12091;
208;
12293;
3045;
15519;
(11367,11582);
13775;
10013;
6909;
2891;
12835;
3450;
11983;
12120;
3154;
1958;
13757;
3678;
5657;
2214;
12998;
9839;
6648;
14840;
6214;
12033;
11501;
4856;
(6224,8182);
14251;
2525;
10960;
(3700,(4780,15279));
3212;
2776;
(2617,4225);
12306;
3370;
2842;
13462;
15049;
14097;
8687;
(1331,7540);
9390;
3631;
12205;
9251;
4069;
14343;
13686;
9184;
(3893,11041);
15035;
2975;
3198;
5459;
10093;
9415;
11432;
(7276,11924);
12959;
14869;
3901;
9207;
3421;
9676;
12000;
430;
5057;
(13613,15418);
5074;
(7498,14749);
12518;
(15527,15689);
12037;
3399;
5300;
3742;
3190;
1026;
14684;
9285;
4911;
8087;
15222;
14083;
(3848,14364);
4154;
10664;
4419;
57;
((8698,(11477,13937)),(10611,((10696,14209),((270,4135),(832,(2457,10279))))));
11342;
15110;
706;
12601;
15607;
15348;
15154;
6411;
7016;
15202;
105;
8480;
1323;
8831;
10800;
14601;
10949;
7451;
7262;
1647;
7387;
5709;
7222;
(2414,11673);
1006;
12094;
(3104,15400);
10961;
15330;
14225;
6045;
14611;
7961;
6570;
13877;
10516;
9957;
4569;
8140;
14243;
14120;
2337;
3405;
11938;
13245;
10317;
(13424,15086);
2956;
13220;
(5660,10512);
9374;
11663;
3356;
5812;
12009;
7041;
1475;
1540;
(6470,8270);
(8863,10766);
(5370,12520);
2433;
12899;
9493;
14954;
2447;
6342;
7910;
14655;
13780;
1228;
2097;
10153;
(3645,4067);
13643;
6463;
7706;
6174;
12249;
13402;
1929;
4006;
9919;
2981;
12521;
(7503,14054);
7977;
3337;
3854;
9685;
13343;
381;
(1837,3646);
3074;
888;
((5331,10929),(14214,15004));
14065;
7256;
11736;
1850;
14384;
13232;
11775;
11514;
5105;
13830;
1132;
(7891,9329);
(3651,14078);
1966;
(4915,9165);
5830;
15237;
5378;
7865;
98;
(5402,11753);
((10393,12720),(10060,10462));
9447;
9750;
14012;
2913;
1;
2077;
12328;
11443;
(6208,9735);
(2417,(7928,9615));
1615;
8840;
174;
13738;
10634;
3650;
9105;
14483;
14407;
1572;
11463;
11520;
1841;
10095;
3922;
8896;
3955;
8245;
13926;
1586;
(5158,8641);
7393;
3344;
(5857,(11293,(4578,5392)));
14319;
6767;
608;
(4112,12538);
14284;
11063;
7627;
4468;
7466;
313;
11237;
1021;
5697;
13848;
(7702,15594);
4534;
4496;
((8015,13911),(1245,4772));
8582;
15433;
3159;
9009;
(10919,(12974,(6898,(7320,(6572,10802)))));
10548;
12945;
654;
15294;
12903;
4491;
3194;
4864;
12660;
7815;
1805;
3222;
1755;
(2706,14157);
10172;
13680;
15532;
2372;
9326;
9612;
13548;
2474;
5035;
7860;
(631,14560);
7259;
2201;
8278;
13187;
12341;
12849;
(1998,(10708,(12928,12951)));
4718;
5856;
9950;
9999;
(7156,10010);
4865;
6404;
1137;
((552,14724),(1115,9073));
13637;
3606;
2445;
4774;
9124;
13792;
6450;
1849;
5087;
9931;
13196;
1745;
10703;
7399;
8284;
1509;
(2073,3139);
(5705,(13122,14339));
13687;
15287;
2577;
3670;
6226;
13662;
14637;
12732;
11184;
12693;
1856;
10116;
(2670,11090);
3141;
(5130,(12634,14809));
7874;
4960;
11433;
7957;
(3789,11326);
13247;
10358;
7204;
10270;
10311;
5778;
3404;
9756;
1056;
(3801,13411);
(8689,13243);
486;
12474;
11308;
10019;
962;
12346;
9161;
8391;
15316;
14974;
1824;
9257;
15601;
269;
376;
(1813,(9325,9829));
14426;
3946;
3543;
3745;
5891;
1763;
2045;
14902;
(1639,1656);
29;
8685;
12976;
6439;
1345;
2346;
7750;
4273;
15274;
10610;
10107;
3217;
(5922,10189);
14361;
8976;
12523;
11442;
5155;
5106;
14599;
1289;
4342;
12779;
5248;
(7511,14630);
2238;
(12911,13536);
9868;
14864;
9717;
15636;
13791;
(120,7741);
3961;
(3439,15059);
8557;
12036;
(15372,(15155,(13523,(7978,(12475,13053)))));
14835;
12110;
(3877,14486);
15373;
9267;
9336;
(8304,15520);
2957;
7577;
5843;
14661;
2811;
7948;
2814;
1459;
6278;
(3063,6000);
(1920,(11783,(2971,15271)));
15238;
11567;
4878;
6541;
8837;
13164;
4048;
(3510,13445);
11554;
(5026,15027);
1129;
4800;
6905;
15485;
8562;
12351;
13670;
((2418,4513),(13393,14942));
11087;
1421;
9517;
(675,10353);
8427;
13856;
7426;
1592;
13318;
8076;
272;
3146;
11421;
13248;
12556;
(2640,8152);
15476;
7167;
1779;
6123;
15270;
9168;
(1873,3958);
10299;
2313;
(5015,12290);
4901;
7658;
7828;
842;
11226;
5423;
4628;
9461;
10542;
(8221,12021);
7973;
13538;
4562;
(8208,8639);
14956;
6987;
(6462,10970);
1644;
(10655,10825);
12376;
((3642,12384),((10622,12047),(8127,10782)));
9215;
10583;
13190;
1558;
8151;
3456;
15592;
10744;
9644;
10701;
3147;
7314;
5497;
13068;
(1071,11172);
1171;
1314;
(8466,11382);
10606;
2441;
2694;
(1362,14294);
14592;
12820;
10906;
7083;
11186;
4218;
3885;
3693;
6113;
(89,(3011,9468));
5051;
6647;
926;
1725;
155;
8786;
11936;
6459;
14678;
3286;
1914;
180;
11282;
1377;
7078;
6560;
10026;
6491;
282;
11718;
4769;
6261;
14228;
12285;
9701;
5103;
(13283,14451);
10908;
3512;
9958;
6822;
13140;
5111;
12349;
(8040,13974);
2540;
7842;
2650;
(5033,14997);
(9219,9407);
15645;
5909;
8360;
2103;
14960;
13262;
11009;
563;
(3644,12864);
4089;
4760;
6866;
11389;
5701;
(5168,14327);
13841;
322;
6844;
4663;
13689;
13250;
13461;
4221;
6616;
15593;
11830;
(6515,6839);
14716;
12653;
13276;
2415;
2604;
13854;
9386;
2716;
(7103,7917);
((9462,10565),(3451,11749));
10661;
7414;
10818;
(6478,(11360,(4594,11896)));
8022;
2980;
10963;
8529;
9591;
9882;
10702;
(275,9398);
157;
538;
((826,11277),(6837,14417));
7166;
463;
14491;
8296;
(6239,10209);
14410;
1025;
(9619,(2656,8064));
12690;
(8789,14023);
12414;
3506;
8849;
10952;
14461;
3345;
720;
(887,7154);
4503;
3245;
(5587,8117);
9072;
(5215,(2751,2974));
14672;
13039;
189;
9053;
11393;
12721;
5058;
(14366,14723);
(1275,14533);
4396;
734;
13939;
11573;
3583;
6788;
1364;
7062;
1597;
11203;
12345;
5953;
11484;
13194;
14381;
7221;
15342;
2901;
11734;
9622;
8884;
1685;
14512;
3826;
11230;
14430;
6758;
13373;
10956;
3781;
6710;
460;
((6316,15522),(2658,(11770,14547)));
8216;
7058;
6916;
(11431,14998);
8495;
14452;
7566;
14697;
2425;
2918;
(2754,5916);
4583;
421;
6996;
(8996,12756);
(3381,7456);
((347,10741),(8353,15539));
747;
9343;
14391;
10523;
6472;
14502;
10068;
1300;
8442;
944;
13609;
9393;
(7718,13308);
12434;
5204;
13845;
8619;
11221;
(4685,4782);
12167;
1842;
10718;
10478;
7241;
1999;
14702;
11905;
2128;
1253;
10301;
11662;
6037;
9237;
7873;
(2327,10876);
8010;
1181;
5317;
8919;
7900;
10882;
9841;
3228;
(3658,8356);
(3874,12011);
7699;
10691;
8643;
13111;
1539;
8359;
7664;
6296;
13102;
10011;
7274;
1499;
9122;
(10203,14421);
10360;
14182;
15057;
11845;
15360;
8928;
11413;
4000;
15393;
3721;
1578;
14976;
(2553,11980);
7427;
(5273,13733);
(14045,(2568,13350));
10866;
(4299,(1442,14085));
9983;
13779;
5368;
3316;
7495;
8386;
10124;
11483;
(((1942,11275),(12082,14755)),((1937,14323),(781,2880)));
8883;
7887;
10357;
5878;
((256,(14668,(5632,10770))),(5858,9554));
13030;
7488;
8185;
2046;
12767;
8941;
((2496,9405),(1683,13046));
(9844,12906);
14093;
14873;
(13363,13976);
7584;
4170;
6158;
((13963,15588),(1952,11774));
(8908,9491);
6812;
13306;
7519;
7524;
1544;
9590;
13473;
915;
7636;
6297;
14208;
13143;
(11227,13593);
9071;
7622;
12957;
14496;
15562;
2690;
4851;
7064;
1047;
531;
3122;
13666;
14237;
9943;
8707;
13668;
(4747,5141);
12057;
7904;
(2083,3825);
7801;
15431;
15347;
14928;
7709;
7770;
13718;
13703;
6842;
4561;
13622;
4704;
15435;
8106;
15640;
4913;
1309;
10595;
13728;
11991;
6994;
3140;
6621;
9118;
9051;
(900,10470);
15367;
1751;
10321;
461;
(4173,5478);
12709;
(3912,4590);
1415;
10340;
12217;
1659;
10537;
7410;
4189;
9418;
58;
13557;
12674;
(10,3890);
9018;
9425;
13634;
(1576,8372);
9381;
2713;
922;
(1729,6630);
15043;
(5585,13129);
10128;
15140;
11291;
(4340,6211);
10709;
9586;
14911;
14670;
6187;
11337;
((6155,10742),(15196,(3021,(3014,4282))));
153;
14062;
14224;
8733;
3027;
5723;
7390;
8456;
(4690,6675);
7085;
13737;
1078;
4136;
11571;
1000;
12578;
5302;
2479;
2193;
3492;
2505;
14146;
4182;
8519;
12267;
13339;
6048;
2302;
4947;
8834;
7694;
9889;
2389;
(1912,5691);
5619;
9117;
15261;
10584;
4522;
9383;
8661;
7489;
12263;
9243;
2446;
8137;
6306;
3652;
13214;
5444;
9376;
4740;
(2861,10192);
6716;
4910;
13669;
14848;
3091;
2602;
9647;
5527;
15349;
15272;
4062;
341;
9378;
12137;
1267;
(750,13753);
9595;
3252;
(10219,13489);
13541;
9217;
15602;
3176;
2878;
7678;
9062;
(2308,15656);
3730;
(2569,4972);
7254;
186;
12782;
2538;
50;
11666;
2065;
5398;
867;
8366;
4681;
(1325,11886);
1024;
13103;
9272;
(1962,(3196,8785));
4759;
13101;
14493;
6483;
11932;
6085;
6547;
10155;
23;
12554;
7496;
13949;
3741;
3750;
11165;
13735;
14229;
2869;
13469;
11605;
1807;
(3444,9055);
13972;
9298;
12700;
2708;
7090;
7982;
10713;
(6149,10127);
11854;
10365;
11379;
15252;
4453;
3319;
(8753,11998);
9111;
2058;
(2531,5924);
6101;
(3590,12535);
7158;
12116;
(7395,10578);
10080;
14718;
2084;
13302;
1297;
434;
7129;
3352;
14043;
13777;
14827;
(3360,9339);
(2100,11399);
7290;
192;
15273;
5420;
12473;
4455;
6954;
(12169,13439);
4581;
10600;
11072;
6130;
11412;
(1598,7936);
15486;
5743;
72;
8188;
15340;
(3515,14010);
7893;
3101;
1905;
2834;
565;
10822;
13882;
13709;
2586;
3605;
5820;
5152;
101;
4846;
6530;
2589;
(8699,15515);
5265;
1714;
3972;
1155;
2567;
(8155,10514);
9247;
8538;
(8376,(9673,11083));
3494;
14973;
5262;
4507;
11893;
10191;
(5890,7871);
(5700,(3984,6508));
1706;
(3578,12718);
9030;
(10104,11988);
(3043,(9011,15142));
5422;
14687;
3957;
13309;
9261;
7954;
11586;
(14455,15009);
(5821,10286);
5352;
8969;
15478;
12119;
3479;
(502,14704);
11578;
5833;
5941;
(7120,((5139,11820),((2968,3555),(3064,5545))));
15639;
14172;
5880;
13505;
3192;
2230;
14175;
8314;
6257;
7189;
14631;
12103;
2521;
5078;
11387;
2511;
13895;
10613;
15528;
9694;
6664;
864;
10047;
4805;
(4372,9761);
15065;
11767;
160;
11759;
15278;
15609;
2561;
6852;
13578;
13255;
4808;
15492;
5597;
14990;
3436;
12577;
5366;
(5744,11223);
5570;
8250;
6929;
8297;
6557;
7830;
3898;
6141;
(7313,15538);
9956;
5172;
(8089,15531);
11659;
5056;
(13249,(3112,11267));
5887;
8041;
4344;
9869;
8856;
2035;
14757;
1865;
8812;
4259;
13588;
3970;
14671;
13568;
610;
4447;
(6476,15450);
4242;
6685;
7289;
14014;
184;
235;
(2210,(7363,13983));
13730;
8745;
9024;
7341;
(4790,15019);
9188;
2597;
8511;
10599;
(1293,13618);
10092;
2153;
6271;
5797;
15183;
7309;
15075;
(1651,(7297,(14933,(1785,4027))));
12437;
14901;
2011;
4746;
(6949,10312);
3386;
5301;
6299;
4651;
7621;
11159;
14269;
6763;
13412;
2851;
3393;
6642;
9918;
4559;
((2896,11122),(5814,13719));
(1045,11713);
5771;
7100;
13152;
3726;
(2660,9512);
8181;
8280;
(10440,10582);
14850;
14210;
4247;
4726;
13826;
5559;
15092;
9785;
1574;
10485;
3413;
12830;
11487;
5362;
15475;
15469;
12488;
3080;
5146;
1401;
14326;
7265;
15018;
(439,13310);
(1218,5375);
8197;
15503;
12922;
4171;
5419;
