6990;
10273;
7736;
8673;
6432;
3620;
9270;
8644;
4339;
2582;
(13179,14315);
15270;
(1075,9548);
7561;
(8654,13440);
12829;
371;
5022;
((13273,13941),(695,8224));
9107;
15473;
4857;
14735;
13999;
3416;
620;
3310;
3091;
2682;
10024;
14889;
2677;
14914;
1685;
14923;
11869;
14124;
10626;
11974;
8903;
7777;
3897;
(9818,(6170,((10472,(4476,6212)),(6721,(6132,10785)))));
4936;
13564;
8378;
11147;
6192;
7049;
5397;
7410;
7625;
11217;
7771;
5964;
1152;
6969;
9411;
6392;
13616;
11306;
14220;
6981;
11691;
11954;
(2663,7409);
1756;
6473;
4776;
3237;
1902;
4180;
4308;
(5000,13345);
6131;
6056;
(7395,10578);
12122;
8070;
2136;
11104;
5128;
9948;
13973;
9031;
13817;
13949;
9750;
4942;
7732;
7821;
(7443,15052);
6773;
2265;
7090;
(4331,13732);
14702;
1863;
28;
13421;
10011;
14575;
11645;
4368;
186;
3571;
5931;
11760;
(3710,11200);
6433;
3729;
15076;
(1032,6199);
3780;
5345;
3695;
12958;
3864;
6784;
9508;
1778;
12219;
13276;
7960;
7340;
9340;
11759;
9369;
10170;
13727;
2995;
7185;
13551;
(1858,(404,5365));
10148;
4927;
(10038,14584);
665;
5734;
(13613,15418);
5621;
((5283,14245),(5344,11320));
8934;
(11100,14080);
15623;
3218;
10760;
13195;
9983;
14243;
706;
12395;
11141;
10333;
914;
9261;
14502;
(4948,7626);
1090;
11657;
558;
(851,(10467,13577));
8600;
6952;
2652;
(14658,(2738,(10036,12444)));
3650;
8430;
(2308,15656);
9357;
8607;
6664;
15174;
(3346,4011);
9747;
560;
14194;
2375;
10050;
2713;
3214;
5310;
2179;
2888;
461;
3034;
10992;
5905;
13275;
8994;
1249;
14309;
1801;
8027;
3516;
2614;
((879,10081),(7680,9140));
4211;
2459;
6468;
8638;
13638;
(3435,14708);
(2584,6667);
14615;
105;
9859;
13702;
9962;
(11367,11582);
(10203,14421);
4991;
7124;
9054;
14982;
8066;
(1814,6331);
11236;
(2553,11980);
11406;
10495;
9851;
14737;
601;
4828;
15595;
((10672,(2741,14839)),(10027,(2062,7780)));
2767;
9112;
5600;
3318;
13978;
(4812,12799);
8045;
10986;
(1553,12247);
15225;
14899;
10103;
14960;
7379;
2528;
9960;
12249;
6641;
8177;
8585;
14684;
8894;
7616;
5940;
4639;
2966;
(2863,6231);
(2108,4574);
1327;
12843;
15284;
13401;
8590;
(4897,7989);
13353;
4935;
2744;
(5145,10984);
6369;
(422,425);
3950;
14567;
1298;
15276;
11214;
3666;
11484;
13040;
7746;
11963;
1108;
1414;
4341;
6891;
4913;
(159,10402);
2283;
(250,(3974,4709));
10489;
3213;
11878;
5948;
(1961,9861);
1953;
15327;
9528;
13707;
6832;
4215;
9734;
403;
5607;
(8369,14507);
2078;
994;
(815,7139);
350;
13568;
5067;
3090;
8322;
(4629,(2973,3007));
(1954,11246);
2907;
12518;
3329;
14777;
5442;
14705;
11108;
9668;
10275;
4471;
3626;
3669;
8754;
14256;
10037;
8137;
12777;
11490;
1410;
5109;
3543;
12861;
4037;
11054;
3031;
14325;
(10309,15299);
10281;
11031;
10172;
13058;
138;
6567;
10354;
7385;
12116;
9440;
(4915,9165);
9169;
5997;
7360;
10726;
15612;
(5044,8706);
(10029,12235);
5116;
11646;
9110;
13813;
6390;
2563;
8170;
861;
276;
12056;
6608;
10745;
5166;
2853;
11746;
(332,8497);
12862;
12978;
15686;
11650;
15414;
8384;
13030;
8223;
8061;
(283,3434);
6326;
6673;
(3075,(11897,12374));
2922;
10320;
(2176,3079);
5085;
(3390,11742);
4000;
5137;
2227;
414;
(8079,10408);
5988;
4610;
10504;
1792;
10497;
7778;
12427;
9323;
3288;
8969;
2918;
(5264,12381);
10450;
12081;
3657;
10345;
2749;
937;
9115;
14152;
14564;
1457;
11610;
1493;
(3526,4346);
14730;
11381;
(4790,15019);
12781;
9450;
14688;
6890;
12180;
6274;
8145;
8461;
630;
3899;
5298;
6028;
7563;
12548;
(4998,7851);
9863;
11061;
300;
9386;
60;
6653;
10200;
9969;
(3585,8951);
11959;
(7313,15538);
10718;
10791;
8528;
6256;
420;
(10930,(8513,14041));
14144;
6856;
5944;
4301;
((6403,10674),(9094,(12509,14487)));
14165;
1295;
890;
7743;
15177;
7309;
2537;
15347;
1212;
7622;
1355;
(4423,13584);
10820;
133;
7662;
14721;
12658;
7338;
11635;
3597;
6034;
13834;
4342;
4104;
1711;
5154;
11370;
4770;
5885;
5436;
14742;
12903;
13995;
10483;
2132;
(3877,14486);
(3373,4007);
(1645,3013);
13925;
850;
6259;
4082;
7795;
9693;
13715;
6699;
(912,14405);
(11362,(3622,6739));
14402;
4412;
11552;
10566;
(14857,15370);
7157;
3924;
11794;
12838;
11638;
603;
14432;
13175;
13904;
15601;
11203;
12546;
218;
14185;
(8623,9901);
9919;
9018;
12956;
3298;
3383;
9047;
1239;
5146;
(4899,11977);
13383;
12259;
3720;
4982;
14129;
3906;
4765;
6822;
1762;
3562;
7620;
10252;
4022;
15001;
6049;
10361;
(9709,14275);
(3599,(5232,10549));
3775;
10658;
13469;
11607;
10830;
8931;
14924;
13965;
318;
13367;
4143;
12905;
1396;
176;
13960;
1082;
10581;
(5633,14474);
8993;
3110;
(1691,9013);
12389;
3162;
5276;
10997;
13152;
(2044,14334);
9520;
961;
9727;
7353;
6676;
10635;
3979;
14353;
11570;
1710;
12721;
245;
(1016,8712);
8339;
1661;
3341;
12310;
11809;
2961;
5250;
2222;
1400;
9601;
(10412,11357);
11178;
11516;
5032;
2732;
13322;
2821;
4134;
((7339,9719),((516,14996),(1427,11629)));
6364;
8365;
11297;
(12863,14776);
13532;
8890;
2311;
5698;
13737;
7613;
8399;
11889;
1388;
7833;
7811;
9690;
2849;
4871;
7830;
97;
(6344,(2312,14412));
13232;
(2040,4606);
14546;
3395;
10606;
3795;
8780;
12699;
7149;
12077;
3533;
2811;
6055;
10099;
3678;
7799;
12312;
6135;
13587;
(9147,12744);
512;
2474;
9175;
13454;
4479;
(2805,7316);
4966;
12022;
13009;
6690;
5349;
9598;
2277;
13181;
4062;
13134;
12079;
15258;
14543;
14168;
4305;
3054;
12676;
14241;
11433;
14187;
11261;
13072;
(887,7154);
12476;
(7702,15594);
(4707,8887);
4738;
(8036,11036);
6286;
1609;
582;
(1259,11677);
(1038,1445);
5157;
13288;
3726;
11636;
13320;
(6488,(5851,13312));
1870;
10925;
7921;
(3793,13451);
12159;
4444;
13698;
14854;
921;
8541;
1675;
(259,6751);
13151;
(9003,11132);
11718;
15211;
1824;
10207;
4816;
6062;
8085;
3939;
11599;
(6171,12784);
(11256,12814);
10360;
1935;
7407;
178;
14305;
(13431,13674);
1740;
418;
3764;
12539;
6958;
12970;
899;
(4428,9828);
7347;
15118;
3115;
13812;
12420;
4679;
(13201,14071);
12866;
9449;
2192;
(5587,8117);
(1899,14395);
7380;
15580;
3527;
(3835,7663);
2645;
(5242,(917,5528));
3022;
14380;
7544;
12412;
8603;
8523;
11068;
6927;
6495;
9206;
185;
904;
9192;
5820;
278;
3497;
13400;
5102;
2878;
13615;
14423;
11887;
5647;
7308;
15326;
(1069,14377);
11859;
(6853,12656);
336;
7328;
13820;
980;
3372;
13093;
955;
12711;
11299;
5557;
(1757,7349);
10241;
9617;
5147;
5156;
14197;
6964;
12811;
13173;
13512;
15526;
8018;
12732;
1966;
13188;
1000;
1479;
3858;
13521;
8707;
7244;
15458;
1608;
7962;
13154;
14717;
8123;
13430;
12896;
11436;
12138;
766;
11120;
11161;
15342;
1777;
2488;
13809;
3675;
7604;
5165;
6380;
3443;
4442;
1317;
8217;
15647;
14049;
9810;
4588;
(1453,11733);
13060;
14562;
(5130,(12634,14809));
9196;
7745;
12690;
4970;
10865;
15290;
3004;
(2801,14101);
154;
10509;
15247;
286;
254;
10224;
8237;
9279;
2023;
8714;
2597;
15176;
13426;
579;
5046;
453;
13793;
8519;
11496;
14060;
15280;
15420;
1322;
10171;
12607;
(2342,6445);
4470;
11207;
13132;
1594;
253;
1436;
6909;
10519;
7477;
7794;
6232;
7076;
(9402,15501);
2266;
950;
15187;
6985;
15206;
12115;
3229;
2825;
7111;
8793;
13460;
816;
5516;
10732;
8161;
3593;
5986;
10965;
564;
12621;
1745;
6447;
3165;
9578;
3570;
2094;
14171;
(5268,6448);
1288;
11428;
7438;
4725;
1406;
5832;
8869;
9282;
5836;
(246,12790);
8553;
12120;
10557;
14272;
(7590,15172);
13787;
1415;
3807;
8422;
10301;
11439;
14912;
2636;
10777;
10328;
7201;
4969;
8026;
2334;
548;
3422;
11045;
(10816,13806);
9249;
(6356,(5480,8332));
11092;
11590;
1136;
11165;
9849;
6996;
10647;
7973;
7660;
12027;
13696;
13659;
153;
113;
2402;
14162;
7982;
6141;
8764;
12763;
269;
6023;
(11096,(1029,4278));
6987;
4823;
10846;
11091;
14498;
9187;
3783;
6709;
2480;
4800;
11723;
9822;
11990;
2352;
905;
532;
13990;
4437;
5135;
1538;
6609;
1646;
4612;
8041;
12731;
15002;
1416;
2786;
12713;
10789;
2604;
124;
6645;
10112;
11037;
15616;
4848;
2026;
(825,5010);
4363;
10108;
2762;
13349;
(800,12686);
5469;
7695;
1950;
(4997,12468);
2865;
1589;
9004;
15021;
11854;
(11227,13593);
11097;
12661;
5949;
14224;
6452;
14233;
14532;
14268;
4053;
13300;
14018;
1175;
12334;
3990;
9620;
10340;
14504;
1880;
7748;
(1375,6428);
15493;
2848;
11225;
1744;
(5864,5982);
(13675,14081);
1424;
5816;
14248;
(14311,14443);
2276;
10593;
6196;
5362;
9932;
9427;
14738;
5467;
7786;
8262;
(5610,7022);
13252;
9226;
7179;
10538;
(1275,14533);
11550;
(8726,14465);
4193;
4655;
3940;
9235;
9296;
8527;
677;
10680;
10144;
3242;
8849;
352;
11199;
469;
6348;
(11703,(2339,10372));
1948;
13461;
5224;
2275;
14767;
5835;
8454;
5191;
1292;
4921;
9638;
14657;
7445;
3755;
2128;
(10452,13710);
2299;
7252;
7081;
12692;
3945;
7509;
(977,6601);
7641;
1238;
1173;
853;
984;
9821;
8167;
13197;
10210;
10783;
5228;
(13301,(7102,13600));
5718;
5062;
5848;
9590;
14192;
11197;
6327;
13725;
4884;
8510;
(3598,15363);
6799;
2595;
8843;
15179;
1776;
13279;
13240;
14062;
9080;
(8164,15513);
5433;
3956;
14594;
1;
8362;
12376;
3774;
7150;
13629;
12945;
3453;
9823;
1204;
5484;
2309;
8912;
(7776,10517);
(8814,12231);
5321;
9924;
9675;
(4080,8906);
14064;
1137;
2180;
10415;
11600;
9134;
6617;
(11071,14139);
6407;
2426;
5339;
15554;
670;
5519;
6314;
(3078,8923);
1290;
1185;
3605;
3084;
((5746,7413),(8222,14662));
15216;
7938;
6014;
5860;
15241;
13296;
10000;
14088;
11903;
4096;
(1023,4178);
10410;
(2617,4225);
9314;
14146;
(6293,11623);
15673;
1469;
2887;
7541;
15308;
679;
1963;
2556;
6946;
5206;
12920;
3350;
3267;
6689;
(9995,14674);
(1130,7804);
(2377,10683);
761;
10297;
7422;
8892;
7867;
6415;
(4592,13056);
7225;
4906;
13988;
2894;
468;
11289;
12315;
10355;
6503;
13473;
12438;
13438;
9872;
1876;
3126;
14934;
15148;
14493;
14331;
3387;
9280;
1235;
3484;
4722;
(12911,13536);
10055;
4984;
3834;
2942;
8601;
(3844,9820);
(8330,(1530,2883));
3399;
5123;
11473;
3931;
13609;
822;
7204;
10817;
5073;
4678;
3923;
(3879,(1441,8198));
507;
12700;
1781;
1462;
10166;
12581;
1938;
8405;
(11014,13330);
4202;
9019;
2695;
6334;
5876;
2963;
5253;
6267;
2959;
(5968,13942);
(4168,(12771,13678));
4579;
12320;
(4757,4810);
5290;
(9754,12858);
1107;
14163;
9713;
13571;
4258;
11838;
13114;
2588;
13465;
5771;
9353;
14757;
13257;
2335;
1515;
14964;
6248;
10553;
(9313,10951);
10529;
4938;
5279;
6846;
11540;
(11757,(897,9229));
(5725,13236);
13073;
14296;
14072;
467;
444;
7594;
1693;
(5055,15044);
171;
(5252,(3705,(2855,5605)));
11845;
813;
2224;
10394;
10584;
5559;
7827;
5732;
2906;
806;
3554;
2142;
12593;
10652;
166;
5351;
5822;
13212;
3821;
14086;
9374;
293;
5407;
3102;
3199;
10728;
2868;
15680;
(4358,8458);
11934;
1253;
3386;
9568;
8522;
4900;
8321;
15497;
12139;
6297;
13433;
12856;
11260;
(5792,6374);
(89,(3011,9468));
13968;
14413;
9186;
3149;
(2186,12576);
1138;
13726;
4718;
(2143,3340);
(4551,5755);
1335;
5735;
9997;
623;
15528;
(4464,10022);
8718;
11350;
3529;
10691;
14484;
12112;
14891;
7214;
1626;
7303;
1302;
7882;
14100;
6431;
381;
10178;
1848;
3505;
11085;
5231;
7182;
(585,6769);
10600;
6632;
10638;
4449;
(3618,10915);
5167;
11443;
10591;
9928;
9503;
5769;
3136;
1450;
8798;
15077;
1499;
2232;
1496;
1610;
3953;
(3209,9909);
13044;
9079;
4593;
1008;
15518;
13886;
5384;
794;
2364;
10905;
4581;
9553;
12625;
9847;
12276;
8737;
(2988,6937);
3731;
264;
12349;
(9216,13418);
9781;
(12410,(11670,14436));
9514;
7860;
4217;
1061;
7358;
(465,4307);
13109;
14398;
5374;
14995;
13924;
12319;
3145;
10729;
3703;
13459;
868;
14521;
10276;
2793;
11696;
1526;
5620;
13099;
9792;
7977;
11242;
584;
10202;
14077;
3748;
1936;
15670;
9775;
13547;
(7740,8874);
3150;
1964;
3701;
8658;
4337;
12473;
9807;
2336;
13526;
6142;
1486;
6960;
(13768,14217);
6585;
(10759,13542);
(8984,12750);
3421;
6511;
7449;
1105;
((4261,7832),(3215,9660));
752;
(725,10869);
5555;
2508;
1573;
12462;
(3012,3787);
3489;
5090;
15691;
(4975,(5947,(12574,15062)));
5169;
1010;
8730;
6258;
(5661,9768);
(3,13672);
3850;
11663;
11885;
1205;
13230;
(5293,10739);
13772;
10484;
8505;
15102;
14215;
(9464,14949);
8099;
(1888,2234);
6565;
(4690,6675);
7997;
5896;
3667;
673;
5105;
(2471,15197);
1603;
1323;
(11175,12942);
11472;
2341;
4383;
5457;
4113;
9688;
11374;
(32,6139);
13282;
194;
3781;
6942;
13198;
14189;
12383;
(15527,15689);
12809;
4029;
12796;
8318;
3967;
(4176,9637);
11960;
12631;
8460;
4528;
8249;
8250;
6762;
10187;
7415;
14148;
11674;
6775;
8491;
6715;
(13283,14451);
10416;
7171;
13847;
7865;
9310;
4633;
(14691,14847);
7418;
6509;
(9341,(14538,14660));
1906;
(489,((1455,7646),(3612,8938)));
14289;
11487;
(1071,11172);
7955;
6758;
831;
(767,4001);
(1279,3476);
1720;
530;
(5162,8598);
11939;
8838;
3665;
4292;
9139;
7864;
14852;
12218;
10958;
13829;
13174;
15444;
9716;
(1015,7050);
11895;
4353;
2248;
11392;
(15219,(3873,((((5934,11985),(2820,7094)),(518,9036)),(9689,14281))));
326;
7193;
7381;
9075;
6603;
2773;
9164;
445;
(8034,12871);
5494;
5659;
(684,10695);
12488;
10886;
9888;
13669;
(6627,(338,10685));
8721;
11295;
(14603,(329,8074));
545;
12183;
9720;
13755;
15464;
6229;
12740;
6136;
8902;
(9707,(7634,15439));
11282;
13452;
7664;
8797;
3862;
2493;
8991;
11989;
5536;
8978;
702;
12973;
(2250,11239);
14326;
12606;
(12066,14112);
1350;
4194;
14597;
14411;
5119;
10981;
11274;
10555;
(615,1420);
229;
824;
3419;
6395;
1909;
9392;
3976;
7559;
13595;
5712;
11338;
6146;
8083;
3159;
8881;
14884;
4184;
8645;
15192;
6794;
1654;
(211,1001);
10594;
7765;
12816;
3324;
4859;
15150;
(1729,6630);
(2146,8097);
11265;
3206;
7440;
6953;
7271;
(12303,13344);
(2105,12236);
13666;
14046;
2629;
9052;
3257;
15583;
4907;
2765;
13216;
10801;
3271;
5581;
12887;
1398;
(13589,(9686,10348));
1228;
7192;
9682;
155;
11456;
125;
2596;
(3232,15508);
6930;
1230;
(261,12544);
2168;
4881;
10488;
12390;
6341;
(869,4752);
3518;
(4815,12311);
3636;
10598;
3042;
11137;
6604;
490;
4139;
5655;
(3504,4702);
3263;
5475;
7884;
5001;
1456;
(1501,(15193,(4621,(1916,7588))));
3374;
2188;
539;
10449;
3739;
10689;
2173;
7648;
3228;
7423;
6317;
((2506,13020),(5460,15688));
9406;
5248;
(1639,1656);
10254;
5654;
3157;
8735;
3151;
14727;
633;
12555;
14666;
498;
9748;
((390,15555),((7565,13885),((14787,(1973,12695)),(495,8257))));
15026;
(1920,(11783,(2971,15271)));
6466;
7914;
2207;
(3579,11016);
12759;
10284;
9275;
14870;
5784;
4840;
7121;
(8051,(12061,14542));
7798;
1992;
6007;
13035;
11836;
1413;
14804;
2466;
(2754,5916);
6073;
2996;
1590;
13323;
10181;
3468;
1528;
14264;
3792;
649;
4268;
12605;
7678;
9096;
4842;
3103;
452;
13950;
5104;
(7356,12738);
8884;
8642;
8709;
1440;
14820;
14047;
2477;
4100;
14109;
7117;
10838;
10282;
(9219,9407);
5233;
4568;
9336;
13085;
3274;
7341;
9128;
13498;
82;
7725;
13339;
12901;
(9597,12333);
8130;
9678;
15367;
9108;
11856;
11563;
8165;
6741;
5932;
6257;
(889,15569);
6820;
(4701,7714);
8480;
3270;
7508;
15401;
(522,12675);
10676;
6273;
10805;
(4111,7607);
4681;
1376;
(12511,(569,1582));
1315;
7545;
7203;
12221;
9786;
3625;
14959;
2583;
11308;
1428;
2757;
(2550,11019);
9368;
2371;
3969;
4116;
7016;
13934;
2705;
14576;
(10198,15332);
4939;
11169;
5315;
7421;
14390;
7696;
((923,5447),(448,5920));
5036;
12433;
10357;
11133;
4239;
14602;
13907;
(8739,15534);
762;
7190;
(5465,10387);
325;
6841;
12351;
12807;
3244;
(10991,((2680,12912),(7953,8592)));
15239;
4183;
15095;
7230;
3055;
8183;
14193;
10850;
4660;
3415;
7808;
4996;
934;
5038;
4508;
(6016,12743);
(4662,13305);
5049;
(34,14529);
10342;
(6869,13160);
5285;
(5215,(2751,2974));
13816;
8181;
12846;
7825;
6778;
2387;
6610;
12146;
7945;
1042;
8981;
(3994,12881);
5121;
10546;
7916;
4805;
4459;
8854;
3488;
7330;
9225;
6411;
3191;
6734;
416;
3152;
2329;
4736;
14328;
15353;
12677;
14679;
2384;
1764;
11276;
11806;
8487;
12379;
(6225,10771);
(5406,14320);
4275;
14897;
6510;
14628;
9403;
821;
2199;
5774;
3111;
11213;
11106;
12484;
(1160,8521);
4934;
11400;
1446;
13397;
10751;
11901;
9838;
13477;
2989;
11513;
8248;
8661;
9185;
4956;
3240;
8394;
7257;
8481;
5743;
12008;
11861;
7479;
4064;
3619;
5031;
7516;
5216;
5893;
4769;
4504;
6396;
3887;
7036;
6346;
8298;
3916;
(1682,(8871,(10482,(5866,8965))));
(7048,10101);
13348;
2921;
(966,15081);
15429;
7598;
2058;
11099;
11354;
11561;
7897;
2123;
(4474,5296);
9245;
15617;
10617;
7318;
8151;
(11006,13485);
2978;
5983;
7250;
11947;
1195;
6353;
12372;
11690;
12577;
383;
14509;
7104;
979;
(497,9646);
12697;
6358;
9311;
13518;
1223;
1690;
6814;
13712;
11991;
13125;
2231;
15091;
13910;
1532;
6255;
3333;
10862;
9913;
14052;
6789;
(2837,5071);
(439,13310);
15608;
13238;
12198;
(5890,7871);
13162;
3647;
13369;
(10919,(12974,(6898,(7320,(6572,10802)))));
6877;
10573;
(1280,3309);
7959;
5479;
6578;
8560;
12507;
(3813,(5178,10343));
11521;
(3283,7504);
4654;
5099;
12508;
9334;
398;
10764;
3168;
(2359,(8988,10649));
3898;
13189;
13089;
11744;
(8555,12211);
5322;
(9537,(723,9221));
1030;
(6478,(11360,(4594,11896)));
5391;
9527;
13008;
13470;
(13117,(9276,11973));
2790;
10809;
11426;
12490;
156;
8087;
5880;
6493;
13493;
10092;
((4483,(7517,11364)),(7077,13443));
8433;
7151;
1236;
9095;
13429;
2787;
(351,8531);
13442;
13042;
(((4693,9746),(5438,8500)),((4311,5927),(3030,10277)));
4276;
9677;
1399;
5531;
15310;
8935;
10382;
13233;
(5994,13800);
5050;
15449;
7108;
10888;
(8168,12723);
10854;
(45,8276);
7060;
12492;
14693;
13317;
2263;
11093;
1282;
(2609,6978);
7910;
3770;
2733;
13620;
11595;
11056;
13640;
9439;
974;
11459;
(3186,7163);
5189;
2413;
1580;
6128;
2440;
15337;
13248;
10750;
10303;
4601;
865;
11288;
4418;
7631;
14514;
694;
(960,12558);
(9543,(7970,8876));
12070;
11183;
4145;
2956;
14973;
2782;
9922;
1706;
6779;
10162;
15650;
1083;
2516;
11078;
4169;
4903;
6178;
(5584,(7134,9832));
7658;
534;
5573;
5762;
1615;
2672;
5506;
5954;
6725;
8799;
9977;
2475;
(8769,13656);
3059;
(8155,10514);
2152;
7744;
(6864,(2934,(2001,13906)));
(7210,8625);
11442;
9815;
236;
964;
7312;
8067;
14145;
13231;
7667;
307;
12054;
11938;
7464;
7693;
13625;
(8863,10766);
14456;
143;
7782;
8970;
9793;
10943;
14479;
((13513,15138),(5671,13171));
6924;
11909;
(5429,11688);
11578;
(9361,13269);
3045;
10180;
13803;
8144;
12491;
14748;
6194;
9104;
10109;
((230,7908),(1649,11907));
7599;
2256;
5218;
7411;
1372;
860;
9504;
5048;
11359;
10522;
14006;
7976;
5903;
13967;
12665;
7017;
15553;
7472;
15306;
3464;
15498;
13475;
2119;
10455;
8451;
7791;
5173;
6422;
11662;
13773;
1650;
8313;
11720;
8684;
5136;
11531;
6722;
9561;
8643;
1812;
(12794,(1931,3951));
863;
3382;
(521,12424);
13327;
8379;
2433;
(4775,10492);
5399;
3284;
12226;
3591;
(9797,11352);
7822;
6276;
1489;
9434;
10989;
1143;
6759;
2802;
6863;
10643;
4127;
7806;
144;
9415;
7362;
(6550,12859);
(15079,(3682,14406));
14303;
14306;
11478;
(7835,13478);
10720;
267;
(51,13334);
6461;
2326;
1865;
12026;
15582;
13265;
8889;
11030;
3980;
3856;
14008;
11671;
1244;
8532;
11598;
13267;
1049;
1725;
6147;
5673;
9830;
9251;
10686;
9053;
10790;
8075;
15537;
3742;
1680;
8741;
15431;
6595;
1384;
4097;
2221;
9463;
5875;
15263;
12422;
((1206,4125),(9961,12051));
2829;
4138;
9287;
9042;
14172;
6884;
2129;
9631;
2554;
10834;
9779;
7130;
(139,11454);
(4160,7224);
10535;
15099;
(3800,8150);
10195;
4873;
3886;
10823;
6269;
8782;
12339;
6078;
2580;
908;
7724;
8022;
1958;
1077;
9429;
2468;
(2163,5421);
14439;
2518;
14035;
11397;
13019;
6190;
12836;
13359;
10627;
8826;
5047;
14861;
797;
(183,2905);
12819;
363;
11877;
15109;
7226;
857;
13776;
(5346,8019);
(2252,8110);
9124;
15530;
2533;
7619;
(1651,(7297,(14933,(1785,4027))));
7041;
3978;
11243;
((2643,5098),(4675,12618));
(4458,9759);
11824;
15402;
213;
6607;
5554;
7775;
90;
11422;
6810;
(2678,8844);
9483;
6955;
8218;
10443;
10679;
15188;
10326;
13144;
14019;
7034;
13121;
15371;
11455;
8905;
1231;
10642;
(2213,2669);
4094;
7805;
7459;
4719;
10157;
(10819,13660);
1383;
14425;
1395;
(9844,12906);
7739;
10763;
(4480,5499);
((1018,1724),(9649,11549));
1121;
6176;
1596;
1702;
3747;
12083;
8864;
13444;
11812;
1046;
7779;
(14781,(596,605));
212;
(5802,14119);
13982;
2097;
957;
11676;
204;
15368;
(1103,10190);
(3104,15400);
616;
6047;
14977;
13677;
2587;
6926;
10056;
2882;
2230;
7547;
14416;
(570,2444);
15055;
1207;
13376;
12143;
7922;
1444;
5764;
6575;
15314;
15470;
13090;
15542;
2065;
3902;
7645;
7068;
4367;
1593;
12587;
14354;
4206;
3561;
9652;
15045;
2063;
9966;
(13704,14673);
(((4241,6878),(1330,2835)),((5571,8156),(5656,8423)));
(3483,14222);
8180;
2884;
7219;
7430;
10953;
2117;
10623;
14690;
13728;
(121,1823);
3925;
8840;
15577;
9205;
14931;
5591;
6084;
15182;
1209;
8657;
514;
8275;
7710;
15161;
2314;
5719;
7720;
12736;
4245;
11296;
14993;
13927;
(1174,2110);
11485;
5628;
2268;
3771;
1581;
13306;
(14108,14598);
2056;
11777;
14823;
6318;
(12651,(5867,13098));
7264;
8134;
11867;
12118;
7534;
12652;
13975;
15606;
10717;
7462;
4438;
8047;
10193;
508;
13515;
14880;
342;
(((1799,5170),(13524,15267)),((4349,5622),(6631,12657)));
5882;
12559;
652;
5996;
891;
8342;
11915;
6867;
6436;
39;
(1411,6533);
1847;
14840;
11898;
4995;
15132;
1039;
12837;
15382;
3508;
11009;
7669;
11902;
7971;
8286;
12730;
13059;
14407;
14359;
3138;
(8040,13974);
975;
13884;
845;
6529;
12798;
7815;
7903;
14277;
(8636,10779);
10430;
(203,15565);
3445;
(132,10648);
12068;
3397;
15369;
9918;
12357;
3429;
12779;
11875;
10772;
442;
6638;
3285;
727;
5740;
2830;
1652;
4846;
5909;
14994;
6620;
2697;
499;
7289;
(9634,(345,10336));
3317;
4698;
3095;
13482;
1849;
14695;
1984;
3177;
(1053,11313);
2797;
15438;
10895;
6647;
12527;
1037;
8671;
6366;
5347;
753;
9624;
(6871,8467);
(177,8615);
8230;
505;
7404;
11384;
10604;
10473;
2034;
13422;
2072;
3553;
5729;
5356;
12549;
4883;
12783;
4039;
15591;
(1371,4525);
10468;
(7110,11269);
2698;
3336;
10499;
(5015,12290);
9998;
3053;
8518;
13229;
740;
1312;
368;
1539;
599;
434;
(4312,13581);
2405;
4110;
15022;
14619;
3357;
((7229,9294),(13388,13919));
538;
10028;
4257;
((347,10741),(8353,15539));
7088;
8562;
(3638,10878);
14675;
11967;
14844;
(3696,(7322,10258));
4636;
7176;
8473;
5757;
7324;
10902;
1117;
7118;
4628;
5087;
8371;
10778;
1270;
3197;
14633;
10667;
12072;
14467;
11789;
9865;
151;
12561;
4226;
2892;
7155;
1896;
15499;
15139;
10544;
9025;
5708;
3094;
4712;
3062;
9278;
12286;
4425;
13709;
430;
10431;
10358;
2487;
((6155,10742),(15196,(3021,(3014,4282))));
(5287,(13095,((3528,6081),(((4754,13150),(12,4266)),(5679,11153)))));
2624;
1475;
8744;
15164;
3337;
7602;
6732;
14907;
(3649,5824);
8688;
5183;
13284;
5797;
7579;
(315,7277);
13832;
(4853,(1770,8326));
((6538,(12543,(15352,(3884,(9700,(3332,(6602,(7749,7863)))))))),(5894,(7898,12504)));
5669;
4393;
4182;
3975;
((4209,6247),(2685,6555));
15484;
2446;
9382;
(12388,15660);
((3264,5482),(3089,14625));
2766;
4199;
15135;
3503;
8533;
(629,11940);
5396;
2216;
1304;
407;
(1987,6200);
10062;
4806;
10015;
11790;
13434;
(9870,13916);
(2916,10136);
10362;
(433,14348);
2784;
7636;
2761;
(11220,15507);
8943;
7623;
14626;
(4485,13663);
(6760,7902);
(1557,10008);
13935;
14534;
7535;
(1968,9457);
6521;
12407;
9777;
2302;
12029;
2379;
15171;
(3560,6989);
5489;
2261;
8266;
9253;
4760;
9343;
(5753,13741);
10048;
8205;
1730;
2350;
11569;
3404;
7847;
12964;
(3427,10091);
7141;
1647;
7474;
9552;
(2590,11594);
10870;
6424;
14728;
6216;
9749;
8856;
7878;
88;
(10510,13900);
8049;
1709;
6931;
6939;
5514;
(107,11235);
5277;
6220;
(9040,(10722,12244));
13068;
8880;
(12724,(2908,9148));
3010;
14713;
1425;
1417;
10298;
5915;
(1508,4658);
11725;
9732;
9028;
15596;
(8784,9021);
(6970,(15558,(4980,10285)));
8176;
235;
12698;
(7315,13977);
4826;
3514;
1333;
12052;
11021;
10147;
1233;
4533;
10620;
14459;
14460;
653;
9586;
((8122,11750),(2581,3539));
12840;
4781;
10807;
10866;
8613;
2763;
8745;
15181;
8766;
2049;
4365;
7478;
14535;
1566;
(8918,((5560,12994),(9059,11965)));
2380;
14087;
10530;
536;
4908;
8062;
930;
1632;
9476;
12020;
7839;
9801;
7337;
(9177,9372);
13645;
643;
6412;
13379;
(11005,12458);
5737;
11070;
8080;
14659;
3268;
7769;
12772;
748;
(4310,7569);
5913;
13289;
14641;
1014;
13244;
14800;
2542;
2264;
5278;
834;
11932;
2077;
400;
8563;
(11312,13946);
9846;
13420;
14126;
12278;
2807;
(11511,13138);
5422;
7990;
1940;
3655;
9497;
9536;
5212;
6266;
11131;
13001;
13691;
6740;
14238;
10256;
9726;
11921;
827;
619;
1957;
7792;
8393;
1433;
9999;
1696;
14604;
(2202,15678);
2851;
423;
4006;
1343;
11173;
941;
1700;
7519;
4547;
3409;
64;
3440;
9076;
1500;
1901;
903;
10307;
4855;
(6011,13632);
8349;
14779;
2389;
13836;
3549;
9106;
(573,4234);
11785;
(1993,12812);
9941;
12517;
(1955,5752);
7255;
8386;
4352;
10861;
15230;
13474;
5300;
3046;
12123;
(9687,11539);
12895;
(13517,13552);
2810;
537;
13535;
6419;
1704;
5758;
14386;
8101;
3100;
7122;
11863;
10023;
4515;
(3542,10179);
11743;
(8587,10454);
3531;
15421;
14524;
10199;
6045;
11387;
8640;
7996;
3070;
(1796,15495);
4177;
10773;
10525;
10278;
(8,(15120,(4549,13082)));
5134;
8857;
10702;
3195;
1672;
(2414,11673);
15457;
11618;
10061;
14772;
9817;
4614;
8783;
8314;
6945;
11287;
(7376,11768);
13468;
131;
5354;
4003;
14489;
(1631,11997);
14097;
11377;
12501;
1638;
7520;
14258;
13827;
7924;
(4377,8203);
10269;
11528;
(7704,12194);
8967;
(((4879,6308),(1732,12298)),((13621,14919),(3837,11787)));
14719;
11941;
2509;
1040;
2650;
13901;
15034;
4665;
15248;
9240;
15671;
1903;
9557;
8234;
6409;
10877;
(3491,7370);
12737;
7378;
6662;
9658;
2245;
3377;
(1348,3077);
6357;
2115;
(872,9525);
14624;
15411;
7688;
13119;
14004;
8219;
6313;
14539;
14638;
(12541,13831);
7756;
(3762,14647);
792;
3389;
13374;
9959;
(4340,6211);
10283;
14496;
12268;
11731;
5652;
8662;
13771;
10621;
(13796,(4957,7515));
13166;
9125;
7466;
15207;
14978;
15140;
9776;
7197;
15557;
2462;
(8790,10966);
2425;
8484;
14545;
(6515,6839);
((((2175,4986),(2448,14940)),(4463,7113)),((3630,6281),(7512,8957)));
6236;
15255;
10536;
4924;
10417;
7485;
4548;
6848;
12752;
7227;
10271;
12703;
3494;
8913;
12296;
2967;
12269;
(1722,5748);
11853;
3322;
8538;
8241;
(10735,(13057,14308));
20;
2852;
3552;
8174;
14631;
6206;
5311;
7687;
14106;
11327;
(10909,12172);
8550;
(4024,9431);
14570;
4291;
15075;
1839;
9293;
6421;
803;
6994;
4265;
14040;
10020;
2779;
5601;
14074;
6250;
11822;
366;
6383;
7009;
2153;
11342;
5473;
8825;
12094;
(6109,14816);
3262;
9342;
14210;
(2945,11987);
(13899,(11089,15158));
5486;
(((9629,13029),(5767,10832)),((4597,5786),(2833,8559)));
12810;
15654;
3866;
967;
12578;
12330;
7153;
12635;
1735;
5845;
7080;
8215;
9760;
8310;
13729;
13739;
9373;
(8564,(7027,9632));
10444;
4271;
(8316,13055);
9121;
10871;
14733;
6911;
((2496,9405),(1683,13046));
9626;
9089;
6954;
2653;
(3824,5739);
13723;
2251;
14400;
15098;
(198,3299);
4911;
6564;
394;
2812;
239;
4967;
3930;
2282;
9146;
3830;
5562;
244;
12615;
1969;
9285;
13930;
(11597,14589);
15040;
11689;
(2660,9512);
(3184,7772);
13205;
(13142,(10715,12214));
12872;
(3609,14559);
12154;
787;
13156;
8632;
(6032,8955);
14916;
10784;
2439;
1833;
7188;
14714;
10424;
4386;
13843;
12806;
14121;
4034;
2977;
6144;
(2390,9757);
8431;
(12860,(5907,13804));
5756;
6024;
8820;
14760;
(3688,6026);
2212;
15377;
12365;
9384;
(5634,11684);
8441;
10054;
4864;
10993;
4895;
9126;
1129;
4333;
8674;
886;
3919;
12648;
12283;
1819;
5871;
(33,3586);
11726;
6692;
11069;
(7676,12588);
12977;
2565;
((3166,4838),(3474,10395));
(6242,11152);
13939;
12171;
11407;
12454;
7265;
1211;
(3992,13458);
11624;
14669;
(2608,7988);
6938;
12456;
6628;
838;
7327;
15115;
7187;
(1726,11694);
15592;
14246;
6815;
5262;
11565;
7700;
8956;
7589;
759;
10274;
5359;
12272;
12622;
5172;
9602;
11961;
1802;
9653;
2571;
15296;
12899;
9614;
11034;
10808;
11680;
3711;
2703;
11077;
9316;
(5249,13218);
1291;
4735;
588;
(5361,11345);
4376;
6637;
1252;
13545;
(856,12637);
8565;
5444;
(10461,15491);
11105;
6124;
15655;
(5024,6440);
(7066,(7026,8819));
13063;
(2079,11840);
5466;
(1356,11706);
9572;
5193;
6639;
795;
6532;
6652;
15210;
3525;
9533;
(1154,11803);
9417;
12016;
(14455,15009);
9477;
6940;
15194;
7812;
3065;
2076;
(12316,(7420,8387));
4638;
8400;
3067;
2651;
14600;
5234;
7494;
13510;
7834;
14050;
8589;
2701;
10371;
7480;
15551;
11709;
7064;
541;
4068;
11358;
3944;
2420;
8109;
15417;
134;
8038;
4622;
(5787,12498);
7738;
(2620,3966);
(6949,10312);
9529;
3082;
9551;
((4032,9492),(3037,5101));
12747;
878;
7097;
6723;
12220;
15283;
3303;
3878;
4052;
8855;
6892;
11544;
8836;
1560;
10085;
1188;
1044;
10654;
5204;
749;
7249;
15012;
13190;
6688;
1156;
3220;
1773;
5337;
10458;
6484;
(2327,10876);
1536;
1277;
55;
5419;
9281;
(2295,3616);
4728;
(2665,12847);
2725;
5386;
(6922,8542);
10540;
(5370,12520);
(3050,9453);
9902;
13624;
15380;
15041;
14442;
10049;
10800;
12482;
5398;
6577;
13033;
4400;
12063;
4419;
6888;
4793;
9082;
1011;
(8663,10524);
(5808,13795);
5889;
7501;
2836;
10090;
11013;
13872;
10420;
6006;
15487;
440;
15048;
10738;
1337;
8469;
6557;
(4914,7655);
87;
3172;
(13075,13398);
8160;
6764;
13514;
11475;
2198;
11788;
3668;
(5542,12567);
10389;
(10804,14885);
13735;
7608;
15175;
(4809,8135);
8653;
11758;
11882;
4774;
2249;
11192;
5690;
7915;
6491;
9501;
8936;
7087;
9487;
12726;
15572;
5379;
7731;
(7967,(11543,(6058,9120)));
8173;
10610;
10436;
5272;
13824;
14653;
7351;
10005;
8443;
10799;
1005;
7444;
3860;
3988;
76;
1276;
6524;
(5700,(3984,6508));
(13611,15359);
9800;
6030;
9628;
11425;
4233;
8175;
306;
6678;
(7428,10498);
12612;
3707;
(1505,5500);
9118;
(2210,(7363,13983));
3615;
11348;
4511;
3325;
1181;
14793;
9656;
3176;
(7317,9423);
3448;
3690;
12160;
12367;
7694;
14979;
1653;
13957;
3914;
1547;
11707;
3371;
15134;
9178;
6121;
6587;
12263;
7912;
(2670,11090);
8669;
(7276,11924);
14797;
7398;
15589;
11621;
5722;
5074;
5456;
6629;
14237;
6434;
3922;
1556;
5275;
15152;
1979;
14293;
7008;
(3532,8961);
13891;
6847;
7495;
6359;
7992;
13378;
12610;
9444;
1487;
4985;
553;
7819;
13010;
9184;
4695;
(43,14853);
7071;
6625;
4306;
1194;
911;
304;
14369;
1546;
4509;
(4299,(1442,14085));
7629;
5161;
12694;
15346;
6254;
8765;
15015;
14427;
638;
12797;
11870;
659;
6726;
4822;
3035;
4366;
4021;
6907;
(7889,14523);
14765;
6541;
2657;
14556;
15023;
(7283,8025);
(1643,11010);
6999;
(2047,8630);
7043;
(3249,7355);
3841;
9302;
13895;
14780;
4218;
11411;
12503;
6560;
1494;
9023;
14968;
14307;
4530;
3965;
1975;
6569;
6914;
(1808,9286);
(8482,13278);
8392;
15008;
(7880,15563);
(8279,9965);
11871;
12954;
1602;
13758;
8682;
8232;
(4112,12538);
6459;
(3659,5838);
9855;
6270;
1404;
12603;
13200;
6586;
6944;
1642;
12930;
13078;
12002;
1972;
10035;
3085;
11581;
3706;
9290;
916;
4042;
15442;
8264;
13548;
12512;
14629;
7672;
14104;
9788;
7135;
11919;
2799;
13543;
4146;
3859;
15067;
12098;
3396;
4538;
5999;
40;
7728;
5353;
8848;
6872;
(1813,(9325,9829));
(1017,15666);
(910,7000);
9796;
7831;
15110;
9418;
266;
15202;
9291;
12523;
5641;
13326;
4488;
10710;
13329;
13003;
4190;
6915;
6312;
9142;
4686;
11798;
14397;
1373;
(10161,12124);
12689;
11532;
14424;
14;
13091;
500;
8850;
(4220,7793);
5684;
10762;
12429;
9456;
14457;
9038;
10471;
9994;
14599;
10151;
369;
9488;
7152;
(13249,(3112,11267));
((8015,13911),(1245,4772));
5404;
3069;
10859;
14265;
13096;
((4106,13522),(1512,14541));
6180;
6414;
(602,(1435,5439));
1578;
9702;
(10419,14114);
((7826,14785),(8090,14418));
4692;
(3603,14122);
3105;
622;
2348;
3420;
7058;
2306;
10625;
1535;
4467;
11644;
(4075,9472);
3635;
3804;
(3043,(9011,15142));
10253;
11241;
4254;
4964;
10208;
14454;
14590;
1759;
15545;
7552;
2502;
2237;
10019;
7539;
7045;
410;
7180;
11414;
10330;
(4577,13384);
7530;
867;
14763;
7963;
5727;
7481;
9841;
4124;
632;
6423;
5644;
15324;
1977;
9714;
11310;
12979;
5018;
(2217,8416);
14043;
12431;
10126;
(4803,8933);
12369;
7447;
8526;
9201;
5240;
44;
15521;
4887;
2424;
15653;
9867;
3719;
7558;
7323;
466;
719;
(3786,6237);
11576;
14360;
1620;
12451;
854;
9198;
5029;
1790;
11577;
7753;
3604;
8548;
3450;
1537;
12324;
7595;
9730;
6015;
11304;
10656;
(1787,15619);
12373;
1845;
13966;
8803;
2557;
5079;
12246;
11363;
11421;
10587;
11847;
13657;
3128;
6191;
12239;
(2435,6243);
1460;
(10422,15300);
(14485,(12401,13335));
10494;
11557;
568;
4038;
8952;
10379;
4808;
8483;
3198;
2301;
15475;
14918;
8082;
7178;
2941;
5677;
(11914,(6787,7293));
13328;
3295;
13165;
13553;
8802;
(4404,14102);
(6330,15423);
(2328,(11038,11781));
6813;
10132;
11268;
4818;
6075;
6747;
6319;
2050;
14573;
10843;
6713;
4329;
13801;
7300;
13086;
5523;
4431;
15459;
11616;
6695;
10137;
5132;
6391;
1965;
3459;
7527;
1229;
12727;
3653;
2010;
11002;
3803;
(1962,(3196,8785));
9738;
(4402,8440);
5035;
3305;
13255;
4114;
2344;
1189;
380;
2441;
2567;
14208;
1569;
6496;
3001;
6017;
447;
8107;
7633;
3589;
11905;
462;
5897;
12322;
9133;
6947;
3501;
(10226,(1342,13798));
14711;
9940;
12380;
(5868,10152);
(7057,14607);
432;
14875;
7082;
2543;
9942;
9234;
4374;
9232;
6961;
14953;
4452;
2206;
8752;
7419;
12012;
9722;
(1525,2255);
3442;
5978;
14808;
14836;
10632;
1974;
10521;
12258;
11842;
15574;
791;
10129;
3751;
5294;
(2686,5586);
6345;
9480;
12470;
14392;
4537;
9985;
6767;
8858;
9377;
8619;
3596;
7783;
3805;
5163;
12096;
(12113,13917);
7554;
8606;
(3789,11326);
1214;
8924;
393;
(7336,8404);
14069;
(455,4407);
7682;
9869;
11146;
14252;
1748;
7291;
12414;
13848;
591;
3411;
12394;
7177;
9267;
10765;
(5747,7926);
4401;
15303;
(41,5898);
9400;
9260;
13193;
6691;
1186;
14915;
15639;
4229;
(7689,11828);
(7186,(8124,(513,14382)));
8008;
10737;
(5705,(13122,14339));
11984;
3709;
13226;
13953;
(2456,((6213,8213),(7248,14216)));
13491;
14259;
4734;
11139;
12105;
12252;
9878;
9194;
15166;
14501;
13490;
14958;
8291;
1272;
4866;
10660;
13594;
1924;
11457;
13234;
14671;
5558;
6912;
2898;
1439;
15212;
7737;
5241;
9199;
12565;
1081;
7550;
4249;
12792;
(1810,5534);
2353;
10858;
15103;
(391,6343);
7451;
(3493,13389);
10227;
8197;
13876;
(3005,9067);
6186;
1624;
4389;
13880;
9288;
14497;
1250;
3277;
6685;
7184;
1797;
(6426,6728);
4242;
1232;
9787;
1097;
12142;
14118;
13015;
(2332,(11946,12192));
(1215,11797);
357;
3418;
8713;
9304;
10113;
12776;
11641;
1222;
743;
2858;
(6469,(12483,14699));
5485;
10427;
1750;
8976;
(2838,3376);
5095;
4155;
(10637,12032);
(4869,(2012,13017));
1171;
14908;
7699;
7576;
6107;
14609;
10663;
(2154,3120);
12795;
6118;
12609;
2832;
7692;
2080;
902;
12681;
970;
12100;
4348;
6738;
11102;
7191;
6514;
8334;
14357;
1807;
14082;
(11440,12452);
786;
8831;
(2403,14113);
6437;
6582;
11956;
8228;
5526;
6633;
(1419,4416);
5723;
6410;
4854;
15362;
14786;
1818;
3663;
14300;
3964;
8599;
9929;
5148;
(9090,10996);
774;
12619;
4542;
14773;
7950;
5144;
8703;
8178;
11679;
10073;
11686;
5305;
(8311,(10217,12765));
14355;
2138;
10941;
1002;
7106;
5699;
3673;
(4288,14988);
5627;
8788;
9532;
918;
(2897,15063);
386;
6322;
10176;
2681;
11890;
(11316,12852);
6246;
3991;
14893;
1164;
15229;
8214;
9381;
(10639,13823);
681;
10833;
4153;
15467;
((4313,9576),(2135,6070));
2147;
14151;
7386;
1391;
5694;
10305;
15144;
(1227,15191);
2259;
15681;
2190;
948;
12254;
9151;
644;
1123;
15541;
11911;
11438;
(3467,9458);
9379;
8534;
14174;
5873;
6275;
4126;
14492;
15599;
6611;
(3358,7862);
11930;
2178;
9958;
15610;
10021;
5226;
1106;
8354;
5594;
8776;
9708;
(4650,4785);
9020;
9292;
5945;
8120;
15183;
2450;
13533;
(15070,(12399,(4888,14403)));
4635;
3135;
10923;
15261;
1542;
(640,1070);
10057;
8383;
(8463,9496);
12148;
7344;
5230;
12106;
10255;
9481;
(4724,12552);
7215;
11121;
11937;
15080;
14595;
6995;
(4595,6708);
4255;
7126;
3920;
3512;
13979;
981;
6401;
13222;
152;
11721;
15622;
13948;
4210;
3144;
13321;
6086;
12212;
15344;
265;
3681;
284;
7954;
1474;
2823;
7781;
4750;
(2984,8875);
251;
14038;
(7037,12132);
7012;
6430;
10369;
(1430,13525);
15351;
1751;
5811;
4677;
2054;
4844;
6157;
11958;
8472;
2612;
10459;
6700;
3227;
11592;
10426;
5891;
(9840,9853);
4473;
6185;
2655;
7167;
15275;
2859;
14561;
(15122,(2171,13822));
12225;
11179;
11401;
9024;
8939;
12449;
3986;
9083;
4455;
8822;
(3127,12826);
2641;
1967;
5093;
3716;
(12162,14578);
5462;
8557;
5366;
15474;
13997;
14639;
(11796,(4060,9899));
14125;
11835;
9231;
(6394,8201);
14076;
1616;
3901;
12304;
6702;
1483;
2020;
6933;
(15104,(10268,11302));
13530;
7868;
(3645,4067);
6885;
14761;
2104;
13748;
5028;
7931;
11188;
9753;
5348;
9161;
5854;
12582;
10446;
6252;
5515;
(978,9200);
4522;
13931;
5667;
6870;
8960;
14260;
1289;
(1176,9320);
15245;
683;
3955;
1674;
7956;
10045;
10249;
561;
4083;
933;
14468;
10013;
13463;
8701;
12830;
(6462,10970);
1190;
1022;
12033;
(666,13130);
864;
14219;
2718;
14450;
10356;
10948;
(8226,13062);
5608;
14199;
6245;
1699;
7458;
7441;
(1838,9388);
5122;
8728;
871;
2331;
713;
10296;
(3439,15059);
11683;
11321;
4017;
13067;
2521;
5211;
2355;
297;
4123;
4556;
12264;
8375;
1052;
12343;
2109;
13724;
685;
(328,10059);
13302;
15422;
(5754,(7306,8580));
2033;
5072;
1310;
(12007,12397);
8747;
13488;
(1739,2345);
3827;
726;
12800;
8345;
4880;
1506;
9964;
4631;
7169;
10221;
(3575,5606);
(1099,7981);
8186;
277;
15434;
9603;
9162;
6763;
6347;
10339;
(4334,6522);
5056;
11450;
6282;
7484;
10002;
4746;
14007;
7800;
11278;
709;
3203;
10409;
4714;
7866;
11383;
6435;
9762;
(13706,15173);
15131;
15614;
14716;
12137;
2747;
2399;
14031;
14292;
14440;
3052;
(8414,8535);
12642;
(1041,13303);
((8545,(7849,10418)),(2664,12636));
9173;
4664;
804;
13206;
2631;
5631;
4281;
1146;
14783;
734;
9448;
(((493,9665),(5651,9010)),(9322,(3478,(12786,15156))));
1217;
10730;
2323;
5783;
12624;
5925;
(1362,14294);
(9619,(2656,8064));
1169;
1843;
13944;
(7131,11559);
(13071,(312,1738));
5763;
4411;
258;
6594;
3407;
7684;
7652;
2635;
11042;
14557;
57;
1150;
13538;
(10501,(7260,9306));
15356;
1621;
14408;
14203;
9130;
(4355,14740);
13642;
4711;
(1554,1925);
(8608,11280);
4221;
2559;
7644;
11755;
10294;
(2710,9954);
14338;
12880;
8511;
2149;
14512;
1132;
14229;
12338;
7763;
8076;
3634;
(2289,13852);
4102;
15121;
9145;
11888;
10405;
6539;
14999;
8761;
4713;
10678;
10988;
8210;
9778;
8287;
10070;
1595;
2544;
14965;
2300;
4786;
(6090,(11916,12939));
7734;
10548;
9363;
2578;
11631;
4748;
11205;
10516;
983;
10703;
(6835,(12287,15448));
3300;
5481;
1020;
5214;
(5821,10286);
2758;
7392;
(8398,14089);
6542;
9009;
3302;
12532;
7109;
13807;
15525;
4727;
10912;
15056;
7893;
1905;
9876;
7870;
(9871,12076);
5973;
197;
10851;
8900;
15250;
11501;
11143;
14261;
10736;
(1325,11886);
11593;
8879;
3349;
768;
956;
10039;
(2427,14640);
6966;
6013;
1698;
7035;
6921;
14712;
7377;
2547;
6889;
13395;
(598,2498);
6661;
14745;
14030;
11202;
((10134,(6992,13161)),(11669,14419));
8299;
13575;
14319;
4671;
744;
5209;
367;
10880;
7089;
(1472,9524);
11791;
10798;
4293;
8465;
(3823,5082);
7217;
(4870,11705);
408;
8417;
11307;
3721;
7949;
15033;
15000;
1509;
(9939,15425);
12626;
656;
15446;
3356;
4414;
(2284,5565);
13889;
9882;
12855;
2943;
11369;
2735;
5229;
((8698,(11477,13937)),(10611,((10696,14209),((270,4135),(832,(2457,10279))))));
3608;
12108;
2165;
8568;
2445;
7198;
8435;
9144;
(5509,8631);
9530;
927;
(2930,11064);
(1210,(12413,12787));
14367;
2739;
8779;
(1055,10267);
12845;
15568;
(476,9733);
939;
((4290,15159),(228,7813));
8479;
4876;
12551;
(1151,1951);
10380;
6205;
(9318,14321);
13077;
2092;
436;
10613;
8253;
4644;
13731;
2647;
12097;
(6470,8270);
10300;
14588;
4920;
(6819,9416);
2950;
4801;
4976;
1835;
2437;
8767;
9679;
8583;
9008;
(8103,13756);
6226;
4231;
10675;
14381;
1577;
5266;
4475;
232;
11568;
5775;
9723;
4092;
5578;
4640;
741;
6021;
127;
231;
15435;
13436;
12683;
15246;
4566;
7078;
8617;
5950;
3785;
1673;
7856;
(9980,13256);
4046;
((826,11277),(6837,14417));
(7321,10076);
15226;
5280;
1692;
1856;
12755;
9460;
4070;
(2753,5645);
4618;
12041;
7964;
11727;
5270;
(6363,6441);
3471;
14449;
15502;
10937;
12360;
849;
11883;
8493;
15636;
8670;
1448;
9049;
13769;
2856;
4167;
3348;
4928;
3928;
(1140,10990);
14236;
6249;
9892;
6657;
1162;
8206;
1087;
14452;
15397;
11110;
(3578,12718);
6710;
4019;
(12542,14746);
7471;
9420;
6398;
10961;
4469;
14634;
7553;
2828;
2191;
15419;
3194;
6694;
15389;
3235;
9505;
15607;
(2706,14157);
6152;
7983;
13981;
3480;
7873;
2903;
2965;
9470;
6351;
1623;
5665;
(2530,9455);
7920;
9721;
3304;
651;
12345;
8358;
7747;
9896;
8655;
10968;
8609;
13792;
1584;
(5825,13952);
12095;
(631,14560);
6291;
8106;
8438;
2118;
14179;
5788;
6009;
(3444,9055);
(12834,12882);
(13962,(10237,14980));
8612;
10111;
12411;
7246;
7001;
4013;
11533;
10957;
8095;
9156;
13025;
3905;
13780;
11272;
2529;
6022;
(5094,6479);
6244;
12592;
4923;
2720;
15281;
7905;
12802;
11952;
10709;
(7234,9856);
10976;
(5745,(4498,5689));
3384;
7810;
6046;
4219;
8584;
12778;
(12980,(484,12993));
70;
(5908,8888);
5733;
11542;
14860;
4949;
13867;
(7511,14630);
472;
3952;
3006;
9473;
14225;
15360;
9127;
6202;
12237;
(5052,9197);
2813;
8932;
3147;
10211;
(2467,(9204,(8048,10506)));
(1980,14550);
13266;
11480;
12260;
9566;
10047;
5538;
11284;
11497;
4079;
2415;
8859;
5532;
13253;
15277;
7298;
(3109,11979);
4778;
1184;
5175;
10318;
(2022,5107);
8514;
8328;
13023;
63;
7343;
8649;
3588;
1891;
11263;
7345;
14822;
9001;
9507;
8204;
10260;
1548;
13455;
4591;
6849;
2815;
1510;
13103;
4894;
4212;
(12169,13439);
104;
6399;
9930;
13155;
10829;
11508;
3714;
1878;
8694;
2134;
(1095,(6836,14013));
3565;
3580;
8945;
(8239,15169);
13528;
5064;
12526;
388;
(4101,13667);
829;
(14142,(3888,8306));
3911;
3026;
10711;
1197;
2862;
(6110,11325);
533;
8751;
14469;
6893;
299;
(3000,8259);
13643;
14356;
11964;
11562;
12184;
2743;
12332;
2729;
12391;
14917;
1318;
5371;
6696;
(11182,(3171,8756));
13457;
10646;
6920;
8163;
11752;
15634;
5194;
2317;
6802;
2633;
4653;
8595;
1251;
9952;
3130;
7755;
(7661,15301);
(7773,11101);
9862;
8686;
12158;
(1912,5691);
13846;
660;
703;
(7280,11461);
4890;
14983;
14896;
9595;
376;
12602;
(11558,(5794,11873));
5027;
5164;
6294;
7259;
(1402,11943);
5205;
2218;
9351;
7499;
10017;
5599;
5217;
(10608,15615);
13100;
10740;
3836;
2933;
2288;
1898;
11801;
392;
8003;
215;
8094;
1278;
997;
4315;
13447;
7454;
9935;
13938;
13936;
11547;
3536;
4909;
77;
4025;
6812;
(12101,12682);
9812;
1370;
(5886,13865);
13903;
6583;
6223;
9093;
14798;
12573;
7951;
13280;
1485;
5106;
13860;
7144;
5197;
3441;
775;
38;
(5969,(10939,12892));
(11664,12804);
6770;
14909;
(6935,(4795,(4955,9154)));
6530;
15630;
14906;
5423;
13790;
10677;
(4685,4782);
12793;
1478;
1057;
2517;
12362;
8509;
3211;
2969;
8408;
7557;
9364;
3436;
14202;
8267;
14888;
12595;
12616;
3936;
6005;
1338;
10665;
9430;
6941;
1134;
(4148,5326);
12230;
6793;
(331,4091);
15536;
1655;
10201;
11660;
4536;
8367;
2714;
5738;
15190;
12557;
14945;
5704;
6918;
1771;
10849;
8697;
8676;
112;
4651;
7371;
3567;
379;
1648;
13347;
2220;
3921;
10650;
9989;
7285;
(1165,11667);
12402;
2814;
14228;
6057;
771;
5839;
(10159,(5649,6382));
(9893,12418);
11639;
3216;
2505;
11717;
2160;
11159;
6976;
316;
13087;
3028;
11628;
4587;
((13963,15588),(1952,11774));
13854;
13777;
5761;
2381;
3044;
4617;
12366;
6517;
2546;
10004;
13;
(11286,15016);
13331;
14813;
2150;
6859;
(4999,9223);
543;
8323;
(3117,10796);
990;
1800;
7173;
13864;
5401;
14441;
9691;
12038;
11252;
4799;
4683;
11468;
697;
7717;
11247;
12630;
6442;
9465;
10551;
15430;
15168;
1498;
1196;
590;
592;
(6666,12900);
6908;
1092;
3051;
308;
11249;
(1736,2499);
6108;
15031;
7024;
14428;
5985;
1168;
2241;
150;
7801;
9710;
2093;
(9467,13361);
2886;
7874;
2847;
(612,5127);
14807;
1753;
11409;
8246;
12204;
(8302,14555);
4674;
3511;
10904;
(4720,4963);
11715;
708;
4008;
3312;
(1093,(137,2428));
11281;
11747;
5549;
(8221,12021);
14156;
12288;
14872;
9103;
2539;
13070;
12000;
7483;
11270;
(4691,11240);
6545;
10669;
9953;
4330;
8891;
12396;
2775;
6659;
696;
2145;
4050;
8817;
7752;
9233;
11541;
14447;
(9770,11880);
15130;
6310;
8357;
5681;
844;
(1452,14137);
4373;
11375;
3697;
11738;
7299;
5527;
9098;
4357;
12093;
8112;
506;
(((769,2107),(1668,15672)),(13508,(2260,5247)));
8290;
12232;
8118;
9370;
9574;
(2917,3481);
11811;
8303;
10247;
((5355,5917),((4462,8722),(5329,5923)));
8084;
4354;
15233;
13653;
5078;
7095;
14205;
3367;
5616;
12406;
10960;
7011;
14950;
13101;
2495;
(3156,6379);
737;
12459;
15667;
13750;
885;
14299;
12176;
11174;
11018;
6536;
1504;
11491;
13000;
5828;
9926;
4917;
4944;
5827;
8347;
(122,(7161,(3121,11187)));
2412;
6906;
3769;
554;
6737;
11564;
10753;
1629;
(13356,(11608,(1179,4133)));
5034;
(3379,9209);
3839;
14182;
(8089,15531);
9214;
12716;
12670;
14835;
7627;
13157;
3947;
3327;
10235;
14433;
7929;
5697;
7062;
(7958,(12768,(2367,2748)));
2992;
8418;
985;
5650;
14655;
14894;
8331;
15089;
6913;
511;
618;
72;
15319;
12494;
8293;
1351;
11851;
5693;
8046;
4684;
4539;
5324;
(1660,4216);
(1922,4710);
15035;
13213;
2356;
2114;
523;
15564;
9785;
3788;
5152;
4688;
11697;
14105;
7268;
3393;
6235;
13416;
10734;
4103;
9274;
13116;
8575;
164;
2400;
949;
9567;
((1798,9129),(6950,7352));
9383;
180;
10272;
4369;
12788;
11773;
10776;
13338;
8319;
2639;
431;
(883,4214);
399;
5590;
(525,(4294,12914));
(10543,15051);
4260;
(7854,9494);
26;
6188;
8350;
11612;
6384;
13558;
335;
3380;
110;
9903;
3008;
9490;
12524;
11968;
9301;
2184;
2091;
4066;
8278;
2067;
7789;
10088;
13647;
8573;
7886;
14741;
8456;
2278;
10486;
102;
4645;
427;
4;
13274;
8216;
5425;
12472;
8031;
2148;
9037;
12030;
7457;
10115;
13203;
(10628,14855);
9435;
4131;
11567;
5714;
12004;
(1959,6417);
(6020,14099);
2877;
7270;
10138;
3466;
942;
10407;
((8800,9556),(8549,12873));
319;
11580;
2772;
9790;
(2404,(5389,10845));
10477;
8147;
10438;
(11682,14726);
8806;
9056;
2708;
9163;
2910;
11080;
(2625,4262);
8867;
(15455,(6117,(4959,5710)));
15090;
8474;
14211;
614;
225;
13721;
11554;
15620;
12153;
5403;
8419;
807;
(3861,6068);
(661,13184);
14103;
14517;
5683;
(13423,15036);
15209;
56;
(5033,14997);
5963;
(10576,12584);
9885;
10914;
8020;
(6329,6562);
717;
11474;
6160;
586;
7993;
7091;
14678;
11810;
10935;
5454;
7621;
14273;
13601;
9255;
(13424,15086);
10899;
(11917,11935);
15559;
4016;
8190;
7887;
859;
9875;
(7498,14749);
5004;
(5440,12531);
290;
9168;
195;
11626;
7241;
2463;
(2594,7021);
13245;
(3424,(940,3768));
12516;
5057;
1246;
10995;
11900;
2504;
4978;
12888;
12371;
4569;
8149;
1242;
(6772,10228);
7906;
6658;
6260;
12944;
14015;
922;
12715;
12937;
10480;
943;
15443;
2007;
3061;
13673;
14925;
3918;
1240;
9569;
(13241,(4166,13351));
327;
3155;
11231;
6537;
2003;
(9248,(6238,(15133,15625)));
4228;
790;
3472;
3941;
15180;
1585;
6563;
12876;
15471;
((6807,10087),(1640,3414));
2889;
8710;
10716;
(8138,9138);
8678;
1772;
10873;
6850;
8571;
8705;
1094;
11258;
(5507,(10186,11415));
(641,3847);
7653;
9101;
4603;
(13041,15100);
9188;
11396;
(5626,11710);
(1727,9250);
593;
6971;
5358;
4493;
279;
11058;
1256;
13838;
6720;
7581;
(2442,13290);
4575;
167;
9401;
12203;
5992;
((14158,14663),(10341,11693));
(9585,(892,14574));
14488;
2086;
13352;
4953;
12868;
1817;
11218;
5342;
(3765,13026);
5790;
14287;
11678;
8446;
9324;
73;
9549;
7617;
2194;
14232;
2481;
2233;
2951;
(5504,14791);
148;
(4028,13406);
344;
4945;
(10887,((14027,(12448,12739)),(3486,6571)));
2196;
11429;
9258;
6283;
14637;
5187;
6450;
(4830,10940);
4580;
4788;
12463;
15028;
13797;
12307;
4863;
1409;
13890;
(10139,13487);
1064;
(1867,3308);
(1930,13168);
15129;
7133;
13131;
3261;
8337;
10922;
365;
(206,10481);
15112;
(1434,2618);
11904;
4563;
6050;
249;
9934;
14926;
9883;
6876;
15236;
4850;
5570;
7846;
1601;
11336;
6742;
(10007,15064);
2615;
535;
(4332,7208);
2940;
8300;
2798;
(3658,8356);
597;
3205;
12067;
5672;
945;
7042;
14389;
2101;
6977;
8091;
8832;
1311;
5595;
(3763,(7701,9641));
3245;
13004;
1145;
2564;
15407;
7705;
(7609,11505);
13084;
2985;
7709;
6761;
10569;
(5256,5518);
9366;
6145;
7642;
7934;
5333;
13635;
5455;
4158;
13840;
15479;
7287;
1072;
(8700,15198);
1305;
6102;
11046;
(3287,12031);
12710;
1316;
(7394,14677);
3895;
5980;
15143;
7138;
11503;
15149;
1216;
10465;
7393;
9317;
10969;
(4766,9183);
(9799,12741);
14036;
9699;
12037;
7039;
15124;
6370;
9102;
12017;
14612;
13688;
4521;
14649;
4280;
4821;
9228;
8946;
13902;
9349;
11800;
(2073,3139);
13191;
(13464,15323);
3432;
10554;
6457;
2298;
613;
13578;
1694;
426;
(8908,9491);
11966;
9167;
13415;
1263;
4115;
9835;
12801;
2954;
1254;
1583;
9982;
5316;
10456;
7013;
(7548,(12529,(1208,(6881,(4933,5535)))));
575;
4586;
(199,(636,(2423,7943)));
3458;
8621;
12250;
(15335,(3671,7654));
5030;
9573;
8675;
(11910,15119);
11008;
12245;
14466;
13164;
11011;
(14045,(2568,13350));
5003;
5151;
7556;
81;
4768;
2935;
13893;
6755;
6268;
(9330,14095);
8406;
12010;
11136;
15638;
3457;
10907;
(3278,5201);
11117;
1033;
4448;
6386;
3699;
12275;
12216;
10391;
1443;
9328;
11355;
10831;
459;
7231;
3188;
6701;
10425;
2030;
12358;
8388;
(6566,15006);
2551;
9482;
13837;
12209;
13113;
457;
(2991,3388);
(5390,9068);
11605;
14718;
14255;
11271;
(4747,5141);
3679;
4397;
(7145,(2489,3335));
12361;
11035;
8865;
12617;
3428;
13419;
12109;
7649;
8360;
9772;
9650;
1717;
13717;
(14734,15317);
8305;
13588;
10682;
2397;
14750;
4700;
12568;
348;
8115;
5200;
11805;
6826;
10780;
7632;
4929;
4877;
(3041,14955);
5829;
11841;
9712;
18;
2524;
6875;
9858;
11839;
969;
2070;
13139;
4347;
15642;
8325;
888;
12328;
(3544,12997);
6446;
11529;
1142;
2843;
15590;
7059;
2455;
7496;
14234;
13874;
14107;
13127;
698;
(6143,(6988,(4552,12144)));
11215;
(4729,(6526,14951));
3426;
(4026,11113);
10041;
4901;
15517;
1118;
14123;
13080;
(9352,(281,13210));
9640;
(1429,1715);
(3063,6000);
9906;
6648;
6112;
2460;
13877;
5086;
5809;
15485;
8476;
10875;
8829;
7670;
(3643,9633);
1774;
7612;
(135,1758);
8941;
14850;
8973;
1059;
12704;
10156;
3757;
(1258,7383);
(3592,(6083,12089));
(378,2740);
1842;
1775;
2293;
12922;
3652;
6168;
11004;
9051;
4571;
2994;
(91,8401);
3960;
3406;
1889;
520;
5427;
3672;
5075;
475;
(4694,13786);
214;
5274;
2028;
517;
12684;
10936;
7426;
10014;
608;
12870;
(8132,(3119,6828));
6036;
7774;
9583;
852;
(6120,9916);
8000;
8374;
1641;
5054;
12521;
(7580,8004);
428;
15358;
8680;
14288;
3766;
8225;
(2654,(5717,13293));
10197;
15311;
5966;
10567;
11736;
4472;
9217;
526;
13898;
4540;
7533;
14957;
4892;
2980;
3715;
14295;
578;
5198;
(3515,14010);
503;
12821;
13921;
2723;
8432;
14394;
(6501,13918);
3164;
3639;
4076;
11232;
15137;
1782;
4150;
8971;
11553;
2872;
8914;
14516;
5958;
11601;
1917;
5441;
10631;
1166;
7467;
5320;
3048;
3192;
2162;
4316;
4251;
1561;
9794;
(5158,8641);
12213;
5579;
(1225,10666);
1697;
12949;
13531;
7596;
10781;
3200;
(594,14166);
12933;
10562;
12155;
3583;
9900;
4317;
12601;
13221;
4598;
12687;
12466;
(5431,9006);
14967;
(5589,13270);
15468;
6683;
9442;
4440;
8308;
402;
7332;
3802;
4798;
9933;
2642;
4627;
11634;
6619;
11020;
3316;
5177;
6934;
6634;
(5059,11925);
2513;
1763;
563;
962;
(657,6371);
8732;
12151;
9399;
4005;
10016;
11134;
12995;
1495;
12375;
4974;
7716;
4620;
(1815,5336);
12674;
223;
8009;
6932;
9780;
6680;
13371;
2549;
9910;
(3883,6443);
14569;
14138;
((10945,(5282,15646)),(14766,(14143,(12600,(5582,(15376,(12164,(14837,(9269,11675)))))))));
(13170,14351);
8833;
(8133,14240);
2876;
1491;
836;
14974;
3708;
7859;
4723;
12758;
(793,1344);
8868;
11418;
(3590,12535);
13404;
(3535,6350);
1784;
(8614,14051);
(10572,14518);
10700;
1170;
(1567,4270);
10575;
12707;
8517;
3760;
9284;
13883;
2247;
13752;
7222;
7770;
5261;
2195;
6621;
8771;
9390;
9117;
(10212,10574);
634;
10306;
8896;
4394;
3092;
4319;
14117;
2214;
13219;
6655;
2696;
7232;
4185;
6923;
5609;
(9613,11000);
2303;
8593;
4865;
7991;
510;
7357;
13718;
8794;
(3933,15215);
4208;
13258;
9562;
8947;
(529,(3294,10563));
10376;
9804;
8633;
5692;
4391;
928;
12749;
1806;
(11130,(1933,14613));
14672;
5133;
13527;
8847;
10537;
12500;
4420;
10502;
12530;
5490;
9607;
5352;
7730;
1518;
2436;
(8691,9358);
11148;
15146;
(10363,14944);
1287;
4834;
4704;
4648;
3812;
3556;
(7824,(5539,14503));
4207;
8777;
(8184,(823,14664));
13984;
14284;
12182;
1895;
14754;
9215;
1177;
(3311,12301);
2172;
3210;
11551;
13500;
14313;
12941;
(13261,14511);
7727;
4919;
9565;
12502;
7100;
2447;
7952;
9836;
9811;
1192;
(5350,9486);
7937;
8335;
15078;
(4852,(12271,(8778,14032)));
(5126,(6227,12691));
(5393,11434);
2494;
15556;
4544;
7052;
11356;
12028;
5069;
10214;
11681;
14230;
8656;
999;
6397;
(8336,14722);
7639;
14279;
((2418,4513),(13393,14942));
13051;
7987;
12313;
4958;
7568;
12671;
2857;
6044;
6388;
11536;
13954;
7221;
9904;
13947;
9955;
5912;
11762;
10664;
2791;
9987;
(2330,14020);
11535;
4756;
2140;
8351;
6052;
12404;
6041;
4179;
11164;
(3167,8050);
(3462,6499);
7086;
8252;
2349;
9246;
(8996,12756);
2900;
6894;
13926;
7311;
14057;
2279;
4345;
3181;
2376;
14729;
13602;
12604;
10183;
1705;
993;
11761;
11994;
12754;
5150;
9404;
4328;
5016;
12121;
924;
10215;
9908;
13511;
7329;
200;
8666;
4656;
13466;
1681;
4147;
(986,(8543,(12074,(5736,5760))));
1346;
6106;
3087;
9555;
11380;
992;
1219;
11065;
7984;
7032;
11651;
11452;
(5306,6193);
14866;
1795;
4222;
11032;
5002;
2842;
((5210,12178),(3882,(10624,15068)));
7942;
2671;
1423;
11951;
9122;
1809;
(6948,9582);
9894;
5063;
9034;
2525;
(11335,13225);
11981;
991;
4392;
7524;
3754;
(275,9398);
7093;
8999;
11451;
(12024,15321);
10411;
6153;
5303;
4489;
11928;
8285;
7675;
6777;
9579;
5357;
5976;
(3893,11041);
712;
3433;
(14366,14723);
7507;
(13259,15403);
313;
1340;
7803;
4072;
9116;
11687;
15273;
11427;
4248;
11945;
9160;
14131;
11730;
(6833,(1303,15350));
7030;
12513;
13905;
15584;
1458;
(12378,13579);
((256,(14668,(5632,10770))),(5858,9554));
9751;
8692;
9769;
13915;
3761;
(8789,14023);
7304;
6636;
190;
5952;
12323;
5574;
10583;
6886;
9717;
10585;
1684;
7166;
2545;
4763;
(10605,14446);
12496;
6669;
6554;
12318;
7875;
(2875,5846);
4882;
14682;
926;
8427;
1574;
10952;
(900,10470);
4779;
15126;
5239;
12774;
15232;
((1461,5449),(5782,15454));
(3870,6748);
8056;
7168;
7070;
6096;
12875;
(1743,4122);
5547;
12207;
13333;
6513;
7965;
7551;
10545;
(5328,8878);
11430;
7288;
14618;
9564;
13263;
(12534,13264);
3983;
3403;
6973;
2469;
5961;
11504;
8185;
2515;
5323;
2169;
14812;
2486;
8837;
5902;
8236;
8807;
4338;
3222;
10570;
1625;
938;
(2783,(5859,14204));
5668;
645;
6774;
13932;
12891;
10898;
(5190,5990);
10194;
(5453,(2385,8742));
8763;
11537;
12161;
3880;
(2362,(1600,10263));
15251;
11023;
7679;
374;
9469;
6054;
3122;
1051;
12392;
14922;
(7930,8499);
9570;
5508;
10414;
2060;
11704;
3097;
10564;
(3917,4506);
(5180,8611);
4930;
5502;
11180;
((5009,9698),(477,13106));
6798;
8021;
10396;
1511;
8904;
687;
2103;
1308;
5265;
11216;
14796;
12923;
11264;
15478;
4384;
(2662,5235);
2674;
14621;
(8958,11157);
9992;
691;
1007;
11253;
12594;
4344;
3221;
7564;
9581;
7278;
5653;
9152;
10331;
15262;
10457;
7028;
2500;
12099;
14343;
7733;
7065;
(3364,13875);
1949;
(2531,5924);
1354;
(989,1900);
7998;
6103;
9887;
5618;
12206;
9518;
14067;
5089;
14499;
(6821,12640);
13492;
10373;
3430;
15189;
1125;
1872;
11417;
4706;
13396;
6217;
6490;
6817;
8986;
13661;
(4673,6671);
(11881,(9798,14302));
7273;
2201;
5780;
9057;
2586;
13450;
11830;
(3894,14141);
8715;
14159;
1387;
14115;
14083;
10058;
11114;
7200;
5695;
10233;
10595;
3946;
3331;
7083;
6663;
4611;
12140;
5731;
14814;
3772;
10634;
12936;
15682;
12009;
3201;
11138;
((587,1074),(5680,10135));
5540;
13819;
5458;
(8547,14056);
1468;
11349;
7199;
4188;
6228;
6482;
7435;
3454;
11228;
(4839,(10413,15170));
(3076,11003);
4129;
8453;
7729;
12202;
11394;
7429;
8280;
10040;
(2223,15375);
14491;
(1482,13228);
4529;
5862;
(10398,14399);
9771;
12342;
4987;
13612;
14376;
7427;
13107;
3134;
27;
3107;
2177;
14278;
9765;
(686,11441);
2736;
1110;
5960;
10033;
12058;
7295;
6039;
2726;
15603;
6895;
6377;
13501;
(10982,11331);
13380;
14985;
3158;
7562;
7522;
14971;
8893;
14378;
4478;
9425;
4445;
13291;
10280;
11292;
1178;
1676;
1617;
(2770,3009);
2045;
21;
8052;
12693;
(4670,(5818,9850));
13879;
6518;
12355;
109;
15071;
12035;
1367;
8616;
15393;
13572;
(136,15408);
3832;
(4527,12672);
460;
13207;
4405;
5472;
4163;
2666;
5381;
5108;
9848;
3623;
2715;
(1299,11926);
963;
893;
(4195,11405);
(1662,7331);
6535;
9345;
(54,9264);
13115;
935;
14563;
(119,4433);
(106,15633);
282;
3247;
6962;
(12667,(7933,11884));
6651;
2048;
7387;
10117;
2792;
12947;
6480;
5682;
13448;
7475;
4555;
14333;
11446;
237;
10319;
5930;
2225;
(2391,2527);
2693;
4600;
11843;
6138;
15570;
2866;
12647;
4642;
10523;
1860;
8359;
(690,10788);
5614;
8188;
3881;
8403;
11224;
7015;
((4554,6771),(10847,15587));
158;
6665;
11523;
(8567,13045);
14371;
13340;
((8189,12446),(397,(10154,(9509,(5426,7006)))));
12469;
2716;
8520;
3631;
1943;
13922;
880;
(9077,(6093,12844));
13392;
(5585,13129);
14349;
3040;
12036;
14373;
12168;
11502;
11082;
12869;
12045;
14430;
(4372,9761);
13825;
2619;
6593;
9242;
103;
14120;
2009;
243;
11492;
(866,12040);
9078;
4192;
8740;
6074;
6207;
2438;
1202;
14701;
10947;
1929;
14792;
(12224,14782);
8437;
10025;
5935;
79;
12197;
(10856,(10406,13307));
13562;
6866;
9647;
4224;
(3683,6378);
13425;
11823;
(9203,11193);
2228;
14150;
13313;
14526;
2673;
2490;
2038;
10694;
5956;
1127;
11625;
14961;
7010;
6001;
5592;
10291;
(6148,11906);
2576;
9622;
5149;
7433;
(3740,14021);
9012;
6115;
6122;
(841,5892);
2962;
11815;
13260;
14028;
674;
14606;
13591;
8475;
8065;
10125;
(2532,9412);
9644;
7033;
(1562,5841);
3099;
3637;
1619;
4841;
3025;
6104;
(1637,10670);
(3662,(11210,13561));
(130,3968);
1085;
9642;
(14644,14892);
10518;
13209;
1941;
2601;
988;
11526;
5971;
11936;
31;
4796;
1519;
13506;
5207;
8620;
7346;
5424;
1804;
3677;
1524;
5799;
4436;
13664;
11546;
8377;
11208;
(10230,13112);
12131;
8229;
4120;
11769;
7127;
4585;
10916;
1056;
15312;
(2867,(10515,14646));
11212;
15629;
7242;
5505;
12986;
1028;
3810;
15586;
559;
4297;
9088;
10018;
2025;
10067;
13471;
3534;
6500;
10874;
14181;
901;
6548;
4827;
9681;
14506;
4213;
46;
9880;
13022;
3355;
15147;
9809;
(10236,10531);
(6556,9945);
15088;
13357;
7165;
11534;
4625;
12564;
8368;
8114;
5468;
9297;
12302;
15336;
1714;
14571;
(2704,6051);
14802;
1329;
5525;
8055;
1657;
9967;
5951;
9666;
(2899,7047);
1976;
14410;
15240;
10324;
(1331,7540);
1454;
(10864,12136);
11237;
4253;
3551;
6111;
9062;
15533;
12907;
6361;
8485;
15243;
3600;
8610;
6262;
2451;
13146;
12428;
3314;
12196;
6983;
1422;
(3293,5045);
1719;
5730;
6780;
4432;
509;
1686;
10609;
5550;
1102;
4093;
1392;
10160;
(4151,11447);
8990;
10218;
9604;
6916;
1328;
2258;
6984;
2383;
6834;
3607;
9839;
6340;
4154;
527;
3032;
15228;
1126;
10959;
(8141,15661);
14387;
5881;
10560;
14053;
14218;
13143;
8192;
11107;
10046;
(12455,13387);
8624;
12515;
15178;
11714;
(5498,8781);
263;
10072;
8420;
12111;
9362;
4742;
13738;
820;
13845;
6486;
2990;
882;
4960;
9701;
9937;
12119;
7932;
(9608,12337);
12666;
8966;
7333;
2627;
4931;
5483;
8341;
7055;
(4608,13623);
13214;
10080;
(1830,10377);
7274;
976;
(1723,10733);
(3558,(11445,(9478,13211)));
6463;
11437;
(4599,11323);
1890;
12019;
3851;
14536;
5603;
2570;
11708;
751;
6230;
360;
6868;
(789,4835);
9419;
12241;
9756;
7502;
10043;
10542;
3723;
126;
11483;
14989;
(2845,8268);
2430;
14132;
(165,4615);
(7735,15427);
5295;
(9109,12785);
11053;
4045;
9113;
1401;
12248;
1540;
14250;
(2064,(4398,(4156,11829)));
(6674,14947);
13630;
1841;
15163;
4264;
8381;
1850;
8768;
(10184,14554);
8637;
((6597,10653),(3438,11467));
14283;
8296;
2727;
5420;
12405;
10671;
(7369,8570);
(8364,9141);
3641;
8882;
13386;
15378;
14285;
12005;
10374;
(7490,8974);
4762;
8594;
10077;
6561;
3363;
6368;
2139;
10743;
(8129,13437);
(2373,9897);
11913;
10571;
1301;
8815;
15381;
11573;
10327;
13818;
5140;
2562;
8895;
14251;
9639;
14481;
9890;
9612;
(504,5219);
13631;
52;
15252;
8897;
5981;
(13574,(3137,9043));
12818;
5364;
4099;
4845;
12688;
(11373,13582);
5012;
7643;
11248;
1369;
3846;
6404;
7326;
2676;
487;
6215;
62;
3230;
9517;
5060;
9091;
3759;
5529;
4081;
12134;
485;
7132;
((3093,4847),(11506,13765));
8954;
(11950,15007);
(3020,(843,9516));
12034;
1986;
7402;
4861;
12347;
(7681,12599);
13081;
15550;
2626;
11716;
8282;
6796;
3238;
2709;
(9085,13215);
8006;
9371;
7713;
2112;
(9356,13502);
15505;
11015;
10881;
1336;
7031;
4187;
7606;
5576;
(2042,12270);
14703;
9594;
8808;
8964;
9703;
4439;
9591;
268;
3656;
2270;
2683;
10428;
4730;
4663;
10229;
1999;
13778;
7948;
5332;
(480,1868);
10009;
11962;
(3654,5640);
9179;
4063;
13955;
8169;
9244;
3521;
2981;
11115;
15074;
9834;
13745;
15348;
4415;
288;
(6018,12382);
13007;
9064;
13381;
(9610,14201);
5629;
(11181,(11170,13933));
3826;
6505;
13316;
9409;
15315;
11333;
435;
9676;
2098;
8720;
4751;
10602;
3246;
9359;
(5561,(2512,6320));
7883;
359;
11615;
2016;
10335;
14336;
3540;
8821;
4378;
15560;
9655;
4491;
1124;
9742;
(14551,15265);
7651;
8921;
8873;
14883;
15043;
12959;
7656;
11858;
(172,12760);
14347;
(1576,8372);
14593;
3058;
9538;
6165;
362;
11942;
15220;
6693;
9996;
(1708,12644);
2121;
10815;
12823;
9911;
14164;
((1633,6043),(1607,2166));
729;
6040;
5826;
3972;
14269;
10288;
2410;
11837;
162;
15339;
6;
6887;
2997;
5817;
5967;
1990;
8773;
(2569,4972);
3492;
189;
3828;
7007;
3465;
7603;
5307;
14873;
14212;
10075;
8193;
(3003,8515);
10496;
5388;
6079;
13605;
15345;
((5331,10929),(14214,15004));
1294;
13365;
5495;
10721;
15053;
7072;
(3801,13411);
9659;
9241;
4715;
2081;
9070;
1659;
12885;
6301;
6150;
(4047,12046);
14055;
7900;
15469;
7999;
5979;
7195;
10270;
49;
8911;
12478;
15096;
9087;
9837;
12742;
720;
478;
(5026,15027);
4020;
9957;
2113;
(2122,10074);
11517;
1988;
4860;
1946;
10688;
2085;
14029;
745;
3628;
12632;
7148;
491;
15489;
6649;
(10747,14795);
12461;
5432;
15069;
9943;
1612;
356;
15523;
(1438,9413);
10401;
2711;
7425;
7979;
9685;
(3408,(4451,10842));
12129;
14771;
2432;
1089;
628;
2005;
11322;
5325;
11866;
14191;
224;
6967;
4204;
7054;
1062;
(12282,14936);
7382;
2919;
6558;
15364;
(907,8098);
12215;
(1613,12257);
10855;
9422;
13654;
4832;
14642;
4309;
7869;
6489;
13006;
14422;
5962;
(3243,15406);
3175;
8928;
1021;
13449;
4672;
7073;
1078;
(7156,10010);
2909;
5812;
10724;
1852;
13791;
3354;
7112;
2555;
(1882,8200);
12267;
9968;
7489;
15017;
10588;
12522;
6612;
8834;
3831;
7768;
13835;
11779;
10827;
(639,6454);
14601;
9207;
3470;
3297;
855;
7305;
5416;
(4031,5245);
9389;
7205;
12340;
2018;
(4238,15302);
7053;
1213;
5319;
1713;
15218;
98;
1096;
6576;
8812;
14337;
5921;
(783,14803);
9621;
3047;
6163;
668;
(4375,12992);
7994;
11614;
606;
(5666,6025);
7578;
5937;
3627;
10086;
12060;
((739,13671),(627,6654));
7531;
647;
13375;
2689;
322;
(2396,6749);
12107;
3564;
4074;
12150;
13759;
11156;
14136;
8096;
(6858,9972);
10892;
(1220,4794);
7213;
3838;
((4500,8944),(8770,10388));
610;
3907;
4783;
12485;
5904;
11185;
15675;
8586;
2021;
14249;
(317,11262);
10806;
(9193,14681);
((1861,3193),(15199,(6438,13761)));
14670;
9715;
1464;
4962;
9831;
5409;
13743;
4916;
7698;
(6544,13693);
10828;
13262;
(2492,(1437,12348));
15254;
13784;
1283;
14614;
5394;
2679;
4171;
6543;
2873;
12998;
(8247,11385);
11786;
14401;
2947;
11479;
1271;
(10651,15334);
12547;
10818;
10397;
4661;
15357;
3814;
4905;
(3997,10145);
11251;
7583;
59;
2724;
10385;
936;
(3334,13128);
818;
(5844,11509);
10155;
(646,7140);
3083;
10293;
10979;
3996;
15426;
5878;
13120;
5959;
10265;
7491;
4390;
6376;
13690;
1516;
12423;
4350;
6573;
6706;
2454;
(756,10238);
6616;
(7896,8677);
292;
(7549,15072);
2262;
4071;
11395;
3174;
4946;
295;
2287;
9866;
2187;
9767;
9190;
10744;
9596;
13634;
4252;
1534;
149;
3391;
(13881,(13567,13722));
10451;
2395;
3328;
2869;
7307;
4298;
3081;
205;
(10475,12277);
15618;
7061;
4410;
6824;
8529;
542;
(10655,10825);
9298;
10836;
(10978,13346);
2913;
10142;
692;
4749;
(5524,8068);
4443;
15413;
11975;
9035;
11155;
4761;
11784;
12591;
1907;
704;
6785;
10031;
12064;
15024;
5520;
4825;
1864;
14480;
15540;
881;
12486;
13456;
1408;
(7228,10351);
15038;
15544;
915;
13563;
11128;
14651;
9889;
(1716,5899);
6753;
4501;
7881;
8539;
(2409,8159);
7566;
234;
9912;
14709;
12409;
6903;
9600;
2125;
(6965,(3621,7406));
(6829,(355,13888));
7940;
6579;
2006;
2099;
3676;
6905;
(6239,10209);
3447;
(8506,(14867,(1502,4073)));
(4457,7046);
1695;
(9891,(6127,11658));
(11301,12048);
1266;
13692;
10261;
547;
6481;
1885;
(9182,12960);
321;
14946;
6840;
1555;
14039;
10879;
11250;
10143;
13507;
2008;
1297;
8985;
6253;
(1837,3646);
9026;
15082;
1825;
12057;
11410;
13038;
((8016,(7172,8502)),((5566,15396),(1237,11982)));
5019;
8102;
2318;
(7895,10084);
12443;
424;
5451;
6278;
5302;
14025;
5412;
373;
(848,15624);
14180;
1689;
8813;
15384;
(481,(2622,8525));
7434;
5613;
(14515,14643);
11344;
11712;
501;
5080;
29;
((9462,10565),(3451,11749));
4721;
2084;
3587;
4510;
14829;
2013;
12537;
(2507,3255);
10346;
9327;
1789;
(502,14704);
8449;
(9014,12071);
12199;
4237;
5512;
6783;
15309;
8327;
895;
3276;
1047;
6642;
7051;
13409;
(3790,13110);
4896;
14565;
7852;
(8462,13920);
13782;
14696;
14490;
12853;
4429;
13519;
12638;
11765;
11190;
14363;
202;
15289;
11332;
6929;
12346;
3865;
1159;
9502;
705;
15648;
(4272,14616);
6677;
11740;
10592;
14698;
(9446,11049);
1199;
1050;
(12426,(3868,5452));
604;
4811;
14817;
(5638,13850);
10933;
10603;
6474;
(621,6643);
3475;
12701;
58;
15046;
13133;
1761;
1597;
8002;
1563;
6743;
11111;
15476;
6385;
16;
12505;
(291,6882);
6406;
12135;
5259;
4450;
12084;
4279;
(3863,11524);
10867;
6284;
8937;
12506;
3718;
13646;
5058;
12085;
10659;
2644;
5260;
7796;
2185;
4843;
11732;
2548;
2127;
7685;
36;
11923;
11844;
1026;
1079;
7431;
2987;
2831;
6750;
13928;
1678;
4283;
669;
(6333,12326);
(9718,(13377,(11711,14948)));
13435;
(7092,9510);
1471;
8733;
13972;
1844;
11643;
7919;
12191;
10095;
67;
10083;
12341;
13402;
12791;
10321;
(5267,14352);
13021;
5919;
10541;
240;
7292;
4941;
12649;
13292;
7446;
15093;
6453;
10365;
12753;
6408;
15668;
7974;
7115;
13980;
576;
8804;
((2896,11122),(5814,13719));
4085;
6325;
9664;
9825;
2461;
273;
12251;
13407;
4435;
10998;
15204;
117;
15453;
(6149,10127);
2891;
10122;
14065;
10469;
15205;
6622;
6492;
4973;
919;
(5039,9611);
9408;
8554;
(3872,4385);
5171;
3362;
((7610,(1101,10636)),(2315,6065));
12889;
10924;
12149;
1989;
3027;
1300;
693;
8116;
15514;
11283;
15635;
658;
4922;
11298;
1588;
6843;
3530;
2824;
(6287,13403);
7162;
3275;
8390;
13565;
14868;
8537;
846;
13740;
1241;
9731;
14608;
10872;
14752;
10105;
3954;
9397;
13074;
2870;
4287;
873;
5284;
11983;
4351;
13858;
(1568,3727);
3513;
7848;
14426;
11341;
9725;
5115;
13694;
8338;
9587;
12525;
6261;
4893;
12280;
10133;
3225;
4117;
8750;
2031;
3624;
(3202,14939);
13970;
(3949,4087);
13250;
2819;
9636;
7074;
8634;
10533;
2745;
3370;
9174;
11257;
(11518,14579);
2759;
10944;
13309;
3693;
8907;
187;
470;
2158;
15581;
8841;
6874;
9560;
(4203,8708);
2280;
(4699,13556);
8396;
5687;
6982;
5510;
(9143,12972);
5474;
170;
12761;
(3233,9074);
3425;
174;
(5900,6804);
7493;
2365;
7605;
12460;
6413;
6292;
8081;
(10001,15428);
1894;
7750;
4089;
14276;
(2273,6568);
3241;
2482;
(2417,(7928,9615));
3252;
5051;
15266;
6315;
10848;
(8699,15515);
7760;
1027;
(8434,(11653,12897));
12205;
11118;
2346;
4130;
6332;
8030;
1334;
(1198,(9766,(11391,(735,(8032,(11198,11922))))));
10460;
9445;
6003;
10485;
6782;
3292;
(120,7741);
7254;
14510;
10242;
6125;
10168;
13005;
5804;
(671,8922);
14732;
4360;
2082;
2893;
2479;
9308;
(6963,11795);
(7560,13788);
(7829,(6458,9365));
3315;
15145;
1752;
5840;
13592;
419;
((6316,15522),(2658,(11770,14547)));
15651;
12440;
(8208,8639);
12975;
1932;
12481;
11402;
1058;
1820;
8693;
(10440,10582);
14710;
13683;
1307;
13684;
8810;
15083;
10932;
6387;
4616;
(260,5418);
2357;
13246;
(4002,10082);
(3260,(8551,13271));
(4904,(2804,9683));
207;
4657;
8111;
13065;
1067;
11273;
15463;
12925;
(3959,(1571,2955));
12075;
7927;
3573;
5998;
8774;
9265;
3713;
3160;
1658;
2960;
1368;
12499;
6623;
6823;
(6038,8852);
5910;
1024;
5257;
4682;
10761;
421;
3971;
13826;
8411;
4399;
7253;
8860;
5192;
13414;
15304;
15208;
(8877,8962);
733;
4343;
14344;
14970;
(4175,5021);
7666;
7453;
13148;
42;
3733;
14495;
(9706,(4708,5906));
(5402,11753);
11748;
13856;
2074;
9454;
12751;
10131;
1066;
5013;
9763;
12386;
6865;
5238;
(10323,12445);
1927;
7044;
(4535,7269);
129;
163;
340;
13783;
12808;
11413;
9016;
5459;
14134;
3231;
2051;
8760;
10505;
((9545,(11931,14271)),(3993,9218));
8148;
4561;
6203;
7790;
896;
15128;
5243;
(1978,13570);
7247;
(((9081,14905),(6063,9092)),(2675,6724));
(8926,12878);
12408;
272;
6088;
6167;
12971;
12201;
782;
4519;
715;
2116;
6094;
3867;
4059;
9259;
9618;
6012;
11087;
3375;
4572;
6991;
10006;
13993;
7056;
1034;
4370;
7575;
5434;
9247;
11891;
10894;
4107;
8818;
9697;
7005;
221;
15184;
4983;
5244;
1887;
11226;
3114;
2927;
10434;
12628;
9159;
6736;
11177;
5195;
9500;
(5237,8424);
(2229,(1669,1947));
(4524,15465);
6280;
4284;
8717;
2514;
488;
1875;
8126;
10812;
12894;
4576;
(10390,14759);
8028;
(4235,9609);
8516;
53;
6324;
15328;
7414;
2937;
(5803,5901);
6264;
14700;
387;
7476;
11149;
13686;
12597;
14652;
9475;
12902;
3524;
3550;
5317;
(12430,(12321,14026));
625;
14198;
15532;
9022;
(6234,14685);
7923;
4965;
10962;
10746;
965;
3015;
5657;
12049;
23;
572;
14987;
13479;
(2592,15410);
8743;
12719;
6792;
5630;
14048;
(1378,6400);
6179;
9097;
6425;
(15452,15549);
(3700,(4780,15279));
13679;
6635;
13929;
2096;
(3412,10264);
7521;
9764;
1426;
10586;
7820;
(15416,(4741,14362));
11171;
4626;
5658;
6429;
5887;
65;
(13012,13994);
(4926,8271);
12145;
15274;
9879;
(2002,5805);
3584;
(2781,15087);
6546;
2864;
3153;
6951;
6574;
777;
2360;
11630;
247;
15065;
1347;
12877;
15253;
(1113,3576);
(((8395,13199),(3686,9651)),(146,12762));
15519;
1394;
(11431,14998);
5709;
4077;
14177;
15278;
678;
(2254,9033);
7158;
15316;
7939;
8651;
7814;
4061;
((2938,10399),(11043,11309));
5941;
(6151,(2296,11234));
6072;
(10911,(15054,(4030,4902)));
12170;
7546;
13580;
10824;
12773;
15293;
8755;
2611;
6776;
2052;
650;
86;
13655;
7067;
3273;
3885;
11700;
(13227,(1201,14790));
(931,11151);
4652;
3537;
8244;
4829;
15490;
14079;
9559;
(8429,14751);
4164;
5544;
4090;
12553;
1418;
(3360,9339);
9;
10096;
3351;
13049;
14881;
7762;
3431;
10629;
5081;
10731;
8261;
2411;
11129;
4813;
10295;
6735;
10487;
(1013,11012);
6540;
14094;
(2560,7751);
11864;
10821;
10400;
3019;
8667;
15605;
(1133,10526);
(4441,15014);
2911;
11656;
(6195,(3469,(810,11772)));
9499;
12091;
(750,13753);
4302;
6852;
12317;
15092;
15643;
3547;
7267;
1381;
3281;
13576;
10955;
2904;
15486;
13539;
6805;
(11776,12436);
6082;
4335;
(3776,5446);
(7975,(5874,13325));
8953;
(3943,14434);
952;
4361;
13281;
12664;
9360;
8618;
4968;
8295;
565;
3060;
15354;
13105;
11412;
8187;
10967;
13412;
4947;
14196;
11189;
7592;
13034;
14932;
6311;
((4078,(11204,(8842,11500))),(7212,12987));
(4518,5131);
353;
1476;
5461;
2363;
7284;
5895;
12589;
11640;
9736;
10315;
5341;
10106;
10705;
(2648,5663);
4015;
(11995,15223);
9645;
11868;
9237;
13147;
2055;
15657;
10292;
(7891,9329);
(6098,7797);
8142;
5552;
(15385,15437);
11514;
1836;
14084;
12943;
114;
4054;
11168;
680;
12554;
1155;
14938;
785;
589;
3563;
1503;
7913;
(1470,5751);
1552;
12585;
7325;
7437;
4396;
13311;
12297;
13467;
6061;
(5623,14858);
1284;
7189;
9774;
2174;
12655;
6727;
6831;
9950;
10128;
2540;
3456;
1517;
9605;
920;
6896;
2982;
(8231,10787);
722;
4797;
2226;
7571;
2871;
3330;
10289;
12560;
4364;
1345;
8665;
13555;
15409;
10026;
15511;
14864;
15313;
4499;
8059;
7136;
14200;
1897;
5124;
4240;
11728;
10069;
9947;
1267;
7611;
1586;
14744;
14605;
5255;
13013;
(4359,7630);
12884;
(8428,(271,(4602,6672)));
6372;
(3473,3840);
446;
5179;
4286;
14297;
5076;
14902;
3369;
5678;
12385;
4792;
4426;
6972;
1737;
8488;
8898;
(2061,13368);
4666;
14003;
2983;
14654;
4687;
(201,7722);
3746;
8866;
15167;
7528;
(3784,14753);
987;
3773;
15604;
14830;
15451;
13295;
5970;
8254;
1558;
15602;
1666;
11603;
2734;
7282;
(714,8361);
7302;
(7218,11346);
1783;
10100;
(1523,2159);
10917;
1281;
9426;
(5635,14061);
3660;
2046;
9131;
13648;
2993;
7638;
3854;
11955;
((14000,15165),(15398,(5716,(2458,12141))));
14775;
8685;
3794;
14431;
876;
7384;
6221;
6189;
3737;
6703;
4605;
(10926,10938);
7239;
7712;
14316;
2325;
14848;
2538;
5597;
5777;
6365;
2637;
10752;
12217;
11908;
1831;
2964;
11408;
9671;
(3066,7506);
4256;
7296;
14805;
12660;
10756;
389;
13031;
3815;
7817;
809;
123;
451;
15123;
15361;
(688,14758);
14819;
9262;
7668;
3017;
8227;
1866;
15217;
5701;
2032;
4898;
10839;
7170;
(4484,14075);
13390;
((6855,12879),(11846,15111));
8823;
8297;
12434;
10597;
10950;
15674;
5155;
11314;
10661;
(6549,7373);
10607;
14762;
7014;
15227;
7918;
14096;
6902;
6285;
15626;
9326;
15141;
9017;
(10942,(3687,7040));
1636;
9540;
11291;
4232;
6584;
454;
11123;
450;
(1045,11713);
10068;
11112;
11611;
12510;
8851;
2520;
10896;
(1285,13341);
10673;
10707;
2944;
6302;
(1119,10684);
12893;
(2818,14226);
464;
7526;
14375;
3569;
5975;
96;
1749;
6873;
12447;
11739;
361;
4716;
14799;
(5273,13733);
1157;
14969;
(1840,9007);
6299;
(1320,1794);
12039;
15494;
9744;
11619;
13857;
14981;
7597;
(909,1904);
3029;
14445;
5335;
5987;
(11993,(372,11052));
2313;
2575;
10266;
9931;
1255;
12639;
10316;
(835,(8870,12208));
2321;
6883;
6048;
10071;
7314;
11337;
(13202,13859);
971;
7468;
12953;
324;
1854;
6606;
6656;
(13446,(524,2854));
10491;
6472;
4105;
2320;
5405;
14149;
9580;
7721;
(377,3307);
10141;
4250;
(5598,6880);
9315;
14448;
9523;
15641;
4573;
12190;
14482;
3734;
9711;
6465;
14475;
5696;
12908;
12966;
10392;
11892;
15404;
5318;
12415;
(13363,13976);
6943;
8281;
13649;
1321;
12566;
37;
10196;
11894;
4758;
(3381,7456);
6042;
5477;
14963;
7532;
11756;
11826;
11735;
3889;
(13989,14811);
528;
5292;
9963;
6477;
9974;
9005;
2271;
583;
12934;
1913;
15598;
8835;
14161;
7861;
(1139,2605);
12442;
5100;
1731;
5796;
13043;
(5779,8057);
10612;
12055;
10240;
6323;
11818;
2552;
6809;
15687;
14388;
(637,10205);
5413;
7523;
3074;
280;
13590;
9058;
2200;
4647;
9489;
12883;
(10032,11075);
(11290,11583);
11804;
2661;
7858;
8258;
11850;
8883;
8194;
8668;
13670;
4804;
4274;
4186;
1768;
(2059,4318);
12678;
(11996,(6801,10863));
6451;
2370;
15295;
8968;
13871;
2465;
7961;
173;
4172;
3982;
(14801,(12325,12477));
2912;
15333;
1587;
13480;
14863;
(6956,8975);
12706;
12364;
9105;
12284;
8220;
8959;
9338;
1403;
663;
13337;
9391;
11972;
15391;
8792;
10313;
4149;
14483;
9428;
10767;
4697;
8035;
15234;
8171;
3449;
4424;
(7718,13308);
11294;
3495;
((11832,15632),(5993,8202));
2692;
12680;
14257;
14927;
(6640,7029);
((6100,14747),(9616,13839));
(13520,(11814,14190));
9230;
14874;
2561;
11992;
3204;
(2470,15664);
13315;
12229;
7290;
12919;
(4142,12613);
12921;
5989;
3123;
(5503,5877);
13682;
13757;
12820;
4058;
1319;
1679;
(6444,10204);
1618;
2236;
4732;
2209;
12464;
1036;
12735;
3394;
2632;
2808;
6101;
101;
10768;
12550;
9630;
2613;
(4814,(14304,(5801,(14818,(2929,10975)))));
7263;
2785;
3319;
5884;
12757;
9563;
3913;
(6210,12173);
13503;
4049;
13472;
12015;
14667;
(4321,12069);
1541;
11834;
15322;
2246;
12996;
14022;
14340;
9854;
2464;
12228;
(14904,15665);
(10508,14937);
13509;
14014;
384;
(3359,(61,4244));
(456,2510);
((9625,12815),(4295,(6295,15331)));
1886;
(100,8604);
12350;
3806;
(2088,2939);
12696;
635;
10174;
4817;
9350;
8872;
7002;
1677;
(11158,14130);
8172;
11647;
9669;
2628;
833;
12398;
13814;
6904;
1043;
1260;
(4023,13104);
4868;
11371;
1248;
323;
5181;
111;
13102;
15388;
2204;
12331;
(9842,15415);
13220;
6679;
11050;
8729;
9627;
15466;
9743;
13641;
1163;
(776,15032);
15282;
2699;
842;
15113;
11211;
3378;
(6613,(1811,13268));
5448;
2000;
12653;
11672;
(1688,5338);
10698;
2394;
10118;
382;
2957;
7470;
10243;
3756;
12961;
8992;
3998;
7123;
13358;
1734;
5369;
2949;
10165;
7020;
10601;
((3642,12384),((10622,12047),(8127,10782)));
13037;
14568;
12043;
2181;
2646;
3819;
6456;
(3523,8915);
13711;
5097;
145;
13744;
14242;
15669;
8063;
5702;
(7096,11116);
1884;
6507;
2193;
1191;
14725;
7388;
7757;
10437;
14975;
11606;
68;
7455;
11229;
15;
6303;
14464;
6272;
6113;
2024;
8471;
5487;
10421;
3190;
9029;
8989;
13342;
2794;
10963;
5373;
11522;
8340;
15307;
12166;
(1380,11074);
(12416,14935);
10053;
74;
188;
11515;
(711,8574);
6069;
1161;
10287;
757;
9268;
(364,3248);
334;
6644;
(6137,13153);
15116;
4755;
10158;
1529;
2806;
5785;
10908;
15238;
9981;
5936;
3219;
12662;
6290;
2392;
(5286,15297);
571;
11986;
6901;
12273;
8775;
11586;
(5084,5852);
252;
(3617,(8498,11953));
9672;
14676;
1760;
14692;
5688;
(4680,15117);
(1104,2324);
1088;
13462;
8125;
13662;
8786;
(1665,13235);
8425;
(5383,13987);
8795;
14879;
2253;
8366;
3253;
(7251,11144);
557;
7529;
13863;
(2274,6686);
6483;
330;
1741;
2526;
296;
3904;
5706;
5674;
9692;
6306;
(6919,(2623,4676));
5513;
(1492,12874);
7238;
13622;
1377;
9661;
3154;
8143;
(11620,13956);
13610;
3068;
((1114,2667),(3289,4403));
6756;
11527;
2834;
6765;
6552;
11066;
11285;
(287,(5670,9254));
(10704,11462);
772;
11219;
6600;
2434;
3735;
(2333,9923);
4468;
3131;
6460;
12586;
8495;
(5430,12950);
8816;
(298,13554);
8301;
5464;
6183;
574;
15050;
3036;
6730;
(10490,11745);
8284;
6570;
10173;
8011;
11025;
6615;
4263;
14002;
13247;
14572;
10596;
8324;
(4482,7836);
1855;
14972;
10614;
12857;
9015;
12926;
15613;
13354;
11899;
6712;
13286;
14859;
(7980,11166);
10954;
5269;
2133;
5543;
(972,2731);
12193;
2285;
9535;
12984;
15387;
375;
1352;
1869;
4277;
5914;
9833;
3185;
6717;
12368;
12985;
1550;
14317;
13626;
12495;
10442;
875;
14135;
1779;
8738;
(4486,11602);
2707;
8977;
847;
14635;
14476;
1135;
14009;
3056;
6986;
13703;
8086;
14913;
5685;
1821;
5636;
15510;
8044;
1611;
257;
2800;
(1921,9920);
(7120,((5139,11820),((2968,3555),(3064,5545))));
5750;
14952;
3640;
9695;
7497;
3502;
6037;
1765;
2208;
14160;
15547;
3797;
4371;
5185;
1853;
12775;
12745;
((8672,12240),(2649,11094));
12274;
5766;
10949;
11372;
3286;
7671;
(12175,13385);
9271;
(9938,15405);
13749;
2816;
2915;
(1934,11589);
(7452,10344);
10901;
(13566,14548);
10248;
11734;
5869;
(191,1366);
5014;
12441;
15600;
5664;
11079;
6842;
10977;
10463;
5834;
13637;
(1998,(10708,(12928,12951)));
8179;
14825;
14537;
3545;
5387;
6355;
5776;
(1522,10552);
9452;
6900;
2337;
10130;
(5263,13136);
13699;
(1234,(8320,8972));
14774;
5830;
15320;
(7510,14383);
11666;
1663;
7573;
8069;
4247;
12266;
3239;
15287;
7469;
3509;
12253;
11751;
9694;
1459;
5567;
13736;
4988;
6464;
10052;
894;
2011;
(11365,(179,15692));
9436;
2401;
9485;
12281;
10520;
11596;
((10393,12720),(10060,10462));
8809;
874;
14552;
1393;
12003;
(5023,12128);
(8100,9826);
14267;
830;
2599;
(11512,11588);
2690;
14882;
1187;
12186;
(2343,11920);
5855;
11073;
9484;
9347;
3845;
11001;
8845;
11379;
(1084,5437);
(85,3482);
7397;
14393;
9592;
(7818,13794);
7567;
1733;
10681;
14391;
7354;
3937;
7194;
4196;
10662;
((3809,7601),(473,5568));
3400;
9396;
3613;
10903;
1031;
(1945,8824);
(609,2846);
14558;
463;
655;
11737;
5517;
8546;
1718;
7003;
(6668,12571);
1983;
3251;
9667;
4289;
(2155,10259);
11084;
11545;
5942;
9071;
7857;
10795;
12065;
1193;
14414;
11860;
13028;
13550;
2920;
8561;
14531;
13432;
3738;
15561;
11498;
3326;
12598;
6197;
14789;
1664;
801;
6504;
15101;
(15318,((12991,(8489,8982)),(147,8501)));
1592;
9166;
11088;
4604;
8940;
718;
7038;
12946;
6335;
1481;
(6766,(1667,(2668,7764)));
10706;
3049;
9873;
3568;
6744;
5611;
341;
8037;
3272;
8007;
4230;
5008;
5114;
8288;
2388;
(262,13763);
6277;
9272;
8355;
3461;
3973;
5225;
(9000,11724);
14587;
3361;
9877;
9461;
15366;
7947;
10338;
8452;
3680;
12471;
6808;
10163;
3853;
9921;
241;
11221;
6033;
13083;
12329;
12256;
10507;
13186;
1147;
9410;
3226;
2541;
13870;
5380;
14437;
4018;
7591;
8093;
7909;
9433;
2803;
4327;
8725;
3455;
15412;
2501;
7164;
(5537,14910);
10375;
(10466,14720);
(449,12453);
10500;
14838;
3266;
10012;
13185;
1786;
11196;
4874;
8628;
626;
15343;
1122;
10980;
3932;
10657;
10383;
10299;
5096;
1981;
15390;
((9137,10140),(11126,12990));
(8157,15011);
10042;
(15461,(8108,(6707,9782)));
9210;
11632;
10835;
1451;
15060;
6174;
13192;
(2126,9395);
8749;
4550;
10900;
2090;
8343;
346;
343;
2926;
11698;
10093;
9243;
3207;
2826;
10889;
7146;
(((7536,12356),(1261,1883)),((9739,10349),(8660,15151)));
12572;
12487;
(8304,15520);
3023;
10579;
14834;
(2760,15662);
(7137,14358);
10690;
4807;
2416;
3948;
11125;
840;
(6626,13781);
12299;
8352;
3234;
1100;
14470;
11499;
2566;
9946;
2087;
1431;
15214;
7202;
1386;
4753;
12832;
15222;
5007;
15645;
662;
3344;
6716;
10332;
12073;
4323;
4285;
92;
10511;
(12969,(385,4098));
4121;
(732,2292);
(7334,(13496,15529));
6031;
1543;
7624;
10813;
4989;
11245;
3072;
8846;
(11024,13237);
13844;
(4269,7809);
(15160,15659);
2473;
10064;
4910;
5271;
12813;
9571;
(3644,12864);
15578;
13665;
11393;
14962;
(5043,8421);
4918;
15548;
14505;
14845;
8552;
5957;
3173;
3817;
1243;
(7995,9213);
5220;
(1153,4128);
7473;
4165;
(10219,13489);
8827;
10089;
8736;
11637;
10308;
9307;
7286;
6591;
(4516,(1262,11191));
14042;
7570;
2777;
301;
15395;
15213;
9949;
10757;
2452;
12748;
14911;
3927;
13766;
15201;
255;
14462;
5807;
7706;
10325;
(3477,(4979,5546));
14280;
10558;
1915;
10822;
3743;
12354;
4837;
8447;
4430;
13730;
10302;
13285;
7416;
1128;
13394;
12769;
5793;
9114;
758;
3744;
4503;
7359;
8995;
3728;
(337,(8910,9212));
8162;
15392;
11918;
12242;
3891;
798;
14286;
13180;
14384;
14878;
(746,((1363,13608),(2972,6731)));
6159;
(8263,11255);
4490;
11929;
9495;
2737;
14871;
(7103,7917);
5236;
1264;
10619;
6589;
2319;
(6367,6420);
(4613,13410);
5340;
(2958,8492);
(1520,7966);
9936;
5222;
3962;
6375;
5602;
9755;
6305;
5501;
3500;
6209;
13873;
7361;
8478;
9041;
8711;
1421;
7424;
3796;
3749;
10124;
14274;
13052;
3101;
1579;
3908;
996;
(778,9917);
210;
11315;
(9375,10774);
12255;
3842;
(672,(1003,9795));
15237;
770;
5984;
6857;
779;
13318;
13914;
7784;
13540;
15462;
310;
12300;
5281;
14596;
(311,496);
2717;
(8704,(5800,14324));
(413,11857);
12729;
5583;
10493;
4273;
3876;
(2503,7125);
13172;
4267;
(6116,14318);
2167;
(6080,(2483,5377));
13909;
7500;
8724;
4559;
11458;
1928;
15108;
8596;
13912;
12849;
7069;
(415,11424);
1116;
6338;
(1120,2999);
(7673,7767);
3282;
(((1670,9546),(5720,14581)),((2322,12370),(1265,9471)));
6360;
6729;
12110;
2603;
1599;
(6531,12570);
(6506,14636);
5965;
242;
14869;
13607;
13569;
8664;
19;
7876;
(((4767,8385),(2347,9355)),((973,13076),(4773,11324)));
11072;
9333;
14472;
2291;
3730;
11388;
5721;
3909;
2600;
1364;
10547;
13992;
4943;
(7766,14832);
4387;
1703;
13163;
(5153,(4541,14034));
7615;
12157;
3490;
(3258,6733);
14477;
5563;
13923;
699;
(11802,12053);
13700;
10423;
13585;
14342;
8196;
6342;
7586;
354;
10964;
2066;
5103;
4557;
12080;
11530;
2161;
(6476,15450);
4759;
14409;
12705;
12353;
14856;
12915;
4465;
14683;
14736;
11311;
15057;
4787;
1224;
3002;
10946;
(169,9986);
5251;
2203;
220;
6393;
13964;
13617;
14686;
7348;
12948;
13002;
14063;
10257;
5556;
13985;
6298;
4994;
15259;
3189;
15249;
13815;
3559;
5522;
3236;
808;
11572;
15652;
14227;
8397;
3143;
69;
10910;
(((175,9789),(1080,5991)),((7823,9337),(10755,15679)));
(10971,(3437,13032));
11047;
184;
10404;
2369;
(5857,(11293,(4578,5392)));
11463;
7261;
8536;
1559;
9066;
14623;
6251;
1467;
((7389,12514),(2730,11176));
731;
2874;
12104;
6998;
(4971,11194);
11029;
6002;
(8235,(1575,12133));
(238,8556);
3179;
837;
10921;
13064;
10250;
8925;
13774;
108;
9635;
(1326,1985);
12156;
12417;
15105;
12725;
(12940,13633);
7025;
11816;
8104;
13958;
2053;
15085;
(2640,8152);
10044;
15260;
6745;
13176;
12359;
8166;
14707;
3098;
11692;
3301;
160;
5470;
6035;
(11448,11970);
4395;
14769;
14648;
5488;
10066;
1065;
15373;
10030;
10079;
12291;
5061;
10223;
13061;
8930;
4646;
(5376,8530);
10714;
10429;
(9648,(7342,12932));
5856;
5819;
14068;
3852;
4737;
8759;
13355;
3338;
13945;
1048;
4514;
11893;
10153;
10317;
10314;
((6060,(8013,10448)),(2272,7105));
2924;
8862;
5077;
1006;
2621;
10749;
13483;
13991;
2589;
755;
6263;
14656;
13294;
(4481,(5564,(4084,11318)));
1767;
7233;
642;
3088;
10350;
10232;
3725;
2304;
7640;
9432;
3843;
5842;
12293;
14582;
(8689,13243);
11489;
11849;
12474;
14513;
3024;
5288;
12563;
12579;
550;
6166;
7683;
6681;
8683;
8450;
1296;
9740;
8105;
12187;
11279;
2340;
(6838,8963);
6592;
13066;
(6928,13799);
11154;
6975;
13373;
(3323,(6551,9654));
3385;
15288;
5728;
(11163,12967);
9511;
14221;
13177;
((14525,15286),(6897,8727));
15649;
(3724,11622);
12916;
1063;
13560;
6795;
9705;
11386;
(8772,9309);
6381;
11048;
4562;
998;
14195;
707;
3446;
15269;
13892;
(3664,3767);
7816;
1268;
4745;
14833;
13092;
12261;
15609;
1834;
784;
12344;
1991;
15030;
(1862,6076);
1488;
6304;
(2310,15107);
9845;
7004;
3557;
13853;
6754;
773;
2769;
12363;
11343;
13484;
12536;
5749;
11813;
5129;
(285,2850);
7256;
(14037,14253);
(6485,12646);
12540;
7367;
8043;
7677;
4246;
9589;
14530;
(7503,14054);
929;
12623;
(10786,13054);
6547;
12480;
7372;
14585;
6844;
13505;
11254;
(8466,11382);
8920;
(13714,(12909,12989));
14990;
10114;
4461;
14500;
6449;
5759;
11376;
2124;
11722;
14876;
8486;
15298;
7584;
4833;
5415;
314;
1141;
15472;
4189;
3926;
15329;
5005;
10384;
15066;
6845;
(3182,12569);
(10245,11654);
15460;
1035;
14396;
5091;
5174;
13603;
(47,1480);
14522;
1805;
10918;
9202;
78;
2684;
8001;
12608;
2776;
11206;
3698;
4643;
12668;
4824;
10897;
7894;
(8753,11998);
(6087,10528);
2014;
654;
6339;
764;
10868;
5040;
4157;
4875;
13896;
14627;
6711;
12167;
494;
12125;
6455;
9991;
2215;
6596;
6959;
10403;
4502;
5676;
(2928,11927);
10097;
8494;
294;
8679;
11222;
4009;
13689;
12910;
2491;
4836;
3392;
7116;
1939;
7240;
1994;
(2004,11566);
11792;
10794;
(8899,(3546,13969));
7904;
760;
11719;
6133;
(10934,13048);
13529;
9032;
15256;
9158;
13767;
11957;
(12279,(6164,9220));
2728;
1349;
9506;
1466;
(3522,4589);
6095;
12450;
2923;
5642;
3548;
5053;
1360;
2374;
80;
13362;
2307;
13277;
11466;
14929;
2630;
7877;
6362;
2687;
14991;
6402;
8014;
6240;
(10104,11988);
3106;
747;
2242;
7114;
13894;
13959;
(5445,14508);
8577;
3717;
11695;
11775;
12309;
8072;
7691;
4951;
14092;
(2037,14223);
3736;
3039;
9758;
7840;
5497;
11063;
6917;
5042;
14586;
519;
11086;
8626;
(6059,8242);
(2029,7401);
6559;
8629;
9176;
84;
11416;
396;
3741;
15677;
(10065,12243);
4496;
2840;
9065;
8588;
479;
8811;
15424;
4014;
11763;
4532;
13559;
14188;
2602;
1507;
9915;
4427;
9050;
8591;
15481;
9335;
3934;
182;
6439;
(2068,7855);
7505;
13833;
7492;
14167;
5414;
(9479,14415);
438;
3033;
6307;
(11587,15488);
7160;
10725;
2189;
3180;
1565;
14583;
3129;
1627;
12935;
12179;
664;
411;
15480;
(3417,14301);
1521;
14270;
14361;
13841;
1551;
(2197,7637);
8627;
222;
13652;
15535;
4259;
9319;
((10225,14385),(12805,15516));
5112;
4740;
140;
(5020,11403);
71;
2931;
5791;
(320,1359);
10352;
2979;
9441;
10701;
1200;
(8240,13851);
((3187,13599),(9002,11879));
3684;
(3595,6172);
12014;
14900;
(3365,7235);
15506;
5575;
799;
8602;
14824;
12583;
2573;
10712;
10146;
9367;
6214;
15399;
(1339,5946);
14335;
6271;
(6241,(2069,7408));
(6968,10931);
13441;
(3651,14078);
2;
9680;
2131;
14263;
2281;
6169;
14901;
8540;
4977;
9421;
309;
(4689,11127);
1605;
(8376,(9673,11083));
1353;
15154;
4543;
15433;
13141;
15341;
9531;
12898;
11027;
12556;
3405;
4520;
11044;
(303,2523);
7390;
4505;
10175;
13417;
13194;
13516;
13495;
9135;
(3869,4668);
482;
3732;
(4495,13217);
11648;
12839;
13541;
6520;
3857;
5713;
10102;
(1412,2579);
(648,7245);
15039;
5246;
6129;
(3674,8690);
(6182,7618);
9886;
13287;
4932;
9451;
7350;
(1570,7665);
13499;
(1076,12963);
(11510,12059);
2408;
14033;
(5922,10189);
13713;
14093;
7403;
14966;
15049;
7708;
((7587,9153),((2702,15543),(3269,14453)));
3259;
11584;
7514;
862;
7925;
11933;
((11419,(11685,14645)),(5143,6851));
13024;
3829;
4379;
(2036,15292);
(2120,12659);
((8757,13697),(7175,8861));
11808;
5551;
14810;
566;
12519;
(181,8058);
(((2219,7432),(9860,13695)),(95,12938));
9046;
7085;
(2156,5182);
15503;
6687;
12850;
8277;
13336;
5363;
9558;
8274;
3750;
6697;
8131;
14928;
6980;
15244;
3402;
13754;
607;
5408;
15597;
12188;
14012;
(2421,(5995,12962));
14920;
10234;
12222;
12189;
13204;
8805;
6581;
2902;
611;
15224;
14282;
(7711,8457);
4717;
11471;
1828;
9060;
15524;
401;
8071;
10120;
15552;
11865;
6475;
(1274,14941);
14011;
5291;
8158;
4669;
10116;
7892;
8979;
8980;
3987;
5615;
8696;
15114;
5092;
9211;
(12001,14877);
(5770,7901);
15456;
12965;
2485;
(15374,(5933,14345));
811;
4454;
2788;
(8410,13242);
13094;
1604;
15504;
6233;
(10150,14540);
7879;
14592;
(13908,14111);
11780;
227;
9819;
14956;
1755;
700;
302;
4460;
9172;
(675,10353);
4409;
11095;
13111;
(12673,13223);
10433;
1791;
4789;
7754;
9522;
13961;
3132;
1944;
(4802,12393);
6860;
2422;
7969;
12545;
13497;
10811;
9466;
2756;
(3057,(2574,4925));
2572;
11767;
12614;
14213;
13866;
15492;
6321;
(8407,13598);
10206;
1545;
14298;
(12746,(1827,4010));
1247;
5176;
(5870,8635);
11142;
2354;
15685;
4497;
2039;
1449;
12102;
2925;
9027;
11160;
(11435,(6768,(7436,14017)));
6130;
1997;
8233;
2035;
11028;
6126;
5742;
5188;
(6588,9515);
7335;
5928;
(10913,13427);
8723;
(4161,14930);
9956;
9993;
14697;
12174;
11353;
11874;
13036;
14262;
13606;
(4004,10169);
5;
5831;
15483;
14622;
11059;
2378;
10973;
14632;
8687;
(10,3890);
8029;
1269;
9346;
9813;
8444;
11817;
24;
10719;
9843;
6660;
10797;
9437;
13680;
7518;
14731;
13123;
4406;
11807;
(6553,11617);
9696;
14828;
(10630,13537);
6019;
8695;
11238;
196;
1846;
7439;
1098;
12086;
925;
11186;
(5741,6471);
11655;
11469;
10246;
(4336,10479);
12352;
15640;
2431;
6497;
(1358,3995);
(15631,15683);
(8265,10693);
5580;
3689;
2267;
7206;
805;
10534;
12825;
9414;
5861;
437;
11771;
11659;
13405;
14768;
(1012,9606);
13118;
9724;
8199;
906;
(8088,(14463,(13011,(884,8830))));
9321;
5530;
6119;
9976;
8650;
13986;
2932;
4417;
4119;
9970;
14610;
10367;
11040;
7266;
443;
(339,15127);
10640;
8078;
6646;
10503;
12305;
11699;
5492;
3820;
(802,9069);
1881;
6008;
8255;
5703;
(5334,6598);
11404;
4885;
(48,3178);
11848;
14186;
7785;
(3510,13445);
11825;
(5443,9670);
4141;
1112;
6077;
13546;
7119;
11209;
14895;
2688;
13862;
819;
13137;
7842;
12976;
11862;
1822;
(5308,14519);
(4492,13805);
10841;
14247;
12050;
8413;
11876;
14831;
14374;
(4961,14706);
4198;
6498;
8716;
3113;
9541;
10713;
7537;
15338;
5918;
14435;
(4446,13050);
3452;
12023;
9195;
2719;
2041;
5711;
11230;
11464;
1591;
11361;
1614;
6181;
13779;
12770;
1379;
(959,10987);
4992;
7209;
5070;
11390;
10311;
4940;
11575;
2372;
15264;
1148;
8566;
4649;
14231;
13913;
7761;
14826;
13481;
7181;
6300;
9099;
1432;
14954;
4564;
4583;
93;
13239;
(12562,13789);
5593;
1701;
14689;
9300;
10754;
12147;
8315;
11944;
3614;
5938;
1634;
5017;
(3116,(2598,13408));
12088;
(9550,10999);
2511;
4937;
6158;
8439;
4771;
13332;
540;
6114;
(5118,13428);
9273;
2368;
14890;
8077;
5289;
5159;
3611;
5781;
8245;
15684;
2534;
13372;
9289;
6979;
8346;
15029;
8791;
14903;
4118;
14438;
12210;
6373;
5637;
8251;
7220;
15676;
1111;
2111;
3279;
8344;
(2841,10792);
9584;
595;
12223;
(877,10370);
(4546,12130);
5953;
9857;
2130;
2351;
11423;
2257;
4223;
9236;
10003;
406;
12044;
9588;
11062;
6219;
12062;
3343;
11555;
(3963,6091);
(10883,(10110,15268));
5068;
3018;
5368;
12722;
9927;
5111;
3320;
8146;
9868;
12629;
(6719,14155);
8652;
10882;
1923;
5417;
15186;
13808;
4035;
551;
10107;
7374;
12306;
(5955,13708);
((3108,7142),(2839,6936));
349;
858;
12654;
5299;
(7258,13586);
(5258,(5675,13742));
4132;
2998;
417;
9191;
8005;
9852;
11702;
5196;
10837;
4140;
12314;
11328;
14849;
(4560,6899);
15162;
7674;
10322;
5569;
15047;
7542;
5395;
995;
13573;
12968;
15203;
3125;
(4632,9684);
7703;
3080;
5588;
9048;
(5837,7487);
11538;
1309;
6800;
9513;
2366;
6682;
4582;
9181;
9493;
1754;
15285;
5142;
5314;
12685;
(1405,2071);
15441;
5312;
12663;
10337;
1180;
7399;
3915;
870;
14016;
(2286,2558);
8558;
4086;
13534;
5025;
(1073,2017);
(3577,14580);
1009;
6184;
(7486,15383);
913;
(8292,15200);
6416;
4012;
(8191,13685);
10668;
3574;
3086;
(1780,2634);
(7513,(11821,12575));
11976;
4422;
9593;
9925;
6154;
3368;
(2453,10532);
15576;
6993;
4849;
3133;
6827;
3224;
3606;
5378;
13140;
1390;
14341;
10692;
50;
6066;
(8646,(2638,11729));
4777;
(4036,7368);
736;
3170;
11051;
15037;
1203;
6105;
14806;
1533;
(10644,13878);
(2083,3825);
(25,15477);
8579;
11366;
11124;
(168,11067);
8211;
958;
248;
208;
8442;
3961;
14611;
5548;
11351;
1389;
12641;
3572;
5533;
13687;
9864;
13039;
10177;
2844;
8024;
9662;
13486;
(7850,12913);
(10239,(1221,4912));
8256;
14127;
10445;
4181;
8212;
12854;
4624;
11076;
15355;
(3460,(8507,10758));
6910;
14756;
4065;
14169;
(4040,(4952,5977));
7944;
6957;
(1332,13785);
11244;
682;
6053;
6830;
(9898,12238);
10580;
(7366,7719);
1324;
11055;
11949;
4872;
8948;
3816;
12432;
8382;
5227;
14458;
(1995,4831);
8983;
12285;
358;
9990;
1382;
1769;
8578;
2182;
(1341,8734);
118;
15125;
9978;
10251;
968;
15447;
9824;
11347;
1144;
12918;
1109;
(3163,4744);
2976;
(3594,3778);
13747;
13951;
1513;
5707;
2398;
6624;
3208;
(9907,15637);
1025;
4205;
15663;
9547;
12294;
12596;
7907;
14091;
5604;
14175;
9303;
7985;
1687;
2764;
(2861,10192);
7600;
11793;
9544;
(3818,9808);
(3485,6173);
1167;
13734;
13681;
12983;
2102;
3071;
3507;
13183;
12766;
4607;
11525;
5160;
2948;
6786;
4856;
6134;
7281;
(13597,15445);
11300;
14329;
3345;
763;
(3038,5066);
12377;
(5428,6218);
(8909,12493);
4108;
10687;
11389;
3212;
8317;
13943;
6516;
(3811,7143);
2294;
13413;
5410;
8053;
(5943,(4891,((4162,(11661,13018)),(13399,(10559,13760)))));
4667;
(2519,10577);
216;
15593;
1407;
3520;
6175;
10262;
3798;
9283;
(14330,(12955,13169));
3506;
6279;
(7853,(11969,14739));
(10568,15291);
10231;
4434;
11330;
5883;
13897;
8269;
(5879,15084);
3799;
(10561,(3722,11585));
6140;
8569;
12835;
13069;
7899;
7715;
15010;
(4981,12669);
12497;
14310;
982;
11613;
3517;
15566;
10748;
1788;
(11604,12425);
2901;
3291;
(5541,10304);
4243;
6092;
(10435,13108);
15658;
1857;
10167;
9623;
7465;
8468;
13668;
5301;
5184;
15512;
10464;
8389;
3479;
1728;
3280;
728;
(5553,(1306,5639));
(6757,(7128,11378));
6816;
12421;
11;
2443;
2752;
7555;
11162;
10539;
13079;
5011;
2027;
11103;
11140;
14461;
3290;
10885;
8544;
9975;
3752;
3256;
6618;
(8154,14778);
5476;
7574;
7075;
(1218,5375);
4819;
4641;
7841;
((3342,11668),(4526,7585));
(3849,15153);
13224;
305;
9447;
5815;
3306;
7697;
1572;
3313;
11782;
4447;
141;
(((1942,11275),(12082,14755)),((1937,14323),(781,2880)));
2607;
8622;
3339;
12114;
7147;
14821;
15013;
(7063,12848);
15042;
531;
6534;
11022;
11652;
2382;
(2817,7844);
7237;
(10386,12127);
3903;
11098;
94;
13676;
6265;
11109;
15579;
581;
3989;
15644;
10616;
4456;
7802;
6997;
5715;
9376;
3321;
9773;
1182;
1463;
5385;
14379;
(9256,11486);
1544;
13651;
14024;
15018;
14984;
13751;
(((219,12435),(7301,7742)),((3581,12185),(9344,15440)));
13178;
5833;
2407;
9332;
8060;
(5168,14327);
10453;
3401;
5612;
4466;
9224;
(441,15482);
13343;
9459;
9263;
4056;
4558;
3124;
7319;
11633;
4743;
4322;
8391;
(4381,8605);
2975;
3601;
13299;
7243;
(6746,9123);
15562;
7098;
(11135,(7207,14429));
(5798,15690);
2243;
14528;
13149;
1226;
6925;
8243;
12467;
5686;
10078;
3146;
9944;
7;
(12904,13855);
5813;
3970;
6854;
11912;
10063;
515;
9783;
11560;
549;
11259;
2953;
5849;
1908;
13476;
10368;
5125;
4356;
3582;
11329;
9277;
4325;
12234;
9752;
3118;
(4044,5926);
12336;
13145;
724;
5972;
1365;
15330;
8916;
7788;
5572;
1019;
562;
6523;
5304;
6064;
(6519,10550);
13014;
3141;
6614;
5773;
4494;
14815;
2536;
4703;
15257;
2316;
13861;
4609;
7572;
(7216,7885);
(2616,7279);
12782;
9534;
11754;
1746;
(6790,15094);
6309;
9674;
13650;
3985;
(10840,(1497,2881));
5617;
9039;
5041;
14620;
7129;
4517;
(8294,12841);
6818;
6201;
22;
(4512,8731);
9663;
4990;
9132;
10476;
8139;
3265;
2946;
15325;
10222;
12078;
(1091,11266);
7845;
3183;
15005;
6089;
7019;
9189;
10347;
2606;
14444;
12400;
15432;
12957;
951;
2057;
3822;
142;
(738,6605);
12627;
8490;
474;
2164;
((7375,11033),(6718,9331));
7405;
3296;
8054;
4784;
5491;
8576;
13619;
3217;
2305;
11507;
4531;
1871;
2089;
3661;
3833;
947;
10645;
(2691,15221);
458;
10164;
13639;
(8260,10119);
7079;
8426;
1484;
10956;
12580;
9111;
4236;
9354;
12650;
4136;
13254;
2694;
3758;
2075;
4043;
15025;
11579;
9737;
5911;
3541;
1564;
9086;
13720;
11444;
7310;
(3073,8039);
(8524,(10329,13716));
99;
4048;
8853;
6580;
6010;
(15235,(2591,7787));
11831;
5939;
(14183,(4413,7482));
6781;
12439;
5199;
11449;
1149;
11081;
8238;
3977;
4487;
10334;
1628;
14494;
(2795,12292);
8787;
6099;
10213;
13882;
(7686,(13849,((9521,(12262,13324)),(6198,(6029,7872)))));
689;
14841;
13830;
12712;
(4304,14170);
7690;
5810;
8409;
9227;
8312;
1531;
6337;
12327;
10769;
(83,2700);
13868;
10474;
(1257,4303);
11833;
5778;
8477;
(7101,14764);
6296;
12931;
4851;
10378;
2659;
(9803,14116);
5037;
1273;
6788;
14346;
14070;
409;
(14098,14650);
11340;
(233,15386);
9393;
9387;
(8503,(5643,7759));
2170;
667;
676;
9874;
2535;
7577;
(1874,14370);
12437;
7450;
9063;
617;
6704;
(4619,9643);
6336;
10826;
4567;
1971;
12528;
8033;
1635;
(12387,12633);
14921;
2449;
((3896,10633),(2269,8949));
716;
1314;
9170;
2043;
(1879,10803);
12842;
7448;
7262;
11319;
4820;
13016;
6487;
3423;
8504;
12117;
3957;
13596;
2577;
701;
9149;
9394;
(3782,8195);
8455;
5203;
13828;
(12018,14368);
13762;
(1742,9577);
9171;
(2478,14986);
7461;
4055;
1816;
9257;
6004;
13382;
15573;
14239;
13196;
12025;
15496;
14851;
13869;
14553;
15509;
828;
1054;
10366;
9519;
12833;
11493;
9805;
13360;
12822;
14715;
(9385,9881);
5724;
6204;
13636;
(7018,8998);
(7650,15136);
1829;
7986;
12457;
13764;
10149;
9971;
12042;
10447;
4041;
5411;
4362;
(5083,5313);
6162;
9305;
11494;
8273;
14350;
6599;
8307;
(1721,7099);
544;
1793;
12924;
1671;
5382;
4731;
4069;
3632;
(4570,12890);
8648;
8582;
2019;
11317;
8136;
4191;
14173;
7417;
5297;
1477;
9180;
11145;
1918;
6418;
1158;
3648;
(7400,11948);
(483,14059);
(1859,13314);
4152;
4477;
5450;
217;
8370;
4889;
3938;
10590;
8042;
2585;
12929;
14005;
8572;
12952;
600;
12152;
8402;
(66,5471);
(932,9791);
14827;
15567;
9438;
14176;
8997;
13391;
4659;
9599;
(193,1630);
1606;
9208;
730;
14992;
9299;
13182;
13088;
8380;
9816;
6528;
4867;
13658;
556;
6803;
2952;
8885;
3745;
6027;
2106;
11470;
128;
1060;
(7707,8412);
8113;
8581;
6097;
14743;
12917;
6527;
10051;
(5765,8987);
1832;
8207;
14154;
15231;
5223;
14794;
4109;
(14544,(3791,7196));
7442;
4507;
9044;
8758;
4137;
1982;
5619;
(11017,12479);
15242;
161;
11007;
2141;
5367;
5577;
10599;
(2297,6427);
11649;
9988;
8128;
5213;
(4380,14290);
6825;
(4159,9729);
12163;
14527;
10290;
5772;
6123;
(4421,9914);
11799;
2789;
8917;
11057;
839;
(2484,10439);
(3702,(9155,(10723,(9498,13158))));
13770;
13842;
10220;
3142;
(((15073,15628),(4201,(10098,(6974,(580,12708))))),(6811,8333));
(116,6752);
11460;
7391;
11303;
157;
12828;
2742;
4630;
11819;
11778;
12714;
2914;
2290;
333;
8348;
(1873,3958);
13628;
6797;
2593;
13370;
17;
8023;
4862;
577;
1893;
(3016,12335);
2419;
5625;
11556;
8919;
3910;
8950;
5865;
8448;
11305;
7647;
1465;
9136;
2778;
(2338,(8283,10793));
9030;
1286;
15272;
9474;
1622;
3855;
4596;
12533;
(3808,9348);
6288;
8512;
5850;
(10893,14886);
10441;
13701;
788;
13366;
5726;
2238;
11609;
4382;
11571;
9884;
721;
(624,2429);
1490;
9084;
7614;
12489;
8839;
3496;
(1803,9542);
(3519,(3692,8746));
14322;
12403;
3999;
7023;
5847;
(4623,14184);
9741;
12006;
(5006,12734);
12851;
5088;
7488;
5435;
11184;
14617;
3779;
14404;
1892;
(13047,14178);
7412;
(4051,7183);
7174;
7538;
15379;
15195;
(4173,5478);
12827;
12927;
10527;
6862;
13319;
(7593,14066);
8659;
13644;
4696;
1960;
15585;
274;
13775;
15157;
11368;
11827;
(1598,7936);
(2358,3148);
3875;
13304;
(9657,10727);
6512;
(10972,15061);
11039;
5662;
(14566,(9745,14591));
(6224,8182);
12767;
(6714,11233);
(12988,15611);
12092;
14843;
5120;
4095;
(3398,13549);
7911;
8702;
14314;
12465;
4200;
(5853,10974);
(1385,10188);
(1766,(5202,9150));
9239;
(15500,15571);
12981;
4453;
15097;
13557;
8209;
10920;
2015;
14862;
555;
(11201,(2768,7888));
2244;
944;
14420;
6502;
3935;
2610;
9814;
9806;
3169;
226;
(3848,14364);
10310;
1549;
5823;
5929;
1068;
14473;
546;
13364;
14788;
13297;
9526;
14153;
11999;
(4324,12308);
5110;
1851;
5596;
3566;
5138;
1826;
3250;
4739;
2885;
(7972,13251);
(4144,7837);
(3871,(2860,12679));
14976;
7159;
8647;
(5863,14147);
5496;
10641;
11476;
5974;
11398;
5511;
11764;
14943;
9072;
12590;
8373;
5521;
9061;
9895;
6085;
7807;
486;
(9979,14110);
4993;
3352;
2095;
13996;
8363;
12831;
14478;
4878;
12999;
10884;
1996;
1914;
(3633,3981);
5065;
954;
3538;
10556;
(1712,15394);
(6670,(370,8597));
15627;
7272;
11548;
3353;
289;
5463;
13802;
7957;
14365;
13298;
12817;
(5208,5343);
11026;
7275;
8929;
10216;
(5872,11488);
6879;
11741;
11766;
10810;
15020;
5117;
(3874,12011);
6289;
(2774,7635);
9100;
765;
14128;
13124;
1374;
12717;
12195;
13272;
4300;
14665;
4764;
(492,13604);
5646;
(2100,11399);
12620;
2936;
(6222,(7659,11339));
2970;
(10927,13810);
(710,2361);
15546;
1910;
6067;
4637;
1644;
8119;
1473;
13027;
9827;
2822;
7460;
7294;
(10432,12227);
7107;
1919;
2476;
13746;
(1877,9222);
6525;
9238;
15294;
14073;
115;
8017;
14471;
12611;
13998;
6352;
4584;
1956;
2211;
(6208,9735);
12090;
8289;
9784;
9119;
13940;
8901;
5624;
10478;
192;
14266;
13583;
2746;
4296;
11574;
395;
1086;
7828;
8415;
12867;
3777;
3704;
13614;
9905;
14687;
10034;
10699;
3900;
14842;
11978;
14312;
1707;
2239;
1131;
13504;
(7582,(4523,8796));
14206;
(3223,8272);
10985;
6187;
(405,3463);
3254;
5648;
2712;
4726;
14865;
2721;
5327;
1172;
3929;
(7084,8828);
6806;
(946,8459);
11453;
12233;
(10853,14254);
14207;
4534;
14680;
8153;
4170;
2780;
8762;
11591;
3610;
9157;
3629;
(6494,12764);
(12886,14001);
10697;
14577;
5309;
8464;
1926;
3694;
15621;
30;
14140;
7365;
(2522,9539);
13494;
13811;
(1447,3347);
14058;
((4886,12289),(3753,5795));
4733;
10860;
11334;
10182;
(812,9984);
(6791,8927);
15436;
7223;
3140;
12295;
2240;
10890;
12103;
14332;
12645;
1747;
8508;
4565;
5843;
9575;
10928;
13187;
12200;
10244;
11627;
(12165,14520);
742;
4088;
(2986,5789);
15575;
12419;
4197;
9045;
9728;
1527;
1183;
13887;
11167;
(6354,9802);
11195;
8801;
9704;
11701;
4057;
5254;
2497;
11519;
8436;
12733;
14661;
(14291,15058);
11495;
14244;
(2386,(14846,(3096,13544)));
8470;
796;
3410;
3670;
14090;
12702;
11432;
10121;
12728;
2472;
6698;
8445;
14235;
13126;
11420;
2406;
3685;
5493;
6405;
6071;
4954;
471;
3366;
15106;
5400;
7843;
7364;
14549;
14887;
2809;
(3912,4590);
6177;
10185;
6389;
10983;
(3602,14044);
9252;
15365;
10589;
8010;
7723;
12709;
4553;
10906;
754;
(6349,11481);
11855;
4174;
10891;
10852;
6590;
12013;
11119;
8329;
4033;
9378;
8121;
6328;
35;
6650;
8681;
2796;
780;
9973;
2771;
11465;
12177;
(5744,11223);
4388;
7946;
2235;
75;
14784;
(5660,10512);
(2144,14372);
15349;
429;
3712;
(4791,7236);
(11852,(5221,6467));
((552,14724),(1115,9073));
5186;
953;
4320;
13971;
12789;
(5330,6684);
9424;
7396;
(15372,(15155,(13523,(7978,(12475,13053)))));
((11642,(8748,10618)),(10359,12265));
3413;
2722;
4314;
10094;
8073;
7935;
(8496,10775);
11060;
8140;
10615;
6161;
2393;
15305;
13097;
12126;
11971;
1514;
11520;
(9443,(5113,9951));
817;
13453;
2137;
14898;
13627;
7463;
(7628,(2151,12780));
(1397,10857);
6861;
10994;
5372;
9295;
2890;
12824;
13167;
6156;
10364;
12181;
4326;
(2183,3942);
567;
7726;
1004;
15340;
3498;
10123;
12865;
4858;
8092;
11665;
6705;
209;
8886;
2879;
13208;
(412,(10814,(814,10844)));
4634;
10191;
(12803,13821);
1970;
(898,8719);
(8309,(10381,12087));
7890;
(1361,15003);
11872;
(9380,12643);
(13135,(9312,14770));
13159;
(2755,3487);
11482;
2157;
2750;
13705;
3691;
1911;
15185;
4545;
(3499,(5888,7525));
8012;
(7941,(5360,(2827,11150)));
3161;
(1293,13618);
1313;
(4705,4950);
4408;
7543;
2895;
7758;
8942;
5806;
7211;
3892;
(1357,4227);
10513;
(7968,((7657,(5768,14133)),(9266,12982)));
2205;
(7838,14694);
