3386;
3177;
11849;
3313;
8970;
3072;
1772;
14493;
3453;
3537;
12304;
12207;
14725;
12687;
10638;
36;
(1429,1715);
4115;
4584;
348;
(9507,11738);
14737;
(10366,13015);
1039;
3339;
13486;
15349;
10914;
15567;
2857;
12210;
3921;
6126;
2940;
663;
5908;
9274;
10682;
6603;
9635;
9851;
10053;
3840;
2416;
12718;
9722;
269;
9561;
10771;
3123;
8252;
3473;
6225;
10083;
8888;
1583;
3276;
12140;
14713;
7630;
15201;
4359;
3607;
3578;
1914;
4725;
12216;
10746;
5513;
5723;
5681;
9287;
4370;
5414;
(4044,5926);
3637;
8618;
15103;
(1554,1925);
4956;
6595;
6888;
12866;
3284;
4059;
8400;
6286;
12183;
14438;
7191;
3368;
8879;
1714;
14468;
5467;
881;
11336;
2692;
5481;
8932;
6591;
15275;
12170;
9959;
10928;
13892;
4175;
5021;
8458;
4358;
11971;
1922;
66;
5471;
6463;
13944;
15231;
1728;
4710;
8009;
3550;
7346;
3130;
13087;
7304;
1354;
6179;
6453;
9410;
7472;
7296;
12516;
7193;
2366;
12699;
1294;
8290;
13606;
9526;
14752;
5599;
13295;
11035;
9532;
5120;
8427;
10499;
3601;
13829;
4651;
14648;
11280;
8608;
860;
7167;
7085;
7409;
779;
10214;
2663;
2199;
11412;
8209;
6201;
7755;
9880;
8954;
(4628,8577);
4400;
8207;
7086;
11861;
93;
3987;
6250;
15076;
13078;
14148;
13735;
8397;
10867;
6360;
9146;
11656;
12092;
(10203,14421);
301;
(8863,10766);
6041;
(789,4835);
10096;
11356;
4834;
14564;
777;
3815;
15668;
11393;
14228;
(11256,12814);
8411;
7938;
15554;
350;
14053;
14241;
10371;
(11014,13330);
8479;
3908;
(4328,7931);
6432;
14065;
1110;
3464;
12511;
11891;
569;
1582;
9921;
3816;
12819;
8999;
437;
9301;
12730;
15239;
11370;
13063;
11811;
11481;
14778;
15504;
7149;
13966;
8154;
6423;
11117;
12685;
3518;
6349;
12355;
1133;
10526;
6009;
9823;
698;
10410;
10311;
7457;
9195;
3107;
7418;
6108;
((7074,12722),(2762,8866));
10588;
10019;
14946;
10175;
68;
12836;
5172;
8797;
12357;
11990;
6280;
(169,9986);
7492;
11531;
9230;
2629;
8193;
2885;
6875;
2230;
1818;
15246;
14171;
11671;
1359;
12392;
13409;
2545;
320;
((2496,9405),(1683,13046));
(9870,13916);
13802;
11311;
7900;
11042;
(7366,7719);
14354;
8527;
8102;
7097;
12519;
6573;
3580;
15364;
(1023,4178);
10429;
14497;
11699;
324;
995;
6501;
7395;
7778;
10578;
13036;
849;
13918;
6745;
(3579,11016);
2931;
11955;
11413;
2477;
12099;
(12306,13834);
9241;
8285;
12390;
(3435,14708);
8747;
(13589,(9686,10348));
5187;
963;
7068;
87;
12217;
6818;
12916;
11520;
15337;
13343;
11149;
(15500,15571);
653;
12598;
14761;
9428;
15327;
(3598,15363);
5756;
9357;
4324;
5997;
12308;
11799;
12339;
6296;
2935;
7141;
9876;
15614;
7979;
486;
9228;
221;
15353;
2724;
(2040,4606);
7305;
(1045,11713);
(10605,14446);
13447;
13453;
1345;
4759;
6395;
12067;
15431;
8536;
8820;
1014;
(8275,11061);
10955;
431;
27;
158;
5220;
3563;
14316;
8578;
5628;
871;
8666;
13793;
6927;
4277;
9994;
12581;
14666;
15218;
(5308,14519);
(7369,8570);
14928;
3918;
4212;
6049;
9581;
5225;
14628;
707;
3744;
2870;
4308;
8519;
13035;
5387;
521;
2035;
3195;
4024;
11869;
8595;
14534;
13591;
7225;
8902;
14827;
14794;
6372;
12943;
8730;
13838;
8078;
3900;
9234;
8307;
876;
2923;
6649;
14670;
13706;
10401;
15029;
3817;
14091;
6410;
6798;
9593;
12671;
7032;
8537;
7158;
3172;
13731;
13080;
1222;
14314;
3303;
2844;
6324;
10282;
4018;
10163;
6491;
2705;
9729;
7679;
7957;
6278;
4159;
13758;
2642;
12700;
7769;
12822;
1494;
14295;
7321;
9122;
2641;
10519;
13220;
4442;
9431;
12481;
2204;
6446;
14834;
11645;
1508;
2380;
12635;
4065;
9557;
2566;
5497;
6614;
15645;
15288;
8219;
2129;
1624;
12495;
6868;
9020;
14532;
13286;
875;
1878;
3176;
1584;
3517;
8773;
12854;
5694;
15173;
560;
5398;
13062;
4833;
6826;
125;
118;
2262;
4680;
1454;
10695;
8476;
8239;
10009;
607;
10980;
9057;
14826;
5999;
2420;
10815;
9124;
4624;
1713;
11954;
2097;
11760;
6694;
11078;
15610;
684;
10642;
2044;
10124;
11533;
13526;
1536;
12761;
11217;
15005;
12917;
14687;
4367;
5555;
2325;
15620;
5156;
1527;
15117;
3755;
14987;
14970;
2952;
8431;
10478;
14218;
13509;
5797;
7845;
1471;
4962;
7886;
8762;
12803;
14849;
12745;
5348;
9394;
7298;
6192;
7324;
416;
5049;
4021;
260;
9215;
6315;
255;
12234;
3973;
1626;
11299;
597;
13891;
9962;
12626;
2713;
1940;
6373;
8483;
5111;
5351;
15169;
4722;
7648;
12971;
8226;
15367;
2491;
8148;
548;
1079;
15167;
13181;
12583;
3013;
3273;
14569;
7743;
10256;
9086;
15661;
4635;
8644;
11381;
2098;
5577;
7703;
8759;
611;
5305;
7082;
3001;
15537;
2182;
4242;
14008;
5761;
12351;
8442;
4478;
2187;
8892;
8886;
8260;
7164;
14716;
1586;
11007;
4633;
3523;
10753;
5956;
8485;
5316;
1784;
4580;
5418;
12870;
6230;
14825;
555;
8119;
12299;
12424;
1181;
8915;
14081;
1191;
1263;
6271;
7790;
3236;
14968;
10434;
14015;
9716;
2047;
5574;
1749;
3729;
14217;
10621;
8031;
13003;
13500;
2865;
806;
4862;
6732;
7476;
2473;
7211;
13358;
4876;
5832;
6006;
5554;
722;
6913;
7720;
4674;
5090;
10445;
11327;
7552;
15577;
1994;
2057;
11862;
11816;
4562;
10592;
12796;
12773;
765;
8983;
14804;
2898;
10767;
4658;
14334;
4969;
9278;
7508;
2153;
5412;
6754;
5081;
11830;
3584;
15358;
15096;
6687;
10039;
9953;
3946;
13768;
14449;
9674;
323;
326;
3295;
8441;
1748;
2619;
6953;
8850;
13842;
15339;
10556;
10076;
13821;
10507;
10818;
1774;
5106;
4126;
496;
12548;
3441;
8437;
9996;
1645;
12733;
13206;
3396;
11528;
4097;
8638;
13675;
11786;
8585;
8505;
1855;
3157;
6909;
13375;
6389;
1383;
6902;
14981;
4082;
3372;
11475;
11171;
8210;
388;
12350;
11625;
14192;
952;
10100;
4371;
8394;
2111;
8375;
7748;
8386;
14553;
311;
3292;
10967;
10444;
8141;
3097;
2673;
12546;
11160;
7034;
13279;
7241;
11570;
12800;
6985;
15641;
13619;
10119;
9426;
10362;
4598;
13342;
7664;
2190;
4038;
13198;
6503;
14018;
8630;
8075;
1235;
888;
5771;
2937;
3909;
15088;
9489;
4297;
8880;
15313;
12698;
14388;
15417;
2624;
12823;
3199;
2291;
4163;
5144;
3690;
15603;
(911,14492);
2757;
11127;
1436;
8558;
11464;
4503;
10884;
7762;
6530;
4129;
3867;
4689;
7822;
11497;
8581;
8825;
2683;
2194;
5193;
8531;
351;
13947;
4520;
7771;
14593;
8491;
6036;
12949;
14285;
7470;
7681;
14769;
11487;
9614;
12597;
14983;
7964;
258;
10332;
10681;
13767;
14296;
12599;
1474;
(2761,4996);
7259;
938;
5087;
9804;
4721;
8192;
10616;
(1716,5899);
8520;
3574;
8872;
14169;
(7513,(11821,12575));
7073;
10260;
15049;
(1727,9250);
2076;
7088;
2306;
8101;
7344;
14185;
15551;
10886;
11909;
15579;
8176;
10765;
10158;
12898;
3319;
5072;
2963;
4077;
3080;
880;
8884;
(686,11441);
166;
10933;
13692;
3655;
12268;
(1402,11943);
7080;
11397;
10355;
11207;
5885;
10659;
(4421,9914);
3069;
8911;
371;
12190;
(3861,6068);
((188,(8789,14023)),(8814,12231));
15282;
(6149,10127);
12702;
5294;
11076;
11226;
((7968,((7657,(5768,14133)),(9266,12982))),(13124,(5388,(432,2525))));
10333;
7256;
(15455,(6117,(4959,5710)));
12377;
14698;
9627;
11815;
14859;
3426;
11632;
13323;
2909;
5152;
3623;
(3683,6378);
1184;
1544;
6918;
12532;
(4613,13410);
14865;
40;
7866;
4692;
3029;
7795;
5973;
(2530,9455);
(1562,5841);
12376;
(4766,9183);
1418;
(3156,6379);
5385;
10707;
14136;
(1430,13525);
(7037,12132);
6944;
1491;
(238,8556);
12862;
(2241,6658);
8365;
3015;
7182;
(12007,12397);
8481;
3153;
12269;
1782;
3131;
719;
8121;
4895;
6158;
13317;
12975;
14086;
(525,(4294,12914));
5697;
8461;
383;
7358;
8251;
2360;
2191;
13541;
11383;
(6330,15423);
10457;
2514;
4249;
(1993,12812);
10107;
(3499,(5888,7525));
1599;
5014;
15463;
5274;
9070;
4123;
4845;
758;
(2289,13852);
3712;
10380;
8130;
2446;
(1757,7349);
11779;
10056;
7133;
2007;
5641;
(1357,4227);
3291;
9297;
9713;
6886;
13592;
12004;
(10390,14759);
8082;
11221;
14394;
13739;
(9871,12076);
15308;
8178;
13620;
(2640,8152);
4333;
5515;
10147;
667;
(5429,11688);
(4481,(5564,(4084,11318)));
2793;
(1884,5511);
(391,6343);
15686;
8072;
7411;
7705;
14469;
1217;
12181;
(3823,5082);
(2470,15664);
9119;
(5264,12381);
(8877,8962);
9335;
14639;
5408;
12607;
5777;
3698;
8105;
1432;
14196;
8665;
11353;
2181;
12213;
(3439,15059);
5493;
(7891,9329);
11835;
8721;
6867;
367;
15245;
1065;
1096;
12423;
14962;
(3278,5201);
5690;
(5083,5313);
9528;
679;
13070;
9925;
(1987,6200);
2771;
5492;
1720;
13534;
9705;
11715;
10575;
3829;
2992;
(5180,8611);
14956;
73;
10724;
6122;
4152;
1083;
7775;
14971;
2926;
3343;
4943;
2520;
13216;
1629;
(5626,11710);
(2002,5805);
(3043,(9011,15142));
15605;
15071;
14768;
11334;
11295;
7942;
8993;
7350;
(4203,8708);
8512;
13442;
4366;
10583;
10533;
14300;
4753;
(1959,6417);
9441;
6176;
4005;
(7824,(5539,14503));
7465;
5198;
14400;
13239;
13713;
1809;
5246;
14430;
1754;
6756;
6817;
9702;
13627;
((3093,4847),(11506,13765));
2080;
6054;
12681;
14309;
2633;
15233;
7250;
(1998,(10708,(12928,12951)));
2233;
9714;
1483;
(4512,8731);
10979;
(672,(1003,9795));
9047;
6399;
1141;
1997;
(33,3586);
13030;
5142;
6608;
6955;
6518;
9346;
7442;
13499;
9815;
37;
13837;
14106;
6557;
11491;
14900;
2714;
5391;
8331;
(15235,(2591,7787));
(15416,(4741,14362));
3094;
10289;
9845;
7910;
14335;
5473;
4167;
8474;
12540;
9497;
13998;
7713;
196;
9308;
10503;
(1796,15495);
4874;
14833;
12225;
(4312,13581);
14531;
10156;
11831;
3780;
12013;
2537;
(3485,6173);
9091;
10627;
5887;
8544;
6916;
13666;
15357;
13010;
12719;
10834;
210;
15310;
8233;
13720;
(415,11424);
3226;
14074;
6521;
5706;
11307;
((4554,6771),(10847,15587));
11780;
2451;
3794;
8076;
(7711,8457);
6997;
4556;
2572;
7477;
11287;
(1523,2159);
10077;
(3412,10264);
4783;
993;
6789;
14374;
9265;
9947;
14234;
11722;
10731;
12389;
10407;
12272;
(7048,10101);
6160;
15547;
8752;
(9613,11000);
(10239,(1221,4912));
(5033,14997);
7882;
4394;
10373;
15018;
(7443,15052);
(6098,7797);
6163;
2511;
15319;
(10038,14584);
2866;
6722;
1425;
2851;
1379;
((2896,11122),(5814,13719));
3764;
692;
13289;
1128;
5433;
7606;
11060;
12149;
14631;
13925;
1719;
14964;
2948;
14202;
9958;
(6627,(338,10685));
10826;
13690;
1089;
1895;
(((15073,15628),(4201,(10098,(6974,(580,12708))))),(6811,8333));
1880;
9699;
13615;
1579;
1121;
6156;
(15079,(3682,14406));
8020;
4035;
4037;
14913;
11581;
11282;
11548;
2811;
13868;
1282;
14312;
10646;
2239;
(5779,8057);
13405;
951;
9246;
4940;
15503;
15118;
4368;
8415;
6621;
799;
14361;
(193,1630);
6150;
(12794,(1931,3951));
2482;
11612;
2903;
11517;
11514;
7011;
4827;
11273;
7518;
12936;
828;
7357;
6967;
6779;
8248;
14516;
1465;
12710;
5683;
6653;
4153;
9149;
(5863,14147);
(13249,(3112,11267));
3034;
3625;
12798;
2081;
3420;
11179;
8267;
850;
(1091,11266);
10687;
13791;
(2594,7021);
8445;
14289;
1971;
3465;
(11316,12852);
(3364,13875);
2836;
4793;
10115;
3220;
9163;
5218;
(6478,(11360,(4594,11896)));
4405;
(2358,3148);
2133;
6635;
10218;
14653;
7205;
12460;
5647;
247;
10529;
13973;
2834;
9847;
3708;
10400;
11793;
3703;
6209;
6187;
12196;
(14098,14650);
(3232,15508);
12372;
10102;
308;
(2126,9395);
6759;
7629;
(9634,(345,10336));
12868;
1605;
12907;
12779;
13929;
9186;
11989;
14665;
994;
11252;
14251;
10496;
5834;
9052;
(2183,3942);
4840;
7095;
13083;
10599;
10160;
8381;
3004;
10520;
10772;
8269;
((6316,15522),(2658,(11770,14547)));
7557;
6815;
2406;
8831;
12439;
1924;
11865;
10301;
5951;
7100;
6191;
1281;
9132;
9620;
4641;
4020;
(5541,10304);
4237;
4186;
10052;
11114;
13818;
3530;
12369;
15409;
(6234,14685);
13904;
12332;
1000;
5485;
460;
10430;
(688,14758);
216;
7281;
11718;
8396;
(972,2731);
9039;
(103,14943);
2469;
(657,6371);
9535;
14774;
(2467,(9204,(8048,10506)));
440;
10712;
(10236,10531);
1456;
(2553,11980);
1704;
10315;
11483;
1319;
9547;
(15631,15683);
2749;
(25,15477);
3470;
13801;
14126;
8188;
1011;
9737;
13254;
2697;
12221;
10216;
12152;
3641;
15178;
14470;
15622;
(12279,(6164,9220));
(5623,14858);
6105;
(11587,15488);
15636;
8137;
10781;
(4220,7793);
9434;
14011;
1167;
5091;
10798;
(8636,10779);
7181;
1489;
215;
(8369,14507);
9679;
5600;
1333;
4715;
2650;
7064;
12648;
5226;
6487;
7253;
(8330,(1530,2883));
2251;
13751;
14860;
5051;
4593;
(8984,12750);
12817;
13438;
5604;
5695;
5980;
((4261,7832),(3215,9660));
141;
13550;
(5158,8641);
7570;
6986;
7691;
7858;
5707;
(1220,4794);
9058;
3113;
11359;
(10608,15615);
10535;
6169;
(7145,(2489,3335));
14817;
13390;
14480;
10436;
((13963,15588),(1952,11774));
7497;
1604;
13668;
8348;
4046;
3678;
(3577,14580);
7123;
407;
1209;
3270;
7708;
2094;
948;
5785;
10417;
(7735,15427);
6628;
(3633,3981);
12118;
418;
6929;
6325;
1695;
13648;
10298;
4854;
1806;
5194;
11611;
7295;
11162;
12820;
1251;
11002;
918;
3085;
12469;
3571;
3552;
8682;
11308;
1340;
6232;
4264;
11999;
7023;
8077;
9217;
343;
6067;
3484;
3019;
5659;
15028;
12813;
8934;
1590;
15475;
6269;
4341;
10099;
14568;
3103;
8433;
10275;
6235;
(4377,8203);
3758;
4342;
15468;
2365;
7819;
488;
10859;
2529;
4553;
3471;
9773;
535;
8254;
10474;
(2223,15375);
9304;
4081;
5519;
4804;
15232;
(5059,11925);
3169;
(12101,12682);
(12863,14776);
6223;
(8503,(5643,7759));
5017;
878;
3256;
10281;
5060;
2389;
2319;
14543;
15329;
8328;
9605;
9026;
3910;
10352;
1847;
736;
787;
5133;
5523;
14861;
6073;
4049;
4832;
(177,8615);
4601;
14587;
(12303,13344);
9530;
1273;
1831;
4136;
2010;
2571;
(439,13310);
5522;
13402;
12300;
14925;
14461;
10222;
15506;
8862;
1857;
13780;
3898;
(4729,(6526,14951));
2580;
9730;
12230;
10613;
7728;
13605;
14881;
(9219,9407);
(364,3248);
13175;
6048;
4813;
11929;
12537;
13367;
14024;
244;
10901;
9239;
6290;
8399;
3399;
6907;
5698;
4119;
8686;
(1012,9606);
5970;
6976;
15157;
10307;
(4899,11977);
13630;
7463;
(283,3434);
2066;
7738;
2722;
2041;
11643;
(2154,3120);
(10651,15334);
8967;
9747;
8342;
14118;
2015;
(11135,(7207,14429));
10830;
14392;
7600;
7091;
5303;
11129;
5150;
(198,3299);
(13179,14315);
(4310,7569);
5735;
14197;
15143;
618;
6581;
935;
(6746,9123);
8589;
5477;
9562;
(1153,4128);
15115;
7922;
5188;
410;
1950;
(5994,13800);
(6922,8542);
11762;
12084;
8183;
7361;
6141;
9112;
4006;
(11910,15119);
(11373,13582);
12549;
4649;
10283;
4504;
10944;
7343;
4339;
(1375,6428);
12291;
7857;
7860;
10677;
24;
10690;
15354;
4653;
14632;
13898;
15017;
3862;
1602;
10698;
1560;
(6519,10550);
4596;
(9995,14674);
1399;
(4168,(12771,13678));
9060;
13414;
(7120,((5139,11820),((2968,3555),(3064,5545))));
202;
6792;
1552;
1956;
2666;
15262;
13383;
14206;
273;
12123;
10227;
(2029,7401);
1186;
(1016,8712);
12832;
1864;
10061;
7353;
11499;
8335;
10516;
11214;
6207;
2848;
7700;
6358;
11363;
(6494,12764);
1697;
3212;
11228;
362;
11508;
14938;
2228;
(12224,14782);
12294;
12050;
12605;
821;
4285;
8896;
10504;
9574;
14952;
(3784,14753);
4903;
15412;
3611;
4155;
6690;
2925;
(3365,7235);
15597;
((((2175,4986),(2448,14940)),(4463,7113)),((3630,6281),(7512,8957)));
13294;
15464;
4343;
9076;
10143;
(13201,14071);
104;
3126;
15187;
8929;
6336;
5880;
11600;
7734;
3296;
(3075,(11897,12374));
14239;
12893;
13709;
(9893,12418);
6683;
6578;
2632;
5199;
13624;
1835;
(3793,13451);
15121;
10993;
(4423,13584);
9178;
10641;
10006;
5963;
6460;
(4101,13667);
6351;
(2120,12659);
7221;
6536;
11687;
5396;
14272;
14615;
2196;
(9203,11193);
13833;
10585;
8857;
13191;
(10501,(7260,9306));
6017;
4515;
5032;
15540;
12404;
(10747,14795);
14387;
15024;
(3599,(5232,10549));
9841;
8765;
1462;
1542;
5095;
13;
13028;
4056;
1926;
(1234,(8320,8972));
15580;
10590;
678;
12421;
9843;
921;
10319;
(4332,7208);
11231;
6843;
9114;
15097;
4409;
12527;
(7376,11768);
2544;
9332;
(10759,13542);
14344;
3181;
1149;
7561;
(10893,14886);
2161;
(9330,14095);
5176;
2437;
9289;
(10422,15300);
3409;
1019;
4697;
9164;
5491;
10892;
13844;
11274;
9436;
10231;
10252;
1146;
3636;
3707;
15057;
14360;
(6766,(1667,(2668,7764)));
6112;
6309;
15682;
3736;
3720;
(5428,6218);
6794;
2541;
(9657,10727);
8349;
14524;
(1259,11677);
10554;
(1081,3017);
8776;
9864;
8413;
3704;
(5465,10387);
7071;
14386;
11165;
7985;
15562;
11374;
4165;
2813;
4924;
4074;
8008;
11410;
4712;
14526;
13463;
(1787,15619);
7918;
673;
15025;
(725,10869);
464;
5184;
(12024,15321);
10609;
10199;
10768;
2810;
(1472,9524);
1872;
10460;
10540;
5364;
11556;
5496;
6911;
(13566,14548);
1545;
10455;
1311;
2401;
8634;
6625;
5317;
12821;
6075;
187;
(2837,5071);
5918;
4145;
9875;
10018;
623;
6554;
2601;
10632;
11921;
7284;
12484;
6251;
4949;
7746;
9541;
12513;
4117;
(2143,3340);
13896;
12885;
13882;
4659;
9456;
4118;
(454,14082);
1580;
14771;
9568;
7770;
13391;
2313;
5155;
7522;
2374;
11319;
10173;
2600;
15581;
11429;
2027;
(5705,(13122,14339));
7753;
7726;
4016;
(11558,(5794,11873));
7876;
12138;
9198;
(331,4091);
(5153,(4541,14034));
9041;
1269;
11211;
3185;
10128;
1591;
9863;
8028;
11725;
945;
1618;
13626;
3367;
82;
8947;
1377;
586;
12419;
6780;
12016;
1918;
13151;
12433;
8170;
7385;
1711;
2595;
807;
5324;
6845;
3320;
15227;
12451;
14756;
8860;
15456;
11369;
3241;
(2817,7844);
5034;
15255;
12251;
10835;
1860;
5231;
2425;
6303;
2368;
2679;
316;
(8428,(271,(4602,6672)));
1608;
(11312,13946);
13703;
8750;
9126;
7583;
(11776,12436);
9878;
12856;
14186;
13986;
10744;
(1482,13228);
7615;
(3381,7456);
12996;
12317;
12318;
6764;
10571;
9978;
10754;
14802;
12683;
8370;
5501;
6669;
12586;
9252;
1406;
7348;
2065;
10943;
8315;
8610;
(6670,(370,8597));
((13273,13941),(695,8224));
13903;
2131;
15222;
2408;
601;
10486;
9226;
12774;
49;
13649;
5322;
14432;
8181;
913;
14535;
1910;
(2861,10192);
13616;
6327;
(6287,13403);
(4814,(14304,(5801,(14818,(2929,10975)))));
5288;
13147;
3748;
649;
(2841,10792);
9158;
9948;
7078;
11421;
(9907,15637);
14823;
1733;
590;
12155;
(11175,12942);
1109;
6285;
4071;
5860;
(6833,(1303,15350));
(6935,(4795,(4955,9154)));
15388;
1369;
(872,9525);
4292;
14594;
13019;
8609;
14303;
5734;
9693;
14131;
(5765,8987);
1533;
10396;
8305;
7903;
3191;
13373;
(12113,13917);
8134;
4124;
8318;
8313;
1403;
11376;
2309;
1382;
11342;
13064;
11457;
12229;
14979;
2480;
13691;
10626;
8912;
8837;
15511;
6377;
4714;
12926;
1182;
11962;
7572;
1092;
6387;
6737;
11283;
14992;
11728;
13856;
(10412,11357);
(201,7722);
14975;
11392;
424;
3317;
5405;
13060;
7623;
4648;
13412;
6620;
12979;
(12001,14877);
2149;
5602;
10635;
14638;
(6143,(6988,(4552,12144)));
15312;
12158;
8095;
447;
8718;
13869;
10062;
1890;
3726;
12454;
9621;
7254;
9822;
15392;
7856;
(8547,14056);
1450;
15575;
(13363,13976);
990;
4323;
845;
8668;
12464;
9173;
2231;
(2670,11090);
(165,4615);
798;
5400;
69;
12055;
2924;
10404;
209;
8832;
10288;
(((9629,13029),(5767,10832)),((4597,5786),(2833,8559)));
8868;
11501;
10918;
9723;
10088;
6528;
11569;
9353;
14888;
5357;
15566;
10133;
14181;
13996;
9018;
4182;
712;
3159;
12945;
11584;
956;
532;
373;
15616;
8345;
(4699,13556);
(8309,(10381,12087));
5011;
2645;
13352;
1347;
803;
11278;
9343;
(13227,(1201,14790));
13698;
(3233,9074);
59;
8649;
12336;
(9090,10996);
2095;
3407;
217;
12846;
(756,10238);
9038;
5204;
(3050,9453);
((923,5447),(448,5920));
(4441,15014);
15613;
6983;
(14857,15370);
9244;
(8429,14751);
2280;
8688;
11564;
4519;
2240;
14621;
(4650,4785);
14219;
4755;
12137;
11300;
3025;
5893;
7909;
9323;
(1320,1794);
6010;
2711;
14409;
(7511,14630);
12274;
846;
7188;
13209;
9420;
(5039,9611);
5987;
7905;
12052;
10063;
(7704,12194);
1373;
12589;
1540;
(666,13130);
3403;
3008;
9894;
14050;
12853;
12553;
14575;
4315;
6594;
10287;
3298;
15326;
(8784,9021);
11747;
9685;
7402;
9817;
3983;
4604;
8380;
(1913,15436);
589;
2455;
682;
14177;
8808;
7682;
13562;
2653;
4090;
5171;
1094;
5255;
9327;
156;
5077;
9064;
2388;
(119,4433);
7467;
9975;
9591;
13457;
9004;
676;
1564;
13991;
13504;
12476;
15053;
(1356,11706);
9136;
12249;
9601;
4841;
551;
3965;
14585;
(465,4307);
14561;
3534;
14464;
6517;
2468;
13196;
3859;
1964;
15305;
11124;
1336;
15496;
3562;
15532;
11265;
4784;
1807;
3781;
15369;
8703;
15541;
13381;
1060;
4768;
14777;
2185;
13779;
12354;
12302;
4644;
3999;
13230;
14121;
(800,12686);
7520;
4849;
9469;
12593;
4003;
(2156,5182);
11731;
13510;
6951;
7192;
15607;
9440;
7217;
1169;
(14037,14253);
9544;
3892;
6433;
(9840,9853);
15536;
(14366,14723);
7288;
7505;
(5504,14791);
(2760,15662);
8995;
14850;
4424;
(8168,12723);
(11881,(9798,14302));
7090;
9624;
162;
6958;
12248;
4199;
13636;
519;
1875;
981;
(2022,5107);
14231;
10493;
10658;
6574;
(2590,11594);
(4485,13663);
9640;
14602;
7114;
3229;
11552;
(7609,11505);
12166;
7960;
8229;
5299;
14612;
2777;
10094;
1238;
7786;
2189;
(10029,12235);
9117;
1068;
4991;
4286;
1264;
4993;
11476;
1466;
(((4879,6308),(1732,12298)),((13621,14919),(3837,11787)));
2505;
10665;
979;
11610;
6659;
1935;
(6488,(5851,13312));
3928;
14871;
3384;
10586;
10614;
1551;
11408;
6823;
13782;
2723;
2901;
9607;
683;
5233;
3656;
14391;
10988;
11056;
10811;
71;
(1934,11589);
12143;
(7137,14358);
8849;
(3515,14010);
6639;
((14158,14663),(10341,11693));
8053;
7690;
4627;
143;
12237;
11640;
9600;
14073;
3538;
3975;
1171;
2946;
8897;
4844;
(12534,13264);
2982;
8291;
14149;
1364;
5559;
11843;
14242;
13707;
((230,7908),(1649,11907));
9461;
3788;
4875;
13659;
4656;
(10398,14399);
9103;
1963;
9819;
1138;
6404;
7060;
10619;
7562;
10130;
411;
8262;
13327;
12094;
15342;
(1838,9388);
5089;
10108;
4630;
14005;
9963;
10537;
5526;
11104;
8128;
81;
4108;
14161;
12850;
10296;
11631;
(2359,(8988,10649));
6125;
2947;
4094;
14125;
796;
5036;
14822;
8026;
1791;
8249;
2140;
8883;
704;
788;
(7490,8974);
6800;
12108;
13545;
3136;
((1206,4125),(9961,12051));
11845;
5952;
14280;
13392;
13085;
8670;
1702;
(4595,6708);
3718;
10709;
11285;
13204;
2353;
4012;
13132;
12103;
13088;
4085;
15564;
11026;
1718;
(1505,5500);
6511;
8391;
(6333,12326);
6103;
11368;
3521;
1190;
2216;
13884;
6883;
9232;
9393;
11070;
7808;
9105;
10046;
3606;
12802;
6587;
14683;
577;
6252;
4275;
10699;
11229;
701;
5759;
14225;
9622;
2472;
5018;
12295;
(8231,10787);
10538;
15502;
2495;
2431;
7579;
6663;
2941;
5878;
227;
13444;
(1514,(6934,9078));
11727;
4213;
8300;
5609;
10105;
3133;
(3949,4087);
11109;
8314;
7473;
2160;
13195;
4100;
5570;
(783,14803);
15244;
13769;
(4535,7269);
12721;
8858;
(9797,11352);
9390;
(10561,(3722,11585));
1943;
11178;
13588;
14305;
2394;
11801;
7038;
8669;
8905;
4750;
14440;
14282;
6118;
7647;
4591;
12830;
1578;
14200;
3632;
1240;
(5890,7871);
8480;
5261;
9169;
11976;
14798;
8282;
2488;
9185;
8692;
10756;
4985;
15514;
7566;
3930;
1219;
13803;
13488;
11480;
1703;
(9842,15415);
13093;
14278;
3503;
7794;
(6719,14155);
1162;
3559;
5333;
7899;
961;
(9248,(6238,(15133,15625)));
8166;
8793;
2370;
3754;
2261;
1164;
7055;
10652;
1463;
9738;
13631;
9233;
13905;
6586;
(6137,13153);
8205;
4967;
6385;
9017;
10463;
13820;
1965;
1249;
13953;
14890;
9134;
13676;
7459;
11807;
(8414,8535);
8392;
6133;
8964;
1253;
7756;
14931;
(4516,(1262,11191));
6957;
9071;
1783;
6342;
533;
5458;
4797;
485;
9050;
6204;
13569;
7805;
5714;
11455;
10064;
820;
8763;
360;
3749;
11469;
11020;
6657;
(6016,12743);
11379;
927;
13945;
12563;
15655;
10317;
(7549,15072);
9944;
7303;
13023;
9529;
12920;
15259;
8451;
9752;
9751;
10233;
12191;
12674;
9190;
(3994,12881);
514;
2134;
15289;
10697;
12116;
699;
8940;
12075;
7093;
10729;
15680;
12510;
11565;
14346;
9779;
11034;
((739,13671),(627,6654));
4406;
14916;
(12387,12633);
15644;
3568;
1537;
1329;
12693;
14042;
4354;
9513;
8473;
(5258,(5675,13742));
6995;
11655;
8979;
1010;
(5900,6804);
(8191,13685);
2789;
12653;
7994;
9503;
6758;
(1830,10377);
14040;
(11220,15507);
4669;
(4852,(12271,(8778,14032)));
14077;
10011;
7232;
12415;
111;
3679;
3541;
471;
1833;
11338;
(1501,(15193,(4621,(1916,7588))));
10502;
13978;
((6060,(8013,10448)),(2272,7105));
(3560,6989);
4306;
10736;
9748;
(229,10129);
4276;
11805;
9774;
9926;
3443;
1701;
12079;
6008;
(10452,13710);
5272;
(1332,13785);
9088;
13587;
(100,8604);
9834;
14478;
(5286,15297);
(1721,7099);
86;
(10435,13108);
(10508,14937);
7227;
11741;
9449;
7460;
7534;
14199;
12731;
145;
15471;
9316;
254;
6840;
226;
6028;
(15104,(10268,11302));
10801;
9098;
4157;
14410;
(4775,10492);
12000;
15643;
5581;
3838;
1142;
10014;
12791;
(3594,3778);
11105;
13407;
14688;
1507;
14779;
12585;
6147;
2221;
4555;
(3609,14559);
13783;
2790;
(5744,11223);
512;
3092;
384;
9236;
9974;
1009;
8720;
14179;
2357;
4448;
10123;
2534;
7067;
11306;
(5638,13850);
3587;
11652;
1620;
3244;
2045;
253;
(966,15081);
((1861,3193),(15199,(6438,13761)));
11136;
1475;
1422;
(9385,9881);
1194;
12104;
7666;
9495;
14836;
12781;
3864;
1414;
5362;
7461;
(13611,15359);
1777;
(4915,9165);
(4334,6522);
26;
13602;
660;
6632;
(7967,(11543,(6058,9120)));
12063;
(3243,15406);
(2609,6978);
12057;
1270;
8000;
105;
4878;
685;
3221;
10480;
7206;
8334;
11253;
13775;
7108;
14328;
15132;
5988;
14504;
11991;
(9256,11486);
10334;
7388;
(1032,6199);
12474;
10473;
13939;
7535;
(1041,13303);
9231;
4900;
13828;
(11096,(1029,4278));
6783;
12342;
4450;
2393;
5434;
8293;
6513;
12197;
1267;
11433;
7365;
(8036,11036);
8930;
11099;
5404;
7332;
2169;
(1867,3308);
10581;
6261;
2676;
12677;
5658;
8992;
(8051,(12061,14542));
9261;
6912;
299;
(5700,(3984,6508));
3961;
4638;
10207;
13262;
4918;
7573;
6849;
9935;
1404;
5403;
(7896,8677);
2113;
15510;
5711;
1393;
(3390,11742);
(8996,12756);
12497;
(3645,4067);
333;
(14455,15009);
(317,11262);
10890;
2177;
5678;
969;
14090;
(6426,6728);
(1176,9320);
980;
6317;
10668;
(1968,9457);
(8208,8639);
13247;
(7283,8025);
8655;
3445;
14899;
10042;
12180;
9786;
12550;
13665;
(5666,6025);
3374;
14966;
5839;
4386;
13557;
6642;
9035;
12508;
14806;
1760;
9551;
1368;
6564;
3397;
(11163,12967);
538;
651;
8355;
11095;
5881;
15129;
632;
12352;
9419;
4435;
11044;
(1470,5751);
6567;
2567;
(9818,(6170,((10472,(4476,6212)),(6721,(6132,10785)))));
7982;
3775;
9062;
4211;
(11852,(5221,6467));
7546;
13889;
13481;
3428;
(4870,11705);
15526;
(480,1868);
1292;
12219;
14484;
4880;
2826;
1307;
15441;
9400;
(793,1344);
(9085,13215);
6024;
15509;
12811;
6254;
11414;
13512;
9824;
2053;
10320;
4643;
13913;
280;
494;
13860;
3926;
536;
(13796,(4957,7515));
8118;
4749;
3446;
4382;
(2617,4225);
4223;
15574;
13073;
14063;
10854;
4427;
(1358,3995);
9775;
12935;
5728;
5827;
(14691,14847);
12946;
1531;
12117;
9743;
9814;
(1104,2324);
(3917,4506);
2717;
(2274,6686);
(298,13554);
12465;
76;
444;
2285;
15669;
13349;
(2550,11019);
(2584,6667);
11890;
4964;
14264;
13284;
15649;
14697;
1272;
((7375,11033),(6718,9331));
7132;
(5770,7901);
6827;
8652;
11330;
14718;
(5955,13708);
2563;
10117;
(261,12544);
7115;
344;
507;
(1275,14533);
4532;
8561;
7656;
10862;
6681;
11219;
(7702,15594);
(101,(4004,10169));
6475;
2957;
13640;
5290;
12752;
9682;
(7889,14523);
15236;
14342;
1033;
6431;
13051;
10808;
3263;
462;
1387;
11964;
14982;
(3863,11524);
8679;
14325;
11639;
14437;
(13517,13552);
3938;
3192;
6328;
(6928,13799);
8145;
1027;
(3334,13128);
6496;
13641;
809;
9882;
13306;
6266;
2316;
549;
4130;
9100;
14211;
3799;
890;
14869;
13585;
13539;
4025;
5291;
5422;
14249;
(2845,8268);
4496;
8662;
9692;
9156;
10824;
10564;
11503;
4291;
643;
(5000,13345);
5829;
9695;
13212;
88;
14572;
(11802,12053);
(4288,14988);
9956;
(85,3482);
(2492,(1437,12348));
374;
(3249,7355);
13000;
5304;
3907;
7519;
4350;
(3066,7506);
7668;
3747;
(13597,15445);
8298;
1609;
(3883,6443);
8477;
10114;
7692;
12391;
11592;
11485;
490;
14570;
(2390,9757);
11978;
14567;
(10576,12584);
14191;
16;
13185;
4171;
4401;
14479;
(4577,13384);
6856;
10208;
1919;
15033;
7083;
(180,6037);
11573;
14582;
12037;
6711;
3524;
1374;
10602;
13376;
14028;
2570;
4646;
7737;
(2654,(5717,13293));
3205;
3423;
(5273,13733);
(2036,15292);
13024;
5149;
5399;
1532;
15340;
8104;
(6588,9515);
6806;
(3877,14486);
369;
62;
13864;
297;
4620;
13452;
(10864,12136);
556;
11213;
7009;
12776;
13248;
14205;
11895;
15473;
15230;
6813;
((4500,8944),(8770,10388));
2743;
(377,3307);
9345;
14350;
80;
2993;
8227;
(449,12453);
11635;
805;
15092;
(11620,13956);
9518;
1592;
9941;
(2801,14101);
7426;
13067;
7874;
15519;
3728;
(9844,12906);
7915;
4063;
4801;
10067;
13422;
8495;
10093;
9053;
5163;
724;
393;
11720;
1296;
12338;
1315;
11463;
7758;
288;
2933;
9025;
9884;
12331;
15568;
6262;
5652;
501;
9501;
382;
3385;
15430;
534;
4301;
(4897,7989);
15145;
4817;
5912;
8169;
4990;
14267;
9206;
10728;
(5023,12128);
((5210,12178),(3882,(10624,15068)));
8339;
7273;
11981;
4901;
4910;
2198;
5053;
829;
14284;
6217;
2603;
5384;
1421;
3777;
10812;
13038;
1674;
1117;
1426;
8329;
12726;
3324;
13420;
6495;
8953;
8059;
3513;
2921;
12242;
7774;
2910;
12918;
(1766,(5202,9150));
3915;
(3127,12826);
((4290,15159),(228,7813));
8041;
8002;
4017;
9292;
5830;
9310;
1388;
6311;
12851;
(4269,7809);
11606;
5409;
13926;
8702;
11446;
7290;
8606;
6457;
14233;
(778,9917);
1700;
9145;
7421;
4218;
10269;
9485;
896;
14256;
10072;
(1639,1656);
14715;
12406;
7016;
8894;
5359;
6644;
9857;
1793;
(3786,6237);
2411;
10089;
(2100,11399);
14288;
8968;
(5242,(917,5528));
9583;
11644;
14914;
368;
4748;
7867;
11759;
9983;
7407;
5897;
12655;
4412;
(9980,13256);
(6965,(3621,7406));
12983;
10194;
6368;
(10461,15491);
12748;
(1920,(11783,(2971,15271)));
9534;
5379;
2193;
13999;
1062;
3155;
9677;
10116;
14047;
10313;
5764;
15273;
11054;
11839;
11437;
844;
8165;
2305;
2032;
11537;
7507;
2798;
818;
9271;
(13613,15418);
14624;
8653;
2349;
6390;
6128;
1977;
3413;
5314;
15345;
5971;
(2427,14640);
9505;
11627;
(10630,13537);
7950;
4141;
1655;
8749;
9404;
4190;
(441,15482);
1686;
7739;
8052;
110;
14583;
6582;
12896;
(15160,15659);
6741;
2340;
14586;
7318;
553;
3854;
(106,15633);
13065;
9976;
10730;
11086;
13480;
1680;
(1557,10008);
3213;
8985;
13326;
13115;
(9109,12785);
9279;
4944;
12533;
6775;
9367;
4095;
2583;
1887;
10197;
7005;
12801;
12525;
296;
1617;
14709;
2985;
(5208,5343);
7015;
13743;
(11158,14130);
4934;
10024;
10714;
(3109,11979);
1004;
(3360,9339);
(10909,12172);
4103;
7414;
599;
3557;
1175;
8061;
5856;
(5537,14910);
9030;
15650;
10617;
9253;
5964;
1788;
5942;
4829;
1673;
8087;
2060;
295;
11866;
15691;
8171;
8658;
499;
5129;
5569;
11732;
13332;
(504,5219);
11586;
4252;
15149;
665;
4438;
6900;
12701;
6332;
(5969,(10939,12892));
831;
14180;
6569;
6575;
14571;
11371;
6906;
6361;
691;
6703;
6861;
8217;
6434;
10956;
5386;
14920;
12281;
6219;
874;
6097;
154;
9387;
11303;
10378;
9531;
12323;
1678;
9028;
2334;
8541;
3554;
14435;
6298;
5727;
6824;
7203;
15154;
381;
1085;
6734;
(3359,(61,4244));
1051;
6022;
4057;
9734;
1572;
12285;
13558;
3991;
(2362,(1600,10263));
6072;
(4112,12538);
8629;
446;
3615;
(13356,(11608,(1179,4133)));
3865;
6735;
9800;
10629;
7480;
3945;
7174;
8452;
15207;
2000;
10015;
(9318,14321);
3246;
(986,(8543,(12074,(5736,5760))));
4076;
9540;
6755;
13109;
3857;
(11950,15007);
4572;
4317;
300;
3290;
6005;
(5837,7487);
((6855,12879),(11846,15111));
14884;
(12746,(1827,4010));
10196;
11900;
13466;
14912;
15591;
3245;
8788;
13748;
(6224,8182);
(3116,(2598,13408));
5578;
2976;
(3005,9067);
7879;
4502;
11912;
1710;
7359;
((8698,(11477,13937)),(10611,((10696,14209),((270,4135),(832,(2457,10279))))));
8106;
1778;
853;
(3510,13445);
12736;
1226;
(631,14560);
11901;
(13041,15100);
8786;
(5361,11345);
((3896,10633),(2269,8949));
7045;
4208;
(615,1420);
3048;
(10440,10582);
8685;
6226;
1187;
6085;
11877;
14815;
6592;
7267;
5928;
791;
2003;
4922;
10523;
(2753,5645);
3828;
10557;
11294;
8406;
13928;
11984;
4603;
1615;
2735;
(43,14853);
13909;
8243;
15381;
12934;
15560;
(1879,10803);
12054;
9603;
11575;
2214;
1865;
2050;
1812;
8801;
11576;
14958;
(2471,15197);
8952;
7599;
6945;
(8587,10454);
3160;
3573;
7592;
(7718,13308);
13260;
12179;
(13431,13674);
6808;
3395;
15266;
11112;
(4560,6899);
3971;
3695;
2351;
(14544,(3791,7196));
10397;
13094;
5137;
21;
9765;
12528;
8359;
12610;
(889,15569);
5183;
13501;
11937;
9816;
12650;
833;
6114;
15256;
8981;
3129;
813;
(6506,14636);
(2897,15063);
10308;
1634;
6134;
(7452,10344);
(107,11235);
8383;
3852;
10851;
12023;
7547;
11806;
(8691,9358);
9488;
4387;
8374;
(10432,12227);
7833;
(8040,13974);
737;
314;
2708;
9990;
9418;
4420;
3068;
1521;
((9462,10565),(3451,11749));
15518;
3321;
11864;
251;
2323;
928;
6980;
10346;
13089;
15438;
14476;
(4173,5478);
10547;
12629;
6061;
10843;
10604;
3827;
6279;
13364;
576;
2461;
797;
11809;
6646;
1289;
13832;
10310;
(13117,(9276,11973));
11859;
9874;
14537;
8758;
8620;
11120;
423;
(8753,11998);
13154;
(9380,12643);
4499;
15528;
10973;
2352;
11395;
(4803,8933);
12976;
3336;
1776;
(989,1900);
7752;
7495;
10458;
3850;
4579;
(6864,(2934,(2001,13906)));
10456;
7076;
(6858,9972);
7783;
12670;
6920;
1647;
(1729,6630);
14473;
2736;
12228;
7155;
292;
3252;
2407;
11647;
1741;
2227;
13052;
5169;
4723;
12064;
14052;
1541;
5300;
(14551,15265);
2005;
5850;
10389;
2439;
5813;
(2079,11840);
(1093,(137,2428));
2258;
11836;
(1810,5534);
(9597,12333);
(4026,11113);
14521;
5989;
752;
13505;
544;
9326;
44;
7338;
(3659,5838);
9678;
12450;
1351;
2557;
13207;
14182;
12364;
8865;
8895;
3719;
249;
6969;
11328;
6474;
13322;
15517;
13044;
12961;
8591;
9538;
7789;
13528;
1699;
12098;
6477;
(5587,8117);
8312;
11333;
11883;
11452;
3318;
15654;
7965;
9463;
13189;
8083;
10906;
2788;
15248;
2816;
4859;
4514;
171;
9785;
(10386,12127);
394;
2969;
6031;
2690;
15384;
6245;
4968;
2052;
7325;
14558;
8744;
(1525,2255);
7489;
(339,15127);
42;
8534;
1277;
728;
10965;
13669;
9187;
13651;
5423;
(7218,11346);
1569;
(5542,12567);
11390;
2074;
3760;
3286;
6887;
11519;
13746;
(6354,9802);
582;
2733;
5703;
5394;
11321;
7070;
307;
1853;
8948;
(11130,(1933,14613));
8616;
2547;
(13574,(3137,9043));
2873;
858;
865;
2614;
1288;
1511;
6541;
9240;
5925;
14441;
696;
12715;
14375;
(4815,12311);
2326;
6933;
6805;
10337;
3237;
(2917,3481);
241;
(9543,(7970,8876));
6701;
1313;
6275;
11458;
4072;
(10475,12277);
14207;
5699;
9466;
2987;
1750;
2056;
15670;
(2838,3376);
5335;
1168;
9107;
1646;
6283;
7059;
4923;
1819;
9511;
8588;
15457;
8158;
9821;
3357;
9883;
687;
10855;
14036;
3297;
14012;
14411;
(15070,(12399,(4888,14403)));
15211;
14792;
2246;
11023;
3018;
(1419,4416);
6306;
4836;
6259;
(7818,13794);
12126;
5427;
13877;
8594;
578;
5240;
8286;
7875;
5035;
(3467,9458);
12006;
12280;
4083;
13471;
9913;
6964;
12112;
11538;
1746;
13145;
(5610,7022);
9139;
(9754,12858);
(5263,13136);
12340;
2950;
5260;
15609;
1677;
655;
10998;
10827;
13992;
4418;
882;
2871;
528;
174;
5312;
(9585,(892,14574));
7169;
(15219,(3873,((((5934,11985),(2820,7094)),(518,9036)),(9689,14281))));
1524;
9885;
6111;
11767;
7527;
6860;
150;
3561;
1498;
2476;
9628;
(9799,12741);
(5162,8598);
12039;
12616;
11394;
2944;
12554;
15673;
7062;
3988;
(4458,9759);
6705;
10837;
10375;
6319;
12697;
4616;
11404;
12638;
1619;
3986;
9835;
(8463,9496);
11155;
5594;
13495;
15371;
12305;
8289;
13960;
11968;
7422;
((2643,5098),(4675,12618));
14194;
10580;
12735;
15234;
12594;
(2295,3616);
15175;
11690;
15411;
12622;
(3603,14122);
(8918,((5560,12994),(9059,11965)));
12385;
15180;
915;
13435;
11697;
12566;
7732;
10425;
11754;
6203;
7462;
7499;
14466;
7612;
6889;
13840;
1493;
(13170,14351);
4330;
4947;
2162;
(6109,14816);
4419;
7870;
14398;
12060;
(1279,3476);
(8089,15531);
566;
13662;
13016;
5636;
14373;
5380;
10760;
837;
(206,10481);
7069;
(262,13763);
(12988,15611);
822;
4434;
2039;
11752;
4800;
7920;
1035;
542;
4196;
7961;
3047;
3668;
1761;
13224;
4232;
14369;
4439;
6376;
14;
12727;
1561;
(3700,(4780,15279));
976;
13738;
10595;
(1371,4525);
4634;
13770;
(1945,8824);
4808;
10880;
5708;
827;
6600;
9937;
10483;
6940;
9189;
12209;
3697;
7496;
8280;
4582;
10566;
13277;
11986;
7327;
644;
10807;
15105;
2975;
(4707,8887);
(1055,10267);
11607;
(2660,9512);
1214;
11513;
401;
3081;
11983;
(6968,10931);
3773;
11128;
10794;
13101;
13252;
5407;
6763;
6370;
358;
1100;
7033;
(4998,7851);
1966;
13006;
9578;
11310;
997;
(4486,11602);
14087;
4517;
6822;
6185;
5788;
6910;
13846;
(1113,3576);
11616;
14852;
13521;
14029;
10471;
2096;
3240;
2864;
7859;
2726;
2398;
13853;
5597;
8056;
9575;
(1151,1951);
9135;
7488;
1321;
10907;
2054;
5762;
5435;
5611;
7531;
(11996,(6801,10863));
8143;
5239;
(776,15032);
15278;
2072;
2481;
2575;
8043;
11794;
10820;
8553;
772;
15481;
4571;
10946;
15627;
14124;
(8790,10966);
8586;
12085;
(2210,(7363,13983));
(1874,14370);
13319;
6104;
7390;
867;
9396;
(3618,10915);
11698;
(14485,(12401,13335));
396;
8343;
((3642,12384),((10622,12047),(8127,10782)));
4086;
9672;
5135;
14700;
15220;
14903;
15034;
1709;
11251;
15296;
(2928,11927);
((10134,(6992,13161)),(11669,14419));
6673;
12766;
7564;
7286;
(((9081,14905),(6063,9092)),(2675,6724));
14731;
(6208,9735);
(139,11454);
10989;
(3790,13110);
5911;
8080;
15002;
6357;
(5745,(4498,5689));
8030;
8533;
12420;
2329;
904;
8997;
8246;
2238;
14014;
11966;
9740;
12753;
14563;
7171;
12833;
8637;
8092;
4034;
11624;
3667;
10392;
8711;
(1858,(404,5365));
(10942,(3687,7040));
11103;
12662;
11532;
12365;
466;
10839;
2607;
8186;
14151;
8901;
(1961,9861);
9227;
13272;
5543;
3717;
891;
12647;
2508;
6142;
9111;
(7580,8004);
(5844,11509);
7387;
11791;
(10982,11331);
248;
2715;
(13899,(11089,15158));
12428;
10274;
15217;
(2217,8416);
14606;
3055;
13827;
8094;
(3260,(8551,13271));
(9803,14116);
7977;
8826;
5809;
13470;
8976;
3886;
8070;
5371;
15131;
8760;
12921;
13043;
13507;
1671;
9359;
5715;
3389;
(3818,9808);
10433;
5356;
(10972,15061);
2369;
8664;
716;
4671;
12366;
5042;
9328;
12171;
8185;
14062;
5572;
14035;
3010;
11960;
786;
526;
4683;
7550;
8049;
(3477,(4979,5546));
5579;
6623;
469;
7447;
173;
4422;
11496;
2953;
(4381,8605);
(4151,11447);
(3258,6733);
1601;
2780;
2684;
10092;
(609,2846);
4860;
7605;
1792;
4529;
3507;
2936;
(594,14166);
14475;
13103;
4682;
(1299,11926);
(3483,14222);
(9352,(281,13210));
6465;
10874;
11355;
10358;
13434;
7204;
11314;
(4524,15465);
10339;
14163;
65;
7292;
7309;
12587;
(3016,12335);
10223;
13163;
8420;
7041;
(3997,10145);
(5190,5990);
11247;
(10184,14554);
11133;
15397;
8357;
6685;
(2254,9033);
9778;
264;
(11796,(4060,9899));
10903;
13744;
12526;
10916;
4718;
14895;
(413,11857);
9262;
8538;
7796;
8126;
(8704,(5800,14324));
6472;
1610;
3529;
10213;
4666;
9430;
6825;
1390;
5693;
4192;
14719;
12296;
6184;
8035;
8045;
13506;
8358;
(3702,(9155,(10723,(9498,13158))));
(2805,7316);
10403;
14789;
(5334,6598);
10211;
7993;
13238;
7008;
12642;
4302;
14800;
(2899,7047);
1024;
4079;
11674;
1549;
9263;
5028;
2688;
8175;
4958;
7215;
2906;
2226;
4719;
8973;
12284;
(5215,(2751,2974));
6782;
(((219,12435),(7301,7742)),((3581,12185),(9344,15440)));
3024;
11614;
11053;
2164;
53;
13752;
7894;
(51,13334);
5159;
(4474,5296);
(13962,(10237,14980));
8044;
6263;
14617;
(2068,7855);
15210;
12371;
(7228,10351);
11045;
3834;
(2284,5565);
(1712,15394);
11719;
7999;
2432;
508;
13759;
894;
705;
2744;
14030;
6220;
421;
2055;
7984;
6393;
6264;
1106;
2121;
10468;
12778;
2681;
11601;
2419;
14072;
8552;
6498;
2695;
7644;
14266;
2824;
1581;
(8304,15520);
1309;
1417;
8384;
8916;
8425;
10170;
10141;
(4484,14075);
(1293,13618);
(7880,15563);
3876;
6014;
((8016,(7172,8502)),((5566,15396),(1237,11982)));
3769;
(12673,13223);
15674;
3772;
12411;
10935;
(4142,12613);
8768;
6276;
15576;
2099;
6814;
(10840,(1497,2881));
(10466,14720);
14887;
2084;
4774;
13100;
10183;
13922;
2092;
11547;
498;
(6444,10204);
804;
(8376,(9673,11083));
3422;
11833;
7696;
1158;
5960;
(5589,13270);
3982;
9499;
13359;
7937;
((826,11277),(6837,14417));
3188;
5905;
13787;
12487;
((8800,9556),(8549,12873));
9133;
4861;
12631;
10168;
4734;
895;
5653;
14070;
5603;
(14183,(4413,7482));
14376;
(3398,13549);
5520;
7264;
5903;
868;
3026;
9285;
5363;
13862;
1759;
6650;
7458;
7469;
(3012,3787);
1510;
13563;
(4546,12130);
11681;
1687;
15316;
10280;
15485;
12500;
11046;
11183;
7449;
1291;
4536;
15294;
(9619,(2656,8064));
13316;
7736;
7249;
8352;
4777;
7839;
11876;
6680;
4965;
10981;
12839;
15126;
3805;
9315;
11567;
13300;
10748;
12712;
11206;
4534;
14786;
9930;
1327;
5301;
12857;
(671,8922);
5673;
(6838,8963);
4871;
6302;
15001;
2823;
10813;
8924;
11870;
6268;
2020;
2895;
3903;
7429;
530;
6854;
10631;
(1198,(9766,(11391,(735,(8032,(11198,11922))))));
9638;
10241;
(5328,8878);
15320;
14896;
10324;
1123;
4982;
6481;
5563;
9915;
15604;
3344;
(1453,11733);
6767;
3628;
12611;
(2338,(8283,10793));
9652;
3416;
11351;
5733;
13643;
14009;
5479;
5461;
4636;
9604;
9572;
4576;
(2417,(7928,9615));
5804;
1991;
(6222,(7659,11339));
10476;
2150;
4383;
2051;
1242;
15066;
3150;
(2105,12236);
(11024,13237);
213;
2576;
(481,(2622,8525));
6099;
15185;
14635;
14129;
7914;
3140;
5031;
11858;
14922;
11134;
9813;
12984;
6876;
3265;
12471;
5073;
4533;
12442;
13027;
11205;
7345;
5713;
7453;
11771;
6095;
1349;
((7339,9719),((516,14996),(1427,11629)));
2646;
9281;
15629;
8881;
(5660,10512);
4994;
11596;
(2059,4318);
2030;
14384;
1622;
(1873,3958);
189;
(4482,7836);
6753;
2671;
1185;
3356;
9564;
8354;
3989;
274;
9408;
3588;
12496;
12359;
3516;
12205;
9653;
(168,11067);
2264;
2341;
(7428,10498);
(9707,(7634,15439));
11521;
6619;
1844;
(2608,7988);
(14781,(596,605));
6046;
14057;
2526;
10995;
10321;
619;
1628;
11050;
(1120,2999);
11557;
14338;
6027;
13084;
(13261,14511);
(15527,15689);
4930;
6267;
2236;
12503;
(2414,11673);
12147;
(11431,14998);
8904;
2413;
12696;
13826;
5311;
1066;
7484;
11578;
15135;
(5879,15084);
13614;
12036;
13914;
3990;
4224;
9830;
8324;
472;
3735;
9721;
13144;
13547;
4229;
4479;
2554;
3027;
(1139,2605);
70;
7502;
4257;
953;
7747;
8936;
8833;
3897;
5211;
15667;
5840;
3475;
7111;
11185;
11021;
(6853,12656);
2152;
(10572,14518);
8710;
7992;
7843;
13568;
14022;
6079;
1676;
5487;
3589;
1147;
12835;
9771;
1627;
3536;
8650;
12807;
10017;
12660;
6190;
11563;
(14658,(2738,(10036,12444)));
(7975,(5874,13325));
15546;
14109;
6258;
(5015,12290);
3154;
12641;
398;
10932;
1428;
7677;
7538;
4600;
9373;
15048;
(7628,(2151,12780));
9690;
785;
9237;
3345;
9960;
8405;
4287;
(3870,6748);
9170;
7831;
(3912,4590);
1155;
4164;
7007;
7827;
6461;
12012;
7030;
7314;
3369;
3448;
4796;
5056;
4470;
9892;
7238;
11595;
13622;
7471;
12261;
2796;
9401;
3091;
2232;
2375;
10148;
(1576,8372);
(4809,8135);
8971;
11717;
1137;
15382;
859;
7532;
8573;
1843;
2112;
(2004,11566);
8563;
9929;
7494;
8838;
4937;
6177;
11944;
3814;
12153;
1519;
14562;
855;
305;
(8247,11385);
12924;
2011;
7669;
10132;
(14801,(12325,12477));
11143;
11536;
8941;
12441;
4491;
12684;
6510;
11672;
13830;
2555;
1040;
1946;
(8689,13243);
(3595,6172);
10713;
8338;
11450;
2142;
(2146,8097);
(4670,(5818,9850));
7906;
1948;
6215;
12307;
10948;
7285;
(2252,8110);
4640;
4490;
(835,(8870,12208));
10897;
(8614,14051);
6939;
9796;
11598;
6307;
2990;
11721;
14164;
5209;
8619;
12246;
1886;
8116;
2998;
(11435,(6768,(7436,14017)));
2927;
10875;
7763;
9645;
7275;
6743;
15390;
8740;
11692;
14033;
4561;
2996;
6313;
5476;
13347;
6507;
1;
18;
11708;
2500;
11746;
4274;
195;
8818;
3277;
15325;
10097;
(9898,12238);
1504;
5353;
11281;
3418;
9533;
5238;
12486;
6662;
14828;
3878;
6842;
(3184,7772);
(5802,14119);
3305;
3819;
6416;
3613;
6877;
(8434,(11653,12897));
11225;
11146;
4850;
2847;
5080;
14491;
1693;
3841;
6289;
7165;
7427;
3217;
2384;
6310;
6866;
190;
9451;
11636;
10656;
10443;
10817;
1989;
(5044,8706);
659;
1737;
15307;
9097;
2063;
(9443,(5113,9951));
13497;
2436;
2746;
1528;
15060;
15041;
571;
9584;
10600;
1312;
1423;
11630;
2114;
9724;
1086;
7643;
7693;
12463;
1457;
9662;
3845;
(2648,5663);
406;
(8699,15515);
4250;
(6544,13693);
5944;
14960;
693;
11298;
7955;
1984;
6599;
9208;
14517;
11460;
5948;
13964;
12903;
3889;
14954;
13583;
3860;
5978;
14227;
10300;
11888;
4279;
2167;
8792;
35;
14539;
10937;
7417;
4045;
6996;
13664;
11936;
3203;
(750,13753);
11739;
6799;
9307;
6411;
5124;
(4853,(1770,8326));
8071;
11540;
12398;
2033;
267;
240;
11358;
7660;
7136;
11471;
12978;
11889;
12121;
13764;
13551;
6629;
5702;
11899;
10465;
(6195,(3469,(810,11772)));
8599;
6292;
14105;
10848;
15091;
(((4693,9746),(5438,8500)),((4311,5927),(3030,10277)));
15037;
4931;
(5620,8238);
12867;
808;
(5798,15690);
9439;
3665;
6612;
10327;
10034;
(9718,(13377,(11711,14948)));
11387;
13033;
(2754,5916);
11659;
1892;
12091;
14689;
2415;
(10819,13660);
3746;
3826;
5454;
1239;
1779;
8439;
6246;
(7661,15301);
2397;
5310;
4283;
1386;
138;
2573;
12478;
13180;
(13202,13859);
7200;
7537;
7466;
13580;
10525;
10109;
14863;
8624;
(5268,6448);
6810;
10795;
12081;
4857;
8687;
7653;
4530;
13854;
13887;
3044;
12202;
7323;
3699;
7526;
(135,1758);
14934;
12865;
354;
15166;
5949;
11773;
14969;
5213;
4102;
11918;
1193;
13873;
7391;
11317;
(3209,9909);
8093;
780;
10495;
7170;
6762;
(959,10987);
9470;
(2273,6568);
10732;
2965;
(3654,5640);
14682;
6795;
9118;
5117;
13213;
14527;
658;
12649;
((3108,7142),(2839,6936));
140;
4061;
15242;
2200;
13311;
3803;
4746;
4779;
6248;
12341;
7024;
13861;
4751;
10509;
15476;
(5306,6193);
13320;
(1665,13235);
8493;
3832;
10057;
13353;
7246;
(7582,(4523,8796));
13871;
11952;
4487;
(14142,(3888,8306));
10326;
7160;
1547;
5508;
13174;
7674;
(4080,8906);
14619;
14237;
13725;
(8482,13278);
4179;
12353;
9783;
11001;
5618;
(8263,11255);
5992;
11473;
3411;
10026;
(3117,10796);
8643;
9196;
15684;
2178;
1866;
(2404,(5389,10845));
13430;
4488;
5191;
272;
10923;
10144;
8086;
14355;
6162;
10548;
(8909,12493);
(8623,9901);
(4002,10082);
6921;
(6714,11233);
11428;
1832;
2546;
(815,7139);
(883,4214);
6938;
8012;
4892;
12555;
11284;
1302;
9415;
8120;
11260;
(5287,(13095,((3528,6081),(((4754,13150),(12,4266)),(5679,11153)))));
(476,9733);
11009;
13081;
8085;
(8926,12878);
593;
5057;
6972;
5776;
3052;
(3879,(1441,8198));
9868;
8014;
1183;
7419;
13576;
(3602,14044);
10673;
4362;
2253;
13468;
9144;
3766;
5847;
5665;
(3346,4011);
1178;
5320;
8453;
8139;
6464;
14488;
8851;
133;
12258;
3941;
1022;
7481;
6616;
14605;
6816;
(7486,15383);
2719;
6966;
7237;
14379;
8942;
7020;
4987;
11800;
10986;
14874;
5038;
13074;
11022;
8723;
8327;
2207;
(6871,8467);
12816;
96;
12808;
15348;
5981;
(3605,8377);
9636;
14120;
1503;
9968;
8817;
3235;
4626;
13771;
7949;
(3417,14301);
9171;
12837;
11189;
8389;
5457;
5677;
7595;
12324;
9879;
12573;
6589;
7589;
1929;
13572;
14671;
(2945,11987);
10012;
4472;
4667;
13895;
4205;
14649;
11141;
13462;
4735;
13022;
252;
5588;
14444;
(4069,6435);
10491;
11384;
12432;
7802;
4942;
8001;
(5445,14508);
557;
4169;
(3491,7370);
(2409,8159);
13835;
13529;
10888;
4226;
3948;
3591;
(3558,(11445,(9478,13211)));
13214;
(3076,11003);
15346;
7168;
14965;
2869;
13197;
4258;
6398;
3566;
(1708,12644);
6314;
30;
6891;
511;
13949;
(5503,5877);
7541;
11818;
9409;
14176;
7904;
11209;
9095;
(4747,5141);
7792;
15379;
12109;
(6090,(11916,12939));
((6403,10674),(9094,(12509,14487)));
12783;
11959;
15270;
11737;
3355;
(7850,12913);
10049;
1974;
8548;
1854;
9710;
8745;
2271;
8277;
5469;
10316;
(4802,12393);
(8646,(2638,11729));
11329;
14696;
14812;
581;
15466;
13492;
11418;
8007;
7226;
(10927,13810);
9895;
10322;
(3073,8039);
7594;
3830;
6774;
2889;
10921;
12692;
1268;
11037;
(1780,2634);
9612;
12035;
7294;
1539;
3268;
14921;
11409;
6338;
9288;
((9625,12815),(4295,(6295,15331)));
11649;
(2090,5104);
5096;
2447;
6282;
13280;
8989;
11322;
3061;
6834;
13948;
3380;
14277;
3218;
13961;
15592;
6971;
7220;
(14515,14643);
7869;
(9143,12972);
6781;
443;
13684;
6607;
3741;
10045;
(12282,14936);
3653;
14333;
13792;
(9375,10774);
(2186,12576);
13970;
3341;
13007;
12930;
14496;
572;
8063;
14840;
2521;
11407;
7558;
3954;
12206;
12043;
6414;
5556;
8393;
613;
4537;
562;
1829;
(7092,9510);
3505;
13894;
9911;
2763;
10004;
8287;
9336;
3913;
13740;
9836;
231;
5046;
5416;
5223;
10178;
8898;
7319;
(11597,14589);
4240;
14601;
15687;
(10637,12032);
14738;
13688;
14433;
15182;
(710,2361);
903;
4732;
656;
8847;
14273;
14882;
13357;
9656;
9054;
(4691,11240);
1979;
4992;
9483;
11695;
13226;
5076;
8341;
1684;
(12911,13536);
4890;
12125;
(1662,7331);
11465;
(4690,6675);
1286;
11244;
12828;
9347;
3509;
5862;
8469;
7307;
1256;
7379;
654;
5002;
2371;
5983;
10664;
11192;
63;
9258;
(4195,11405);
12015;
5796;
7002;
12255;
((10393,12720),(10060,10462));
4389;
6688;
15414;
7687;
7865;
7712;
15202;
13292;
1941;
(7313,15538);
7671;
2606;
1448;
12888;
9681;
13049;
5876;
12343;
947;
628;
8917;
12199;
(4480,5499);
14049;
2501;
1059;
5544;
10031;
(3638,10878);
14908;
2372;
(3776,5446);
(1978,13570);
8562;
7544;
4471;
12078;
11502;
13863;
2303;
12115;
(6344,(2312,14412));
13369;
2888;
3144;
7907;
5410;
950;
11637;
8017;
6638;
3619;
6064;
6040;
6035;
4655;
1216;
8147;
14326;
7118;
5529;
11860;
8715;
12782;
3604;
7709;
(5825,13952);
10790;
2294;
1975;
12797;
5938;
6442;
10427;
(5020,11403);
(12724,(2908,9148));
9957;
8869;
6115;
(10139,13487);
12958;
15190;
10020;
10831;
(9467,13361);
6617;
11142;
(3963,6091);
2884;
(7838,14694);
13797;
11841;
4325;
1664;
12017;
6990;
2119;
1323;
12309;
8109;
12619;
8777;
10347;
5836;
9045;
5302;
3711;
10162;
1161;
1233;
387;
3285;
4207;
9523;
15630;
3060;
10485;
1460;
3406;
9424;
10369;
13661;
11626;
11507;
9704;
2964;
12536;
3967;
5470;
14390;
10426;
2721;
15387;
11822;
14831;
(629,11940);
12114;
9598;
14676;
(12667,(7933,11884));
12652;
(3813,(5178,10343));
13642;
8131;
15124;
1490;
10003;
6082;
9717;
9048;
6901;
7214;
1953;
265;
(877,10370);
1394;
6186;
13531;
13005;
11634;
15658;
14973;
(11365,(179,15692));
10522;
14926;
6850;
75;
6624;
2075;
12639;
9235;
5269;
15582;
2739;
4884;
7597;
(8524,(10329,13716));
126;
(4380,14290);
7042;
(2818,14226);
13068;
((1018,1724),(9649,11549));
9454;
14604;
13287;
14160;
(12980,(484,12993));
2977;
2267;
(2620,3966);
7416;
1824;
2016;
(211,1001);
4698;
3666;
15280;
2517;
13113;
6540;
(6087,10528);
((14525,15286),(6897,8727));
9;
10513;
363;
2674;
5068;
9696;
(7895,10084);
(246,12790);
11215;
14413;
3400;
10420;
3230;
537;
6168;
6747;
12901;
5489;
10662;
12947;
11882;
1048;
(5553,(1306,5639));
8350;
2266;
5959;
3551;
6706;
713;
1248;
10221;
(3893,11041);
((7229,9294),(13388,13919));
(912,14405);
11361;
3752;
(10934,13048);
6418;
2139;
729;
8593;
3375;
1200;
161;
3856;
14341;
1318;
4663;
12505;
2750;
2966;
(1568,3727);
3227;
9151;
14838;
7302;
((11642,(8748,10618)),(10359,12265));
(9147,12744);
10437;
12028;
7362;
15144;
13190;
10354;
9750;
11195;
7956;
7710;
13610;
3663;
(9608,12337);
7107;
11568;
5093;
(4570,12890);
468;
(2522,9539);
9442;
(10804,14885);
12097;
9812;
10773;
3377;
(3167,8050);
8696;
9500;
5516;
15224;
3247;
12038;
3569;
11492;
(4161,14930);
(1691,9013);
6946;
6034;
13263;
9777;
7717;
11426;
11702;
(5094,6479);
2814;
(1280,3309);
(9000,11724);
6205;
7403;
733;
6045;
14654;
5008;
5463;
13700;
3673;
2485;
9936;
8408;
2919;
194;
5248;
8418;
5436;
15276;
12148;
(10655,10825);
10297;
10090;
5425;
10925;
14152;
9602;
14046;
8681;
3430;
10702;
1896;
15140;
6947;
10262;
11777;
14680;
13111;
11438;
6284;
13650;
12184;
6761;
2014;
(812,9984);
4873;
1384;
10112;
(2330,14020);
(7941,(5360,(2827,11150)));
8780;
3100;
3138;
(612,5127);
8371;
3251;
9781;
14614;
9438;
14856;
478;
2462;
2655;
1072;
6700;
4197;
2543;
12375;
10589;
(10883,(10110,15268));
10229;
9179;
1487;
14501;
14918;
6415;
2115;
1970;
3593;
6656;
(291,6882);
1192;
1661;
6548;
9549;
9104;
7311;
11554;
2157;
9475;
2376;
14016;
11292;
9364;
14332;
4092;
2225;
5940;
11468;
842;
11199;
5319;
14701;
(2328,(11038,11781));
15373;
(10856,(10406,13307));
(10735,(13057,14308));
4889;
3721;
15422;
1124;
8743;
6596;
1488;
749;
13681;
15168;
1986;
3102;
6299;
(1013,11012);
(11227,13593);
2932;
6174;
10137;
6206;
(121,1823);
4143;
10805;
(3462,6499);
2767;
8065;
9650;
5085;
176;
4558;
149;
15022;
8443;
9012;
10960;
(2042,12270);
302;
2562;
13790;
7079;
2355;
12869;
5114;
6323;
1159;
(1726,11694);
8794;
583;
10459;
(13446,(524,2854));
5590;
7959;
14359;
14481;
8278;
8627;
9319;
9008;
15635;
9764;
15545;
14060;
1105;
5684;
8945;
9324;
11138;
(7548,(12529,(1208,(6881,(4933,5535)))));
4769;
12096;
9849;
(4040,(4952,5977));
12005;
5086;
9793;
5022;
2701;
2747;
8212;
4363;
15492;
8956;
6725;
(4961,14706);
(1813,(9325,9829));
13701;
4761;
(529,(3294,10563));
1180;
(483,14059);
9595;
12072;
(5634,11684);
11919;
13429;
13538;
8468;
3432;
6256;
5718;
15498;
1036;
5861;
790;
2290;
10829;
13943;
1410;
2138;
3511;
11804;
(2781,15087);
13245;
4781;
(2308,15656);
(15318,((12991,(8489,8982)),(147,8501)));
4885;
11730;
13309;
4866;
4652;
4657;
(4304,14170);
(1898,9283);
8266;
5617;
3843;
1848;
15146;
289;
4564;
14420;
10615;
12559;
6221;
1346;
7185;
9573;
14597;
12122;
8114;
12608;
6101;
8516;
1689;
11047;
925;
9425;
386;
109;
1802;
11819;
8228;
(10887,((14027,(12448,12739)),(3486,6571)));
11628;
5883;
2248;
15229;
9459;
11436;
4281;
2602;
15035;
(4975,(5947,(12574,15062)));
13907;
14824;
2556;
1763;
7563;
9997;
3676;
9559;
(4619,9643);
2894;
12334;
4041;
7777;
9083;
8006;
1401;
(11335,13225);
1088;
5189;
15;
8111;
10071;
13532;
11466;
2703;
15010;
(5267,14352);
7878;
5070;
9988;
15578;
1047;
3964;
801;
9712;
9904;
11091;
11161;
9296;
15433;
13267;
1486;
8214;
1559;
862;
5262;
11131;
124;
14730;
4868;
10494;
5601;
2450;
7431;
11288;
3650;
14058;
11406;
5116;
6003;
8047;
148;
(5498,8781);
1260;
5134;
13638;
4522;
(6171,12784);
5295;
5230;
3314;
14274;
3620;
5974;
10086;
129;
13482;
11723;
12482;
(2144,14372);
(6469,(12483,14699));
2086;
7934;
6421;
15407;
6702;
(8506,(14867,(1502,4073)));
3197;
3454;
9181;
15638;
4762;
12665;
8661;
11425;
1821;
6904;
(7317,9423);
((11832,15632),(5993,8202));
(11341,13679);
1992;
11272;
6738;
3429;
(3041,14955);
10740;
14445;
(58,8146);
(6151,(2296,11234));
6107;
(2421,(5995,12962));
3540;
13127;
1976;
9918;
1790;
12884;
(3585,8951);
14510;
4547;
15336;
2922;
9207;
11180;
11577;
6052;
7075;
3709;
13149;
(2343,11920);
(285,2850);
8855;
6699;
4243;
996;
8576;
8714;
3833;
10669;
(4144,7837);
10016;
9877;
8601;
((1461,5449),(5782,15454));
14365;
11842;
14651;
7698;
(856,12637);
9675;
5931;
6321;
2533;
5517;
13425;
11400;
2689;
11343;
15213;
(2706,14157);
7791;
2130;
11817;
224;
6615;
6257;
4936;
(14603,(329,8074));
6236;
5012;
8486;
14168;
13176;
14495;
14656;
6066;
1477;
6121;
11551;
591;
10877;
12252;
(412,(10814,(814,10844)));
15600;
10058;
((5283,14245),(5344,11320));
(8133,14240);
4029;
8709;
2283;
12273;
6857;
10181;
14984;
7028;
11148;
2206;
9943;
13815;
12095;
4493;
15347;
8913;
10612;
2613;
(5968,13942);
8779;
6144;
7437;
12151;
7810;
3502;
6547;
12970;
12704;
8299;
5207;
8073;
2452;
10249;
(570,2444);
4906;
7053;
14530;
12077;
15249;
5915;
1938;
4194;
10922;
15657;
2831;
1556;
9270;
13009;
(9938,15405);
9291;
2628;
5540;
11938;
5250;
9981;
4461;
11665;
8323;
9293;
9113;
5321;
9066;
(8184,(823,14664));
(10816,13806);
3806;
2070;
(932,9791);
13938;
3032;
568;
11663;
((7587,9153),((2702,15543),(3269,14453)));
13866;
10414;
4015;
6846;
6062;
14552;
14336;
12408;
(11290,11583);
7399;
743;
9127;
8436;
11031;
7768;
7152;
9299;
3125;
12310;
(11703,(2339,10372));
3953;
1908;
(8739,15534);
(1447,3347);
9736;
15043;
6033;
5793;
14845;
14879;
3352;
5128;
12490;
3694;
2983;
7129;
10291;
9586;
12676;
12259;
7450;
15123;
12658;
10075;
14103;
14236;
3565;
5063;
3472;
12086;
2825;
3675;
4131;
2978;
10273;
11763;
8991;
14467;
3421;
12623;
(2710,9954);
(11511,13138);
15023;
8508;
13296;
12889;
9334;
12174;
13148;
8018;
9379;
6661;
(3617,(8498,11953));
1657;
6392;
1870;
(1325,11886);
9933;
13125;
1658;
10810;
10248;
4230;
15152;
564;
13967;
2516;
1228;
12019;
6697;
14310;
474;
7478;
7521;
6154;
7025;
12883;
8230;
8728;
14556;
8490;
6987;
10232;
4494;
15598;
10710;
2172;
12954;
7568;
186;
15163;
14458;
5067;
7754;
14460;
12358;
(5431,9006);
12030;
10394;
13721;
6873;
4096;
1415;
14248;
(1053,11313);
7864;
2775;
12200;
7542;
12625;
7479;
8612;
13628;
13712;
4191;
4756;
14577;
3610;
7474;
1030;
15114;
10567;
9967;
1152;
279;
(10639,13823);
10033;
12253;
((10945,(5282,15646)),(14766,(14143,(12600,(5582,(15376,(12164,(14837,(9269,11675)))))))));
5648;
13394;
14810;
5724;
15561;
11028;
6960;
7846;
10182;
11484;
8460;
12150;
3219;
5277;
7425;
12344;
5349;
12547;
(1631,11997);
8206;
11422;
10138;
6113;
13575;
((3809,7601),(473,5568));
4988;
770;
(1378,6400);
3972;
10963;
6305;
2879;
1659;
4300;
4848;
11167;
6335;
(3801,13411);
(12542,14746);
14423;
794;
3151;
(4869,(2012,13017));
13288;
9082;
8465;
1416;
15148;
506;
13596;
5669;
3361;
11778;
7553;
11472;
(910,7000);
2876;
3820;
7308;
13258;
14721;
4521;
11055;
117;
3751;
1939;
4107;
9019;
8310;
1078;
7929;
13657;
2383;
6973;
7127;
6388;
3891;
10469;
10579;
6820;
((14000,15165),(15398,(5716,(2458,12141))));
12905;
14728;
7847;
2858;
13807;
12793;
14381;
5004;
12186;
3952;
942;
482;
(9193,14681);
8172;
10331;
12461;
1771;
10254;
(7689,11828);
3337;
13959;
11844;
7952;
11798;
9971;
13560;
4821;
15593;
9517;
13116;
4497;
6124;
2475;
467;
6233;
13246;
5278;
13825;
14238;
(2616,7279);
9087;
7883;
11758;
15099;
4618;
5381;
15254;
(2532,9412);
10251;
4921;
(12162,14578);
4588;
(378,2740);
3053;
5186;
3750;
(3057,(2574,4925));
8834;
12056;
2430;
14357;
7893;
(3522,4589);
234;
967;
(10032,11075);
13355;
7396;
8055;
10103;
1747;
2400;
11259;
13553;
13490;
5593;
2981;
2502;
6348;
2920;
11700;
14097;
2028;
985;
15090;
6055;
2494;
4116;
39;
8937;
6341;
8113;
8761;
9362;
12491;
(866,12040);
(8302,14555);
12193;
(5376,8530);
1395;
6188;
(14904,15665);
1338;
5709;
11613;
4055;
3875;
((8545,(7849,10418)),(2664,12636));
13848;
10551;
13910;
3179;
14076;
6585;
1132;
2102;
5967;
9257;
10530;
11139;
15395;
7649;
5007;
(1840,9007);
9031;
15356;
2023;
5550;
3353;
2300;
(5853,10974);
8782;
(91,8401);
(3782,8195);
(3869,4668);
(2442,13290);
197;
2786;
11941;
14917;
12742;
2886;
5849;
14893;
15429;
10705;
2125;
8362;
3570;
(931,11151);
6157;
10176;
1204;
4251;
13304;
13234;
(13881,(13567,13722));
2440;
14083;
(((4767,8385),(2347,9355)),((973,13076),(4773,11324)));
3267;
11059;
2487;
2970;
(6356,(5480,8332));
7049;
9072;
6497;
10912;
3228;
1087;
5945;
12073;
12872;
13932;
7106;
15274;
13186;
(3223,8272);
(4971,11194);
8900;
10752;
2497;
7035;
13595;
668;
2657;
5935;
12711;
(7251,11144);
13565;
11784;
840;
15311;
5251;
(4336,10479);
8250;
914;
(10230,13112);
12606;
11957;
14915;
10416;
(10363,14944);
708;
(5803,5901);
(2197,7637);
8815;
12022;
11975;
13477;
2302;
487;
8821;
5297;
2443;
7119;
5672;
13617;
12612;
(((769,2107),(1668,15672)),(13508,(2260,5247)));
2363;
12999;
11156;
9023;
10293;
1451;
11048;
10385;
2893;
7089;
608;
7973;
4928;
6740;
1593;
12328;
(6080,(2483,5377));
4617;
1305;
6352;
2410;
7678;
11186;
4820;
15399;
9630;
9101;
8859;
243;
11949;
7189;
7266;
3118;
2422;
(11100,14080);
13730;
15098;
13951;
5558;
14841;
(9077,(6093,12844));
5655;
1431;
((5009,9698),(477,13106));
1902;
7330;
(2704,6051);
6704;
4739;
6069;
4132;
13645;
9444;
11085;
3660;
5730;
13231;
13979;
(2988,6937);
15444;
(909,1904);
7257;
1745;
6742;
8891;
(7110,11269);
(7054,12314);
6717;
10587;
14866;
7807;
167;
15228;
10536;
9290;
(12416,14935);
15618;
8522;
14712;
1007;
5289;
(1877,9222);
13365;
5483;
8783;
5228;
(13301,(7102,13600));
(7084,8828);
1135;
1424;
13637;
6698;
6194;
8234;
968;
1314;
(1815,5336);
10505;
14477;
5512;
9167;
9642;
2077;
9558;
9588;
7104;
5531;
2734;
13441;
5424;
11147;
13449;
8716;
6397;
5100;
9592;
11679;
(7394,14677);
9429;
6931;
57;
7367;
8177;
4951;
11398;
1513;
6892;
(13520,(11814,14190));
11748;
14829;
1400;
4585;
5217;
6288;
5456;
6796;
12198;
(4331,13732);
9303;
144;
14260;
3404;
11291;
(4662,13305);
15663;
(7280,11461);
1725;
(6666,12900);
12034;
14757;
2792;
8986;
15365;
5865;
9452;
3225;
13990;
7231;
15601;
6527;
8245;
9767;
6645;
15106;
2797;
11712;
2892;
(((7536,12356),(1261,1883)),((9739,10349),(8660,15151)));
4573;
1928;
1116;
(8466,11382);
1960;
1588;
9631;
520;
5164;
(11181,(11170,13933));
3224;
13715;
6841;
11029;
445;
6437;
5845;
9720;
10691;
7195;
8261;
5005;
6436;
14172;
12400;
5538;
8813;
3681;
6019;
1909;
1156;
10428;
12792;
1535;
7919;
14452;
(12455,13387);
4425;
1893;
4356;
3855;
2887;
11305;
2552;
14447;
838;
638;
1842;
7255;
14978;
8084;
8351;
12260;
13762;
1250;
10271;
(6110,11325);
(11362,(3622,6739));
11224;
5937;
13876;
(14045,(2568,13350));
10872;
13448;
11599;
2184;
(1285,13341);
15102;
6181;
7197;
10800;
4664;
7166;
1762;
((4209,6247),(2685,6555));
10202;
(8364,9141);
(8079,10408);
13404;
14343;
14250;
(1814,6331);
1496;
13931;
11605;
(((175,9789),(1080,5991)),((7823,9337),(10755,15679)));
13655;
2582;
1202;
8264;
((2337,13396),(1723,10733));
(6819,9416);
(8138,9138);
1232;
428;
8584;
6584;
4360;
(12410,(11670,14436));
4679;
14299;
1797;
4183;
10645;
3498;
4417;
14742;
1611;
(5870,8635);
225;
1082;
(9891,(6127,11658));
6452;
4672;
13814;
8845;
11887;
4544;
1846;
4443;
4267;
(10219,13489);
6676;
12139;
1595;
3489;
(978,9200);
6145;
1690;
434;
2765;
3088;
3074;
12973;
14252;
(7676,12588);
4822;
3520;
10717;
(4160,7224);
1558;
6492;
7159;
11375;
4200;
916;
7201;
3880;
7721;
5799;
4538;
1734;
10992;
8419;
10272;
5773;
10043;
3731;
12220;
(1130,7804);
13724;
5941;
13131;
5646;
12579;
13754;
12915;
681;
15584;
13187;
12320;
(315,7277);
2536;
5442;
10284;
9490;
12521;
4684;
6545;
15164;
6131;
8366;
6580;
(7854,9494);
12293;
6002;
15524;
4681;
4489;
13972;
13872;
13957;
3105;
10849;
12414;
6908;
11905;
936;
9061;
9919;
14337;
10850;
5985;
6720;
6146;
6651;
3488;
8223;
12062;
3761;
4508;
11894;
1467;
8487;
4460;
4254;
11190;
13034;
11008;
9566;
(10007,15064);
(6626,13781);
4622;
11933;
(3848,14364);
11196;
(8700,15198);
4970;
3693;
2082;
4219;
2123;
4345;
10167;
((7610,(1101,10636)),(2315,6065));
5913;
13069;
403;
11735;
9384;
2696;
5953;
50;
10976;
5061;
9447;
9009;
5828;
3887;
(83,2700);
4298;
11159;
((1633,6043),(1607,2166));
(3082,10640);
7727;
152;
10860;
(3688,6026);
792;
8382;
11756;
5397;
1028;
7013;
(1962,(3196,8785));
1112;
15344;
12861;
(136,15408);
6409;
12286;
(3871,(2860,12679));
11111;
11874;
2170;
13092;
(8100,9826);
3549;
11250;
9931;
9647;
15283;
3978;
4927;
13285;
3272;
10210;
15113;
11908;
7814;
13472;
13469;
753;
1367;
3210;
12910;
1297;
((552,14724),(1115,9073));
1287;
6750;
3110;
8613;
(1099,7981);
(3933,15215);
(3427,10091);
8456;
7247;
9044;
854;
13318;
7581;
15608;
5146;
5674;
13629;
7598;
4475;
10544;
10172;
8296;
15589;
11386;
3939;
(2625,4262);
7567;
14702;
6560;
539;
15243;
11788;
3501;
10891;
12462;
8939;
2578;
3807;
7019;
3122;
14408;
14906;
7516;
10833;
12379;
(11182,(3171,8756));
4543;
8151;
3680;
6618;
1211;
108;
7603;
4738;
6424;
5812;
10384;
((2506,13020),(5460,15688));
8787;
4222;
(3710,11200);
9987;
7194;
13717;
12102;
14243;
2891;
7051;
12855;
14953;
257;
(573,4234);
11810;
1317;
8096;
8725;
9780;
3040;
6482;
9755;
4320;
2402;
13816;
4717;
5657;
15550;
12703;
7176;
7729;
(8958,11157);
3200;
7715;
2539;
(4673,6671);
15258;
6923;
10477;
7924;
8701;
13415;
5676;
12080;
13461;
3459;
15287;
3466;
15031;
72;
901;
6001;
5873;
7631;
6260;
15479;
13874;
9106;
8651;
7619;
8724;
10220;
10070;
14349;
5966;
12409;
8322;
12167;
14378;
1957;
9029;
14512;
8632;
10661;
15361;
(1598,7936);
6609;
3691;
7632;
458;
2954;
(15452,15549);
334;
3810;
3583;
2263;
1213;
4501;
6664;
13274;
7043;
6712;
7662;
4068;
15393;
9691;
6381;
4531;
14255;
6773;
153;
(6485,12646);
14821;
5692;
3114;
6952;
7112;
13473;
7014;
14414;
11077;
7616;
13433;
11254;
759;
633;
1596;
1565;
6253;
7884;
3881;
(5168,14327);
8488;
7530;
(1412,2579);
(6038,8852);
4507;
8678;
13519;
11868;
15021;
2559;
7384;
5855;
(1888,2234);
15130;
7222;
540;
6089;
6844;
5050;
(646,7140);
8890;
9906;
8733;
517;
6558;
8062;
12033;
6977;
(3,13672);
558;
3582;
13432;
2222;
839;
7381;
3634;
11442;
10142;
6439;
8236;
(8462,13920);
(4632,9684);
9247;
3348;
12952;
319;
11389;
1996;
6023;
4726;
14353;
6406;
4786;
(4148,5326);
2874;
1744;
9214;
9555;
10106;
10797;
8162;
(1165,11667);
3174;
15045;
(4428,9828);
5119;
5075;
(8671,(9762,10234));
(5130,(12634,14809));
9174;
14221;
14588;
1046;
3925;
(6462,10970);
7945;
4743;
(5430,12950);
9758;
((13513,15138),(5671,13171));
12688;
13079;
10290;
4365;
6057;
12512;
4181;
318;
13958;
15366;
9046;
(5043,8421);
9668;
(6367,6420);
12177;
10206;
2147;
7559;
4193;
8197;
3098;
12345;
4127;
4411;
1894;
2551;
11451;
13867;
11826;
4625;
9950;
819;
15499;
7337;
((6538,(12543,(15352,(3884,(9700,(3332,(6602,(7749,7863)))))))),(5894,(7898,12504)));
14140;
10421;
10368;
3556;
(10926,10938);
7932;
3402;
11380;
6244;
6546;
14424;
5462;
2565;
12818;
5580;
9300;
11963;
10215;
15621;
6106;
(303,2523);
(10978,13346);
11080;
2392;
13702;
6917;
282;
15480;
15238;
(2037,14223);
9022;
5573;
10745;
4678;
12645;
7723;
6007;
(2108,4574);
652;
4473;
11348;
11638;
(15335,(3671,7654));
15651;
(13241,(4166,13351));
12875;
13229;
(3644,12864);
13955;
3795;
2344;
10861;
1816;
(199,(636,(2423,7943)));
1828;
7146;
14783;
7493;
(1339,5946);
(4047,12046);
1958;
10200;
10780;
13518;
5525;
8022;
8432;
10365;
12998;
3919;
5281;
12957;
15322;
4882;
14835;
1005;
15056;
9392;
4867;
3506;
94;
7335;
((3664,3767),(10675,12749));
1775;
9342;
1290;
(328,10059);
13902;
13265;
11696;
6677;
8807;
(13259,15403);
(7210,8625);
8470;
10131;
7921;
11084;
(6956,8975);
1408;
12981;
8600;
12459;
4137;
12160;
8990;
7031;
9284;
(11367,11582);
3533;
5750;
5179;
12204;
6943;
8526;
(1520,7966);
15075;
12948;
(4791,7236);
7464;
1648;
2479;
13037;
4909;
7509;
6682;
(4031,5245);
310;
7798;
10809;
10153;
1484;
14213;
12278;
14808;
11853;
9855;
3316;
10569;
13454;
15195;
127;
1800;
13689;
4210;
5685;
694;
4452;
11079;
15586;
4052;
9273;
5368;
8836;
13940;
4563;
8511;
427;
6523;
8626;
2959;
(4023,13104);
(6970,(15558,(4980,10285)));
4399;
8174;
(6239,10209);
10885;
10546;
5339;
604;
2752;
10095;
14799;
8308;
79;
2627;
3996;
(869,4752);
9349;
2904;
14655;
5567;
14732;
6930;
(10065,12243);
6129;
15494;
10985;
(1405,2071);
2709;
592;
10066;
(422,425);
12111;
15304;
(3535,6350);
5842;
(598,2498);
2493;
9317;
392;
2853;
6647;
(9003,11132);
12083;
7892;
7439;
11823;
2756;
5466;
10305;
10882;
11249;
10174;
1050;
12134;
1188;
11934;
15125;
9225;
(497,9646);
603;
3885;
816;
11678;
1801;
15093;
4042;
13988;
5041;
(3287,12031);
(8311,(10217,12765));
(898,8719);
(3460,(8507,10758));
1765;
2509;
10539;
10118;
6593;
(3504,4702);
8529;
9852;
3955;
(2647,6660);
7468;
2089;
10374;
12467;
3382;
13276;
10028;
(4926,8271);
5099;
3208;
11648;
(4830,10940);
(250,(3974,4709));
10450;
395;
(1348,3077);
11174;
5243;
(6760,7902);
3282;
(711,8574);
(3379,9209);
7377;
2132;
3836;
15139;
5688;
98;
8673;
9340;
15030;
5227;
7923;
15542;
1310;
11572;
12806;
14229;
15277;
5069;
(9341,(14538,14660));
6797;
(3643,9633);
9887;
600;
15478;
15189;
10900;
4109;
13370;
3639;
461;
4454;
2842;
2651;
11726;
7750;
6277;
8835;
1852;
(2073,3139);
13167;
7881;
10763;
5132;
930;
11202;
13723;
1126;
1479;
7939;
(2061,13368);
8196;
2635;
3147;
10325;
10558;
7109;
5783;
8448;
4180;
11396;
2644;
7124;
1207;
13467;
(7276,11924);
11903;
6576;
5965;
3070;
15240;
5284;
7523;
9571;
8037;
12716;
1391;
(11917,11935);
463;
6713;
1413;
(10104,11988);
10597;
(9479,14415);
14079;
11372;
9744;
8125;
9859;
10318;
14025;
9922;
727;
10518;
5929;
5637;
2732;
9520;
14244;
13255;
12367;
5495;
12489;
((9545,(11931,14271)),(3993,9218));
12789;
2849;
1254;
9811;
2299;
15685;
11871;
(12378,13579);
12368;
7998;
547;
(825,5010);
(12904,13855);
(1385,10188);
13240;
7446;
14735;
11942;
8579;
10654;
1768;
(1274,14941);
11915;
14659;
5930;
14043;
595;
4202;
((4483,(7517,11364)),(7077,13443));
5112;
8928;
15676;
10734;
11590;
13971;
12176;
10838;
1932;
9858;
11115;
3325;
2395;
(13075,13398);
8346;
(8034,12871);
4395;
4445;
12212;
12107;
(5524,8068);
451;
6004;
4426;
2211;
4139;
6809;
12218;
3802;
8360;
(5725,13236);
(11005,12458);
4149;
11686;
9063;
420;
10247;
12447;
5612;
11764;
7887;
5607;
11666;
10643;
263;
11222;
(10,3890);
6848;
6078;
8804;
13993;
5121;
10562;
15241;
10841;
14784;
9553;
3135;
14138;
13778;
7430;
2843;
13511;
13893;
7528;
10865;
11118;
15192;
12027;
9727;
359;
20;
3440;
5817;
5532;
2424;
2270;
4204;
(8157,15011);
1343;
12440;
5486;
6559;
2882;
13776;
3141;
10155;
(9706,(4708,5906));
6347;
10866;
8713;
5318;
15449;
10596;
5441;
2304;
4776;
7454;
13694;
8112;
6634;
4688;
12026;
1223;
899;
11680;
541;
766;
8841;
11676;
15055;
6590;
7262;
11270;
(1722,5748);
9969;
10164;
9484;
(732,2292);
4043;
12189;
(12834,12882);
2208;
902;
14909;
2758;
13503;
15681;
10441;
7951;
9397;
8528;
11108;
14293;
(9216,13418);
4974;
955;
11525;
2852;
4919;
9201;
4397;
5136;
1707;
12129;
7529;
7577;
7996;
2109;
3410;
10013;
863;
7001;
2399;
8446;
4344;
4253;
937;
426;
13883;
13321;
459;
(5864,5982);
7940;
11766;
4806;
5205;
7954;
8447;
14094;
9732;
9825;
773;
(5126,(6227,12691));
3302;
170;
2742;
2943;
8273;
9991;
15368;
983;
1042;
11837;
(3959,(1571,2955));
2822;
12135;
7997;
5644;
13340;
222;
8920;
14247;
11236;
8791;
8754;
(12169,13439);
8657;
3036;
7745;
2949;
6294;
(13424,15086);
5766;
13250;
4858;
4758;
9801;
8554;
(2403,14113);
(8240,13851);
614;
8717;
15573;
294;
10195;
8390;
10449;
1173;
3274;
(738,6605);
4337;
13927;
4432;
10791;
905;
6383;
7683;
2364;
1534;
5151;
10570;
2942;
(10198,15332);
7596;
9381;
8005;
5;
9749;
7445;
9784;
4700;
1685;
6679;
15026;
13858;
7868;
3635;
4610;
14690;
2298;
8190;
12288;
10125;
13493;
1632;
5781;
5884;
4864;
4215;
4121;
4612;
5367;
9255;
(7063,12848);
13594;
(1103,10190);
14565;
5432;
9089;
10391;
10243;
4789;
1353;
10904;
4872;
6407;
9807;
14990;
664;
8931;
(11664,12804);
4305;
13313;
12380;
277;
(14566,(9745,14591));
14198;
11218;
3067;
10688;
(2083,3825);
(1954,11246);
365;
8241;
325;
11098;
9667;
(3063,6000);
3259;
(14108,14598);
(3408,(4451,10842));
13540;
4456;
3998;
13173;
5270;
12595;
14276;
6525;
13498;
6915;
10828;
4825;
134;
4893;
13494;
4352;
9108;
7571;
15530;
13002;
(5393,11434);
2707;
(3658,8356);
6998;
720;
(4790,15019);
2350;
14546;
11032;
(1341,8734);
2599;
10382;
7448;
11366;
9102;
10409;
5721;
12473;
9121;
(6470,8270);
17;
(((1799,5170),(13524,15267)),((4349,5622),(6631,12657)));
9949;
1597;
6872;
7576;
9435;
1915;
760;
5530;
4823;
6962;
12119;
7278;
7187;
(10930,(8513,14041));
3254;
6138;
12840;
(7650,15136);
15404;
8319;
(10991,((2680,12912),(7953,8592)));
14911;
3547;
9032;
3124;
7556;
3979;
(5440,12531);
436;
(4340,6211);
(1069,14377);
4246;
5921;
232;
(2333,9923);
12770;
11268;
2604;
13366;
(32,6139);
8518;
7640;
1224;
(1257,4303);
15298;
3211;
606;
236;
6413;
1517;
(13142,(10715,12214));
268;
6604;
1308;
15212;
1826;
(3373,4007);
14269;
3300;
6893;
2085;
3846;
6391;
7811;
8946;
(3323,(6551,9654));
8943;
8194;
5265;
5784;
12362;
1449;
14642;
4954;
10242;
2878;
2019;
1350;
417;
11449;
7116;
6692;
1526;
11930;
4415;
3631;
10762;
2585;
13339;
10553;
11580;
13086;
11662;
4764;
15285;
(233,15386);
(7101,14764);
2244;
5472;
(3824,5739);
6042;
8885;
4637;
10969;
14901;
7946;
3222;
15606;
924;
5510;
5413;
11928;
10165;
(5249,13218);
10871;
6053;
11657;
7179;
9376;
(2507,3255);
12241;
14762;
13380;
3730;
2275;
10040;
5027;
11755;
(5406,14320);
5962;
14743;
10328;
14629;
3090;
3957;
9184;
3936;
6570;
13156;
9406;
8281;
(5922,10189);
10338;
15585;
763;
2542;
7670;
4740;
8454;
(11286,15016);
10411;
((879,10081),(7680,9140));
14431;
(5868,10152);
747;
13766;
14596;
11494;
15008;
(7740,8874);
(3003,8515);
15640;
6152;
9275;
(7334,(13496,15529));
14153;
742;
13819;
11248;
(3519,(3692,8746));
7291;
2348;
12226;
3706;
380;
6355;
14819;
2026;
11110;
(4904,(2804,9683));
8642;
625;
2006;
14963;
8648;
4172;
1177;
4938;
9697;
14407;
46;
12985;
9199;
7604;
2759;
(7980,11166);
5704;
14093;
4510;
11641;
13233;
3759;
3456;
352;
6312;
5742;
2463;
10048;
14967;
(11071,14139);
(714,8361);
1360;
(6869,13160);
9024;
13870;
14595;
15401;
(15122,(2171,13822));
545;
(1438,9413);
5592;
15648;
15306;
2548;
10994;
(991,14797);
7781;
4742;
1509;
11808;
(3724,11622);
4430;
12767;
8054;
1301;
3960;
(1837,3646);
14528;
3457;
11618;
8301;
77;
1276;
7815;
12360;
9166;
14710;
12545;
6691;
6885;
505;
12824;
14232;
(2202,15678);
12596;
286;
11913;
56;
3134;
(8769,13656);
15204;
8449;
1625;
3051;
4093;
8803;
15523;
13001;
13811;
13737;
(3763,(7701,9641));
1398;
(1739,2345);
1767;
15269;
13923;
7912;
6726;
2356;
5815;
2588;
13696;
10997;
2677;
(848,15624);
10035;
((10672,(2741,14839)),(10027,(2062,7780)));
10761;
(585,6769);
5722;
(132,10648);
13297;
(1215,11797);
9482;
(5635,14061);
824;
361;
3527;
11264;
3812;
(13989,14811);
13077;
3056;
1446;
5468;
5595;
(12175,13385);
5013;
(1859,13314);
10383;
7784;
3970;
6903;
14422;
11542;
5769;
12499;
1863;
5629;
(2327,10876);
9314;
(1862,6076);
11495;
14830;
13253;
(14734,15317);
10500;
635;
(11682,14726);
6366;
14167;
1982;
13126;
15134;
9927;
13880;
4917;
11734;
6577;
5732;
6993;
366;
10025;
14767;
15447;
13915;
11898;
13014;
11689;
14006;
11529;
(1688,5338);
4677;
6516;
12168;
9889;
13165;
(661,13184);
(337,(8910,9212));
3494;
3087;
4846;
1144;
3363;
14883;
14150;
15226;
9460;
9589;
1717;
7243;
14457;
9333;
12899;
15470;
14545;
13172;
(5026,15027);
2960;
11911;
10679;
9034;
15634;
55;
304;
12617;
7438;
11535;
3931;
9037;
2379;
2951;
13535;
11427;
14265;
3490;
1199;
5979;
11066;
14889;
9788;
2698;
10078;
13061;
14306;
4054;
4477;
6304;
5871;
12772;
3798;
7688;
3458;
13008;
2561;
342;
10950;
11545;
12065;
2445;
4995;
((6597,10653),(3438,11467));
12705;
8732;
8893;
10299;
10949;
182;
1616;
811;
4953;
1243;
10055;
11349;
5097;
11593;
(3844,9820);
11058;
(7707,8412);
8024;
4818;
9099;
8337;
11740;
15453;
11825;
2024;
13096;
906;
7991;
6490;
1334;
2630;
9259;
13450;
9368;
6396;
2612;
5088;
6924;
10487;
11609;
630;
14371;
(10001,15428);
6175;
5701;
8575;
2528;
5373;
((7826,14785),(8090,14418));
5536;
10977;
14454;
10968;
379;
14641;
3564;
7816;
550;
7434;
9590;
8674;
11453;
(15461,(8108,(6707,9782)));
7017;
11154;
14514;
12049;
10021;
7848;
5125;
8771;
10050;
10023;
(2484,10439);
14611;
11242;
(11914,(6787,7293));
(12388,15660);
6812;
12507;
14107;
2387;
6830;
38;
11354;
(5821,10286);
6932;
7233;
(2592,15410);
10941;
(3943,14434);
4946;
8373;
7004;
6579;
7122;
2048;
4569;
6455;
28;
3152;
10240;
(332,8497);
(12430,(12321,14026));
10954;
((1798,9129),(6950,7352));
3028;
7524;
3716;
12809;
6459;
(5346,8019);
15484;
5527;
3796;
6896;
13483;
5514;
(6531,12570);
12315;
6273;
5583;
10870;
6514;
11063;
10799;
2058;
6473;
10689;
((8757,13697),(7175,8861));
10303;
15355;
13687;
2257;
15252;
741;
4050;
7410;
(9610,14201);
12707;
12668;
7451;
11872;
(2867,(10515,14646));
4468;
7010;
14692;
5811;
2247;
6729;
4022;
(7315,13977);
10606;
15257;
943;
9176;
(1326,1985);
6402;
5341;
11478;
7483;
13395;
2256;
13573;
5464;
(5293,10739);
(7131,11559);
12008;
13137;
102;
13371;
4329;
9873;
14788;
5650;
6770;
15161;
2265;
5552;
10484;
13901;
6695;
5976;
13200;
(6159,6778);
13729;
9282;
1020;
12412;
2872;
1927;
4019;
3723;
10177;
6730;
8317;
5780;
(7103,7917);
(2795,12292);
(4705,4950);
3905;
3701;
12506;
(3182,12569);
9753;
4088;
5615;
10784;
7652;
(1980,14550);
(3800,8150);
15458;
5214;
8854;
(2391,2527);
15067;
(3835,7663);
7098;
6765;
(6919,(2623,4676));
1002;
14068;
2840;
2168;
9992;
(502,14704);
3158;
4289;
(640,1070);
7329;
926;
(7560,13788);
10527;
11579;
4977;
3023;
7830;
14848;
7828;
9599;
((390,15555),((7565,13885),((14787,(1973,12695)),(495,8257))));
(11993,(372,11052));
1817;
7694;
12621;
15474;
2466;
15505;
12941;
4665;
3715;
9964;
14262;
4396;
1789;
(6148,11906);
5236;
10657;
12045;
12630;
14490;
10278;
12690;
958;
9905;
10836;
13091;
5521;
(4701,7714);
2460;
1905;
15080;
(4446,13050);
(690,10788);
2766;
11025;
2116;
9827;
10085;
10573;
13750;
3238;
10924;
2914;
14489;
2106;
((5355,5917),((4462,8722),(5329,5923)));
7697;
(1038,1445);
7440;
11885;
(4592,13056);
9168;
6942;
3797;
2188;
1196;
1836;
12530;
15074;
(203,15565);
7058;
13924;
10743;
13682;
12551;
13072;
9224;
14627;
13812;
987;
15020;
1515;
10694;
1324;
(4694,13786);
2868;
13177;
6362;
12556;
14961;
356;
(8279,9965);
(4051,7183);
2137;
885;
6689;
9934;
5910;
5882;
(13464,15323);
3932;
15112;
3329;
2659;
3648;
4064;
10360;
8426;
(887,7154);
13338;
2720;
6240;
11838;
15490;
1698;
(2916,10136);
(((1670,9546),(5720,14581)),((2322,12370),(1265,9471)));
12923;
4188;
(6757,(7128,11378));
4686;
(8908,9491);
3911;
5831;
1255;
1031;
5138;
14329;
6982;
(8772,9309);
10345;
11332;
11164;
11237;
3006;
6071;
9049;
2626;
6425;
15497;
8149;
2049;
1485;
9079;
1679;
11027;
7424;
14007;
13166;
12417;
2101;
7351;
(2665,12847);
(8132,(3119,6828));
(8564,(7027,9632));
9321;
2279;
510;
9162;
11439;
11459;
1981;
4110;
5315;
8471;
6056;
14174;
1195;
(3592,(6083,12089));
6013;
5222;
1271;
7199;
4887;
1236;
12492;
(1380,11074);
(12940,13633);
4565;
11102;
2093;
9506;
7974;
12713;
14500;
9211;
13491;
(7336,8404);
8144;
12849;
13514;
2621;
6537;
12405;
10591;
13680;
(2377,10683);
(4599,11323);
(2569,4972);
15085;
10873;
13578;
12009;
12539;
11296;
12434;
8809;
12239;
6895;
2237;
4607;
(1095,(6836,14013));
8994;
7198;
1594;
11241;
(841,5892);
11062;
4158;
14592;
15419;
12522;
1623;
(3849,15153);
5109;
11761;
11271;
8795;
9839;
15147;
1949;
5374;
12714;
8645;
13208;
3250;
2593;
13548;
1284;
(433,14348);
9910;
(6566,15006);
(3000,8259);
(621,6643);
7667;
8617;
3929;
2639;
10451;
15177;
7730;
(1899,14395);
9658;
(10323,12445);
((5746,7413),(8222,14662));
2631;
15595;
7625;
11515;
14772;
9617;
208;
7877;
7651;
4440;
15181;
6153;
2426;
(11995,15223);
4379;
1370;
3895;
3281;
3322;
3757;
5596;
11992;
12577;
5642;
5758;
11093;
(1017,15666);
7036;
11208;
6696;
703;
9267;
9280;
13118;
5729;
7380;
762;
8705;
10151;
2490;
(1397,10857);
5279;
3770;
4322;
12568;
13890;
11561;
13372;
((4313,9576),(2135,6070));
5696;
2769;
(8164,15513);
14203;
10235;
14844;
14745;
7;
5549;
5064;
1205;
11904;
7840;
15435;
11709;
3672;
5591;
6693;
11013;
(13714,(12909,12989));
(7503,14054);
1252;
8368;
4353;
9831;
4120;
14064;
9160;
5254;
((9137,10140),(11126,12990));
10647;
975;
2791;
3920;
1675;
14994;
2782;
12919;
9142;
4939;
(5390,9068);
(5118,13428);
4898;
479;
9680;
1212;
12902;
7372;
2459;
14104;
13417;
1730;
6874;
10846;
1653;
15639;
2287;
14862;
13653;
3271;
9432;
2800;
13455;
2799;
10051;
14927;
11350;
10431;
(8555,12211);
9671;
((8015,13911),(1245,4772));
8378;
5378;
14215;
5986;
4856;
1820;
1786;
7533;
1136;
751;
1440;
5975;
15462;
(946,8459);
8960;
7061;
13654;
8980;
11553;
11856;
6975;
12422;
4150;
8903;
14875;
7354;
2779;
8199;
14678;
10054;
12777;
8882;
(6476,15450);
(960,12558);
(1119,10684);
12327;
3045;
131;
6622;
4905;
(7400,11948);
10488;
14620;
(5507,(10186,11415));
8430;
2989;
11004;
1923;
4104;
6044;
2412;
8675;
7638;
6678;
13416;
13194;
9437;
4568;
11245;
4296;
10750;
12267;
(11301,12048);
(2930,11064);
(5872,11488);
3853;
15150;
15293;
(4724,12552);
13479;
12485;
10047;
3436;
15402;
(12018,14368);
8729;
5450;
12603;
9096;
4559;
10511;
15040;
11958;
4374;
9760;
4645;
((4106,13522),(1512,14541));
7347;
9159;
11947;
8741;
15460;
9519;
(8496,10775);
9369;
8510;
(907,8098);
457;
12159;
715;
13282;
(3444,9055);
7177;
309;
5001;
(12316,(7420,8387));
3350;
6862;
5668;
7658;
7817;
(6674,14947);
3914;
10701;
12956;
11827;
13121;
14483;
15483;
(47,1480);
6736;
14067;
14999;
1781;
13527;
31;
3330;
7622;
(8567,13045);
15472;
697;
8767;
10270;
13162;
10111;
13354;
10545;
14038;
7044;
(1362,14294);
10193;
565;
4984;
14989;
4583;
1839;
9809;
(3493,13389);
1795;
6334;
(6829,(355,13888));
1606;
15264;
7987;
1056;
15432;
9902;
1090;
2806;
8153;
13533;
((3264,5482),(3089,14625));
4792;
419;
10964;
5195;
12223;
4913;
200;
157;
1058;
15533;
11188;
2877;
(159,10402);
6784;
(2456,((6213,8213),(7248,14216)));
8409;
8464;
10442;
13331;
14261;
2486;
7072;
3545;
8798;
8950;
14123;
1300;
1983;
15216;
15626;
(1084,5437);
3842;
15171;
15110;
934;
(9648,(7342,12932));
11892;
561;
9125;
1706;
4787;
3923;
5092;
10920;
8572;
7733;
2956;
4575;
6012;
2018;
15548;
4807;
10777;
14736;
7841;
(11510,12059);
11097;
(12165,14520);
2145;
10720;
14796;
13021;
14675;
7779;
11402;
13192;
7636;
5271;
(9709,14275);
10607;
9846;
2902;
14959;
14652;
14714;
9763;
6084;
9866;
(1210,(12413,12787));
(6032,8955);
5625;
14482;
3774;
(3186,7163);
11967;
2728;
12361;
9563;
14924;
9594;
8325;
9570;
12661;
8864;
10180;
4550;
3433;
3101;
9728;
(5084,5852);
617;
10446;
11867;
4916;
(10161,12124);
452;
12877;
9465;
11184;
14705;
5148;
1805;
4465;
(5753,13741);
1967;
3531;
10171;
3393;
14472;
10149;
14814;
13040;
9015;
5229;
10187;
(8336,14722);
11087;
10678;
(8129,13437);
(3590,12535);
12313;
15459;
3194;
15467;
11068;
14159;
13673;
5253;
(11604,12425);
(3020,(843,9516));
13119;
10625;
(4812,12799);
8179;
435;
4826;
8011;
3738;
23;
2524;
6961;
3597;
3500;
15208;
5206;
1057;
9238;
12666;
12145;
7927;
14128;
5823;
8321;
(((4241,6878),(1330,2835)),((5571,8156),(5656,8423)));
14494;
7608;
(4375,12992);
242;
3739;
6015;
1189;
(2310,15107);
7633;
1834;
10361;
15424;
(6553,11617);
3253;
11082;
13773;
13808;
11782;
(9550,10999);
(2122,10074);
5533;
11550;
11232;
11279;
5323;
(34,14529);
(5453,(2385,8742));
6611;
(4720,4963);
7117;
2802;
575;
4378;
11945;
12029;
12843;
2693;
64;
13143;
5280;
10146;
6999;
6979;
9130;
438;
3452;
14456;
6715;
(7510,14383);
8237;
1841;
14425;
13232;
7130;
11137;
4369;
5108;
8514;
12880;
(4492,13805);
13336;
4466;
14623;
13155;
14851;
7765;
9277;
276;
9202;
5667;
4696;
8060;
13934;
11560;
6489;
11863;
4976;
546;
6339;
14608;
15602;
3216;
(10644,13878);
6430;
9191;
14270;
(((1942,11275),(12082,14755)),((1937,14323),(781,2880)));
7299;
734;
9579;
12488;
9042;
11088;
8925;
7485;
4509;
5896;
709;
9865;
6447;
10191;
15261;
9688;
2434;
11498;
13114;
15556;
14230;
6509;
5257;
6135;
15652;
(2986,5789);
6532;
9731;
(6074,(10490,11745));
14084;
9157;
988;
(2088,2939);
3640;
(4235,9609);
4945;
2301;
(11518,14579);
1825;
14096;
8160;
7244;
5895;
(3696,(7322,10258));
13897;
14363;
1563;
13590;
160;
6802;
15552;
(2386,(14846,(3096,13544)));
10126;
3310;
(5661,9768);
3567;
4338;
15082;
9351;
3922;
5354;
5173;
11420;
7126;
3022;
12437;
2318;
7382;
12894;
6451;
9493;
3614;
674;
4273;
10593;
14991;
7725;
6165;
12769;
2856;
8840;
12737;
4140;
4268;
15377;
11541;
(1553,12247);
7144;
78;
15389;
9370;
3239;
(1643,11010);
14661;
13857;
1672;
14686;
2859;
12845;
(1076,12963);
14404;
5419;
(5754,(7306,8580));
10244;
9790;
4614;
2043;
14754;
14876;
7916;
1851;
8622;
9900;
9374;
5791;
12090;
7935;
8810;
992;
10650;
2259;
(1073,2017);
3785;
523;
(1930,13168);
3002;
5757;
(2435,6243);
10680;
6077;
944;
3624;
7423;
14331;
14144;
7971;
8435;
5016;
5366;
(1258,7383);
(7853,(11969,14739));
11119;
(851,(10467,13577));
5040;
7147;
4973;
(12100,12591);
(1227,15191);
((10225,14385),(12805,15516));
8621;
9188;
9805;
3497;
5740;
12663;
(8103,13756);
5631;
15380;
14744;
8517;
941;
4737;
1098;
527;
2220;
((1114,2667),(3289,4403));
6879;
(7234,9856);
6984;
9703;
3906;
14707;
8010;
14717;
12363;
11716;
14727;
6255;
6777;
14897;
1856;
5327;
10719;
6468;
1546;
1731;
22;
14189;
353;
336;
3204;
12795;
(13423,15036);
836;
10379;
4703;
13400;
13164;
4284;
1764;
11902;
11555;
(2755,3487);
9952;
8438;
12245;
12754;
2179;
2587;
8161;
13980;
3280;
3042;
5285;
12266;
2346;
13736;
12088;
(4272,14616);
6723;
3725;
4217;
3904;
14868;
3383;
12964;
2615;
14573;
939;
1097;
7962;
3349;
5775;
543;
12120;
2021;
4319;
(12066,14112);
(1955,5752);
14793;
852;
1901;
9676;
2915;
7287;
2597;
14235;
2535;
6520;
14427;
3647;
9639;
9872;
7300;
12876;
11714;
5616;
3713;
10464;
10424;
8099;
12937;
5047;
(405,3463);
(122,(7161,(3121,11187)));
13879;
15251;
8220;
(4321,12069);
13777;
5738;
14549;
5619;
4877;
3099;
(4355,14740);
6419;
740;
13105;
2785;
10703;
5843;
8504;
(4404,14102);
8211;
14396;
14854;
5996;
11878;
(1452,14137);
475;
(4518,5131);
10068;
4408;
(120,7741);
3162;
9249;
450;
10603;
8023;
293;
14459;
2249;
340;
12395;
5244;
3629;
13315;
9924;
(2991,3388);
(4457,7046);
11258;
6189;
1064;
8565;
(3575,5606);
(2453,10532);
12523;
9955;
7716;
6140;
13571;
12346;
9243;
9295;
10821;
7121;
13456;
13413;
3031;
10789;
4114;
11203;
(4914,7655);
7699;
(5747,7926);
9417;
10716;
9966;
7371;
14741;
7706;
5726;
1170;
10634;
6535;
2245;
12825;
13025;
15535;
3935;
2158;
7328;
(8,(15120,(4549,13082)));
6;
9080;
6552;
3442;
11650;
(5256,5518);
19;
13612;
10957;
9810;
90;
10910;
1322;
(1921,9920);
15486;
14439;
4978;
1603;
15521;
7613;
7782;
8775;
8033;
8003;
(5633,14474);
1355;
14212;
(2774,7635);
7645;
14428;
(15374,(5933,14345));
2335;
10881;
284;
7223;
5216;
8697;
4798;
4941;
8738;
5475;
5102;
8232;
634;
9474;
4177;
(48,3178);
9792;
3362;
8532;
10364;
4455;
8764;
3600;
12154;
12763;
(10245,11654);
4770;
(6018,12382);
9366;
2203;
7475;
6359;
2589;
7230;
5019;
4660;
14765;
2038;
13476;
3771;
7801;
1481;
1054;
14637;
(767,4001);
2652;
9522;
341;
10294;
3065;
13281;
13459;
1229;
14763;
(492,13604);
9116;
(172,12760);
7209;
5712;
3095;
14127;
(10309,15299);
8633;
3392;
9998;
1550;
3431;
2128;
5743;
5932;
929;
(5943,(4891,((4162,(11661,13018)),(13399,(10559,13760)))));
2104;
12775;
6847;
15612;
1067;
(4999,9223);
3106;
1641;
8707;
11574;
13836;
7282;
13968;
6380;
10246;
5749;
11430;
11057;
15109;
212;
3572;
4587;
6301;
14246;
6655;
7672;
9661;
13099;
3468;
(2176,3079);
7586;
(15385,15437);
(9687,11539);
11432;
3743;
4566;
(181,8058);
14287;
8802;
12517;
5972;
((7389,12514),(2730,11176));
7611;
3128;
9726;
(675,10353);
11939;
7500;
7190;
1283;
5686;
3670;
6161;
9084;
13515;
3947;
2441;
6337;
2277;
15378;
(10568,15291);
7812;
5372;
11212;
5122;
14258;
8695;
15000;
4661;
5613;
4263;
402;
5833;
12070;
7310;
7087;
1231;
1150;
(6613,(1811,13268));
15083;
(9356,13502);
1500;
5298;
6486;
1247;
15420;
5030;
9886;
6633;
1392;
4390;
(9040,(10722,12244));
7153;
3190;
954;
1043;
12494;
13188;
14039;
6905;
13824;
9371;
5506;
1468;
2764;
2046;
12283;
10776;
2504;
5662;
266;
11704;
(2519,10577);
11974;
(12969,(385,4098));
2136;
13747;
4706;
5448;
12564;
12759;
3985;
1944;
3142;
8607;
12254;
(45,8276);
(3358,7862);
(5024,6440);
2009;
2538;
(802,9069);
3657;
9903;
(12106,(7258,13586));
2;
4716;
9527;
13141;
(4028,13406);
8568;
2293;
(1021,(8379,14633));
6793;
470;
12403;
(3283,7504);
10250;
(1361,15003);
9350;
(5237,8424);
205;
12908;
1396;
11416;
15272;
1755;
2173;
9152;
(1743,4122);
7392;
7627;
11011;
14695;
2787;
830;
14864;
7685;
6994;
13843;
(7930,8499);
14711;
9433;
933;
128;
13699;
14156;
1529;
14279;
3168;
14729;
(6394,8201);
5682;
5488;
10899;
4361;
4066;
5241;
6030;
12480;
(456,2510);
3401;
15237;
11544;
(7018,8998);
10356;
2025;
8959;
13607;
1134;
6583;
(9939,15425);
5415;
6480;
3242;
4449;
14259;
9565;
12560;
3669;
13975;
4033;
6318;
13847;
563;
8735;
7333;
7405;
9131;
7602;
8843;
4357;
5332;
14843;
2449;
3306;
214;
12068;
5420;
10367;
15647;
9411;
(7590,15172);
2778;
10166;
11257;
2311;
8656;
3652;
717;
6890;
500;
3201;
13670;
1407;
9421;
3391;
1278;
1577;
5266;
9862;
1376;
9666;
9711;
14187;
15328;
11489;
13436;
14426;
5869;
(3311,12301);
2336;
13982;
(7186,(8124,(513,14382)));
12003;
207;
4393;
5079;
11994;
1936;
2729;
13564;
14146;
999;
1026;
9473;
(10150,14540);
11571;
10769;
5919;
8417;
14878;
14416;
5309;
5551;
12592;
1203;
15671;
5154;
14513;
4373;
3851;
3480;
6859;
(2163,5421);
(6116,14318);
15290;
12093;
1911;
1903;
13726;
(287,(5670,9254));
6183;
9508;
1652;
1172;
3338;
8107;
1663;
12456;
357;
4147;
10253;
10113;
(12860,(5907,13804));
13625;
1469;
(8235,(1575,12133));
6265;
7785;
12887;
5614;
12501;
6202;
4960;
3046;
1990;
4771;
4920;
744;
12232;
163;
5345;
2737;
4736;
757;
1644;
4733;
1694;
10257;
6229;
9741;
5382;
4511;
14813;
9450;
12470;
8539;
1197;
8402;
6364;
113;
7731;
(9402,15501);
2961;
4778;
8509;
(7773,11101);
(3789,11326);
8557;
9448;
12010;
14322;
8659;
12959;
10751;
(2958,8492);
14995;
9973;
3054;
4989;
620;
(2503,7125);
(7686,(13849,((9521,(12262,13324)),(6198,(6029,7872)))));
12201;
12725;
(((2219,7432),(9860,13695)),(95,12938));
6353;
13244;
14669;
6941;
12602;
8067;
10858;
15295;
10489;
5347;
(1140,10990);
9480;
8069;
2165;
8811;
12407;
4728;
9245;
10700;
11474;
1773;
11039;
8295;
14004;
11504;
964;
6422;
3326;
6300;
1897;
14807;
7641;
((5331,10929),(14214,15004));
13646;
(4608,13623);
9377;
(1613,12257);
235;
2192;
(489,((1455,7646),(3612,8938)));
12925;
11651;
13133;
9715;
(2229,(1669,1947));
4105;
9065;
2268;
(12886,14001);
6493;
10896;
1129;
5822;
6096;
14748;
4881;
14292;
4911;
12929;
2862;
6981;
8344;
12020;
7760;
8347;
14600;
2034;
5325;
4540;
2091;
4851;
6094;
4231;
4174;
(6772,10228);
(1225,10666);
7397;
11834;
5451;
8258;
3165;
(3765,13026);
13386;
6092;
7617;
13995;
4727;
5904;
14974;
5998;
677;
(2297,6427);
10783;
(4464,10022);
6365;
4731;
15015;
1891;
(522,12675);
(11757,(897,9229));
15128;
1587;
6502;
7393;
1166;
3525;
9644;
7621;
11923;
920;
764;
(7766,14832);
10952;
974;
(((8395,13199),(3686,9651)),(146,12762));
7834;
9928;
14775;
429;
15263;
(7593,14066);
(9361,13269);
6228;
7983;
5395;
(8155,10514);
5914;
3661;
4907;
3496;
(7156,10010);
13328;
12758;
12347;
870;
6865;
8812;
13474;
12922;
7806;
2687;
15642;
15314;
7312;
3899;
3049;
2809;
192;
2815;
6466;
(6020,14099);
1871;
1433;
4711;
9514;
4410;
531;
12042;
718;
1869;
9175;
9360;
14634;
14092;
8667;
14132;
14923;
(1071,11172);
7545;
10201;
6130;
6831;
9382;
9888;
2013;
(5145,10984);
(7776,10517);
(2478,14986);
15101;
(6549,7373);
12624;
5234;
15260;
4932;
7444;
9302;
(1637,10670);
12394;
12709;
784;
376;
11169;
11470;
10895;
14780;
11633;
6785;
8136;
12838;
97;
7148;
11173;
1246;
(4036,7368);
(9182,12960);
1638;
9260;
14985;
15324;
5455;
13401;
(7216,7885);
8215;
7135;
3742;
2354;
9869;
8167;
8455;
(6791,8927);
15391;
626;
7052;
3143;
5654;
2586;
14609;
(9014,12071);
(4839,(10413,15170));
9363;
9940;
13841;
(5741,6471);
4542;
(2678,8844);
14509;
14088;
5110;
3901;
(4757,4810);
7374;
13755;
(13047,14178);
(4299,(1442,14085));
1907;
5175;
1506;
8494;
12222;
((3342,11668),(4526,7585));
7861;
(13704,14673);
8867;
(10853,14254);
(6329,6562);
13981;
15214;
4745;
8914;
10120;
12142;
5889;
1365;
4837;
11276;
(13012,13994);
(5330,6684);
9977;
1612;
14462;
3084;
8571;
10044;
13275;
9504;
(1522,10552);
13813;
9837;
3976;
11646;
(2783,(5859,14204));
1025;
2772;
15487;
2890;
3387;
2276;
(89,(3011,9468));
5459;
6322;
1052;
7378;
(4402,8440);
919;
1635;
(4176,9637);
14950;
6272;
8450;
12215;
4642;
11546;
1077;
8805;
2127;
15413;
5200;
3173;
10276;
349;
(3762,14647);
15446;
(2560,7751);
9776;
5054;
11297;
(641,3847);
13348;
8274;
(6210,12173);
3714;
3115;
9027;
13123;
7435;
7242;
5337;
10610;
1538;
7554;
14195;
1740;
1876;
6959;
(7675,13954);
12728;
10738;
2699;
11388;
13013;
9890;
2278;
(10971,(3437,13032));
15493;
(14311,14443);
10438;
14134;
1143;
2979;
2201;
74;
15469;
14401;
10889;
12831;
84;
3495;
15077;
1063;
15421;
13543;
8255;
3149;
13936;
14442;
11855;
409;
6086;
1548;
2995;
4548;
5954;
9338;
13333;
1705;
14208;
142;
11660;
3033;
861;
13809;
6456;
2773;
3261;
5778;
9596;
4429;
12025;
9769;
5340;
12615;
3449;
4765;
(1174,2110);
10620;
12182;
7963;
8873;
5160;
642;
3164;
11683;
1118;
9251;
13705;
1735;
4639;
(1411,6533);
491;
(4623,14184);
4228;
3866;
9093;
7270;
12014;
(11201,(2768,7888));
14380;
(3649,5824);
2900;
554;
15309;
4545;
588;
8142;
12590;
10962;
290;
5358;
3627;
2636;
10002;
3543;
12755;
11121;
8680;
9708;
4730;
11854;
6346;
8823;
14003;
1585;
3596;
15426;
8046;
11765;
12431;
1756;
5181;
14117;
11812;
(11006,13485);
11072;
10692;
4245;
(9770,11880);
10671;
5161;
12557;
5621;
2031;
1752;
11893;
9794;
12986;
9378;
9403;
13757;
8204;
6340;
11344;
(639,6454);
1988;
7272;
9560;
8822;
(10704,11462);
8907;
2829;
2117;
4467;
4929;
9932;
(6668,12571);
3312;
7799;
(12562,13789);
6297;
10958;
3934;
11168;
6047;
8140;
8755;
4388;
3514;
7624;
6716;
10335;
7441;
14115;
3146;
15116;
3479;
2381;
6991;
12842;
(9979,14110);
10806;
1244;
1127;
((3187,13599),(9002,11879));
(10212,10574);
9056;
(900,10470);
7514;
3461;
515;
(5006,12734);
3071;
4256;
(3651,14078);
8484;
14693;
14313;
14224;
7948;
11956;
14193;
7890;
15108;
6954;
12933;
(7096,11116);
7271;
7990;
9298;
7433;
9618;
10961;
2378;
12788;
(5509,8631);
11850;
1573;
(2342,6445);
13484;
9655;
6852;
10908;
(14644,14892);
4414;
13291;
430;
7398;
15188;
(648,7245);
13647;
9982;
8774;
11824;
1148;
7202;
11744;
7412;
(41,5898);
1636;
3553;
9487;
4013;
12263;
5192;
6709;
1409;
13039;
2218;
(1218,5375);
4134;
10447;
6914;
6123;
1335;
8523;
14298;
13634;
3351;
7788;
178;
218;
123;
6563;
13845;
(6363,6441);
3512;
9001;
(6821,12640);
2812;
12965;
6505;
10080;
(2332,(11946,12192));
14672;
11813;
10555;
11591;
11516;
8225;
3737;
4198;
5105;
((8189,12446),(397,(10154,(9509,(5426,7006)))));
6405;
14048;
11615;
9536;
9993;
2807;
12717;
10542;
15046;
14929;
13718;
4896;
8569;
12188;
5562;
2672;
8367;
15343;
2819;
3779;
9664;
4824;
9161;
4828;
2118;
(3992,13458);
6196;
4453;
3944;
115;
10041;
1131;
4280;
4695;
670;
8163;
3198;
6039;
13097;
15184;
(1075,9548);
1298;
11751;
12322;
(1912,5691);
1444;
13378;
9659;
(5857,(11293,(4578,5392)));
1642;
5958;
14402;
52;
893;
12931;
7539;
4255;
11018;
11106;
(12426,(3868,5452));
5174;
15451;
4447;
8560;
4983;
1108;
(10543,15051);
313;
(1660,4216);
10852;
6088;
8297;
13058;
(6241,(2069,7408));
1614;
4154;
12330;
15141;
1473;
3266;
414;
7925;
9838;
12572;
8848;
5197;
(11017,12479);
4265;
700;
14002;
3175;
3405;
6214;
1163;
4327;
1337;
1157;
5157;
12829;
((8122,11750),(2581,3539));
10757;
12466;
5048;
3183;
(6949,10312);
3831;
((6100,14747),(9616,13839));
5167;
5806;
(3078,8923);
335;
12678;
10376;
7543;
13090;
8475;
4581;
8029;
1111;
13182;
10357;
4260;
2405;
2513;
9756;
400;
3924;
14590;
14932;
(3202,14939);
10266;
14536;
1464;
3234;
185;
771;
10423;
6884;
10185;
689;
14576;
584;
15174;
14622;
11493;
3035;
14599;
(6293,11623);
8218;
15360;
4089;
3804;
7065;
13516;
10122;
574;
4271;
13107;
2549;
5835;
10000;
12502;
(13908,14111);
13221;
(1882,8200);
13950;
10663;
10706;
6274;
8806;
5259;
10157;
7173;
5547;
10778;
559;
(14291,15058);
8091;
3394;
13157;
15069;
(6948,9582);
11530;
11534;
4605;
4113;
5140;
15544;
6786;
(2286,2558);
7695;
11065;
3950;
12329;
9580;
12156;
(5052,9197);
13912;
6504;
726;
239;
10879;
12732;
8042;
(5585,13129);
10224;
2610;
399;
(2064,(4398,(4156,11829)));
4239;
1753;
10898;
(9464,14949);
11140;
14873;
2317;
14210;
7360;
(1995,4831);
3677;
7151;
13774;
5029;
12349;
453;
10718;
(13283,14451);
9626;
12664;
11030;
9075;
4392;
7744;
6543;
3937;
15330;
8647;
2215;
3231;
13299;
(5561,(2512,6320));
2661;
982;
7842;
13985;
((8672,12240),(2649,11094));
7341;
8766;
5025;
12402;
13465;
3059;
(455,4407);
5307;
8472;
15559;
8582;
7642;
4539;
4788;
13360;
13745;
5196;
12438;
6606;
223;
15162;
(6059,8242);
721;
14907;
4459;
14347;
(1742,9577);
7252;
13146;
12157;
12757;
3689;
(3544,12997);
4185;
10497;
14165;
6386;
3189;
10667;
8935;
6384;
(2984,8875);
1516;
9725;
11243;
2282;
1543;
(7995,9213);
(5598,6880);
(5252,(3705,(2855,5605)));
15443;
13652;
9623;
3161;
13734;
6894;
12105;
3977;
11490;
327;
616;
4631;
10686;
11619;
11;
13004;
3822;
8340;
13997;
1328;
15338;
7684;
8550;
3733;
15677;
12233;
2794;
2907;
12654;
6539;
5576;
60;
10069;
13059;
7897;
10415;
5037;
112;
15281;
2454;
12891;
7913;
8751;
5411;
14297;
6291;
5292;
(8726,14465);
10726;
965;
1389;
11304;
13728;
15315;
(3874,12011);
7162;
(13135,(9312,14770));
768;
(3811,7143);
5490;
278;
6326;
(5055,15044);
(4551,5755);
817;
5276;
(8294,12841);
(7673,7767);
13031;
(8654,13440);
13658;
9311;
(1331,7540);
(7274,7911);
9806;
8603;
1034;
15434;
(8899,(3546,13969));
(6550,12859);
10623;
1499;
(12541,13831);
4053;
14894;
15557;
5774;
(8316,13055);
(7057,14607);
3745;
11261;
10947;
6270;
11851;
14957;
12524;
(12651,(5867,13098));
(1160,8521);
14367;
9445;
6136;
3940;
4326;
9772;
5961;
11337;
3548;
12604;
9427;
5185;
10822;
2465;
14522;
11411;
13817;
11769;
(5886,13865);
864;
775;
4058;
14820;
15333;
12161;
8694;
12632;
11073;
(1969,14557);
5484;
(10786,13054);
5939;
6369;
((4078,(11204,(8842,11500))),(7212,12987));
3206;
6610;
14773;
306;
1666;
3734;
99;
1555;
7575;
4444;
12386;
7852;
7757;
12276;
13426;
11051;
2180;
1885;
6180;
14154;
8640;
5763;
14684;
(1570,7665);
11875;
(4372,9761);
4557;
6401;
8180;
5984;
10295;
15205;
13337;
14307;
(6790,15094);
14450;
7081;
9669;
(130,3968);
13930;
7056;
13559;
(13071,(312,1738));
1458;
9985;
11040;
4099;
92;
6500;
15250;
15525;
5203;
15442;
754;
8173;
3378;
9476;
(746,((1363,13608),(2972,6731)));
13711;
7761;
14135;
3508;
9399;
6925;
(7829,(6458,9365));
11069;
(3662,(11210,13561));
10314;
(1567,4270);
6637;
14162;
(3532,8961);
2830;
3447;
15013;
3288;
10721;
2694;
6483;
13134;
6102;
3927;
3902;
13203;
(5792,6374);
(1434,2618);
7986;
13686;
7947;
1621;
1478;
622;
14389;
11145;
11562;
13475;
14618;
(5402,11753);
14263;
3328;
12427;
7591;
11932;
4384;
14993;
(4685,4782);
12275;
(1154,11803);
9694;
2980;
14667;
4062;
9005;
(259,6751);
((6807,10087),(1640,3414));
4070;
3962;
(191,1366);
7263;
(10226,(1342,13798));
6561;
9386;
1241;
774;
5065;
(3526,4346);
8444;
13102;
6345;
12609;
11263;
1295;
8388;
647;
11417;
10265;
2564;
10823;
5342;
13159;
7386;
4248;
4713;
10905;
4314;
(8221,12021);
(10628,14855);
761;
2515;
13603;
10079;
10598;
8081;
9242;
6524;
14610;
(6515,6839);
4014;
15042;
(8398,14089);
2205;
5807;
13139;
14188;
4469;
3207;
67;
5664;
9970;
12187;
10868;
5078;
11289;
8829;
13644;
(5383,13987);
9383;
14173;
14679;
3275;
8422;
7578;
2438;
2832;
14397;
4760;
8284;
3262;
(10419,14114);
(2396,6749);
2518;
13609;
(602,(1435,5439));
1972;
12680;
14872;
13219;
14145;
14870;
9567;
7268;
(1736,2499);
6178;
4309;
12810;
15050;
29;
8853;
2008;
13298;
1125;
1692;
12383;
15489;
(8265,10693);
4865;
(1651,(7297,(14933,(1785,4027))));
13362;
8115;
795;
857;
1008;
3858;
14760;
12457;
4609;
4008;
10737;
9989;
14805;
13530;
9854;
12396;
8693;
8303;
11701;
706;
11177;
12472;
9389;
2997;
3170;
2103;
11526;
5810;
12565;
5003;
610;
11775;
6744;
9742;
15583;
9663;
5820;
2464;
11792;
8816;
11479;
1917;
730;
(10911,(15054,(4030,4902)));
(3104,15400);
5624;
(977,6601);
12977;
13772;
2716;
12968;
10936;
873;
11107;
6565;
(14330,(12955,13169));
14220;
15179;
6636;
13460;
(2250,11239);
11125;
6926;
15553;
3315;
(9313,10951);
114;
(15372,(15155,(13523,(7978,(12475,13053)))));
15623;
11951;
15253;
2307;
4221;
3685;
11197;
1044;
15617;
5275;
3327;
12110;
9787;
731;
11790;
2141;
13683;
4528;
782;
15570;
2433;
8478;
2828;
6412;
11785;
9192;
(10913,13427);
3039;
2224;
8288;
10534;
3214;
1654;
8846;
6512;
5731;
15012;
15176;
2281;
7724;
5575;
1122;
(3808,9348);
6249;
11743;
12131;
237;
(1015,7050);
6197;
3086;
12443;
(3872,4385);
(2155,10259);
2067;
8676;
7364;
4247;
2124;
12740;
2321;
5401;
8628;
8038;
4293;
(8663,10524);
10560;
9701;
(275,9398);
8066;
2288;
7180;
7821;
13886;
4816;
9587;
13302;
5058;
14317;
10306;
4647;
3980;
2821;
15183;
4259;
8123;
322;
1850;
9946;
(3038,5066);
12319;
12002;
6648;
11340;
10660;
10453;
6652;
12747;
5474;
9391;
922;
8889;
2913;
13984;
3419;
15038;
3301;
9502;
10405;
(2531,5924);
2967;
5557;
1061;
12518;
2195;
645;
10917;
13727;
9051;
14175;
4863;
13042;
12729;
2911;
2087;
((4032,9492),(3037,5101));
7491;
7555;
7289;
9110;
12373;
2912;
8602;
15137;
5103;
2314;
6803;
7150;
9896;
(1803,9542);
14448;
4206;
1906;
8683;
3792;
5062;
(10919,(12974,(6898,(7320,(6572,10802)))));
(((493,9665),(5651,9010)),(9322,(3478,(12786,15156))));
1102;
10005;
7157;
14319;
10764;
7944;
11603;
12620;
12582;
11401;
1822;
155;
(2875,5846);
11315;
1495;
15675;
11377;
1574;
15039;
8583;
11848;
(4075,9472);
(637,10205);
((587,1074),(5680,10135));
2242;
1352;
442;
14286;
3492;
9115;
9268;
7184;
15095;
2174;
7415;
1849;
8187;
4138;
(6835,(12287,15448));
7003;
10030;
13965;
6529;
(2662,5235);
10292;
3969;
(2691,15221);
6710;
12515;
1518;
((11419,(11685,14645)),(5143,6851));
503;
567;
14340;
(4948,7626);
(7356,12738);
10894;
3111;
4009;
4351;
2727;
1566;
14356;
5826;
3450;
375;
748;
5548;
14283;
13266;
(9446,11049);
13178;
(4629,(2973,3007));
7873;
(54,9264);
13066;
6429;
3180;
13601;
5502;
8216;
3415;
4347;
10330;
7240;
9172;
10601;
14499;
15341;
2596;
4391;
2474;
13374;
4966;
5444;
5902;
14100;
151;
10953;
7039;
(8292,15200);
12429;
662;
15065;
11621;
2776;
(11448,11970);
8799;
12927;
5177;
3331;
509;
14945;
(3293,5045);
4805;
680;
(11440,12452);
13257;
(9537,(723,9221));
5165;
13329;
5147;
2682;
10902;
5352;
9354;
14976;
6375;
7584;
14498;
(3674,8690);
1230;
6832;
3956;
(7958,(12768,(2367,2748)));
1372;
6641;
(5350,9486);
(7498,14749);
9128;
1804;
10340;
1889;
14891;
14471;
8839;
14733;
13935;
10350;
((4886,12289),(3753,5795));
5790;
4184;
14703;
4811;
3425;
7800;
12953;
13639;
7265;
5957;
6166;
11527;
1439;
9481;
8027;
5854;
(4495,13217);
6534;
2235;
8737;
(7835,13478);
10959;
13419;
8736;
10541;
14502;
12449;
8403;
13205;
(5808,13795);
2577;
1476;
12995;
15203;
7969;
962;
7501;
4567;
4170;
10725;
1006;
5224;
4335;
5627;
12694;
2808;
4039;
((6155,10742),(15196,(3021,(3014,4282))));
9848;
15194;
11081;
4908;
14902;
1696;
11216;
5115;
(5443,9670);
((256,(14668,(5632,10770))),(5858,9554));
6542;
5891;
13183;
3366;
7138;
4189;
14880;
7213;
(11512,11588);
6119;
9908;
8540;
13382;
5848;
11789;
3257;
1881;
2382;
(3163,4744);
3608;
8684;
9180;
10584;
11123;
(6011,13632);
(7066,(7026,8819));
2784;
4935;
6408;
10676;
14069;
8256;
6727;
8856;
(624,2429);
(183,2905);
8363;
((2938,10399),(11043,11309));
3732;
245;
4431;
3839;
1845;
1381;
4236;
8978;
15351;
(6182,7618);
(5787,12498);
10121;
12944;
11961;
12044;
14626;
(8088,(14463,(13011,(884,8830))));
5212;
3333;
12264;
12966;
9912;
4611;
5909;
15078;
5719;
1999;
11691;
8969;
9833;
14268;
5772;
((3166,4838),(3474,10395));
2611;
15089;
8977;
12561;
886;
8253;
8546;
8596;
(6556,9945);
13222;
13421;
12146;
4233;
10261;
(116,6752);
4316;
11238;
1769;
949;
(4981,12669);
7620;
4763;
14506;
15596;
10983;
755;
4146;
7825;
1266;
2212;
15284;
12751;
7404;
7012;
(1808,9286);
702;
2803;
1650;
14842;
908;
15209;
4842;
8827;
4855;
15653;
7455;
12256;
12706;
4819;
2331;
12628;
4843;
4376;
998;
957;
5074;
15572;
(6242,11152);
12058;
13140;
10302;
11707;
3062;
6167;
164;
12312;
11443;
12041;
(2863,6231);
6450;
3626;
12614;
9016;
10073;
5505;
7551;
2962;
6776;
12297;
15186;
11522;
(2686,5586);
(4238,15302);
2725;
2243;
1443;
12163;
12203;
9942;
11444;
745;
5369;
14505;
10711;
2148;
8919;
2637;
(2373,9897);
10521;
5417;
6788;
4437;
2718;
346;
7239;
5630;
7639;
2994;
5819;
13635;
9205;
15047;
8590;
11347;
7219;
8566;
2745;
9999;
3083;
6050;
(6640,7029);
(8407,13598);
5816;
6863;
(10159,(5649,6382));
3304;
10255;
6484;
13677;
(2770,3009);
11423;
12827;
5608;
14750;
3756;
1589;
11230;
12250;
15512;
(5584,(7134,9832));
13784;
3354;
4048;
14972;
10037;
1145;
7178;
220;
14055;
6021;
847;
5950;
4654;
9552;
13397;
3821;
13152;
13921;
5737;
(1492,12874);
8921;
9414;
13193;
(5370,12520);
15303;
(3424,(940,3768));
13555;
9272;
11092;
1304;
408;
5123;
579;
(4997,12468);
2918;
10342;
3058;
6870;
204;
7261;
9422;
3279;
6449;
1037;
2209;
10749;
9194;
(6120,9916);
8966;
11456;
1751;
3370;
330;
15247;
(1682,(8871,(10482,(5866,8965))));
1049;
14031;
11482;
11736;
321;
669;
14977;
4436;
971;
((347,10741),(8353,15539));
12580;
5687;
13749;
834;
10594;
(2213,2669);
(3542,10179);
(8410,13242);
(7972,13251);
5166;
650;
11972;
15590;
984;
8021;
15206;
8244;
9210;
6665;
11015;
12195;
3783;
3145;
(6963,11795);
9867;
12895;
11523;
4348;
3371;
15599;
4364;
1316;
14257;
7820;
((2418,4513),(13393,14942));
(3894,14141);
3132;
9477;
6216;
14898;
14019;
4799;
9305;
15362;
12601;
14657;
4894;
13546;
2078;
15225;
2320;
11847;
(3740,14021);
3916;
7326;
389;
13379;
12627;
184;
7340;
1459;
7976;
(9177,9372);
2712;
2540;
3684;
13120;
4187;
(10510,13900);
5936;
4000;
4505;
1107;
4883;
7803;
4687;
14393;
5494;
7574;
12689;
4;
9569;
(4111,7607);
970;
12578;
4704;
4586;
1681;
5875;
3455;
(4527,12672);
7614;
