(1697,(2935,9458));
(816,(8040,11230));
(11678,13110);
(6743,(2006,12127));
(1921,(1530,(5139,(1031,9579))));
(12314,(6889,12835));
(4490,(1694,(11877,(103,5928))));
(13830,(4222,12536));
(11680,(12205,13987));
(14206,(1657,(5889,7020)));
(11919,(7392,10585));
(2926,(4309,4602));
(11139,(9730,(5141,11102)));
((13761,(9372,14892)),(2107,14022));
(5078,5147);
(6207,(2613,(1976,14715)));
(14396,(2452,15409));
(3825,(7487,(5983,8456)));
(1179,(1295,((3549,(6573,8145)),(2815,4073))));
(4019,(548,7886));
(1533,(7255,(14681,15405)));
(13148,(4631,6104));
(4109,(11005,(12727,(1367,(8100,12242)))));
(1869,(2983,(6336,7071)));
(4032,11989);
((9001,12876),(3068,10817));
(13297,(5604,10335));
(11655,(7919,(8618,14919)));
(8821,(3685,10343));
(15594,(2062,(9839,(167,1973))));
(11264,(7660,(1205,2036)));
(6723,(2237,(3297,9945)));
(5042,(14783,(4470,12644)));
(11896,(8978,(14596,(986,(1824,12762)))));
(6331,(12070,(5990,13865)));
(6505,(8713,13203));
(10024,(4273,4589));
(5416,(1518,(1363,9644)));
(3475,(11838,14790));
(4128,(1704,(8931,(13103,13332))));
(6272,(6124,(4595,8344)));
(2176,(10927,(15305,(2254,13600))));
(11620,(9231,(8027,12175)));
(6783,(7467,(5682,7999)));
(11896,(7369,(4218,(12762,(8322,10306)))));
(14850,(6617,13000));
(6720,((5367,11388),(11037,11375)));
(3590,(1457,5530));
(8361,(7709,13101));
(10285,((1526,15075),(147,6023)));
(6114,(14805,(3473,15423)));
(5207,(6619,(1981,(10664,11748))));
(14733,(13513,(6436,(11233,(13008,13724)))));
(7663,(6204,(4199,12146)));
(14683,((15533,(8771,12818)),(8193,13821)));
(6303,(10905,(7956,(12757,(1044,1248)))));
(8794,(13398,(13325,14321)));
(14199,((8296,(2506,7083)),(40,9120)));
(2521,(9023,13954));
(15117,(11622,(15449,(2540,7742))));
(12252,(8374,(8929,(1492,(10917,(6947,7062))))));
(3688,(12596,(13385,(4319,14814))));
(11430,(5594,(9783,14005)));
(14733,(13513,(6436,(11233,(13008,(3694,13724))))));
(8817,(7237,(2108,(7916,10951))));
(3424,(3861,(7809,13118)));
(3523,14457);
(12354,(1825,(1457,3042)));
(11299,((8027,(4982,12175)),(7810,(1430,15210))));
(7704,(7871,11585));
(6303,(9037,(10905,(7956,(1044,12757)))));
(4266,(15390,((10665,12102),(5923,8099))));
(6207,(11161,(14715,(1976,15575))));
(12160,(13683,(13883,(8413,(10357,11578)))));
(10337,(5581,(6918,13469)));
(12795,(12342,(2254,15305)));
((4445,(7916,8894)),(1054,10042));
((4445,(7916,8894)),(1054,(1635,10042)));
(1697,(9458,(2935,5179)));
(3814,6144);
(9072,(7875,((4258,12928),(5486,(6800,13544)))));
(112,((2426,4758),(2531,8634)));
(6303,(11410,(10905,(7956,(1044,12757)))));
((248,5744),(11475,(6590,(7696,(1852,13934)))));
(((5092,(7531,(8561,9923))),(9324,9764)),(6338,9400));
(2566,(2544,2902));
(15647,(11274,(817,1492)));
(5021,(4665,(218,890)));
(9630,(6988,(4857,15566)));
(359,(11620,(9231,(8027,12175))));
(2704,(4916,(13213,(477,10555))));
(6846,(1973,9839));
(2522,12985);
(8403,(4989,(2876,13739)));
(4608,(2641,(2541,(2735,8771))));
(5182,(1689,(4958,(7317,15030))));
(1179,(9545,(1295,(4073,(3549,(6573,9309))))));
(13348,(13014,(2133,9646)));
(6917,(14022,((5489,9372),(3875,10748))));
(15063,(8808,(9947,(2539,12281))));
(8743,(3790,(1215,5037)));
(4077,(4887,(3546,8597)));
(6204,((8012,12146),(3901,4199)));
(7035,(4490,(1694,(11877,(5928,(103,9637))))));
(12399,(9822,15194));
(711,(4665,(4091,10589)));
(11174,(3120,(8520,(4216,(185,10056)))));
(11304,(14209,(1209,14419)));
(11174,(3120,((3354,8520),(4216,(185,10056)))));
(767,(12745,(7513,(6948,(1361,10998)))));
((9822,15194),(12399,13074));
(8918,(8944,(9058,10804)));
((547,8250),(12811,(718,(922,11493))));
(1697,(9458,(7580,(2495,2935))));
(12337,(6416,(8385,15003)));
(6742,(7745,(1694,(5572,(2851,5928)))));
(12092,(11111,(8816,13053)));
(6207,(702,(14715,(1976,(2824,4604)))));
(2072,(1747,(198,(6705,11433))));
((9616,(4569,(3290,(10733,(4592,6731))))),(2233,12511));
(2125,(662,10885));
(12593,(7385,(6803,13486)));
(7663,(6204,((12146,13732),(4199,(5898,8941)))));
(4077,(4887,(8597,(3546,6995))));
(6207,((2613,9998),(1976,14715)));
(4222,((2590,15491),(5687,(7616,10373))));
(4516,(6864,14728));
((986,(1824,9945)),(1631,10460));
((3945,(378,13444)),(2194,(7845,10163)));
(2160,12142);
(14351,((4130,(12409,12708)),(8990,13299)));
(3903,(8235,(10183,(12270,((2797,7312),(12721,15202))))));
(8826,(6690,(5012,(1232,5455))));
(14513,(11957,(15218,(14552,(11178,13379)))));
(10811,(2279,((5280,(6808,13488)),(2933,(4758,(5713,14464))))));
(4561,(4967,(7825,(8092,10480))));
(8995,(8814,(6175,(7871,(2216,8951)))));
(10402,(15063,(8808,(9947,(2539,12281)))));
(3662,((248,5744),(11475,(6590,(7696,(12839,(13934,(1852,(7855,8100)))))))));
(10811,(12611,(6632,(12762,13488))));
(12005,(14802,(367,6068)));
(9931,(8743,(3790,(1215,5037))));
(12322,(14505,(12611,(3864,(7772,(5489,(4706,14972)))))));
((6207,15007),(614,(14715,(1976,(4604,13967)))));
(4513,(4930,(11449,(897,5578))));
(1150,(13372,(9118,10560)));
(14370,(2020,(11866,(5698,6631))));
(767,(12745,(7513,(6948,(5029,(1361,10998))))));
(7487,(8456,(95,5983)));
(2001,(11759,(5019,(5688,(1636,6663)))));
(8743,(3790,(15190,(5355,(1215,5037)))));
(3903,(3325,(10183,(12270,((2797,12683),(12721,15202))))));
(13932,(876,((11783,(5352,15220)),(12040,12065))));
(5969,(3205,(4231,(3731,(7353,15036)))));
(12401,(8326,(1735,(708,11578))));
(2014,(13830,(4222,12536)));
(13984,(4116,(10110,10117)));
(15326,((751,8682),(2138,5630)));
((7363,(767,13692)),(12745,(413,(6948,(1361,10998)))));
(1860,((2687,11015),(10490,13250)));
(2372,((5378,5657),(8964,9325)));
(14873,(5856,(5104,(2326,5087))));
(2311,(11443,(4982,13799)));
(6075,(14615,(10874,12370)));
(4219,(11539,(497,(5441,9997))));
(3667,((5116,14399),(5900,(6300,10883))));
(756,(14873,(5856,(5104,(2326,5087)))));
(8867,(457,((4063,9680),(298,11524))));
(13509,(8749,(5384,9281)));
(6331,((5990,13865),(3301,12070)));
(3825,(7487,(8456,(5983,8945))));
(3658,(869,(7315,10405)));
(8537,(12691,(7057,(463,3093))));
(3153,(2949,8197));
(13254,((7871,11585),(2260,7704)));
(1697,(9458,((1404,1792),(2495,2935))));
(12375,(13712,(1294,(10529,13766))));
(15056,(4757,(6588,(176,12531))));
(2054,(5457,((6792,13542),(7573,(1539,10992)))));
(10934,(9617,(8596,(1693,4102))));
(4407,(6543,(3243,(7584,(6441,(2466,10138))))));
(10801,(4445,(5890,(1363,13337))));
(14370,(2020,(11866,(2116,(10890,(5698,6631))))));
(1921,(1530,(306,5139)));
(9689,(8900,(12652,(7383,12007))));
(3429,(5053,(7449,13498)));
(2928,(12001,((6776,(14331,(7772,12929))),(5984,11468))));
(10285,((12794,(1526,1889)),(147,6023)));
(7381,((3928,4589),(4005,15267)));
(7909,(4547,(2702,3706)));
(11779,(9180,12644));
(12511,(9616,(9469,(4592,13360))));
(5949,(311,(7588,(9546,(2706,(10057,(7502,(2680,9611))))))));
(5634,(5950,9353));
(5934,(9608,(1889,(2207,13247))));
(9769,(14839,(12851,(10029,11416))));
(13143,(11108,(13376,(8646,(1529,11946)))));
(3825,(7487,(8456,(5983,13186))));
(6246,(1761,9339));
(1150,((6094,9118),(787,13372)));
((12136,14612),(10407,(3880,(1457,(2515,12874)))));
(13348,(13014,(9646,(1953,2133))));
(7358,(4116,(4,9815)));
(11192,(397,(438,1044)));
(4054,(11031,(1694,(5572,5928))));
(7795,((6175,(7772,10524)),(1430,(5984,15570))));
(9610,(11680,(13218,(12205,(1346,(4130,13987))))));
(13561,(869,(13738,(10080,(8703,(5518,13373))))));
(13932,(6204,((8012,12146),(3901,4199))));
(3603,(10616,((2699,4308),(3027,12065))));
(7663,(6204,(12146,(12839,(2046,(4199,4867))))));
(5593,((9250,13148),(7236,(12371,(820,6104)))));
(1461,(1630,(9097,(10842,(3615,((6987,14507),(4747,14726)))))));
((7507,(((15510,(5336,10265)),(1053,11253)),((8421,15014),(2069,11623)))),(2757,6373));
(10616,((5355,(11345,(5898,8941))),(13732,14693)));
(10934,(2521,(8741,(1641,4102))));
((2030,6671),(272,((4585,11784),(13302,(167,9595)))));
((2229,14683),(906,(1813,(7675,12818))));
((6424,13153),(10512,(1852,6590)));
(14544,(6207,(10858,(14715,(1976,6583)))));
(14293,(1011,(12092,(6766,(8816,13053)))));
(14619,(4161,(12566,(1197,(6325,12815)))));
(9689,(8900,(988,12652)));
((758,(11552,14899)),(8519,14825));
(6830,(5418,(11926,(7642,(7015,((5375,14545),(5674,15004)))))));
(3079,(13348,(9646,(13014,(6027,10637)))));
(8676,(9280,(2124,(12573,(3712,15572)))));
(11065,(3023,(7665,10924)));
(1381,(9586,(360,(14453,(7737,(3808,7740))))));
(7735,(15673,(14083,(2440,14421))));
(1225,(7628,11289));
((7470,((9818,12980),(2406,((7368,13549),(7221,11126))))),(4010,12768));
(5142,(15021,(8791,12025)));
(9866,(3723,(5776,(14425,15008))));
(10423,((6435,12015),(4091,10589)));
(2358,(6401,(5326,(6053,(3466,(10965,13451))))));
(5976,(5078,5147));
(11683,((1604,(6147,(11806,14362))),(66,9504)));
(3424,(3861,(12191,(7809,13118))));
(12768,(11206,(10023,(12787,(13707,(192,((7539,9424),(2448,(2834,10148)))))))));
(13932,(6204,((8012,12146),(3901,(4199,10391)))));
(2928,(((13052,13189),(3750,(3756,7277))),(7846,10616)));
(14006,(8676,(11318,(15062,(10369,12757)))));
(843,(9016,(1668,(7592,(3009,9571)))));
(14370,(3464,(2020,((10309,11866),(2211,(5698,6631))))));
(6195,(540,(10491,(9697,(1168,(3750,(5239,5549)))))));
(14022,(10748,(8081,9372)));
((480,9551),(8403,(4276,(516,(2876,14105)))));
(3250,(6049,(6700,(9664,10914))));
((3429,5733),(9099,((12708,(10772,14151)),(1236,(6766,11643)))));
(12579,(14976,(9165,(10513,(10408,13468)))));
(9157,(5710,(1053,(5336,8243))));
(10135,(10730,(10051,(15093,(10793,13014)))));
(1461,(1630,(2665,(15634,(11910,(5233,(899,6987)))))));
(12740,(816,(11230,(2393,8040))));
(13583,(2198,(6373,(7507,((11623,(8421,15014)),(10265,11253))))));
(7434,(9554,(7195,8657)));
(14224,(3491,(7781,(12938,(5385,9039)))));
(14652,((8897,(1162,14282)),(14604,(2495,(15485,(13702,(3266,7606)))))));
(11754,(2028,8452));
(14195,(11199,(((7859,12410),(14307,(5004,6180))),(9254,13004))));
(7346,((1048,(6244,(675,13103))),(13963,(251,2355))));
((3475,(13376,(1529,8646))),(13089,13143));
(3447,((2097,11368),(8544,(10574,11450))));
(14778,(6692,7709));
(1768,(9925,(9358,(2276,15236))));
(7955,(14511,(9469,(7391,13360))));
((215,11584),(3475,(5620,(14790,(11838,13520)))));
(8414,(9097,(11334,(4801,14030))));
(14719,(15390,((8099,14176),((10665,(1347,10461)),(5766,12102)))));
(5529,(11268,(13325,14321)));
(4861,(9705,(14554,15502)));
((6540,10829),(6775,(3210,(3170,(10779,14027)))));
(12314,(12835,(11512,(147,7503))));
(1864,(5800,(15292,(5868,(11614,(4941,(415,5504)))))));
(14463,(4584,(2311,(4445,(11443,(7916,(8894,13799)))))));
(4305,((7242,(3585,14689)),(8915,13758)));
(4596,(11475,(6590,(13934,(11768,(1852,(754,9706)))))));
(8451,(1452,(1613,(3381,(1460,8903)))));
(10166,(12861,(717,4982)));
(12063,12998);
(14683,(8193,(6602,(2469,(128,(12818,15345))))));
(547,(9284,(6294,(2684,((922,(1646,11493)),(2894,(1866,12222)))))));
(4596,(11475,(6590,(13934,((6409,11768),(1852,(754,9706)))))));
(14544,(13560,(9006,(4728,((8773,(3909,14532)),(295,10122))))));
(4513,((1772,14256),(11449,(897,5578))));
(14584,(11139,(9730,(11032,(11252,(11102,14103))))));
(7663,(6204,(12146,(12839,(15061,(12475,(7888,(2046,(4199,4867)))))))));
(7414,(5258,(1533,(8253,(3702,(6947,14681))))));
(5258,(1533,(8253,(12642,(1682,(8420,14681))))));
(1179,(9545,(1295,(4073,(3549,(6573,(2822,9309)))))));
(12336,((13510,14019),(445,(15485,(15684,(11737,(7606,(2911,9045))))))));
(4596,(8387,(12173,(4489,5149))));
(4596,((4674,11475),(6590,(13934,(11768,((1852,2497),(754,9706)))))));
(4446,(10575,(5019,5987)));
(6783,(7467,(8683,(854,(5682,7999)))));
(12094,(9757,(7963,(9945,(4880,(5916,9185))))));
(1845,((5745,(2713,14553)),(6619,(12642,15202))));
(7369,(10191,(1479,(8322,10306))));
((14715,(1976,(4604,(7137,13967)))),(6207,15007));
(11299,(15292,(4364,(1430,7810))));
(6912,((2398,3253),(1303,(2690,15688))));
(12354,(12499,(9469,(11697,13360))));
(4305,(13758,(((13928,14651),(3585,8716)),(4256,7242))));
(5744,(14351,(((12409,12708),(3987,4130)),(8901,(8990,13299)))));
(2399,(6282,(996,(11910,((2444,5102),(700,8745))))));
(13454,(2482,(12364,(14345,14649))));
((8091,(11045,(6794,11411))),(14202,14463));
(272,(3175,(12967,(5866,9595))));
(4161,(11133,(104,(1833,11314))));
((11475,((7696,(1852,13934)),(4840,6590))),(248,5744));
(13348,((8668,13014),(9646,(1953,2133))));
(7362,((11323,(14805,((147,15423),(4695,14219)))),(934,14461)));
(14155,((3023,11131),(2907,(6923,9720))));
(3538,(5561,(14736,(5243,11398))));
(11075,(5006,(758,(453,(11419,(8185,12317))))));
(14652,((9168,(4149,(7812,(1661,15523)))),(1162,14282)));
(11896,((397,(438,(1044,12762))),(6463,11192)));
(14370,(2020,(11866,(2116,(2354,(10890,(5698,6631)))))));
(5554,((9488,14028),(1863,15405)));
(13143,(1062,(13376,(8646,(281,1529)))));
(5934,(9608,(1889,(13247,(2207,12274)))));
(248,(12740,(9202,(5785,(2670,((4413,5682),(2393,15159)))))));
(14112,(3253,9177));
(5934,(9608,((13247,(6673,(1622,2207))),((6766,(3224,12423)),(1889,14305)))));
((15194,(9822,(1956,(9923,11681)))),(12399,13074));
(12593,(1977,(6803,(3938,14739))));
((1971,4407),(10377,(6543,10906)));
((14195,14612),(10407,((11481,14482),(((9254,13373),(2617,4150)),(12410,(6180,(6681,14307)))))));
(12495,(727,(7460,(5446,5890))));
(8414,(9097,(11334,(14030,(1607,4801)))));
((11323,(3103,9979)),(7321,11954));
(14532,(763,(10307,12639)));
(13676,(13509,(8749,(5384,9281))));
(6783,((7467,11565),(8683,(854,(7999,(3683,5682))))));
(10721,(8743,(3790,(1215,5037))));
(12458,((5454,(13,590)),(4220,13307)));
((4547,9117),(13152,(8911,12107)));
(4153,(7346,((251,2548),(675,2702))));
(14195,(4029,((7404,9254),(12410,(6180,14307)))));
(4596,((15563,((1588,(12523,(6795,(754,831)))),(15093,(2165,14696)))),(419,6689)));
(3028,((11468,12980),(15485,(7606,13549))));
(10613,(14122,((711,4506),(11565,(4091,10589)))));
(6644,(3350,(9546,(13790,(6070,(10057,(5893,(2680,9611))))))));
(13237,(1452,(5911,((9242,(890,(1944,10680))),(1460,6467)))));
(14652,((9168,(4149,(7812,(1661,(15394,(13473,15523)))))),(1162,14282)));
(1461,(1630,(10429,(4150,(3911,(5233,(899,6987)))))));
((9030,11299),((5655,7726),((1430,14307),(7810,14521))));
(12444,(8878,((1341,12980),(13446,(15485,(13549,(3803,7606)))))));
(2928,(15269,(10616,(13189,(7584,(10138,(2466,7277)))))));
(9099,(12708,(324,14972)));
(6792,(12613,14710));
(14231,(11139,(9730,(11102,(5141,12703)))));
(6500,(5635,(9041,(11083,(7471,(12643,(1393,11547)))))));
(1452,(10377,(2607,((286,(7125,(890,(10680,11887)))),(1460,6467)))));
(13624,(2815,(4217,(4953,8145))));
(1179,(9545,(1295,(4073,(3549,(6573,(9309,(2822,15042))))))));
(3667,(((7050,14539),(8475,(4150,(7271,(12594,14062))))),(5020,12811)));
(8999,(11766,(((1468,1813),(11720,(14812,(12442,(11630,(9409,13270)))))),(840,976))));
(6997,(1062,(12872,(6308,(281,10373)))));
(5258,(1533,(8253,(3702,(14681,(1854,11714))))));
(6997,(((6308,(10373,13599)),(819,12872)),(7909,13968)));
(8648,(12400,(2044,(12881,(5005,12789)))));
(2358,((819,(10965,13599)),(7909,13968)));
(13305,(15626,(10145,(6667,8683))));
(11530,((5346,10042),(14003,(5839,11098))));
(5523,((15105,(4545,11343)),(5046,10150)));
(2210,(13676,(13509,(8749,(5384,(15243,(9281,10390)))))));
(4266,(15390,(((10665,13609),(4449,12102)),(5923,8099))));
(3825,(7795,((7772,10524),(1430,5984))));
(12213,((6018,11117),(14621,(11306,(5658,(4857,8050))))));
(12314,(12835,(3750,(1682,((14433,(5942,13985)),(8420,12868))))));
(1669,(272,(3175,(5866,9595))));
(9006,((13998,14532),(1834,(2878,15628))));
(14001,(1843,((11468,(2925,13129)),(12270,(12929,15202)))));
(1725,(6386,(10619,(7670,(1489,6618)))));
(7257,(14398,(9904,(2021,(3433,5170)))));
(10811,(12611,((12232,(6490,6632)),(13593,(12762,13488)))));
(((2097,11368),(8544,((10574,12708),(7086,11450)))),(9866,11667));
((5305,5387),(12231,(486,(4040,9882))));
(5680,(13558,(9920,(15610,(5856,(7142,12274))))));
(7053,(10522,((2071,(6774,(3610,13161))),(2120,(6514,14988)))));
(1860,((2687,11015),(8069,10490)));
((14593,(1645,12424)),(2689,(14812,(1515,6416))));
(1384,(14396,(445,(11339,(812,(9045,(5518,11460)))))));
(8729,(2342,((2721,(6467,12065)),(11783,(3167,11939)))));
(8223,(((14961,(401,(10057,((3905,7396),(10408,13468))))),(5046,12754)),(9286,12201)));
(4777,(10516,(9469,(13360,14997))));
(183,(3139,(12642,(1682,8420))));
(13692,(8857,(((413,3615),(13626,(4747,14726))),(344,14077))));
(3962,((4327,(9686,((8606,10720),(2404,13523)))),((8835,15455),(1425,13837))));
(3662,(((11954,(7321,11475)),(6590,(7696,(12839,(13934,(9979,((1852,14355),(3103,(7855,8100))))))))),(248,5744)));
(12354,(4800,(9509,(10966,(1425,13837)))));
(2499,(5851,(7736,10230)));
(9630,(6988,(3170,(15566,(4857,14027)))));
(12213,((6018,8897),(14621,(2495,(3453,(4857,13702))))));
(3361,(3282,((2355,13963),(1048,(6244,13103)))));
(14513,(2717,(11919,((8467,8734),(11178,13379)))));
(547,(1494,((2894,(3374,6852)),(922,(9918,(3155,(3267,11493)))))));
(3662,(2044,((11439,12272),(11921,13470))));
(10402,(15063,(8808,(9947,(5977,(2539,(4636,12281)))))));
(115,(15288,(10294,(4292,13913))));
(6303,((6490,12232),((10905,13593),(7956,(12757,(1044,1248))))));
((986,(9945,(1824,11419))),(1631,10460));
(13584,(604,(461,(5318,(12708,(15190,(5355,(1374,(14332,(9141,(1641,7086)))))))))));
(6783,((7467,11565),(8683,(854,(7999,(3683,5682))))));
(882,(4412,(12337,((12093,(9040,10954)),((10382,12260),(3301,14763))))));
(6195,(540,(9697,(1168,(3750,(15220,(5352,5549)))))));
((3962,8601),((9686,(12976,(2404,(2076,8606)))),(1425,13837)));
(5042,((9055,14783),(4470,12644)));
(6905,(12206,(10992,(1539,3745))));
(3057,(2422,(10866,((5658,10537),(3908,9037)))));
(1461,(1630,(5447,(2056,(4615,9546)))));
(9931,(8824,(2925,(12270,(3496,15202)))));
((11323,(3103,9979)),(11954,(3172,7321)));
(2624,(3143,((1063,(4046,4277)),(4591,((9137,12622),(11569,(11343,(4545,12177))))))));
(3851,(738,(4669,(814,5571))));
(((12191,(1641,14012)),(13854,(1301,8741))),(1508,14970));
(14006,(13805,(3308,(1913,(8049,(10260,13879))))));
(13528,(13143,(1101,(13376,(8646,(8838,(1529,4316)))))));
(13143,(6690,(13376,(8646,(1529,4715)))));
(10842,(8542,14507));
(12444,(1431,(3572,((2285,10982),(15220,(7097,(5352,(3132,15263))))))));
(6036,(10454,12182));
((2097,11368),(8544,(10574,(3756,15688))));
(10829,(13474,(3210,10779)));
(3809,(14276,((8027,12175),(15210,(5282,10696)))));
(4525,(6075,(14445,(14805,(147,15423)))));
(7795,(3387,((6175,(9333,(7772,10524))),(1430,(5984,15570)))));
(5075,(5341,((5684,9903),(6876,14656))));
(4446,((9809,15075),(14157,(5019,5987))));
(1429,(7613,(11314,(917,4100))));
(5744,(14351,(((12409,12708),(3410,4130)),(13299,(8511,8990)))));
(1179,(1295,((3549,(6573,8205)),(4073,14867))));
(11174,(6133,(10461,(14176,(8425,(2755,5996))))));
(2020,(11866,(7580,(5698,6631))));
(5021,((890,(218,13876)),(669,4665)));
((((13000,15618),(6409,(4152,15536))),(5753,(1460,8405))),(8338,10906));
(2697,(6166,(5431,(3688,(12596,(13385,(10937,(4319,14814))))))));
(2001,((5019,(5688,(1636,6663))),(11759,13661)));
(8938,(9316,(12525,12544)));
((14100,(10793,(5530,(5325,11939)))),(3590,15563));
(3667,(((14539,(1105,7050)),(8475,(4150,(7271,(12594,14062))))),(5020,12811)));
((1951,9496),(13912,((713,(30,7023)),(4022,15035))));
(882,(4412,(7055,((7140,(4616,(10803,10954))),(11670,(7261,13986))))));
(6207,(7909,(14715,(2702,(1976,(11396,(3706,(4604,9348))))))));
((10895,(15100,(10793,(4496,6342)))),(4170,7852));
(3667,((14009,(5020,12811)),((14539,(1105,7050)),(8475,(4150,(7271,(12594,14062)))))));
(12354,(12499,(8790,(4867,(11697,13490)))));
(1461,(1630,(10744,((12404,(11554,12996)),(5233,(1404,(6987,(1792,5451))))))));
(2697,(6166,(5431,(2686,(12262,12754)))));
(((13299,((1203,8271),(1889,13629))),(2524,4130)),(6637,14351));
(6778,(14720,(328,15618)));
(4596,(8387,(3661,12173)));
(4513,(11318,(11449,(15062,(897,12757)))));
(12577,(6026,(8789,(5383,7742))));
(8223,(10598,(7642,(12062,(7396,(5674,(6542,11107)))))));
(12740,(199,(14889,((2344,4960),(4669,((1393,9986),(2393,6092)))))));
(6207,(7909,(14715,(3170,(2702,(1976,(14027,(11396,(3706,(4604,9348))))))))));
(8817,(5341,((10769,13492),(12391,13681))));
(7414,(3825,(2391,(2666,((1048,(8296,(2506,(6947,9574)))),(1883,(40,2355)))))));
(6207,(13541,(14715,(1976,2393))));
(13731,(2316,(5858,(5889,6281))));
(1461,(1630,(10744,((5233,(1404,(1792,6987))),(12404,(398,11554))))));
(14112,(3861,(9177,13118)));
(11075,(1828,(3790,(155,3327))));
(12444,(8484,(11053,(12906,((2224,15263),(2285,10982))))));
((10407,(3880,(1457,(2515,12874)))),(12136,(2443,14612)));
((2358,3148),(1429,((11445,(2352,11918)),(10885,(10965,(917,4100))))));
((6416,(8385,15003)),(7338,12337));
(12625,((4433,10906),(14654,(4007,(5048,(11416,(9560,(2725,11017))))))));
(8999,(13003,(3961,(11720,(12817,(15394,(13473,15263)))))));
(604,(13968,(5318,(12708,(15190,(5355,(1374,(14332,(9141,(1641,7086))))))))));
(12236,(6719,(1860,((2687,(5394,11015)),(13250,(8090,(7672,10490)))))));
(8338,((10992,(1539,3745)),(5753,12565)));
(4513,(604,(14256,(11449,(5578,(897,9141))))));
(1828,(12833,(9605,(1156,9568))));
((1645,12424),((2313,5046),(8699,(1515,14583))));
(8168,(4513,(604,(14256,(11449,(5578,(897,9141)))))));
(((5322,13599),(5408,(819,1667))),(7909,13968));
(13297,(10335,(5874,(3947,5604))));
(8729,(11304,((1209,14419),(6467,14209))));
(11174,(4584,(15358,((2151,14129),(10049,(6547,10381))))));
(6689,(7795,(3387,((1430,(11468,(5984,15570))),(6175,(9333,(10524,(7772,12929))))))));
(7369,(3790,(1735,(3327,10306))));
((986,(9945,(11419,(332,1824)))),(1631,10460));
((5523,(516,14105)),(480,9551));
((6204,((8012,12146),(3901,(4199,10391)))),(8584,13932));
(8817,(13688,(7237,(2108,(7916,(10951,14376))))));
(10135,(10730,(15063,(8808,(13014,(12281,(4469,4592)))))));
(6912,((2398,3253),(1303,((8183,8421),(2690,(10265,15688))))));
(882,(4412,(903,(5666,(5360,10954)))));
(9931,(8824,(9788,(3607,(3496,(10408,(7010,13468)))))));
(12354,(6842,(12042,(11410,(14525,(8888,14459))))));
(10243,(12160,(15444,(2792,11329))));
((66,3841),(7372,(1981,(10378,(12509,((12981,(10699,(10720,14203))),(11253,14900)))))));
(8229,(3079,(66,(11268,(5104,(14900,(12981,(10637,(10720,14203)))))))));
(14310,((12356,(4406,(14302,(1226,6004)))),(9859,14789)));
(8168,(4513,(604,(14256,(11449,(5578,(897,(692,9141))))))));
(12336,((10325,12399),(7304,(9822,(6660,14541)))));
(12577,(15245,(1037,15183)));
(14351,((13094,13299),(4130,12708)));
(12400,(2044,13585));
(15047,(5182,(1689,(9246,(14586,(4958,(7317,15030)))))));
(9549,(308,7255));
(2543,((3856,(6044,(4695,15042))),(7095,10401)));
(5593,((9250,13148),(7236,(12371,(6104,(820,6918))))));
(12768,(2717,(11919,((8467,8734),(170,13545)))));
(3079,(6380,(4544,(10637,(3637,5104)))));
(14612,(10407,((4445,(7916,8894)),(1054,(1635,10042)))));
(7849,(10522,(13687,(5807,(6774,13161)))));
(604,(10396,(5034,(12708,(1374,(14332,(9141,(1641,7086))))))));
(5166,(14584,((9730,(670,(4616,(11102,(7107,10803))))),(7055,11139))));
(5498,(10842,(7556,9091)));
(12922,(1934,(13007,(10147,(15614,(11271,12817))))));
(2928,((2233,3058),(8706,(5984,(3290,((6361,7772),(202,2723)))))));
(12336,(10038,((13510,14019),((8551,12139),(15276,(670,(15684,(3803,11737))))))));
(3464,((15455,(6147,(1478,(11806,13498)))),(66,(2789,9504))));
(7955,(6188,((14757,((4470,(3374,6046)),(7391,12690))),(14213,14367))));
(2312,((218,890),(4665,6779)));
(15063,(8808,(9947,(13790,(12281,(2539,(10408,(7836,13468))))))));
((732,14282),(15638,(2116,(4538,10890))));
((1706,14729),(9781,(1882,15159)));
(14513,(14373,(11957,((10381,(4573,15218)),(14552,(13379,(2004,11178)))))));
(1603,(8918,((9058,10804),(2254,13014))));
(4491,(295,(8909,(5867,(12580,(8020,(811,4461)))))));
((3302,12444),(((8990,(1341,11759)),(3170,(5019,(8273,(5688,(3803,(1636,6663))))))),(10024,(2001,9115))));
(3361,(12444,(2546,(1431,(3572,((2285,10982),(3132,15263)))))));
(12593,(11462,(8171,(5810,(3832,(6803,12523))))));
(8999,((10090,(11720,(15680,(8233,(15155,15263))))),(10359,15226)));
(6814,((11284,12527),(1735,((577,1646),(563,9580)))));
(12740,(199,(14889,((4960,(2344,11163)),(4669,((1393,9986),(2393,6092)))))));
((11667,12768),((2097,11368),(8544,(10574,(170,11450)))));
(8223,(10598,(6602,(12062,(7396,(9416,(6542,11107)))))));
(10206,(5800,(984,11621)));
(11430,((3475,(13376,(8646,(1529,9350)))),(13089,13143)));
((5864,11536),((12642,((2326,5248),(3103,3496))),(7700,(3631,8824))));
(6169,(9074,(4769,((1050,10611),(14243,(12708,(13053,(15527,((6951,8135),(14332,(4469,7086)))))))))));
(12444,((6551,((14883,(2224,15263)),(2285,10982))),(7346,8484)));
((2097,11368),(8544,((10574,14176),(3756,(4844,15688)))));
(6282,(988,(11910,(8745,(2444,5102)))));
(8223,(660,(5085,(14745,(6959,15402)))));
(1971,(10139,(7623,(7021,(8993,((5464,8926),(11949,(2507,10741))))))));
(14310,(642,(11732,(4406,(2456,(6342,10700))))));
(13254,(14122,(10633,(9828,((2916,(6050,11260)),((937,8640),(9503,13420)))))));
(3148,(5593,((12401,13117),(8713,(708,(285,7301))))));
(6702,(9074,(5113,(12884,(4120,(6951,13053))))));
(13460,(3817,((6175,(12364,(13578,14054))),(6762,15570))));
(13422,(12711,(11468,12379)));
(4407,(6543,(2929,(5878,(7584,(6441,(2466,10138)))))));
(12768,(6719,(8362,((8090,(10748,(2189,7672))),(7153,(170,5394))))));
(10135,(6842,(10730,(5184,(15093,(10378,(13014,(8503,10699))))))));
(1452,(1613,((7539,14490),(1460,2352))));
(15300,((8895,(2705,4624)),((11292,(2910,6433)),(5756,13787))));
(14825,(758,(3009,(12523,(7506,(11552,(10731,(14050,14899))))))));
(4222,((8277,(5504,(4941,(4228,9824)))),(6774,(6093,10373))));
(6640,(5560,((4591,(4327,((11221,12177),(9137,12622)))),(4046,9446))));
(12444,(7419,((9913,(6399,(15485,((3803,7606),(7551,13549))))),(12980,(1341,3220)))));
(3517,(9381,(12787,(13707,((3103,9424),(2834,10148))))));
(12740,(((15271,(2393,(1646,5682))),(5785,(5753,(11284,12551)))),(8338,10941)));
(3667,(1494,((7050,(3374,6852)),(8475,(1303,((7271,9918),(3155,(2690,(3267,14062)))))))));
(9378,(1537,(11910,(4292,(3319,15113)))));
(8857,(7774,(6436,(14903,(4319,(13626,14674))))));
(5416,(3962,((1425,13837),(9686,(2404,(1244,(1363,8606)))))));
((6917,12096),(13438,((13827,(11037,(754,5489))),(1156,3875))));
(6195,(5529,(6058,(6152,(5029,(10587,(7031,(5549,8113))))))));
((10616,((10748,(2189,12065)),(7153,(170,14433)))),(6256,12768));
(8031,(14496,(6233,10472)));
(12444,(4792,(4918,(1341,(7825,(8092,(13451,(3803,10480))))))));
((2371,15056),(4757,(14066,(6342,(176,12531)))));
(12354,(1825,(1457,12308)));
(272,(3358,((9595,13368),(7218,(6415,9324)))));
(8304,(7452,(8789,(5383,7742))));
((7193,(14433,(7809,8941))),(3424,7841));
((14036,(516,(1245,14105))),(480,9551));
(7487,(8456,(5983,7011)));
(3667,(9729,((7271,(12608,14062)),(4737,(7050,10279)))));
((882,6020),(3079,(4412,(13348,(((2394,(6027,(2201,(10954,(10637,10994))))),(13014,14592)),(12260,(3301,9646)))))));
(7552,(4364,(12266,15331)));
(15269,((4445,(7916,(8894,(7584,(14892,(2466,10138)))))),(2107,8305)));
(2391,(((1883,(4192,10141)),(7965,(9574,(48,2824)))),(11703,(2666,15230))));
(14351,((13299,(1889,13629)),(7126,(4130,13608))));
(9284,(7504,(12222,(3965,(10600,(2466,10138))))));
(11896,(15358,(10241,(8490,14054))));
((12768,14206),(1657,(7020,(12808,(170,13545)))));
(1461,(1630,(2665,((13986,15634),(11910,(5233,(899,(5394,6987))))))));
(731,(12236,(6719,(1860,((2687,(5394,(6701,11015))),(13250,(8090,(7672,10490))))))));
(13970,((1015,6460),(831,2927)));
(((8403,10714),(5803,(2086,(516,(2876,14105))))),(480,9551));
(8710,(11286,((4244,13446),(6284,(1996,11908)))));
((8544,(10574,(8815,12765))),(2097,11368));
(1029,(14889,(15608,(1393,1910))));
(1703,(137,((13478,(5194,14628)),(7072,(6560,12781)))));
(1253,(11689,(5981,(11679,(5866,12657)))));
(13011,(((8027,(4982,(3018,12175))),(15210,(13478,(2545,8107)))),(6051,6412)));
(11174,(10179,((2151,14129),(6547,10381))));
((14195,(1429,((11445,11918),(10885,(6952,(13484,(14383,(10965,(917,4100))))))))),(2358,3148));
((2074,(7321,11954)),(9785,(13958,(9979,(9424,12071)))));
(1845,(1628,(5613,(9771,(14054,(2328,(13578,(2514,10803))))))));
(5114,(8848,(9586,(360,(5605,(7906,(10057,((3808,(4335,7740)),(2680,9611)))))))));
(4400,((3607,(7010,8956)),(8107,9788)));
(3480,(11784,(1859,13324)));
(15443,((934,(14461,15390)),((8099,14219),(12102,(10665,15591)))));
(14532,((4327,(5029,(8113,10587))),(15455,(14236,(8835,12273)))));
(2425,(1810,5371));
((12444,(3667,9545)),(((5304,(1341,4960)),((6433,(10057,(3803,(10408,(13468,(9309,(9416,9986))))))),(1910,7271))),(11526,(1029,10672))));
(12157,(7613,(11314,13330)));
(6195,(540,(10491,(9697,(1168,(3750,(5684,(5239,5549))))))));
(14351,(13299,(12708,(692,4130))));
(8223,(10598,(9695,(12062,(7396,(6542,11107))))));
(6999,((9785,(10033,(14054,(9244,9979)))),(2074,(7321,11954))));
(12768,(2483,(((1015,2189),(1928,(345,3522))),(7153,(170,((868,(10723,10985)),(2558,10890)))))));
((9616,(9818,(2406,(15459,(7221,(4592,7368)))))),(4010,(12511,12768)));
(5114,(12593,(7242,(3832,6803))));
(6500,(5745,(11083,(12642,(5726,(12643,(1393,11547)))))));
(4596,((4674,11475),(6590,(13934,(11768,((1852,2497),(754,9706)))))));
(13561,(12444,(7795,((3170,(10524,(7772,(3803,5518)))),(1430,(1341,5984))))));
((767,10015),(10906,(5285,(5048,11416))));
((8200,(5717,(4630,(9324,15017)))),(7498,12773));
(14873,(5856,(5104,(2326,(10138,(2466,5087))))));
(604,(13205,(1870,(7471,9141))));
(3667,(((4960,5304),(7271,(3898,(8959,(9100,(13695,(9416,9986))))))),(8785,10672)));
(9545,((1029,13721),(110,((1910,2854),(10057,(10408,(9309,13468)))))));
(2054,(12236,(6719,(12593,((6803,(5394,13486)),(7672,8090))))));
(14370,(10213,(13297,(10335,(5874,(5604,(2472,12531)))))));
(3667,(5116,((9905,(10883,(208,7772))),(15098,(1658,5984)))));
(3662,(11896,((10454,10663),(12634,(3965,(12762,(50,(11094,(4739,(2429,14824))))))))));
(14006,((8316,10483),(15438,(3750,(8049,(1609,(13879,(7761,10720))))))));
(10721,(8223,(((12062,(7396,9137)),(4448,4967)),(4561,13721))));
(12267,(11834,(8425,11960)));
(953,(1556,13741));
(9074,(5113,(10261,(9939,(13053,(6394,6951))))));
(1070,(3795,(4968,(12419,(3750,(8815,(8243,12765)))))));
(6086,(10871,(445,(5977,((9045,11697),(10985,(3298,4636)))))));
((215,11584),(3475,(5620,(4646,(14790,(13211,(12457,(11838,13520))))))));
(4109,(373,(15443,(4384,((1303,(15642,(12242,(2690,(15688,(2822,14975)))))),(2398,(3253,(12925,15591))))))));
(15117,(11622,(3776,(15449,(7742,((4545,11343),(2540,13166)))))));
(8857,((3582,3759),((12839,(7392,(13564,(4867,(2046,13626))))),(1889,12794))));
(13467,(3962,((7099,(9686,(2404,8606))),(1425,13837))));
(13422,(11031,((14254,(14129,(9783,11282))),(10381,14693))));
(6997,(7003,((1632,12872),(6432,10373))));
(5114,(10163,(3374,(5605,(4202,(3155,(13444,(3267,(10057,(2680,9611))))))))));
(13999,(14444,(12787,(13707,(2834,10148)))));
(4153,(7012,(6157,(2702,(12266,13332)))));
(4161,(11133,(104,(5029,(1833,8113)))));
(2247,(4513,(1771,(9629,(897,11449)))));
(12444,(13177,(((284,5309),(95,3803)),(1341,12794))));
(8743,(3790,(15521,(1215,(12683,14092)))));
(3079,(66,(10126,(5104,(14900,(12981,(10637,(10720,14203))))))));
(5679,(996,(4522,(10772,(6947,13468)))));
(12740,(5560,(2654,(2393,(10848,(5682,11221))))));
((8325,14006),(((5092,(7531,(868,(8561,(9923,(2558,13879)))))),(8964,(9324,9764))),(6338,9400)));
(8611,((6355,(7586,(5857,(14129,(9533,14583))))),(14250,(10381,12851))));
(11174,(6133,((14176,(8425,(2755,5996))),(3224,10461))));
(1062,((6268,11468),(12929,(4809,6127))));
((3429,5733),(9099,((12708,(14151,15036)),(1236,(6766,(7805,11643))))));
((3079,(10139,((2001,4506),((12980,(11565,11759)),(8298,((5464,8926),(6663,(10637,(1636,13549))))))))),(10613,11259));
(685,(11069,15466));
((2030,6917),(6026,(5056,((10990,(5489,11037)),(9095,(1156,3875))))));
(4774,(3023,(10924,(13958,(14354,(7665,12071))))));
(12444,(6494,(11827,(168,(4489,(7213,8135))))));
(14712,(3224,(14243,(8745,15341))));
(10829,(13474,(3210,(12708,(10779,(14332,(1641,7086)))))));
(10331,(2521,(8741,(1641,10393))));
(2072,(9586,(360,(11433,(6705,(3808,7740))))));
(12336,((13510,14019),(10317,(7999,(15684,(5682,11737))))));
(1179,(14463,(1295,((4591,(3549,(6573,(5979,(12177,(10408,13468)))))),(4046,4073)))));
((12136,14612),(10407,(9769,(3880,(1457,(12874,(12108,(7556,15527))))))));
(12444,(6494,((6063,(10665,13517)),(3854,(9301,(4489,6409))))));
(3417,(12354,(1825,(1457,(11720,(4357,(1226,13919)))))));
(6086,(5214,(445,(5988,(3298,(8040,9045))))));
(8857,((8076,11192),(12480,(438,(15396,(1044,13626))))));
(9954,(12884,(7701,(525,(6128,10508)))));
(144,(13115,(8059,((9358,(14129,(6569,6923))),(10381,(14604,14686))))));
(11075,(11265,(3790,(155,3327))));
(8059,((4765,6569),(9324,14604)));
(3491,(7781,((9722,12938),(5385,9039))));
(8402,(4943,(1655,(12619,(8220,(10959,(2136,4537)))))));
(13254,(10744,(7282,(1404,(1792,10366)))));
(3662,((15292,(1430,7810)),(2044,11299)));
(1395,(3759,(12901,((7481,12839),(2334,(2046,4867))))));
(12314,(5205,(12835,((3440,6323),(3750,(12868,(4158,13985)))))));
((2210,12579),(14976,((9165,11424),(10513,(2720,(15243,(10408,(10390,13468))))))));
(6830,(5054,(12068,(7642,((5375,14545),(332,5674))))));
((10876,12005),(8096,(14123,((4928,(4194,8420)),(590,13293)))));
(547,(9284,(14542,((922,(11493,12531)),(2894,(411,12222))))));
(7414,(11010,((7383,(13023,(2737,(1094,7219)))),(12565,(10381,(8244,11918))))));
(12396,(4887,((12980,(4630,9324)),(1756,(15040,(13523,(13549,14233)))))));
(10337,(7106,((1357,10257),(4415,8964))));
(14247,(3117,10218));
(5258,((14596,(8727,(3793,7742))),(7418,(5407,5955))));
(9284,(7504,((383,10600),(9578,12222))));
(9204,(2942,(8599,(15393,(1248,8450)))));
(((3118,(4149,(13775,15420))),(1162,14282)),(13512,14652));
(14683,(12400,((2044,8193),((12818,13058),(1425,13837)))));
(10721,(1260,((1780,5717),(4088,(10648,(8016,8200))))));
(5114,(15254,(9586,((360,8110),(5605,(7916,(8894,(10057,((2680,9611),(3808,7740))))))))));
((8281,10135),(10730,(6919,(8456,(6604,(13014,(4592,14888)))))));
(7717,((11908,12980),(4424,(9994,(620,(9259,13549))))));
(215,(13970,(8508,(831,2053))));
(12444,(6494,((3854,(9301,(4489,(4017,6409)))),((10665,13517),(6063,10096)))));
((12795,14330),(9730,(2254,15305)));
(5054,(12068,(3635,6215)));
(6966,(2717,(14373,(11919,(5178,(8467,(6521,(8734,14401))))))));
(9545,(8223,(4067,(11061,(12062,(3516,(7396,9309)))))));
((12354,(2198,(15641,(251,(5918,8888))))),(13240,13583));
(11896,(10663,(9989,(3965,(12762,(10057,(9720,(14824,(2680,9611)))))))));
(5114,((4624,8895),(5756,(5605,(10589,(6433,(10057,(6532,(2680,9611)))))))));
(12336,((13510,14019),(3945,(8320,(5097,11737)))));
(13125,(6454,((5578,6890),(6876,(6231,(1266,(13916,(6103,12794))))))));
(1749,(14889,(2344,(13865,(2416,(1393,5990))))));
(4890,((1904,(8993,(10741,11949))),(12935,(5875,13355))));
((9809,(5019,(11276,(3478,5987)))),(4446,14532));
(6454,((675,(10731,14050)),(5301,13081)));
((3739,14733),(1429,((6436,(5637,8015)),(11233,(13414,(9944,(9014,(917,4100))))))));
(14719,(2463,((1347,(2767,5766)),(5719,(3466,13236)))));
(4777,((9469,(1515,13360)),(10516,(1645,12424))));
(6997,((7003,12795),((15305,(2254,10373)),(1632,12872))));
(12444,(((9913,(6399,(15485,((13399,15003),((3803,7606),(7551,13549)))))),(12980,(5814,(1341,3220)))),(7419,12337)));
(5134,(8223,(((14961,(10947,(10057,((3905,7396),(10408,13468))))),(5046,12754)),(9286,(6448,12201)))));
(9429,(11005,((1367,(8100,12815)),(12727,13714))));
(14683,(((3472,(1425,13837)),(7308,(13058,(12818,15381)))),(8193,8797)));
(1179,(1295,(1780,(4088,(6573,8016)))));
((882,6540),(4412,(10842,((10954,14507),(12260,(2545,(3301,8107)))))));
((12768,(710,4010)),(2481,((7467,9818),(2406,(15459,(7221,(2567,7368)))))));
(3667,((4112,(5020,12811)),((7050,14539),(8475,(4150,(7271,(12594,14062)))))));
(6725,(5207,(6619,(1981,(1492,(902,10664))))));
(12444,((8901,((2224,(14433,(15263,(3987,11681)))),(2285,(5632,10982)))),(5477,8484)));
(15269,(((2360,5661),(6461,(7584,(7480,(10138,(5559,(2466,3793))))))),(7418,(5407,9250))));
(8304,(373,(6535,(((13486,((387,2507),(9014,14975))),(10131,(13808,(12925,(3990,12754))))),(2483,(4384,7623))))));
((10988,(12000,13086)),(440,1905));
((6343,7634),(4753,(4771,13373)));
(6169,(2463,((10611,(1050,2767)),(14243,(12708,(5719,(3466,(14332,(7086,13236)))))))));
((8676,((4426,(1933,2001)),(13428,(14903,(6663,(7010,13451)))))),(7053,(1165,15635)));
(14683,((472,(1054,10042)),(1813,(2393,(2251,12818)))));
(2030,((5851,(3170,(2823,12425))),(2499,(4367,13731))));
(10413,((15455,(8835,10748)),(4327,4369)));
(8857,((13849,(2069,(11003,((15510,(5336,(13626,14674))),(1053,13702))))),(15288,(2757,4129))));
(5679,(2094,(3139,(7105,10772))));
(15427,(12092,(5301,(8816,(4590,13053)))));
(4596,((6590,(12642,(13934,(11768,((1852,2497),(754,9706)))))),(5745,(4674,11475))));
(((2341,(3805,6283)),(6216,12404)),(330,6030));
(14123,(2980,(4928,(4359,(4194,10969)))));
(12354,((1457,(1404,(1792,(3496,10727)))),(7700,(8824,10744))));
(14202,(((9925,11045),(9358,10211)),(1707,3443)));
(13279,(14565,(15039,(6183,9976))));
(10243,(13731,((5858,(6281,(5829,11329))),(15444,(9583,14844)))));
(4513,(4930,((8238,11449),(5578,(897,(7480,12118))))));
((13692,(14382,(4265,7363))),(4873,((11920,(4269,6093)),((6460,11580),(413,(13401,14686))))));
((12740,(6100,(14889,((6175,(10793,(6667,(15040,((1393,9986),(5325,(2393,6092))))))),((4960,15570),(2344,4174)))))),(8564,(4077,13305)));
(14001,(4491,(3862,(8909,(5537,(5243,(811,(11681,14722))))))));
((248,(4596,5744)),((4674,11475),((7696,(13934,(11768,((1852,2497),(754,9706))))),(4840,6590))));
(6207,(7909,(14715,(3170,(2702,(1976,(14027,(11396,(3706,(4604,(9348,13411)))))))))));
(2589,(12444,((3919,(4204,((2224,(7011,(1664,15263))),(2285,10982)))),(4535,(2623,8484)))));
(6379,(3593,(867,(15035,(1376,(10731,14050))))));
(4525,((14445,(14805,(147,15423))),(6075,7558)));
(7053,(((5687,(11443,(8027,12175))),(15210,(2189,15491))),(10642,14593)));
(6671,((9660,(7304,(1403,9595))),(272,5805)));
(1461,(1630,(8361,((7709,15021),(1889,(1660,(11580,12794)))))));
(6169,(11425,((10611,(1050,10382)),(9040,(5315,9979)))));
(11775,(10488,(5737,(5048,(9731,11416)))));
((4412,(7909,((3301,12260),(2702,(11314,(3706,(10390,10954))))))),(882,(2210,6540)));
(6540,(4682,(14098,(3023,((3155,(14433,(2580,6923))),(3740,(6498,(7193,8244))))))));
(10721,(2180,(1379,(3074,(1053,5336)))));
(10475,(13463,((1883,(10739,(15160,15330))),(2788,2825))));
(12026,(11876,((9989,13376),(8646,(1529,(10057,((4739,12163),(2680,9611))))))));
(14382,(6693,(((13401,14686),(6460,13269)),(4269,11920))));
((13355,((1735,(192,(2448,9350))),(4388,(11643,15582)))),((3429,10339),(4890,11430)));
(6195,(540,(10491,(9697,(1655,(1168,(3750,(5684,(5239,5549)))))))));
(1452,(10042,((8041,(6467,(1460,1537))),(7099,(10680,15042)))));
(925,(472,(6364,(1738,2393))));
(3809,(14276,((15105,(14216,(4545,11343))),(5282,10696))));
(869,(3209,(9360,(8944,(3229,(3365,7629))))));
(3903,(12236,(6719,(1860,((2687,(5394,(2797,11015))),(13250,(8090,(7672,10490))))))));
(3825,(9828,((40,13420),((2916,8296),(7090,(2506,6050))))));
(3952,(13607,((11833,(834,(11481,14482))),((6681,11654),(4150,(10033,(15396,(6753,15536))))))));
((1508,14970),((11468,14250),(6355,(7586,(5857,14583)))));
(4924,(9907,(3293,(10241,(11104,(4809,8843))))));
(4488,(14719,(7731,((5766,(1347,10461)),(7011,14176)))));
((10876,12005),(8096,(3723,(13293,(45,8420)))));
(8281,(6919,(6240,(6604,(7392,(13564,(3178,14888)))))));
(3667,(2624,(3143,((4591,(7271,((12622,(9137,14062)),((11569,13575),(11343,(4545,12177)))))),((1063,(7050,13038)),(4046,4277))))));
(13237,(8223,(5911,(11099,(9242,(12062,((7396,(7092,10720)),(3326,13523))))))));
(5752,(12969,(11099,(3009,(10731,14050)))));
(10721,(9769,(14839,((3522,5717),(10029,(8200,10723))))));
(14719,(6294,(((2273,9318),(5898,8941)),((8277,13732),(5504,(4941,9824))))));
(13528,(13143,(1429,(13376,(8646,(1529,(12815,(12878,(917,4100)))))))));
(6725,(11005,(12727,(1492,(8100,10985)))));
(11075,(5100,(5,3139)));
(13422,((4400,12711),((4566,14602),(12379,(14495,(14879,(1543,8107)))))));
(11430,(10362,(4007,(11439,12272))));
(13932,(1864,(6204,((8012,(10069,12146)),(3901,4199)))));
(272,(((14693,(9324,10189)),(7083,(9595,11345))),(10616,14199)));
(11620,((8027,12175),(788,9436)));
((4010,12768),(8918,((9818,(10590,(9058,10804))),(2406,(15459,(13014,(7221,7368)))))));
(3417,(10633,(((13766,(11138,13919)),(5194,(937,8640))),(2098,12375))));
(13237,(2928,(9729,((5984,(3205,4737)),(9242,(7772,14331))))));
(13150,(4412,(2788,((10378,(8478,(10699,15160))),(1883,(15153,(1105,9771)))))));
(6637,(2059,8526));
(11741,(149,((3023,5219),(1655,((8220,(2136,((6923,(10509,12912)),(2946,6208)))),(9877,(40,8863)))))));
(7881,(5934,(9608,(((1889,(7903,(13732,14305))),(6766,(3224,12423))),(13247,(2207,(1622,5898)))))));
(587,(11278,((9488,(5858,(2494,2946))),(8505,(5554,(1222,13731))))));
((9284,(7795,((1430,(2894,(5984,12222))),(922,(10524,(11826,(7772,11493))))))),(547,3809));
(10475,(4716,(((8511,12434),(1889,9209)),(13247,(3410,8941)))));
((12276,(10049,(9165,15631))),(2483,13793));
(13851,((1283,(11939,(3062,11498))),(7495,(2355,15024))));
(13443,(1494,((9918,(3155,(4210,(3267,13373)))),(3374,3557))));
(1452,(1613,((182,(1460,2352)),(3051,14490))));
((884,14733),(12743,((14889,((9040,(6092,(8718,(1393,9986)))),((10382,(2344,14153)),(3842,(4960,14763))))),(245,9041))));
(12743,(2103,((15040,(4913,7871)),(9162,(5452,12980)))));
(12922,(1934,(5308,(((1479,12817),(8745,(2444,5102))),(10147,10470)))));
(4407,(6543,(1489,(2638,((6441,(2466,10138)),(4246,7584))))));
(12096,(14373,((11665,(4674,10076)),(13809,(4395,((754,13332),(2824,9281)))))));
(4001,(13143,((10629,11108),(13376,(1756,(8646,(1529,(11946,(10559,13971)))))))));
(471,(942,(9117,(11783,(5115,11021)))));
(2229,(906,(10461,((8425,(2755,5996)),(1420,14176)))));
((3667,5182),(5116,(497,(5441,10883))));
(9689,(8900,(10846,(11053,12652))));
(4513,(4930,(11449,(5578,(897,(12817,(692,7480)))))));
(1422,(4046,(4591,(10378,(12622,(692,(10699,12177)))))));
((3429,10339),(112,((2426,(4388,(2189,11643))),(1735,(192,2448)))));
(11817,(13758,(7242,(3947,(3585,11949)))));
((((3939,4084),(6400,14123)),((2116,(4928,(13919,(5269,((10890,13451),(902,4194)))))),(3308,7000))),(3417,15635));
((4256,(6147,(13498,(8716,11806)))),(66,9504));
(6912,((2398,3253),(1303,(8171,(2690,15688)))));
(1395,(3759,(6602,(8490,(12839,(2334,(4867,(2046,9416))))))));
((((4591,(12191,(6952,(3802,(12622,(12177,(10562,14651))))))),(5096,(413,4046))),(9144,10362)),(11430,(13692,(7363,14195))));
(11270,(2001,(8150,(5019,(14903,(6663,11107))))));
(1971,(11010,(11269,(12787,(13707,((7219,9424),(2834,10148)))))));
(1179,(10934,(1295,((4591,(3549,(6573,(3529,12177)))),(4046,4073)))));
(12511,(9616,((15455,(5984,8835)),(9905,(2577,(4592,7772))))));
(7258,(8790,(11292,(347,4867))));
(12740,((8338,(2582,5494)),((6833,((5682,(7553,12737)),(2393,14336))),(5785,(9339,(5753,15355))))));
(7623,(5818,(11720,(4357,(2507,11433)))));
((4077,7955),((6393,14511),(8760,(5605,((10057,(8766,(2680,9611))),(7391,12817))))));
(6917,(12740,(13323,((2393,(11037,(5489,5682))),((1182,3875),(5785,10047))))));
(604,(11318,(15062,(12708,(12757,(14332,(9141,(1641,7086))))))));
(7848,(9404,(13992,(6799,(4214,9592)))));
(3923,(11773,((4722,5305),(12231,(486,(2802,(12731,13589)))))));
(7414,(1574,((11623,(13023,(6072,((1280,(11938,14024)),(4106,11015))))),(12565,(6335,(8244,15051))))));
(4584,((14091,15358),(6075,6664)));
(14463,((5969,6051),(13757,(4231,(7353,15036)))));
(15269,(2107,(4445,(7916,(8894,(7584,(14892,(10138,(1833,2466)))))))));
(13583,(3465,(8911,((4441,(9686,(12203,(2954,8606)))),((1425,13837),(9147,11554))))));
(1845,(1628,(((1883,9771),((2328,(13578,(2514,10803))),(14054,15116))),(2788,5613))));
(13011,(1450,(8909,(3018,12815))));
(12625,(8075,(10525,(12270,(9560,(2258,(12721,15202)))))));
(15229,((2528,8099),(10665,12102)));
(2002,(8308,(9469,(13325,13360))));
((8371,15633),(4353,(8324,8941)));
(2806,(15056,(8808,(10040,(176,12531)))));
(4161,(6303,(1197,(10905,(7956,((7887,12815),(12757,(11343,(1044,1248)))))))));
(6500,(10984,(11083,(2414,(7471,(12643,(1393,11547)))))));
(6207,((10742,12355),(14715,(1976,(8602,(13197,(1833,4604)))))));
(3662,(((12634,(7144,11284)),(14407,(817,(563,(4739,9347))))),(944,10454)));
(9545,(8223,(4852,(12980,(6943,((12062,15485),((9309,13549),(7396,7606))))))));
(8488,((13025,14250),(2638,(7586,(5857,(1912,5518))))));
(9769,((3599,5569),((11531,(12839,(11826,(4867,(2046,4100))))),(10966,15545))));
(882,(4412,(12337,(((10382,12260),(3301,14763)),(12093,(9040,(1682,(8420,(10954,14433)))))))));
(14584,((9730,(4912,(12622,(11102,14975)))),(2709,11139)));
(12768,(4219,((7832,9593),((1303,(5441,((1757,15688),(170,2690)))),(2398,(497,3253))))));
((12136,(12768,14612)),(10407,(3880,(1457,(12874,(170,8779))))));
(5949,((311,12733),(7588,(2706,7502))));
(4596,(12201,((12980,(5046,6653)),(8699,(15485,(11832,((12118,(13549,14583)),(9706,(754,7606)))))))));
(13150,(2788,((1883,((1105,5251),(11468,15153))),(10378,(12929,(15160,(4809,10699)))))));
(10753,((7867,13687),(4255,(5940,6866))));
(11896,(10663,(7709,(3965,(12762,14824)))));
((8281,14001),(6919,(1655,((1492,((14722,(8185,11681)),(5243,14888))),(163,7893)))));
(6671,(272,(11784,((4835,(206,(9595,10635))),(11722,(3025,13302))))));
(7414,(8878,(14023,(13446,(4494,15190)))));
(7414,(9284,(11299,(((1430,14083),(7810,7835)),(15554,(13023,(10607,11055)))))));
(8223,(((14961,(3802,(14651,(3905,7396)))),(5046,5096)),(9286,14788)));
(3417,(3491,(7603,((13919,(1226,12938)),(5385,9039)))));
(3903,(3079,(7767,(10183,((8642,((12721,15202),(2797,(10637,12683)))),(5104,12270))))));
(4219,(4334,(497,(5441,(11276,(3478,(10057,(10408,13468))))))));
(2358,((10135,(4265,5335)),(10730,(10528,((13057,(2015,13025)),(10885,(13014,((401,5125),(4592,(5575,10965))))))))));
((1395,13172),(10422,((3491,3759),(14130,((9039,(5385,12839)),((4867,(2046,12938)),(2334,5420)))))));
(13561,(6195,(12444,(((14918,(5407,9617)),(3779,7418)),((3170,(8727,(2317,(3803,(5518,(5037,(3793,5549))))))),(1341,7020))))));
(2279,((45,6808),(11397,(4758,14464))));
(9610,(11680,(12480,((12205,(1346,13987)),(8643,13218)))));
(5768,(8611,(11343,(2015,5563))));
(14553,(7171,(9091,(8063,(2615,7556)))));
(10135,(10730,(1101,(14596,((2545,15093),(10378,(13014,(7742,10699))))))));
((9954,(12884,(6128,13221))),(1779,2842));
(5114,(743,(9586,((360,8110),((5605,7701),(12309,(10057,((2680,9611),(3808,7740)))))))));
(14351,((1889,13299),(8959,(4130,10464))));
(11408,((5407,(4279,7418)),(3997,(3170,(8727,(1404,(3339,((1792,14027),(3793,5037)))))))));
(13542,(13472,(10046,(3350,13108))));
(6169,(9074,(6331,((10611,(1050,2983)),(14243,(12708,(9094,((9515,13053),(6951,((6336,7086),(11828,14332)))))))))));
(14373,((8537,11665),(6779,(5019,(5688,13490)))));
(9769,(14839,(12824,(12288,(10029,11112)))));
(8229,((11268,(3170,(8727,(14027,(3793,5037))))),(5407,7418)));
(1461,(1630,(9097,((2545,(9076,(9807,(4832,(2578,6987))))),(13556,14022)))));
(12337,(1640,(4726,(15061,(7888,(12475,15003))))));
(6842,(9828,((12139,13420),(2916,(670,(15190,(5355,(6050,(2810,3803)))))))));
((5205,(9656,(4153,(10906,((10793,(6667,(3626,(5325,(1280,4158))))),(4174,(3440,6323))))))),(2210,13305));
(4219,((9001,12876),(497,(5441,9997))));
(14370,(8397,(((13732,(4630,(6561,15354))),(2472,(8099,(5898,(8941,11664))))),(3075,7493))));
(4513,(9099,(38,(12708,(324,14972)))));
(7035,(14712,(15031,(15521,(14431,(1443,(9637,(4482,9148))))))));
(5964,(4016,(110,(10378,(10699,15575)))));
(8824,(7588,(2706,(5754,(3496,7502)))));
(11896,((3012,5838),(14596,((11284,13986),(13865,(8703,(12762,((4181,5337),(9350,10940)))))))));
(14719,(((14176,(4808,10529)),(5766,(15379,(1347,10461)))),(4938,8803)));
(9878,(13731,(7458,(3559,7594))));
((5578,(1082,((13916,(3842,8170)),(1266,14153)))),(245,9041));
(3662,(((6590,(7696,(4395,(13934,(1852,(2824,8100)))))),(10076,(4674,11475))),(248,5744)));
(15389,((13189,((13662,(4209,(3793,7277))),(2854,8727))),(5407,(7418,10616))));
(12517,(10139,((238,7623),(10074,(13958,(13096,(9442,((5464,8926),(12071,(2507,13967))))))))));
(12778,(3387,(1219,(1756,(9333,(4195,(9652,13332)))))));
(8301,(2342,((2721,(15455,(8835,12065))),((2577,11783),(11617,(3167,11939))))));
(6540,(12841,((((13837,(1425,10688)),(4758,5985)),(1214,(9708,(7126,(9686,((8606,13608),(6433,11253))))))),(1304,3962))));
(4077,((1038,8362),(3143,((3728,15570),(6175,(15040,(1316,(9078,(10408,13468)))))))));
(15252,(8749,(7706,(1889,4737))));
(5114,(5229,(9586,(360,(5605,(10378,(10057,((10699,(3808,7740)),(2680,9611)))))))));
(8514,(3320,(8004,13825)));
(5191,(6051,((5486,(10170,(6800,13544))),((4258,4960),(10245,12928)))));
(3413,(14351,((11554,(1425,13837)),(8683,(9686,((2954,8606),(4130,9257)))))));
(3148,(9952,(13591,(6822,(360,(3607,7010))))));
(660,(5520,(9688,(1135,8640))));
(66,((9604,10894),(6147,11663)));
((8797,15167),((4873,(2441,4938)),(8976,11139)));
((7617,(3961,(10138,(2466,7303)))),(1845,14852));
(4861,(14351,((13299,(1889,13629)),(12875,(12615,(4130,6418))))));
(13561,(3825,(8223,(8611,((3350,(12851,13738)),(9546,(13790,(8703,(12062,(6070,(10057,((7396,(2680,9611)),(11107,(5518,5893))))))))))))));
(1246,(4757,(8927,((14241,14830),(10779,14934)))));
(4109,(373,(15443,((1668,4384),((8901,(230,(201,(12925,(7592,15591))))),(15642,(12242,(1316,(13303,14975)))))))));
(13561,(6069,(5205,(((6437,(8703,(7730,(5518,(4158,15461))))),(3440,6323)),(10758,12248)))));
(5031,(((889,(2506,5325)),(10793,15486)),(40,4174)));
(6842,(4635,((44,2349),(9094,(7307,(989,1961))))));
(1164,(2521,(8741,(4419,(6235,(1641,13065))))));
((14195,14612),(10407,(14650,(6793,((1804,9254),(12410,(6180,14307)))))));
(2748,((1675,(316,12710)),(6248,14399)));
(10135,(10730,((((3155,(13014,(3267,(9923,10699)))),(5092,10378)),(9324,(3374,15093))),(6338,9400))));
(9406,((6432,(14433,(11789,(3987,12002)))),(1442,8901)));
(6207,(14850,(14715,(9598,(13414,(1976,(9944,(1833,4604))))))));
(4491,(14729,(8909,(1377,(811,(1882,(4695,15159)))))));
(2072,(1747,(2714,(198,((6052,11433),(6705,15198))))));
(5258,(1533,(8253,(6432,14681))));
((311,(4446,7201)),(7588,(2706,(7502,13490))));
((((8490,(((2334,2383),((4867,10935),(9869,(1646,2046)))),(5014,12839))),(5753,10147)),(8338,(3759,10384))),(1395,12922));
((6689,(12337,((12093,(2699,(3802,(4308,(831,14651))))),(413,(2165,(4264,(5096,14696))))))),(7363,13692));
(7035,(14006,((1694,(11877,((103,(13879,(9637,14917))),(4605,5928)))),(8302,(4490,9202)))));
(7053,(((11443,(9918,(3155,(9164,(3267,15202))))),((1667,(3025,5984)),(5408,(3374,6852)))),(14593,((2713,10642),(1494,14553)))));
(4488,(((1029,(245,7057)),(3093,(463,9041))),((1910,(6313,7309)),(3842,14153))));
(5207,(6619,(3132,10664)));
(1845,(((8238,(9091,(8063,(((7556,(2615,12118)),(2514,12818)),(128,2328))))),(8193,14553)),(1628,14683)));
(5618,(15051,(7825,(4106,10480))));
(7494,(2107,(7893,(13958,(14892,(7501,12071))))));
(14683,((8059,13805),(((3308,15582),(1813,14604)),(1913,(12818,(5799,(6569,10260)))))));
(2176,(3116,(10927,((2254,13600),(14903,(14937,15305))))));
(8857,(((8475,((4867,(2046,13626)),(10733,12839))),(12794,(1889,14064))),(3759,(3582,6090))));
(8781,(5207,(988,(141,10664))));
(7731,((2355,13963),(1048,(6244,13103))));
(3603,((12065,(2699,(12817,(4308,(1563,(6564,9706)))))),(1264,(10616,11575))));
((8193,((2638,(1303,(7916,(2690,(13058,(10820,12818)))))),(1425,13837))),(9545,14683));
((1165,12768),((1631,10460),((1928,2189),(7153,(170,9945)))));
(4109,(373,(15443,(4384,((15642,(12242,(2328,(2514,(2822,14975))))),(2360,(12925,15591)))))));
(10821,(5426,(9368,(14530,(2114,14045)))));
(1452,(11561,(14295,((8421,(7125,(890,10680))),(1460,6467)))));
(8281,((6919,11539),((1425,13837),(6604,(9686,(14888,(2954,8606)))))));
(1253,(14897,(5981,(5866,12615))));
(4222,(3929,(10698,(10373,(4409,6774)))));
(12314,(6842,(12835,(11061,(5482,(3750,(1682,((13985,14433),(8420,12868)))))))));
(3662,(12444,(1630,(7530,((((345,3445),(1341,8990)),(3170,(7812,(8273,(11755,((13368,(15523,(8100,9416))),(1961,(989,3803)))))))),(10672,(3358,10024)))))));
(4265,(1494,((9918,(3155,(3267,5125))),((3374,6852),(13057,(5984,13025))))));
(13584,((3358,8488),((11783,(5518,13368)),(7218,(12065,(6415,9225))))));
(5934,(11199,((13247,(13004,(2207,9579))),((1889,5004),(1866,7859)))));
(13095,((1508,14970),((1641,8099),(4630,8741))));
(272,(13003,(13227,(750,9595))));
(12354,(2833,(11357,((15061,(12475,(7888,(14332,(14321,(1641,7086)))))),(11623,(12708,15014))))));
(810,(1630,(((32,3962),((9694,(1425,13837)),(931,(9686,(6586,8606))))),(7530,12841))));
(2358,(3841,(((10885,15680),(12509,(10965,11253))),(11163,11445))));
(13561,(10334,(12444,((6755,8484),(((2285,10982),(8703,(2224,(15263,(5518,7011))))),(2356,14221))))));
(11174,(((2929,12925),(10698,(14176,((2404,11064),(14045,(2954,5161)))))),(4384,(10166,11152))));
(14683,((8193,13821),((3854,(9301,(4618,(6409,(5759,12818))))),(6063,(10665,13517)))));
(13348,((10635,(4835,13014)),(9646,11722)));
(5934,(11171,((13247,(4726,(2207,9579))),(1866,1889))));
(6842,(5184,(6554,11529)));
((4873,((6093,11826),(11580,(14307,(413,6180))))),(13692,(4265,7363)));
(4222,(11462,(8171,(12523,(5810,(4482,7854))))));
(4683,(2788,((1883,(5984,9171)),(9223,(4413,15159)))));
(((1015,3205),(11263,((868,14110),(2558,10890)))),(2483,4585));
(13237,(1062,((12929,(4106,4809)),(11468,15051))));
(13561,(3825,(621,((5509,13738),(8703,(5368,(5518,(8827,13332))))))));
(1684,(2391,(2666,((10381,(9168,11918)),(922,(1094,(1661,11493)))))));
(3277,(8281,((7513,14888),(3518,(6919,8365)))));
(((((8277,13129),(5504,(4941,(4228,(9824,11468))))),(4149,(12929,(1810,6093)))),(1162,14282)),(14001,14652));
(12336,(10730,(5613,(7304,(2334,(15159,(10850,(4413,14616))))))));
(8095,(10742,(1977,(5552,(5098,((4723,8602),(3938,14739)))))));
(8091,(11462,(7213,(12523,(5810,11411)))));
(5182,(9074,(4311,(7382,(429,(6951,13053))))));
(14652,((14282,(1162,9760)),(6922,(4149,(10192,(1810,8364))))));
((3424,12078),(13313,(1941,(7809,12397))));
((4584,(9616,(4445,(7916,(4592,8894))))),(13153,(6424,(12511,14463))));
(4513,(10337,(6783,(11449,((8282,9113),(897,8208))))));
(12444,(1038,(9803,(3572,((2285,10982),(14257,15263))))));
(13412,(12613,(14710,(5987,7580))));
(1384,(12926,(445,(15267,(9045,14092)))));
(882,(4412,(3729,((7261,11670),(3170,(4982,(962,10954)))))));
(756,(2952,(13081,((15279,(675,9288)),(13291,(10731,14050))))));
(3903,(7585,(1977,(5174,(2797,5483)))));
(10811,((419,6689),(5021,((5280,(13488,((5987,6795),(831,7105)))),(2165,(2605,(5713,14696)))))));
(4525,(137,((14805,(147,15423)),(7122,(10665,14628)))));
(6207,(1785,(14715,(8683,(1976,6583)))));
(11270,(((9939,(8968,(6394,7616))),(5944,(10261,(2590,10837)))),(4478,8519)));
(11530,(13659,(14003,(5972,(11410,(5839,15301))))));
(8402,(9656,(13114,(1655,(12619,(9076,(8220,(3626,(2136,2578)))))))));
((1845,14852),(3851,(738,(5571,(10138,(2466,(814,7303)))))));
(6689,(976,((1813,(2165,(1468,(14696,(4264,13420))))),(2916,(2060,(831,6050))))));
(4153,(8797,((3854,(7460,((206,2702),(7308,9040)))),((6063,10382),(13517,(10665,14763))))));
((14516,15254),(10008,(3637,(5115,9416))));
(7414,(3825,(2391,(((1048,(8296,(2506,(6947,9574)))),(1883,(40,2355))),(2666,3764)))));
(2072,(2769,(13427,(6019,(6705,11433)))));
(14382,(2001,(((13401,14686),(6460,11759)),((5019,11920),(5688,(1636,6663))))));
(7414,(9429,((8753,(7912,(5343,6248))),((12710,((12815,13023),((2378,8145),(692,10720)))),(12428,(13714,(2815,14292)))))));
(12396,((711,8765),(4232,(4091,10589))));
(8304,(373,(6535,((2062,(2483,(4384,4985))),((167,(6682,((387,6960),(9014,14975)))),(10131,(12925,(3990,12754))))))));
(1845,((2713,14553),(6619,(9554,(2410,15202)))));
(13254,(12042,(7282,(7383,(10366,12525)))));
((7053,(1165,15635)),(10139,((4426,(2001,(238,7623))),(3224,(9442,((5464,8926),(14903,(6663,(2507,(13451,(7010,13967)))))))))));
(12599,(11061,(5482,(7305,8712))));
(4001,(10629,(3790,(3327,10985))));
(2358,(4219,(((10096,(5504,(6674,(4941,(497,10915))))),(12370,((5441,10885),(12594,(4181,(7086,10965)))))),(5838,(3023,(1481,3012))))));
(710,((2481,9757),(7467,(2567,11806))));
((14003,((5839,13042),(12199,(10942,14052)))),(9154,9466));
(12336,((13510,14019),((4591,(1735,((563,15684),(11737,(1646,(577,12177)))))),(4046,11284))));
(710,(2481,(1655,(7954,(2136,(2567,4880))))));
(14370,(8397,(((13732,(4630,15354)),(2472,(8099,(5898,(8941,11664))))),(10744,(3075,8256)))));
(12283,((3482,9685),(5443,10149)));
(14382,(13499,((6460,(13401,14686)),(5687,(3750,(4269,11920))))));
(11317,(4153,(4866,(6157,(12596,(2702,(12266,(10597,13332))))))));
(14231,(10190,((7467,(3261,(5878,(15614,(5121,12703))))),(13007,14329))));
(5508,(9629,(14889,(2344,(2416,(1393,11806))))));
(5680,(13558,((7258,7666),(5856,(5417,(7142,((1797,6452),(2592,8945))))))));
(13561,(((10758,(10229,12916)),(9000,(8703,(6432,(577,5518))))),(6069,12768)));
(14122,(10633,(14712,(((937,8640),(9503,10572)),(5425,(6556,9148))))));
(3120,((8520,9892),(6852,(185,10056))));
(6169,((2623,3023),((12708,(5420,((1664,13985),(7086,14332)))),(1050,(10611,(12410,15625))))));
((9400,((5282,9324),((2699,5092),((2076,9923),(4308,12984))))),(3809,5744));
(3903,((10183,(12270,(1515,((14689,((2797,4723),(12981,14203))),(12721,15202))))),(8915,(1645,12424))));
(12768,(2626,((7153,(170,(401,(6201,9984)))),(10050,(2189,10748)))));
(6945,(11036,(13072,(482,((5223,9488),(10477,14631))))));
((12236,(6719,(1481,((5394,(10138,(2466,7303))),(5504,(8090,(4941,7672))))))),(1845,14852));
(6334,((10524,(4775,(4151,(9497,11663)))),(13816,(9604,14097))));
((6540,13584),(((7218,((6415,9225),(5985,12065))),(1214,((6433,(8086,(5518,(13368,13608)))),(7126,11783)))),(3358,8488)));
((11794,(4615,13955)),(4375,7370));
(6671,(272,((13731,14629),(3929,(4315,(9595,(84,4409)))))));
(7414,(7849,(9729,((2355,(3205,(4737,13687))),(1048,((2,13103),(6947,12295)))))));
((7865,12350),(8946,(15618,(10637,12572))));
(7735,((12551,(2440,14421)),(10941,15673)));
(2358,(6169,((4026,8338),((1050,(5753,(10611,(5194,15311)))),(14243,((5014,12708),(8133,((7086,10965),(1646,14332)))))))));
((11401,(9327,(11679,(3711,12984)))),(5142,13847));
(7414,(9429,(5006,(13714,((12815,13023),(11419,12317))))));
(1450,(5581,(654,(6918,13469))));
(7257,(604,((9904,(11306,(12708,(7002,(5658,(1416,(1664,(14332,(9141,(1641,7086)))))))))),(2623,(6445,(4279,13943))))));
((4412,((((11476,12260),(13517,(3301,3365))),(12093,(9889,(10954,(6768,8420))))),(6792,12337))),(882,10876));
(7608,(4878,(7629,(9945,(8944,9185)))));
((7898,(6147,(9442,(10820,11806)))),(66,9504));
(4010,(13089,(243,(10725,(3474,7368)))));
(15300,((2705,8797),((7308,(11292,(3060,(347,9238)))),(13687,(8747,13787)))));
(756,(4958,(5856,(9939,(556,(5087,(9239,14089)))))));
(10001,(9697,(1489,(5217,(6634,9288)))));
((14873,(7905,8978)),(8456,(4309,(46,(9100,13695)))));
(6644,(8494,(12833,(8320,(892,4855)))));
(11264,(8559,(12756,(6151,7122))));
(11981,(8223,((14306,(14745,(15402,(2323,6959)))),(660,2934))));
(10479,(((7325,10261),(11720,((5940,9156),(6394,(865,6866))))),(6338,10753)));
(((3364,5846),(11827,(168,(8448,(13451,13535))))),(15635,(3192,3923)));
(13089,((13218,(4858,11098)),(3278,7993)));
((12740,15109),(9828,(14889,((2344,(7325,(4960,13420))),(2916,(7090,((2393,6092),(6050,(1393,9986)))))))));
(13237,(1628,(1603,(5911,(5356,(9242,13101))))));
(9108,(1694,(5928,(5572,11380))));
((10135,(4265,14006)),(10730,(10483,((3750,(13014,((5125,8049),(4592,(7761,13879))))),(13025,13057)))));
(14463,(13688,((10512,(4681,(3138,7876))),(6051,10857))));
(14370,(8397,(13657,((14961,((2077,2472),(5898,8941))),(13732,(1104,5046))))));
(2943,(1089,((5251,(82,11468)),((5378,5807),(12929,(812,(4809,(4564,6598))))))));
(3361,(7731,(5048,(13958,(11416,(9424,12071))))));
(3667,(2260,((7050,15445),(8475,((7271,12708),(3985,(13498,14062)))))));
(14080,(10811,(((6632,10189),(12762,13488)),(12611,14569))));
(11896,((14596,(((7543,13687),(6216,8741)),(2341,(13865,(12762,(1641,9238)))))),(330,6030)));
(10934,(8710,((496,9729),((3220,(4737,6852)),(9913,(14176,(4844,(4102,5337))))))));
((10721,14382),((1137,12201),(((11673,11920),(4463,(10057,(12748,(10408,13468))))),(14686,(1591,12754)))));
(6246,(6521,(8675,(7090,(10537,11126)))));
(944,(7339,(1284,(14407,(817,9955)))));
(6830,(5418,(5666,(7642,(5674,(5375,14545))))));
(8857,(9371,(13849,((13626,14674),(10509,12912)))));
(13422,((11031,11504),(1834,(15628,(11282,(2878,9783))))));
((4265,6540),(14712,((3740,(13025,13057)),(12629,(5125,(5865,9148))))));
((9284,((11973,(9250,10229)),(((8708,13113),(2894,(1015,12222))),(922,(820,(11493,11826)))))),(547,9492));
(810,(7746,((931,13549),(12980,(5067,9694)))));
((10362,((4591,(10793,(6667,(6952,((5325,12622),(7097,12177)))))),(4046,4174))),(14195,(11430,13305)));
((14440,(11032,(11252,(14103,(7761,15495))))),(10483,13582));
(1461,(1630,(5447,((10524,(4169,9347)),(13109,(7144,12595))))));
(13561,(869,((10080,(8703,((13373,(2404,12868)),(13985,(5518,13695))))),(857,13738))));
(((9209,(8511,(819,12434))),(3410,(8941,13599))),(7909,13968));
(5864,(13143,(13376,(8646,(3647,(1529,1777))))));
(15590,(9774,(3908,(11104,(12270,(10874,15202))))));
((10660,(11430,12336)),(4620,((13510,14019),(11794,(10733,(15485,(15684,(11737,(6731,7606)))))))));
(13254,(4084,(7282,(9905,(7093,10366)))));
((10876,(6720,8281)),((11375,((8845,11037),(8420,14888))),(11388,(8365,(5367,6919)))));
(6282,(15292,(8369,(8745,(2444,5102)))));
(10041,(3599,((8727,(2625,2979)),(4573,(270,5756)))));
(8304,(373,(((10131,(12925,(7622,12754))),(6617,(387,14975))),(2483,4384))));
(4682,(((7638,8244),(7818,10366)),(5541,10101)));
(1669,(6905,(5561,11398)));
(8168,(9610,((2871,(1260,(1631,11425))),(14647,(9402,(4903,(9945,(1215,(1674,(9290,9979))))))))));
(10829,(4488,(6690,(3210,(6091,(1232,(6313,(5455,7309))))))));
(12328,(10753,(((5940,12929),(4809,(4564,6866))),(13687,(5251,11468)))));
(4266,(13647,(14495,(3340,8289))));
(((8281,12517),(10876,14733)),((10229,(6919,8365)),((11233,(5394,(8845,(8420,14888)))),(8708,(6436,12101)))));
(12768,(10728,(15325,(10023,(2699,(4308,(5580,15364)))))));
((13293,(3170,(8228,((9680,(962,12295)),(298,11524))))),(3729,5081));
(4596,(((4640,(230,(9165,(8107,8194)))),(1588,(6737,(754,(1833,11631))))),(13793,(4400,8164))));
((13428,(11178,11482)),(11688,14426));
((5081,10836),((6063,(13517,(672,10665))),(3854,(9301,(8228,(3607,((7010,9680),(11524,(298,6409)))))))));
(1684,(2391,(2666,((6053,(3466,4844)),(5326,9809)))));
(13561,(10758,(91,(7970,(5518,8703)))));
((4265,(10135,13305)),(10730,(552,((10793,(6667,(13014,((5125,(401,5325)),(1280,4592))))),(4174,(13025,13057))))));
(8223,(((2274,6676),(7714,(14745,(7843,(7480,(7097,10393)))))),(660,14136)));
(2228,((7470,10039),((8415,13549),(1105,12980))));
(3739,(3079,(13348,(((13414,(13014,(9944,(6027,((4867,9014),(2046,(10172,10637))))))),(5790,12839)),(9646,10074)))));
(13561,(8169,(15018,(6689,(((2165,(632,14696)),(8703,(10306,(4590,(831,5518))))),(7369,8878))))));
(3880,(1834,(15628,(2878,8827))));
(11823,(12354,(3168,(1921,(1530,(5139,(6802,(5918,8888))))))));
(12768,(5569,((11531,(7153,(170,((2939,4100),(10723,10985))))),((1928,(345,3522)),(1942,(2189,9766))))));
(12768,(5741,((7153,(170,(2267,(10723,10985)))),((1928,(345,3522)),(1077,2189)))));
(11143,(188,(5059,(6283,13325))));
(12444,((8295,((2285,(5632,10982)),(2224,(15263,(917,12245))))),(5477,8484)));
(12577,((13499,15245),(10183,(5687,(1037,(12270,(15183,(12721,15202))))))));
(9204,(15300,(2942,((9583,13787),(14254,(11596,(8450,(1248,6727))))))));
(10135,(6842,(10730,(((3365,15093),(10793,(10378,(13014,(5325,10699))))),(5184,6792)))));
(11655,(7919,(14919,(9783,11282))));
(1461,(1630,(9097,(1253,((3615,(7379,9339)),(5981,(6833,((4747,14726),(5866,6987)))))))));
(8223,((9286,(3358,11425)),((7218,(1370,5046)),(14961,(15554,(2043,((7396,(3905,8391)),(5110,13368))))))));
(14006,(8302,(2284,(11925,(14917,(7329,13879))))));
(2697,(6166,(5431,(3688,(4736,(12596,(13385,(10937,(4319,14814)))))))));
((8403,(6531,(516,(12342,(2876,(3224,14105)))))),(480,9551));
(((3023,14729),(110,(10378,(7627,(170,((1882,(4695,15159)),(15527,(6923,10699)))))))),(11741,12768));
(14382,(10213,(99,((6460,(10096,(13401,14686))),(5557,(11920,(4017,(4269,12279))))))));
(9545,(((3416,11016),(10739,(2378,(2257,(9309,10265))))),(2825,(7197,13873))));
((6207,(884,(14733,15007))),((1525,10076),(14715,(4395,(1976,(4604,(2824,13967)))))));
(1452,(13007,((15614,(7125,(890,10680))),(1460,6467))));
(8830,(6169,(9074,(((14243,(12708,(13444,(13053,((4708,6951),(7086,14332)))))),((1050,2398),(5327,10611))),(7470,(7845,10163))))));
((((5790,12839),(8273,(1232,(4867,(2046,(10172,13368)))))),(7218,((3416,6415),(8990,10074)))),(3358,10024));
(11823,((6597,(14889,(8657,((9554,15680),(1393,2581))))),(1582,2701)));
((8781,9684),((13466,(3074,(4850,(11924,(3607,13014))))),(7022,13783)));
(7414,((1883,(9807,(6947,10959))),(2788,13556)));
(4001,(1458,(4980,(10629,(1727,6259)))));
(12444,((7691,14432),((3170,(9939,(10053,(10910,(9715,(3803,(4482,14089))))))),((4926,7166),(9800,(1341,1591))))));
(4422,(14003,(383,(10057,(10408,13468)))));
(4001,(35,((4110,6783),((8208,(8282,(14964,(6527,8845)))),(8147,13215)))));
(2370,((970,(4762,12575)),(14455,(3022,14729))));
(2030,((2499,(2566,13731)),(2544,5851)));
(9769,((8596,(1693,(12108,(7556,13451)))),(9617,11266)));
(604,((11274,((1374,(14332,(9141,(1641,7086)))),(1492,12708))),(10396,15647)));
((5169,(11052,(583,10595))),(4759,8778));
((2518,((7539,10265),(8183,8421))),(5613,11425));
((6207,14195),(8826,(6246,(14715,(6952,(1976,(1833,4604)))))));
(4219,(10821,((5441,(15485,(1416,((7606,8827),(13549,14233))))),(12980,(497,2037)))));
(14683,(783,((1813,(2352,5984)),(4678,12818))));
(12625,(((215,4412),((10309,(7701,(9560,(10917,(13332,(7062,9281)))))),(7321,12700))),(11164,12252)));
(10015,(14036,((675,(10731,14050)),(5301,13081))));
((9545,12444),(9769,((1029,14839),((2881,(1341,(5652,12996))),(1910,(12376,(5451,(10057,(3803,(10408,(9309,13468)))))))))));
((9656,(1934,(2314,((10793,((6667,10513),(3626,(12817,(5325,(1280,(10408,13468))))))),(4174,(10147,15631)))))),(13305,(2210,12922)));
(1461,(1630,(604,(7795,((((2114,15263),(14332,(9141,(1641,7086)))),(10982,12708)),(2195,11580))))));
((226,5267),(6358,(7461,12462)));
(11196,(15178,(2924,(275,11336))));
(3120,(3278,(11098,(7701,(185,10056)))));
((3429,5733),(4577,((6063,(13517,(11643,(3864,(3744,10665))))),(3854,((7375,11606),((5029,9442),(10587,(8113,14151))))))));
(9016,(13130,(10728,(4452,(5415,(4152,10772))))));
(272,(3175,(2028,(5866,(8452,9595)))));
(5114,(6303,(12574,(5605,(10905,(7956,(10589,(12757,(10057,((1044,6532),(2680,9611)))))))))));
(8091,(7835,(8898,(12580,(11055,((5580,12245),(10607,11411)))))));
(12743,(11199,((5452,(4277,(5004,9162))),((4913,(312,14835)),(4605,13004)))));
(4219,(14098,(3023,((6498,(497,7193)),(5441,(3155,(14433,(14233,(2580,6923)))))))));
(9931,(8824,((1444,8780),(8132,(3496,(10408,(7556,(13186,13468))))))));
(7517,(((4697,(7144,12925)),(4927,(1529,((2444,(9347,13965)),(14900,15663))))),(4384,5784)));
(8857,((10295,(12325,15563)),(6638,(11783,(12309,(10059,(13626,14651)))))));
(((4330,(3898,(8959,(2507,9416)))),(5304,13808)),(7623,(8785,10672)));
(2210,((5006,11688),(13428,(1284,(12708,(11419,(((14332,15243),(10390,(1641,7086))),(9955,12317))))))));
(3809,(6169,(12476,((1050,(10611,12206)),((1686,(14332,(7086,7616))),(12708,15547))))));
(12160,((2590,13683),(8110,(4255,(13883,(8413,(7616,10357)))))));
(547,(9284,((552,6294),(2684,((14083,(2894,(1866,12222))),(922,(11493,15554)))))));
(12094,(1951,(7863,(11699,((12209,15035),(713,(30,14752)))))));
(14652,((6090,(1162,14282)),((8475,(9905,(10733,(208,7772)))),(5984,(14064,14604)))));
(8830,(((2398,(8741,14014)),(12580,(9424,(1641,13451)))),(7470,8983)));
(510,(8624,(((2001,9115),(12201,14170)),((294,(11759,12754)),(5019,(5688,(10057,(6663,(10408,(1636,13468))))))))));
(9181,(5156,(1201,(7495,13809))));
(9097,(4367,(14030,(1037,(2823,(4801,12425))))));
(3593,((867,944),((11032,14407),((14103,(10408,13468)),(817,11252)))));
(4161,(11133,(104,(12190,(814,1833)))));
(882,(4412,(((7261,(3374,6852)),(1303,(9918,(3155,(2690,(3267,(10954,13411))))))),(8895,(1494,(4624,6278))))));
(9833,(((3416,(2274,2313)),(6355,(7714,(7843,(((7480,11524),(298,6383)),(9680,((902,9720),(4063,4869)))))))),(2825,(13873,14136))));
(4012,(6219,((4921,9327),(3750,(12984,(3178,9836))))));
(1108,((12025,(12270,(15202,(8791,(1363,13337))))),(4445,15021)));
(4525,(379,((9711,(7122,(10665,14115))),(14805,(147,15423)))));
(2483,(14897,(12615,(868,(2558,10890)))));
(3962,(((8277,(1425,13837)),(5504,(4941,9824))),(7825,(9686,((2404,8092),(13451,(8606,10480)))))));
(14001,(272,(((13808,(3440,(4221,9324))),(9471,((9595,11114),(2507,4158)))),(7057,((3093,12711),(463,7623))))));
(2928,(3058,(7108,(((4241,7772),(202,11345)),(14865,(4214,5984))))));
(2697,(12135,(6166,(5431,((13711,(7144,((4928,14407),(817,(11215,(15461,(4194,9347))))))),(944,12707))))));
(14544,(547,(9284,(((922,(8099,(11493,11826))),(2894,(4630,(12222,15354)))),(3075,10858)))));
(6086,(5182,(9074,((4311,8611),(6554,(((11529,(6951,14321)),(3298,13053)),(11623,(10885,15014))))))));
(13254,(((4630,(9324,13420)),(2916,(11260,(4545,6050)))),(9808,9828)));
((882,6540),(4412,(11248,(((12781,(2690,(8353,10954))),(1303,5228)),((1300,3301),(12260,12466))))));
((1047,6842),(14584,(11171,((5482,(5394,6113)),(988,11061)))));
((13761,(8747,12231)),(3582,15624));
(731,((4876,8797),(5379,(7308,(3060,6701)))));
((2030,6917),(35,(12691,((15554,(5489,11037)),(5509,(1156,3875))))));
(10644,((7449,(14104,(14158,(6284,(3892,(1866,6624)))))),(3286,3329)));
(3667,((10672,(2372,11526)),((4960,(5304,9325)),(7271,(5657,(6433,(9416,9986)))))));
(3429,((14889,((7910,(7662,(15331,(6092,(12266,(1393,9986)))))),(2344,(6796,(4960,11643))))),(7201,(12700,(6732,7552)))));
(6057,(7957,(11732,(2618,6342))));
(9016,(14719,(7380,((5766,(1347,10461)),(14176,(1552,15618))))));
(10135,(13115,(10730,(14990,(14596,((2545,15093),(10378,(13014,(7742,(10699,14433))))))))));
(6207,((2671,13541),(3387,(14715,(9333,(14805,(15423,(147,1976))))))));
(756,((2194,2952),(3945,(378,9288))));
(2928,(7968,((10616,(6510,7846)),((3750,(12988,(5243,(5549,7277)))),(4944,(13052,13189))))));
(12625,(11164,(215,(((1942,13211),(9560,(5243,(2768,(5549,11578))))),(7321,8759)))));
((2154,(13438,(8444,(14157,(754,(7293,10373)))))),(3129,12096));
(14578,((4757,(5058,(12531,(176,13596)))),(7106,15056)));
(4479,(1943,((9913,(221,((11201,(15034,(1826,6201))),(7421,12945)))),(3220,9136))));
(11389,(13725,(8668,(2494,(6072,13782)))));
(2847,((6284,9800),(8344,13445)));
(6924,(12743,(((5452,(4277,(5004,9162))),((14835,(4913,11112)),(2850,13004))),(6158,11199))));
(8611,((10261,(13057,(12851,13025))),(4927,(1529,(5125,(6394,13965))))));
(14370,(8397,(14122,(10633,(4093,(((2472,(12175,(5898,8941))),(9503,(8640,(937,13732)))),(7519,7691)))))));
(2358,(3603,((1034,(5082,10616)),(((2699,10885),(5845,(4308,(10965,(9255,(7086,8363)))))),(8029,(6674,(2015,12065)))))));
(10822,(2807,(12527,(935,8882))));
(13443,((11005,14351),((4591,((9137,(4130,12622)),((11343,(4545,(4210,12177))),(6418,8100)))),((4046,(1889,(12727,13629))),(12744,13299)))));
(8169,(12250,((6918,(13291,14583)),(12199,14052))));
(1971,(2370,(14455,(12575,(12787,(13707,(9424,(2834,10148))))))));
(3148,(((5394,(2592,(14383,(6452,(917,4100))))),(1954,(4214,11918))),(6847,(1429,13268))));
(5205,(13184,((3615,(3440,6323)),(4158,(14726,(4747,7431))))));
(((6180,14307),(5858,(7360,11826))),(13003,13731));
(11317,(6693,(14889,((9402,((3965,12270),(7117,((12633,15202),(10138,(2466,(1215,1393))))))),(2925,(3540,13269))))));
(1421,(6331,(3387,((9333,(13865,(11909,(11714,(5990,6201))))),(8863,12070)))));
(8361,(10525,(996,(7709,(1889,(7622,12794))))));
(13584,(1901,(((8675,(7090,(13368,(2797,5796)))),(7218,(6521,(6415,9225)))),(3358,6080))));
(8223,(((3522,(15355,(5046,11480))),(14961,(10739,(3898,(2378,((3905,7396),(7553,12737))))))),((2825,8785),(4391,9286))));
(14652,((8338,(1162,14282)),(14889,((15271,(6092,(9986,(1393,1646)))),((5753,(4960,11284)),(2344,14604))))));
(3094,(1394,(1221,(1552,10395))));
(2358,((4596,(4077,10721)),(((294,(201,(2015,12754))),(9913,((7126,10885),(5726,(10057,((8766,(10408,(13608,(10965,13468)))),(754,(5161,9706)))))))),(6393,(1132,(12201,14170))))));
(14006,((14654,(12313,(5048,(11416,(1478,(8049,(2725,(11017,13879)))))))),(2982,10906)));
(14195,(1703,(272,(((7072,((206,9595),(5866,6560))),(10049,(13916,(5984,12410)))),(3175,(13265,(1378,12320)))))));
(12768,(2624,((4277,(12404,(10748,(1063,2189)))),(7153,(170,8779)))));
(4479,((14384,(11973,(8365,9250))),((9913,(820,(10731,14050))),(3220,13081))));
(14001,(13582,((6768,(7125,12929)),(13129,(6674,(11468,14440))))));
(3809,(11174,(6689,(5740,((1881,3961),(864,(12817,((7143,15394),(10117,(13473,14626))))))))));
(7363,(4769,(2195,(10982,(2267,(15263,(4469,14616)))))));
(12043,((519,5341),(12391,(10769,15393))));
(8781,((1034,((10229,10586),(3014,4846))),(((11580,12101),(8708,11908)),(8283,(12205,(5845,((2494,8799),(7469,9255))))))));
((1021,1668),(((230,(4258,7592)),(8901,12928)),(5486,(1316,(6800,(13303,13544))))));
(7968,((14170,(9018,11128)),((5726,(2939,14972)),(294,(1942,(9766,(8080,10263)))))));
(((6284,14518),(3925,(14361,(14805,(15423,(147,15067)))))),(3866,7762));
((3464,15026),(8223,((3814,10886),(10309,(12062,(7396,(6542,11107)))))));
(731,((6079,(11449,(5578,(897,(3391,6701))))),(1315,4513)));
((2030,12577),(2499,((5383,7742),(5851,8789))));
(14370,(12768,(2722,((7201,9593),(3932,(10698,(14157,(170,(12531,(2472,9113))))))))));
((8544,(13137,(5858,(6281,9706)))),(311,13731));
(2358,(9429,((14889,(((10885,12839),(12815,(6092,(4867,(10965,(1393,2046)))))),(((4941,12794),(5504,13714)),(1889,2344)))),(3759,(3023,(1481,3582))))));
(1845,(1628,(13499,(10049,(12363,((2328,12868),(2514,(2539,13985))))))));
(2358,(5744,(14351,((748,(8990,(13299,14865))),((12409,12708),(4130,(2456,2539)))))));
(9642,(8789,(5383,7742)));
(9545,((10477,((3827,4380),(10057,(10408,(8847,13468))))),(1381,12201)));
((14195,14612),(11174,(10407,(14367,(((10381,(6547,12410)),((10049,(3374,6180)),(6046,14307))),((12690,14129),(2151,9254)))))));
((12740,15109),((4934,9828),(14889,((2916,(7090,((2393,6092),(6050,(1393,9986))))),(2344,(7325,(13497,(4960,13420))))))));
(13561,(((5778,(6437,(8703,(170,(13545,(5518,15461)))))),(10758,12846)),(6069,12768)));
(2054,(6917,(12236,(6719,(12092,((8816,(5394,(13053,(5489,11037)))),(8090,(1156,(3875,7672)))))))));
((9181,((9144,(10362,(5156,6271))),((((1171,5096),(2541,3440)),(413,(3111,4046))),(4591,(3802,((2798,12622),(12177,(8218,14651)))))))),(11430,(7363,13692)));
(9492,(10229,(5972,(3373,(7867,8708)))));
(9593,(5609,(1214,(11802,(324,14972)))));
(14873,(12286,(5104,(15236,(2326,5383)))));
((6637,((2577,(2524,4210)),((1203,8271),(15455,(3557,8835))))),(8301,13443));
((3667,8304),(373,((10672,(2483,4384)),((5304,(4960,12925)),(7271,(14975,(9416,(9986,10720))))))));
(4219,((4873,9406),((3026,((1853,5441),(5125,(1416,((8827,11789),(12002,14233)))))),(1442,((2037,13057),(3224,(497,13025)))))));
(10402,(((8015,11289),((1833,(2099,8455)),(7628,10373))),(4222,6123)));
(5258,(5732,(14596,(14307,(12580,(7742,(7726,(5580,12245))))))));
(12768,(((2406,(6053,(7221,(13451,(2939,3466))))),(9818,(1942,(5326,9766)))),(4405,6401)));
(3923,((4446,(7470,(4722,13758))),(9661,((5019,(2802,((13549,14997),(5987,11126)))),(6641,12980)))));
(6500,(3841,(11083,(10378,(12509,((11253,12643),(11547,(1393,10699))))))));
(14463,(4054,(4584,(10175,(4445,(11443,(7916,(8894,15536))))))));
((12040,(14605,(15220,(5352,12402)))),(876,13731));
(9545,(15252,(7622,(15485,(7606,9309)))));
(5114,(11206,(9586,(360,(5605,(803,(10057,((2680,9611),(7539,(3808,7740))))))))));
((13315,(3170,((9908,12868),(13056,(10971,13985))))),(5270,(13516,(10129,15165))));
(10934,(14259,((3774,(166,(837,(2506,((7609,11411),(4102,8973)))))),(3210,11410))));
(14351,(7588,(2706,(13431,(7502,(5754,(4130,9257)))))));
(3667,(((4591,(8490,(7271,((12622,(9137,14062)),((11569,13575),(11343,(4545,12177))))))),((1063,(7050,13038)),(4046,4277))),(2624,15358)));
(384,(14719,(((12191,((1563,12560),(11663,14012))),(((9604,(4543,14097)),(1301,13816)),(5958,13854))),(11575,14342))));
(3667,(((8475,(4150,(7271,(12580,(14062,(12594,13451)))))),(14539,(7050,14014))),(12220,(5020,12811))));
(9675,((522,711),(1870,((11623,15014),(4091,10589)))));
((8897,(13896,(14715,(2495,(1976,(13702,(4604,(7137,13967)))))))),(6207,15007));
(14612,(10407,(3880,(8444,(9736,(6484,12874))))));
(1421,(2820,((14970,(1508,13731)),(8741,(14605,(11909,(12402,(1641,11714))))))));
((8281,10135),(10730,((4204,(6604,(13014,(14888,(1664,4592))))),(4535,(2623,6919)))));
(((357,644),(5056,((3374,(1156,3875)),(12690,(11037,(5684,(2429,5489))))))),(2030,6917));
(1461,(1630,((2314,13007),((15614,((2404,12868),(13695,13985))),(11580,(674,857))))));
(4513,(13624,(11449,(4953,(4217,15426)))));
(9810,((2483,10314),((345,(15455,(1015,8835))),(2577,(4090,((9860,(2558,10890)),(868,10985)))))));
(1384,(6965,(445,(11339,(9045,11547)))));
(((9686,(2060,(2404,(2076,8606)))),(14197,(576,(1425,13837)))),(1764,(3962,8601)));
((3181,(5981,(148,(5866,(12657,15523))))),(8207,(1253,12512)));
(384,(6689,(14719,((11266,(6267,14342)),((5958,(2165,(2590,14696))),(4255,(831,7616)))))));
(14001,(((5407,7418),(7045,8338)),((13129,(5753,(11284,11468))),(15271,((1646,(865,3793)),(9156,12929))))));
(11298,(12300,((7498,(1383,12773)),(3352,(12767,(7603,((6710,15017),(3029,7410))))))));
((1017,(6917,13692)),(13117,((413,(1156,3875)),(4912,(3840,(11037,(5489,(8899,14975))))))));
(13561,(((5367,(10758,11388)),((5950,(8703,(13775,(15420,(5518,11037))))),(9353,11375))),(6069,6720)));
(6134,(8341,((12191,(10171,(4140,14012))),(1301,13854))));
(4385,((4934,7239),(15,(4400,9018))));
(14861,((12480,(14490,(5087,(3312,14934)))),(425,(5875,8076))));
((884,14733),(12743,((5494,12248),((10382,(15355,(8511,(7859,14763)))),(9040,(8718,((3410,7730),(7553,12737))))))));
((1764,(516,(10412,(1245,14105)))),(480,9551));
(4077,((14629,(2624,(6373,14532))),((14961,(6175,(9009,(7887,(14103,(10138,(1544,2466))))))),((12273,15570),(5046,15619)))));
(11823,(1669,(5645,(11392,(12265,13696)))));
(7362,((1501,(12901,(2120,12797))),(8053,13943)));
(((5116,8338),((11621,(5753,14014)),((3026,11443),((192,((984,(1646,(11489,13451))),(2448,8492))),(1853,5014))))),(3129,10206));
(10213,((1519,7335),(5259,(2496,6319))));
(6379,(8676,(((2124,(7463,8263)),(3170,(10733,15572))),(1772,6090))));
(13856,((15226,15254),(10090,(7662,(2625,2979)))));
(236,(9608,(11131,(13647,(9305,(4568,(4384,13873)))))));
(8048,(6075,(10262,(10702,(12466,14615)))));
(12577,(9097,(15245,(14030,(4801,15183)))));
((12768,14006),(9593,((3750,(170,(8049,(8503,13879)))),(306,11436))));
(((5846,(2001,11128)),((13129,(11468,14618)),(8448,(12929,(3103,6663))))),(3192,14001));
(14578,((7001,(5058,(13596,(4860,7890)))),(4132,7106)));
((4890,12135),((11303,13355),((15210,(13520,15582)),(8027,(4982,12175)))));
((906,(15608,(7675,(141,10602)))),(1669,2229));
((9609,(3139,(14715,(4928,(1976,(4194,4604)))))),(15007,(6207,12135)));
(3662,(((3809,4077),(4596,10206)),((6393,(6380,(2312,4800))),(((5282,12040),(6063,6779)),(3637,(15220,((754,9706),(5352,8766))))))));
(5864,(((9818,(12404,(6561,11554))),(1404,((3103,3496),(2326,(1792,5248))))),((7493,7700),(8824,(6864,10744)))));
(5964,((4016,11105),((8529,9283),(13414,(6938,(8336,15575))))));
(10857,(4776,(12566,(2724,3023))));
((1270,12593),(14966,(6803,13486)));
(((2426,(14039,15631)),((2531,3482),(9685,13451))),(112,(3521,4668)));
(2391,((2666,(11957,(3590,15563))),((10894,(1883,15218)),((5530,(5325,(9574,15036))),(10793,14552)))));
(3464,(14505,((9230,((5475,(15455,(3864,10074))),((1478,(4867,(2046,10172))),(5790,12839)))),(14446,(2789,5072)))));
(11470,(((11865,15438),(3392,(4605,(176,12531)))),(7519,(9202,15056))));
((6169,(13463,((7909,8268),((4293,13140),(1050,(10611,14395)))))),(8473,9866));
(10377,((3438,9575),(14720,(286,(9665,(328,2052))))));
(12625,(11164,(215,((7304,(1403,(9560,((11938,(1485,11015)),(6072,13971))))),(9660,(7321,15610))))));
(710,(4584,((9104,(7126,(7887,(15123,(1024,13608))))),(7703,15358))));
(2391,(((1591,(1883,(4926,7166))),(9939,(10053,(9574,(14089,(48,4482)))))),(14432,(2666,15230))));
(7363,(11298,((7364,13873),(3352,(11436,((11468,(3416,6710)),(7410,12207)))))));
(12740,((((8041,(3140,5785)),(13816,(1568,14097))),(286,(6145,(((4867,(2948,5682)),(7665,15160)),(2393,9987))))),(5298,(3023,(2582,12130)))));
(3148,(12922,(12740,(1934,(((4017,(12817,(2393,(5682,(14383,(917,4100)))))),(10096,(15631,(10147,11918)))),(1429,2314))))));
(7968,(8223,((9286,(238,9705)),((14961,(2354,(9442,(5829,(13967,(3905,7396)))))),(5046,14844)))));
(2358,(4077,(8196,((11445,(15570,15619)),(6175,(10885,(7251,(10965,15575))))))));
(8304,(373,(((1381,2483),(4384,6690)),(12925,((4715,(8847,14975)),(3827,4380))))));
(8830,(6169,(9074,(((2674,(14243,(12708,((9380,13053),((4708,6951),(7086,14332)))))),((1050,2398),(10611,10837))),(4478,7470)))));
((10430,(1870,14326)),(1136,13205));
((3129,10206),(9769,(((11531,(5014,(1674,(984,(1646,4100))))),(5753,(1632,11621))),(8338,(197,5569)))));
((4535,(2623,6248)),((12710,(1664,3546)),(1675,4204)));
(14053,(((6044,(13373,(3245,14952))),(2617,8784)),(4818,8930)));
(((10367,13889),(12642,(5726,(2587,6406)))),(5745,(8595,9593)));
(13921,(12170,(7429,(6441,12175))));
(10499,(8109,((565,(9288,10030)),(5984,6653))));
(8830,(11561,((14889,(((1667,(2313,5046)),(5408,10382)),((6682,(1393,(6960,14583))),(167,8699)))),((226,4985),(2062,4426)))));
(((722,12745),(3866,(4446,14154))),((590,13345),(14805,(10998,(147,15423)))));
(10876,((4400,12201),((((10057,(10408,(11631,13468))),(6208,8420)),(6737,7934)),((230,(8107,8194)),(9877,(4640,11476))))));
((15089,(784,(4522,(7627,(11651,((1941,(13468,14198)),(10057,15527))))))),(2424,5167));
(8451,(248,((1023,(15056,(15563,(3590,9202)))),(((4926,8180),(1591,(8903,14100))),(10793,((2670,5530),((5325,15159),(3381,4413))))))));
(((7067,(1162,(4375,14282))),(11794,(4149,(6399,(1682,(8420,(334,14433))))))),(13512,14652));
(2589,(12444,(8484,(7588,(2706,((2285,(10982,13325)),(2224,(15263,(7011,(7502,14321))))))))));
(9429,(((9767,12815),((1203,8271),(13714,(1543,12164)))),(2546,6637)));
(2072,(10407,(1747,(3652,(3750,(6705,11433))))));
(3351,(7014,(9201,(887,11806))));
(6830,(272,(((147,(14835,(6023,(9595,12843)))),((4277,(1526,10069)),(9324,10189))),(5741,10285))));
(7257,(604,(12160,(9904,(11306,(12708,(7002,(13883,(8413,(14332,(9141,(1641,7086))))))))))));
(8830,(((2062,(4985,11425)),(14889,(2518,(167,(6682,(6960,(1393,7539))))))),(13814,13953)));
((4400,8488),((3205,(8107,(2360,7467))),(11263,(2328,(2514,(5518,8956))))));
(3662,(914,(10298,((2044,2937),(13718,(14009,(14011,15247)))))));
(9016,(((9809,10837),(5019,(5987,12261))),(4446,4478)));
(4924,(8867,(457,(8843,(4809,15430)))));
(14195,(5593,((8713,(6147,(6952,(708,(13498,(285,11806)))))),(12401,(13117,(66,9504))))));
(4525,(12375,(13712,(14805,((15423,(10529,(147,13766))),(1294,5642))))));
(11587,(12697,(1834,(9333,(11791,15628)))));
((11926,(4927,(1529,(7015,(9856,(2393,(2251,(13965,15004)))))))),(472,(1054,(2709,10042))));
((13115,(14990,(9925,(9358,(13919,(13451,(1226,11498))))))),(3417,15635));
(11896,((1707,(13265,(6463,12320))),((13916,(3565,4232)),(2617,(12270,(12762,(975,(13373,15202))))))));
(12819,(6331,(11099,(13865,(2618,(7092,(624,5990)))))));
(10691,(12740,((6814,(4846,(2582,5477))),(((11424,12527),(1788,5785)),(5632,((5466,(8827,(2948,5682))),(2393,9580)))))));
(2358,(11174,(6689,((4141,4278),(3961,(12817,(14331,(15394,(10965,13473)))))))));
(1461,(1630,((4450,14173),((12270,(3802,((15202,(2592,12721)),(10057,((14050,(6452,10731)),(2680,9611)))))),(13094,(11580,(674,5096)))))));
(4407,((6619,(1981,(2638,(7584,((6441,10664),(10138,(902,2466))))))),(5207,6543)));
(5680,(13558,(9920,(13074,(5856,(12629,(7142,(8516,12274))))))));
((882,14382),((4412,12213),(((11920,((2394,4857),(2201,10954))),((3308,(6766,(3301,6460))),((13401,14305),(12260,14686)))),(6018,(6400,14729)))));
(((13778,15355),(7383,(13257,(7553,12737)))),(7420,9575));
(8414,((7717,11334),((11908,12980),(4424,(9722,(620,(9664,13549)))))));
(11896,((7635,(12762,(7219,14824))),(8611,11010)));
(((6808,(10589,(4130,(6532,(2472,5532))))),(2721,6304)),(1033,5529));
(11896,((9295,((12762,(4,((7553,9815),(1646,12737)))),(15355,(4232,7859)))),(5494,6463)));
((510,4691),(8624,(10730,(((6201,(9329,11783)),(1883,12065)),(2788,14349)))));
(14001,(12478,(14373,((6521,(12629,(7843,((15155,(5243,7480)),(5865,14722))))),(12779,14136)))));
(8830,((12250,(2704,13759)),(14889,((14052,(6572,12199)),(6802,(13213,(477,(1393,4724))))))));
(8059,((3854,((4765,13234),(98,6569))),((13517,(9168,10665)),(6063,14604))));
(8473,(14505,(((6498,(3864,14395)),((8894,((2580,6923),(3453,13702))),(2495,7916))),(14446,(3023,(8897,14939))))));
(11530,(8949,((1378,5346),(7255,(14003,(11098,(5839,9037)))))));
(1461,(1630,((11406,(500,4724)),(13759,14322))));
(5222,(35,(((7970,(12580,(2328,(2514,12245)))),(6585,(4630,(9175,9324)))),(10168,(1417,11508)))));
(12252,((3505,6783),(7467,(854,(7999,(10917,(5682,7062)))))));
(10934,(8710,((496,5577),(9925,((12945,(7890,(1826,4102))),(221,9358))))));
(11513,(2192,(5259,(6596,(7122,(2185,2496))))));
(10135,(5205,(10730,((((6132,15093),(3440,6323)),((13014,(11806,(7730,(4158,10699)))),(2854,10378))),(9504,(12248,(10586,12220)))))));
(12444,(((4761,(1341,7144)),(9091,(8063,(3803,(7556,(2615,9347)))))),(8441,(4297,14553))));
(((5354,8544),(10574,(5359,(2158,15688)))),(11368,(2097,2757)));
(((4426,(2001,14136)),((7714,(10577,(7843,(7480,(14903,((7010,13451),(6663,12163))))))),(2274,3716))),(7053,(1165,15635)));
((13500,(7845,10163)),((13444,14118),(10494,11406)));
(6379,(2020,(15035,(12591,(5698,6631)))));
(3662,((14001,14882),((14889,(((11468,12634),(2344,13129)),(13707,((3203,(1393,4739)),(5434,12929))))),(1843,10454))));
(14098,((2499,5144),((3155,(7772,(14433,(4329,13379)))),(10335,(15024,(5984,7193))))));
(9400,(4057,((9713,(461,4035)),(6056,(26,2709)))));
(4265,(((5988,(854,(2224,(5125,13136)))),(3445,(13025,13057))),(13818,(6735,8484))));
(14293,(1011,(4444,(((2720,(225,(2132,((13928,14651),(917,4100))))),(11424,(15246,(6766,13776)))),(13292,(1429,8685))))));
((13688,(((10170,(2393,(10848,(2321,(3706,(7101,(11409,(5682,15113)))))))),(2654,10245)),(6051,7909))),(5191,12740));
(13237,((6169,12740),(((10698,(10378,(708,(((2948,5682),(2954,10699)),(2393,14062))))),((3472,(1050,5785)),(10611,13710))),(12401,(2582,(6056,9883))))));
(11896,(1628,((5846,(9041,(2788,4408))),((1567,(9860,(14054,15116))),(1658,(1883,15098))))));
(8695,((10460,(3631,(1631,3358))),((7218,(2237,6415)),(12642,(9945,(5464,(1428,(2954,13368))))))));
((13192,(11380,((989,2497),(1515,6432)))),(12424,(1645,4674)));
(12740,((((13000,15618),(2393,(6409,15536))),(11654,(1460,5753))),(11833,(8338,(834,10906)))));
(10475,(12444,((14889,(((2344,(1883,6632)),(1341,4960)),(3170,((3827,4380),((15160,(3803,(1393,(8847,9986)))),(6092,15402)))))),(1381,2788))));
(7735,(((4941,5504),(5557,(2363,(12279,14421)))),(6961,(99,15673))));
((15165,(2129,6271)),((3111,(15066,(1171,3440))),(6215,(2798,9908))));
(2928,(8374,((10524,(14331,(7772,12929))),((5984,(11468,13609)),(1430,4449)))));
(5114,(3044,(10163,(2056,(5605,(4202,((13444,14592),(10057,(7730,(2680,9611))))))))));
(11183,(272,(1825,((7458,9324),(7594,(3559,9595))))));
(15300,(((15445,(8477,13787)),((1910,12708),(2520,(13498,(3496,3985))))),(1029,(2260,8824))));
(14683,((8193,(4624,7957)),(5199,(2469,((12818,15345),(1555,(128,4880)))))));
(4774,((14968,(876,13591)),(6822,(360,(12689,14354)))));
(12922,(8857,((7595,(4170,(10384,10906))),((5048,(1303,(11416,(2690,((2725,11547),(1393,(13626,(9869,14651)))))))),(10147,12352)))));
(914,(14683,((8193,(13821,(876,3729))),((3016,(3374,12967)),(3170,((12377,14761),(12690,((9857,12818),(962,5725)))))))));
((12252,((6590,(7696,(2699,(13934,((4308,10917),(1852,(4723,(12981,(7062,14203))))))))),(11475,12700))),(248,(4730,5744)));
(12094,(9757,(4791,(12270,(9945,((12721,(5444,(4880,15202))),(9185,14878)))))));
(11065,((5056,((4150,(6310,(3018,5632))),(12004,15093))),(13083,15563)));
(13422,((4566,(12379,(5169,(14879,(6612,(583,8964)))))),(8778,12711)));
(13561,(10334,(9106,((2986,6690),((12442,(8703,(1232,(5002,5518)))),(2356,14221))))));
((13240,(186,6387)),((2788,(5613,12121)),(((13681,(2496,(5301,(9771,14115)))),(1883,9711)),(12856,((7228,14880),(14054,(10803,13578)))))));
(((3615,8901),((4747,14726),(4130,9257))),(12876,(9001,14351)));
(13196,(((1430,(1370,7218)),(2021,(7642,(9945,(2328,(2514,(5674,13368))))))),(11143,(10460,(1631,3358)))));
(2959,(12796,(8166,(12042,(3983,10860)))));
(14683,(((4327,(13934,(12818,14919))),((15455,(8835,10156)),(1425,13837))),(8193,(5832,11475))));
(2697,(6166,(5431,((629,10586),((12144,(2563,(13916,(2795,3470)))),(13078,13472))))));
(11408,(3079,((3997,(13958,(5104,(1404,(3339,((12071,(9424,(12981,(10637,(10720,14203))))),(14900,(1792,6588)))))))),(66,4279))));
(8830,((4561,13721),(1027,(4448,(4967,7424)))));
(7230,((357,11650),(3386,(7887,(1607,13796)))));
(8288,((7308,(670,(15220,(5352,7107)))),(12040,13683)));
(((644,11703),(5056,((170,(11037,(5489,13545))),(1156,(3875,4192))))),(2030,(6917,12768)));
((4412,((9295,((5014,((4,(1646,(10954,(7901,9815)))),(1608,2383))),(14604,(5753,(7261,11670))))),(8338,(1162,14282)))),(882,14652));
(11036,(13072,(9509,(482,(10966,(1425,13837))))));
(1452,(702,((9711,(6467,(14115,(1460,12527)))),(15053,(890,(2824,10680))))));
(8587,((1537,(8041,(4573,12030))),(7099,(2004,11461))));
((4924,14513),((4581,10241),((4809,13379),(3346,(8843,11178)))));
(14544,(5498,((4728,10498),((9314,10842),(3909,14794)))));
((882,6917),(4412,((11539,(6400,13943)),((13885,(9686,((2394,(8145,10910)),((692,9715),((2954,10954),(5489,(2201,8606))))))),((12260,(1425,13837)),(3308,(2815,(3301,3875))))))));
(7414,(3825,(215,(1124,((1048,(6833,(8296,(670,(2506,(6947,(3803,5137))))))),(12139,(9339,(40,2355))))))));
(1461,(1630,((14615,(5997,(5233,(6987,(899,10874))))),(6075,14729))));
(547,(((922,(10158,(8273,(3802,(500,11493))))),(2894,5096)),(7108,10024)));
((13761,(12787,(13707,(8642,(9424,(10148,(2834,14892))))))),(2107,7767));
(((11703,(454,11206)),((12787,(13707,((2834,10148),((3803,7965),(9424,(7539,9860)))))),(1341,4192))),(1628,12444));
(8928,(1431,(3194,(15299,(3558,8067)))));
(14652,((1655,((221,((2578,12945),((1826,12594),(4181,(7086,10537))))),(6674,(9037,10096)))),(11710,(5838,(8961,(1162,3012))))));
((3923,11950),((5613,6401),(11827,(168,(667,3046)))));
(8229,(2959,(((1206,11268),(5658,(1416,(1664,2431)))),(2623,(4279,12248)))));
(3429,(7362,((8964,(14805,(13498,(15423,(147,1357))))),(5053,7106))));
(12336,((13510,14019),(3332,(13958,((5322,15684),(11737,12071))))));
(3923,(12300,(((6641,15017),(8683,(1757,2802))),((4722,12773),(7498,7832)))));
(4407,(10377,(4584,(6543,(10906,(10744,14610))))));
(14137,((1761,(11794,(9067,(9339,(2596,8147))))),(8650,(4375,9760))));
((742,14463),(5949,(3079,(295,(12051,(5979,(6027,(10408,(10637,13468)))))))));
(2959,((6674,(11531,(12710,(1956,(2276,(((1432,9923),(8363,(4100,7086))),(4708,12959))))))),(5569,(5082,6248))));
(9833,(14868,(((6435,12595),(6355,(15557,(4091,10589)))),(4433,10042))));
(1669,(6842,(14584,((11061,(5482,(141,10602))),(6278,8075)))));
(1452,(12589,((10056,(15053,((525,890),(10508,(9281,10680))))),(6467,(1460,3439)))));
((5864,8999),(((1881,10090),(11720,(15680,(8233,((2326,5248),(3496,(3103,15263))))))),(8824,(7700,15226))));
(9833,((7623,13873),((6355,(15680,(13486,((9680,(2507,4063)),(298,11524))))),(13808,(2313,3416)))));
((12183,((9781,(11301,(442,9599))),(12199,14052))),(7874,12250));
((4125,(10793,(5530,(3706,5325)))),(3590,7909));
(11999,(11174,((10166,11182),((13038,15582),(2404,(13575,(5678,14216)))))));
(11896,(4529,((4631,(14902,(12762,(9970,(6480,(3793,6731)))))),((4170,(5407,9250)),(11103,(6463,7418))))));
(4861,(14351,(((230,(13299,(10191,11053))),(1889,13629)),(12906,(7812,(1479,((1316,4130),(13303,(6418,15523)))))))));
(((2352,13299),(4130,12708)),(6637,14351));
(4691,(9931,(10730,((14349,(7623,8824)),((8490,(9329,(13486,(3496,(10408,(2507,13468)))))),(3990,13808))))));
(10811,(12444,(1630,(((((345,6632),(1341,8990)),(3170,(1265,(8273,(13488,((3803,(2507,10890)),(5464,8926))))))),(2483,(7623,10024))),(7530,10139)))));
(1820,((15579,(4805,(13454,(1860,(((3505,10860),(9001,12876)),(5298,12042)))))),(566,1103)));
(4219,(((3026,((1416,((12002,(14233,14321)),(8827,11789))),(11623,(5441,(1853,15014))))),(1442,(2037,(497,3224)))),(8611,9406)));
(5207,((1981,(3750,(10664,11069))),(6619,15466)));
(5182,((4311,(5647,8611)),((12498,(11289,12851)),(14243,(2043,7628)))));
(248,(8857,(1630,((((10489,12325),(3962,9202)),((6638,(3205,(1425,13837))),(13019,((2670,11783),(9686,(3731,(8606,(13626,14651)))))))),(7530,12841)))));
((14123,(7370,11539)),(((590,11284),(1425,13837)),((9686,(563,((577,8606),(2954,(1646,4194))))),(1735,4928))));
(2424,((1488,5369),((345,574),(10985,(2429,7305)))));
(10135,(10730,(14351,((10378,(13014,(4130,(14490,(6418,10699))))),(13299,(15093,(1889,(6132,13629))))))));
(14310,((14789,(4098,12250)),((12199,14052),(4406,(13053,(1226,(5963,10724)))))));
((884,14733),(12743,((1655,((2179,(1521,5753)),(6461,(8718,((11547,14626),(1646,(5559,15461))))))),(5621,8338))));
(2701,((66,(4170,(4668,9504))),(14889,((6147,(11806,(1393,(5077,6480)))),(1604,14039)))));
(1768,(11484,(4982,(2276,15236))));
((3667,9545),((7197,13873),((11016,(3416,7050)),(8475,(7271,(14062,(2257,(9309,10265))))))));
((3429,(10339,12859)),(8857,(10229,((8708,(4388,(10490,(11643,12101)))),(1735,(192,(2448,13626)))))));
(4774,((10895,(13958,(14354,(8014,(6480,(4496,12071)))))),(4170,7852)));
(13704,((4841,(15100,(10793,(6342,(2643,9294))))),(4170,10304)));
(7848,(13659,((999,11410),(6799,(4214,(9592,10785))))));
(4730,(15418,(9555,(12417,(5520,(9688,(1135,6954)))))));
(((5572,(13503,(12622,(6663,(1636,13368))))),(7218,(11759,14785))),(2001,(9018,(3358,6661))));
((5114,7848),((445,(5605,(11606,(9442,(3717,(10057,((2911,9045),(2680,9611)))))))),(3523,7158)));
(9492,(8857,(8676,(((((6681,8708),(2124,2179)),(5753,(6436,7463))),((15572,(14045,((5115,(13626,14674)),(1646,1833)))),(10733,11783))),(8338,(6090,(10229,14482)))))));
(14683,((8193,15610),((1425,13837),(7916,((13971,(6072,13058)),(11938,(11015,12818)))))));
((9181,(10633,((9144,(10362,(6271,(2098,5156)))),((4591,(83,(4903,(3802,((11138,(2798,12622)),(12177,(8218,14651))))))),(((1171,5096),(2541,3440)),((4046,(937,3111)),(413,8640))))))),(11430,(7363,13692)));
(((10827,(5774,(2371,6412))),(6346,(3290,((3018,5500),(6273,(6342,9110)))))),(14840,(2233,13011)));
(1746,(4635,(13151,((574,11491),(2056,(11434,13784))))));
(5679,(11957,((10894,15218),(14552,(4522,(10772,(6947,13468)))))));
((4218,(8322,10306)),(1101,7369));
(((3403,11686),(2788,7841)),((13958,(8635,(13096,(567,((15160,((10731,(5589,14050)),(12071,14997))),(5622,8732)))))),(1883,(10156,13081))));
(((2148,6543),(445,(7584,(6441,(10138,(2466,9045)))))),(1384,4407));
(5222,((35,14098),((10168,(3023,(2505,4112))),(((5860,9325),(6498,(4630,(9324,(674,7193))))),(2084,(3155,(477,(14433,(2580,6923)))))))));
(((13047,(5478,8706)),(13010,(3290,(6361,(2723,13876))))),(2233,2748));
(13048,((9400,(7034,(6732,7552))),((8277,(5504,(4941,(13025,(9324,(9824,13057)))))),(5092,(15331,((5125,12984),(12266,(9923,15032))))))));
(14269,(6379,(4510,((10793,(9040,(7662,(2376,(5325,10265))))),(3068,15035)))));
(2233,(4322,(1655,(7954,(3290,(2136,(4880,10937)))))));
(14370,(4001,(184,(7119,(1037,(1283,(899,(2472,12531))))))));
(1355,(1124,(1761,(8811,9339))));
((882,(1971,10206)),(4412,((3575,10522),((12787,(13707,(6774,((13161,(2834,10148)),(984,(9424,10954)))))),((11621,12260),(2120,3301))))));
(925,((13472,(12144,(2563,(13227,(6364,13916))))),(3107,(629,3492))));
(6751,(4624,(8053,(12233,(12061,(292,11136))))));
(14652,(10139,(((13192,14604),(2495,(6432,(5464,(8926,13702))))),(8897,(14282,(1162,9883))))));
(2701,((7832,15610),(12881,(9091,(10529,(1757,7556))))));
((3690,12822),(6493,(3175,(3450,(10314,14124)))));
((6917,8281),((1864,4219),(14634,(((6919,8365),(10175,13943)),(((14888,(8845,(5489,(14332,(7086,14233))))),(5441,(12708,13885))),((1056,10069),(497,3875)))))));
(11080,(9475,((11269,((44,8295),(5504,(4941,(3284,10437))))),(1481,(12709,14714)))));
(13692,(8223,(((413,(5046,12410)),(14961,(15533,(12815,(983,(11949,((5439,13017),(7396,10741)))))))),(1331,14077))));
(8564,((12935,13851),((4912,(11498,14975)),(7495,(8842,(2355,(9324,15024)))))));
((4479,(882,9204)),(4412,(((9913,(12000,(2394,(11201,((2201,11596),(8450,(1248,10954))))))),(12260,(3220,3301))),(1905,(1943,2942)))));
(9737,(3695,(118,(14036,(5172,(12458,(15629,(8911,15212))))))));
((4596,12768),(8387,((10023,12173),(192,(2448,5149)))));
(8473,(13688,(((4591,(1211,(15077,((11781,(868,11137)),(12177,(2558,10890)))))),((1015,14395),(2242,4046))),(2483,3075))));
(2923,((9509,(13308,(7224,(1425,13837)))),(605,8230)));
((3429,5733),((15443,(((1631,4384),(10460,12117)),(((7375,11606),((5464,(7143,(14975,(2954,14151)))),(9442,9945))),(3744,(2237,(12925,(11643,15591))))))),(373,8695)));
((3079,(((6058,15588),(6152,(12649,((1097,7376),(7031,7761))))),(5529,10483))),(4407,8648));
(604,(702,(5318,(12708,(15190,(5355,(1374,(14332,((1641,7086),(2824,9141))))))))));
(8857,((4490,4934),((4621,7588),(2706,(11783,(11877,(5754,(103,(7502,(13626,(10393,14651)))))))))));
((1461,(((7595,(6400,14123)),((12352,(14696,(2165,3308))),(1756,(4928,(3756,(12567,(10138,((4194,7303),(831,2466))))))))),(1630,6689))),(1845,14852));
(14202,(9378,(11045,(11910,(4292,6794)))));
((882,4730),(12252,(4412,((12700,(3729,(6732,7552))),(3387,((7261,11670),(3170,(9333,(15331,(10917,(12266,(962,(7062,10954)))))))))))));
(384,(2959,(14719,((14342,(6400,14123)),(((5958,12348),(11468,(3308,15355))),(4928,(12929,((4194,7553),(4708,4809)))))))));
(1452,((13791,(15076,(1460,3015))),(3858,(1524,12042))));
(14289,(((8228,(162,(9680,(298,11524)))),(7835,(4737,6852))),(12394,(9729,(5081,14569)))));
((10325,12399),(6157,(9822,(4767,(12266,14541)))));
(14513,((5972,(8646,(13379,(5384,11178)))),(4759,4938)));
(731,(10633,((2098,4082),((40,(937,8640)),(83,((4903,8296),(3119,(2506,11138))))))));
(1452,(10337,(((1303,(9736,(2690,(9944,(10680,12402))))),(2398,(6467,(1460,3253)))),(2981,(8850,13731)))));
(8857,((7924,(1803,(4592,(13626,14674)))),(2202,5086)));
(14619,((9231,(9414,(8838,(7825,((2203,8092),((4316,10480),(10265,13451))))))),(1101,12566)));
(11896,(((12201,(10024,10663)),((3170,(3965,(8273,(12762,(11832,(9720,(3803,14824))))))),(1341,8990))),(3302,12444)));
((425,(3313,11427)),(11436,(3170,(7825,(14027,(1570,(10480,(5087,14934))))))));
(13692,(8857,(14505,(((((12348,13109),(1425,(413,13837))),((3864,7144),(3308,15355))),(4928,(9686,(((4194,9347),(13626,(2954,7553))),(4169,8606))))),((6400,(6075,14123)),(14077,14446))))));
(3662,((14461,((13882,(934,3358)),(2788,10454))),((1883,(7218,(6415,12634))),((14219,(15160,(2429,(4739,13368)))),(4380,14290)))));
(10497,(13463,((1574,4170),(9695,(15100,(10793,(13140,14024)))))));
(9627,((12928,(4258,10921)),(5486,(14497,(6800,13544)))));
(6086,(5182,(9074,((3506,4311),(14451,(6951,(3298,13053)))))));
(((11759,(1203,8271)),(4726,(2524,2718))),(6637,10598));
(8168,((2566,8850),(2544,(10793,((2902,6185),(5325,(11704,(9290,9944))))))));
((1395,12922),(8857,(((693,(5753,10147)),(8490,((((4867,(10117,14626)),((13626,(9869,14651)),(1646,2046))),(2334,2383)),(5014,12839)))),(8338,(3759,10384)))));
(((6460,(1846,14304)),(12615,((1503,2927),(831,4603)))),(7569,13970));
(1820,(1103,((2160,(1637,(2450,14156))),(1860,(12588,(2546,(621,11046)))))));
(((2942,13007),(((2406,15614),(15459,(7221,((7368,13379),(1248,8450))))),(9818,15024))),(4010,(9204,12768)));
(3079,((3919,(4204,(5104,(((1664,9861),(12981,(10637,(10720,14203)))),(6588,14900))))),((2623,5140),(66,4535))));
(2710,((14970,(323,1508)),(5229,(13566,(2421,15247)))));
(12577,(12566,((4684,10915),(12370,(1918,(2290,12058))))));
(471,((4602,(4309,((5940,11021),(1019,6866)))),(8558,10753)));
(14001,(8447,(8695,((((12708,(9945,((1374,(14332,(14722,((2954,9141),(11681,(1641,7086)))))),(5243,5464)))),(2237,10382)),((4426,10460),(6644,(226,1631)))),(604,11561)))));
(1746,((12546,(555,4635)),(13784,(451,(5153,(2394,(2201,5077)))))));
(((6175,(5059,(8951,(3132,11498)))),(15301,(188,8814))),(9617,(8995,(11508,13851))));
((4153,(10564,((2548,6681),((2702,6019),(2625,(2979,8420)))))),(1477,10876));
(4632,(9284,(((15486,(2702,(12376,(9686,((11396,((10720,(9510,10607)),(3706,8606))),(13523,(2404,11055))))))),(7835,(1425,13837))),(13933,(3962,7909)))));
(272,(11840,(7656,(10309,(3170,(7701,((3187,9595),(11781,(3487,14027)))))))));
(7881,(((15100,(10793,(12205,(868,8799)))),(11908,(5221,11759))),(3014,4170)));
(1179,(1461,(1630,(9097,(6792,(((3365,4221),(2576,3615)),(6987,(14726,(4747,12639)))))))));
(13155,(3028,((10307,(5890,12639)),(763,11468))));
(11845,(767,(((1317,15352),(6948,((2334,12006),(1361,10998)))),(416,12745))));
(5744,(8729,(388,((6467,(1314,6674)),((902,(7086,8363)),(3187,6185))))));
(3662,(914,(4730,(8447,(15418,((2044,8797),(2599,(13751,(7417,14011)))))))));
((884,(12768,14733)),(12743,((9366,(2214,12386)),(14889,(((4484,(4960,14763)),(2344,10382)),(9040,(170,(6092,(8718,(13545,(1393,9986)))))))))));
(11919,((8467,8734),(3776,12377)));
(8281,((8738,(12286,(1682,((14459,(8845,14433)),(8420,14888))))),(12042,(6919,8365))));
(11536,((877,(698,3023)),((14961,(15171,(856,7871))),(5046,8903))));
(14584,((11192,(8076,11139)),(12480,(9730,(438,(15396,(1044,11102)))))));
(7035,(5182,(9074,(((8434,(13053,(6951,9637))),(6284,(3892,8931))),(4311,14249)))));
(6207,((702,14120),(14715,(4244,(1976,(11201,(15539,(2824,4604))))))));
(2443,(1930,((4132,9202),(8831,(5318,(2670,(15190,(5355,11015))))))));
(9833,(7369,(11689,(11679,(10306,(1416,8322))))));
(6540,(4219,(((8964,(446,(497,10595))),(7701,((5441,7126),(11276,(3478,(7506,(2466,13608))))))),(8664,(1508,14970)))));
(11530,(12400,((2044,10129),(3648,(14003,(13315,(11834,(3620,5839))))))));
(7414,(12444,(14528,(((2285,10982),(15190,(717,(4494,15263)))),(3782,14023)))));
(1628,(((13033,(5712,(1989,(5657,(7965,9860))))),(9325,(4192,5504))),(1785,11703)));
(7414,(12026,(10377,((9575,11248),(14023,(2674,(286,(15190,(9380,((1493,4739),(4494,8353)))))))))));
(6256,(963,(2717,(11919,((8467,(8734,10074)),(5790,(15330,(10172,14433))))))));
(12577,(4887,(8789,(9333,(892,(7742,(5383,13523)))))));
(6742,(13087,(1694,(5572,(2587,(5928,6406))))));
(12444,(((7218,(8990,(1341,6415))),(3170,(14290,(8273,(1607,(3803,13368)))))),(13882,(3358,10024))));
(11270,(13114,(1431,(10698,((11252,(13702,14103)),(2495,11032))))));
(2928,((472,(10616,10906)),(14654,((5048,(11416,(2393,((7277,11017),(2251,2725))))),(4007,13189)))));
(11065,((4490,8316),(15438,(6310,(11877,(103,(1609,10720)))))));
(11174,(1062,((14129,(281,2151)),((6547,10381),(10049,14659)))));
(10334,((184,8918),(6933,((6641,(9058,10804)),(2356,14221)))));
((8325,(8281,14006)),(4054,(3079,((8867,(6919,(66,10175))),((5104,(7531,((((10637,(10720,14203)),(12981,13879)),(2251,15430)),(14888,14900)))),(457,8247))))));
(12444,(4491,(5207,(8909,((12580,(10664,(811,15263))),(2285,10982))))));
(((6147,(14129,(5994,(3834,11806)))),(1604,(4060,10381))),(9504,(66,7192)));
(((6355,(9913,((5781,7586),(5857,((3081,9935),((11482,12912),(2472,14583))))))),(14250,(201,6638))),((7519,9828),(12325,15690)));
(14463,(9250,((809,4445),(7916,(8894,(8745,(5102,(2444,3066))))))));
(4596,((419,6689),((4961,9496),(14889,(((2165,(7023,14696)),(2344,7604)),(1588,(((754,4723),(831,1393)),(6092,6795))))))));
(1017,(4219,((2499,7832),(14889,(((497,12232),(2344,6490)),((5441,13593),((2416,3840),(8899,(1393,1757)))))))));
(13150,(((3358,13882),(2788,4800)),((15220,(15160,(13368,(5352,6001)))),((7218,(15153,(6415,12040))),(1883,6063)))));
(13115,((2665,(3523,13003)),((3782,5356),(13958,(12906,(11606,(9442,12071)))))));
(14463,((2757,6373),((5354,7507),((11623,(6019,15014)),(5359,((5979,11253),((902,9720),(2158,4869))))))));
(11896,(277,(((4299,(4232,8405)),(15100,(10793,(3756,(12762,(4152,12914)))))),(4170,6463))));
(6830,(((14961,((1886,(563,12473)),(12843,15393))),(2767,(5046,(10826,11284)))),(877,13708)));
(1779,(10402,(((7308,(10723,(1833,2099))),(8015,(3522,13683))),(6123,8288))));
(5805,((8238,(7304,((1403,(6461,11606)),(9442,(5559,12163))))),(3523,9660)));
(9492,((((4397,10149),(13113,(6585,8708))),((7890,(9685,13490)),(3482,(839,8668)))),(874,(10229,11508))));
(13422,(8676,((4566,(7217,(12379,(14879,(1543,13428))))),(1933,12711))));
(((4595,4757),(14066,(176,12531))),(4346,15056));
((419,6689),(((5809,(2165,(4543,14696))),(5425,(6556,(6795,(831,12560))))),(7135,13255)));
(7414,((((5048,(11416,(13589,((12815,13023),(1316,(9731,(12731,13303))))))),(8901,((7592,12678),(230,13714)))),(1668,7921)),(9429,11773)));
((10721,(13584,14733)),((12201,(8488,(3358,7851))),((11233,(4337,(10057,(5518,(10408,(13368,13468)))))),(7218,(6436,(12754,(6415,9225)))))));
(((12337,13542),(860,7085)),((1098,(3802,((2592,15003),(7788,10803)))),(3350,(5814,(3394,5096)))));
((710,10829),(10730,(1645,((1515,(10850,(1024,10779))),(3210,9104)))));
(12444,((14136,(7862,10024)),((3170,(8273,(7843,((3803,10607),(7480,11055))))),(7835,(1341,8990)))));
(5864,(5949,(4774,(7108,(12051,(10158,(3647,(12689,(1777,14354)))))))));
(14370,(8397,(13035,(((2472,9685),(3482,(5898,(8941,11664)))),(13732,15631)))));
(14370,(8397,(3075,((13732,(1104,4630)),(3170,(2472,(8099,(5898,8941))))))));
((4683,(((14140,(8583,(1883,9818))),(8635,(2406,(2334,(((2824,7836),(6005,7368)),(5622,(7221,15470))))))),(2788,3403))),(4010,12768));
(11896,(1669,((6354,10663),(8814,(3965,(12762,(8951,(6480,14824))))))));
(10479,((6842,10377),(14584,(((11061,11736),(11720,(5482,(286,(13707,((5434,5940),(3203,(6866,11887)))))))),(2607,10753)))));
((6195,14852),(540,((6815,9697),(1168,(3750,(10138,(2466,5549)))))));
((986,(7825,(4700,(8092,(1824,10480))))),(1579,8978));
(11430,(((9144,14154),(10362,12745)),((4591,(6019,(11924,((8218,12177),(10998,12622))))),(4046,(2541,13345)))));
(2441,(3330,(12286,(1682,(8420,14433)))));
(8817,(3351,((5702,7237),(2108,((7916,10524),(11679,((4151,14376),(2,10951))))))));
(4691,(2228,(10730,((14136,14349),((6063,(13517,(10665,(1105,2274)))),(3854,(7714,((9329,14176),(7843,(7480,(14045,(5161,10393))))))))))));
(13150,(15300,((1029,(2788,8824)),((1883,((13787,15153),(8477,11284))),((1910,5781),(8703,(2520,(10940,(3496,15160)))))))));
(3658,(6689,(((1756,(10405,(831,10779))),((2165,14696),(7315,13250))),(330,485))));
(2710,((6493,(3138,(6637,(11824,15247)))),((12822,(1508,8375)),(10815,14970))));
(6830,((758,(7642,(12523,((5375,14545),(7506,(11552,(5674,14899))))))),(5418,14825)));
(8168,(4513,(604,((11449,((5578,15062),((897,12708),(12757,(14332,(9141,(1641,7086))))))),(11318,14256)))));
(13692,(12740,(((9390,(413,5785)),(15533,((13017,(2948,5682)),(9987,(983,(2393,15236)))))),(2582,14077))));
(13584,(4219,(4774,(14093,(461,(11827,((14354,(5441,14735)),(497,4081))))))));
((8281,10876),(8223,((7418,(8365,(9250,(5407,6919)))),(3128,(8727,(12062,((12954,(8420,14888)),(((4209,7396),(3793,(11107,(6542,12295)))),(3066,8845)))))))));
(((2626,10672),(((7126,7153),(170,(6433,(9416,13608)))),(5304,(2189,10748)))),(6540,12768));
((4077,(2943,4596)),((6393,(3075,(1089,10024))),((82,8990),((5378,5807),(8273,(15077,(812,((754,9706),(6598,8766)))))))));
(4054,(6842,((10175,10742),((11443,(8602,(1601,7307))),(372,2349)))));
(((6393,(10584,14022)),((9372,(6300,(5642,12298))),(5900,8222))),(1582,4077));
(1461,(1630,(2753,((5233,(899,(6987,12735))),(8277,(5504,(4941,11414)))))));
(11583,(14293,(11467,(10901,(2847,(((4016,11963),((2174,4888),(14509,(5296,(979,(1157,13984)))))),(448,9639)))))));
(13305,(14831,(10145,((4151,6667),(8683,10524)))));
(3662,(3667,((((8286,(7050,12273)),(3374,6852)),(1303,((3155,((2690,7887),(3267,((8100,14345),(1961,(989,12959)))))),(7271,9918)))),(14629,(4038,(14532,(1494,2325)))))));
(4513,((38,(12902,(5746,(6534,11736)))),(187,8765)));
(12740,(5805,(9006,((9660,(10076,(15641,(3157,14827)))),(8238,(((2670,(1403,6461)),(401,(5559,9984))),(6848,7304)))))));
(2806,((6637,(10598,14351)),(((12356,(1203,8271)),(12256,13299)),(1117,(14302,(4130,6004))))));
(13305,((9230,(((4174,5475),(101,(1903,10074))),(1284,(10793,((5325,((4867,9955),(2046,10172))),(5790,(12839,(6667,15680)))))))),(6338,12611)));
((8593,15056),(11827,(168,(2416,(12023,(176,12531))))));
(6207,((13896,(14715,(2495,(1976,(1804,13702))))),(8897,13541)));
((13240,(7363,(767,13692))),(((413,(251,11921)),((6948,11606),(9442,(10998,(1361,3717))))),(3523,(12745,15641))));
(4153,(4163,(13718,(((443,10906),(6333,7192)),(7045,13812)))));
((4010,6594),(12400,((1150,(2044,8915)),((12111,(7233,(787,13372))),(10158,((7368,10985),(8287,9118)))))));
((7955,(4077,12135)),(1864,(10633,((6393,(14511,(4400,12707))),(13711,((1048,((7391,(563,((10406,(1646,(4194,8766))),(577,9014)))),(1735,4928))),((937,(8640,10069)),(2355,(11284,12494)))))))));
(11896,((13721,(4561,10663)),((3965,(12762,(50,(11094,(14824,(6870,12938)))))),(4448,4967))));
(10475,((4989,(2260,(2788,4400))),((8107,(1883,15445)),(9327,(6328,(12708,((12984,13498),(3985,15160))))))));
(12094,(((12209,(3892,6284)),(11699,13010)),(5478,7256)));
(13237,(10422,((7893,(14130,(3472,10743))),(10419,(9346,14778)))));
(1450,(((7219,(7628,10373)),((654,1846),(11289,12851))),(8611,11010)));
((((5058,(5712,(1956,((8722,13004),(13596,((9860,(3407,(2321,2580))),(7965,(7101,11409)))))))),((6498,(4192,7859)),(1889,5004))),(11703,(2160,(5986,(7106,11199))))),(1628,14578));
((11945,(13956,(5740,(2724,15504)))),(7526,11430));
((1630,(7530,(((3403,5846),(9041,(3358,10024))),(((345,15098),(8990,(1658,(1341,10156)))),(3170,(8635,(1567,(8273,(5622,(3803,(9860,(5589,13368)))))))))))),(1628,12444));
((4412,(((4315,(1037,((2069,10733),((9094,14129),(1053,(15510,(5336,(6731,10954)))))))),(12260,(11671,(3301,10381)))),(2499,(2757,(4635,7158))))),(6540,(882,8564)));
(12444,(((7383,(4245,(13707,(13257,(2383,(10723,(278,(3203,(3803,8353))))))))),((5504,(4941,(1341,(9824,13778)))),(3522,(8277,12466)))),(7420,(4918,11248))));
(2697,((6166,11174),(5431,((2872,(3320,13825)),(1089,6864)))));
(11845,(((2674,(1117,(13865,(9118,((9380,9979),(4329,(5831,(3103,5990)))))))),((8277,10335),(5504,(4941,(12595,(1903,9824)))))),(2499,(11954,(1749,7321)))));
(7881,(5934,(12444,(9608,((13247,(3803,(2207,(1622,5121)))),((6766,(1341,(3224,12423))),(1889,14305)))))));
(((8338,(1162,14282)),(14189,((4149,(5014,(1661,(984,1646)))),(11621,(5753,(632,9168)))))),(3129,(10206,14652)));
((4038,12350),(8946,(11323,(7706,((8080,11913),(1889,4737))))));
((1951,6531),(13912,(12342,(15035,(713,(3224,(30,2346)))))));
(11100,((10145,(8683,(5667,(6165,11616)))),(8567,12612)));
(((14539,(201,(8619,13299))),(9913,(4150,(9472,(11630,(6819,(917,4100))))))),(6030,(330,1429)));
((5546,7617),(3332,((1394,3961),(13312,(1015,14005)))));
(8281,(3079,((12613,(5104,(11738,((14888,14900),(14277,(12981,(10637,(10720,14203)))))))),(6919,(2150,(66,1133))))));
(11667,((11368,(2097,6373)),(((11253,11450),(1973,10574)),(7507,8544))));
(1845,(8777,((12401,(8338,(10906,(6400,(6108,14123))))),((5048,(2116,((4928,11416),(708,(5991,(6670,((5916,10890),(1646,4194)))))))),(7963,(3308,5753))))));
(6924,((2502,6158),(8326,(1735,(11673,(1159,11112))))));
(11896,((5921,6783),((3445,(9831,11671)),(4315,(1037,(8208,(692,(8282,14054))))))));
(6540,(((11908,(7122,10665)),(12205,(8799,(1601,8602)))),(3014,10742)));
((14654,(9000,(5048,(((11017,(577,2725)),(3453,13702)),(2495,11416))))),(10906,(12916,(698,8897))));
(((1381,10744),((9327,((1404,(8425,(12984,(1792,2755)))),(2577,14453))),(9711,(15455,(8835,14115))))),(8301,15464));
((272,(35,((10168,(197,(8258,12399))),(((413,1632),(13963,(4630,9324))),((9595,13103),(4986,(1674,6244))))))),(5222,(7363,13692)));
(10633,(14584,(((5486,(7843,(7480,(6800,13544)))),((4258,14752),(8640,(937,12928)))),(15390,(7323,(4400,14136))))));
(12768,(((383,(170,(8503,9347))),(42,11093)),(1217,9593)));
(3621,(15409,(6432,12462)));
(11536,(698,((3410,(7871,8941)),(9209,(8511,8903)))));
(11683,(3603,((10616,13243),((14390,(3027,12065)),(2699,(4308,(14362,(7854,10803))))))));
((10339,14006),(12740,(13688,(10483,(((192,((2448,(2393,8049)),(10848,(5682,(7761,(10537,13879)))))),(1735,3750)),(2654,9037))))));
(((7460,(15449,(7742,(4496,(2540,12572))))),(727,11622)),(12495,15117));
(2928,(1461,(1630,(14329,((8277,(5504,(4941,(5984,(9824,11468))))),(5878,(14331,(7772,12929))))))));
(5167,(4219,((497,((5441,10603),(11276,(3478,11651)))),(3880,15089))));
(((5378,(1232,(5657,((717,14331),(4723,13368))))),((7604,9325),(7218,(6415,12861)))),(4278,(10166,(2372,3358))));
(2959,(8403,(((14290,(10057,(4708,(10408,(13368,13468))))),((2876,5900),(7218,(6415,12754)))),((4989,12201),(3358,13882)))));
(7599,(171,(784,(11083,11621))));
(6997,((((1632,4697),(12872,(4630,15354))),(2444,(8099,10373))),(3075,7003)));
(843,(((4665,7592),(9571,(4091,10589))),(1668,(711,5490))));
(1461,(1630,((2428,5447),((5007,(2506,(1416,8827))),(40,2037)))));
(13150,(12444,(((3170,((1910,10378),(8273,(3607,(128,(15160,(3803,((10699,13352),(3560,7010))))))))),(((8990,(3842,15153)),(1341,(1658,4397))),(14153,(1883,15098)))),((245,1029),(2788,(9041,(7862,10024)))))));
(14773,(2247,(1771,(3871,(9629,(12811,(5020,12042)))))));
(3120,(((6175,(10056,(8369,(8951,(4316,14689))))),(8814,12598)),(5299,(8995,11508))));
(15621,((15295,(7012,8374)),((1977,8929),((1492,2775),(5658,(6947,(6050,(3938,14739))))))));
(9072,((13323,(7875,11248)),((5228,((5486,8339),(6800,(8353,13544)))),((12928,(10047,12466)),(1182,4258)))));
((3351,((12814,(2850,(2,11112))),(5702,(4124,6158)))),(417,6924));
(12354,((1065,2626),(14647,(14787,(5918,8888)))));
(4109,(((3613,(8355,15563)),(9859,14432)),(5056,(((10261,(1591,6521)),(4926,(4046,15093))),(4591,(4150,((9939,15642),(4663,(12242,(7090,((9137,12622),(6394,(11343,(4545,12177))))))))))))));
((10787,(2623,(4535,8995))),((6175,(5394,(8951,(1664,(2911,9045))))),(445,8814)));
(3695,(51,(2502,(6205,(14043,(8704,12458))))));
((1395,13172),(10422,(((12839,((2334,5420),(6070,(4867,(2046,14522))))),(10953,14130)),(3759,7065))));
(11080,(12094,((11954,(8075,12350)),(7863,(11699,(8946,(11269,((3284,14752),(7507,12209)))))))));
(11845,((11032,(11252,(7830,(6564,14103)))),(1277,13114)));
(4691,(8304,(373,(10730,((1029,(2483,(4384,14349))),(14889,((12980,(12925,(674,12754))),((1910,(9329,(6943,14176))),(15485,(14045,((1393,13549),(7606,(5161,14975)))))))))))));
(11278,(9284,((14629,(8797,(1222,(11299,14532)))),((7308,(10053,((8718,((4482,(3060,10607)),(347,9238))),(2946,11055)))),((7835,(7810,12273)),(7166,(1430,13687)))))));
(2228,(((2916,(14530,(6050,(95,2810)))),(1105,13420)),(2389,9828)));
((12922,13512),(1934,((2499,(496,15288)),((3051,(12817,((563,4292),(4329,10178)))),((10147,11284),(182,10335))))));
(8661,(8684,(8508,(10326,(7706,(7574,(1889,(4737,11163))))))));
(604,(((10793,(6104,((2976,5325),(4496,(9141,13796))))),(10895,10942)),(7089,12381)));
((4479,14652),((5227,(8365,(1162,14282))),((4640,(230,(3220,14014))),(9913,(4149,(12363,(3167,(2539,13451))))))));
(12094,((4566,(9785,(11699,((3945,6822),(10561,12209))))),(2074,(5144,13591))));
(10613,(8304,(373,(((4384,(1381,2483)),(4506,12121)),((11565,12925),(8898,((7228,(3827,4380)),(6403,(15402,(8847,(14823,14975)))))))))));
(7363,(((8277,(5504,(4941,9824))),(1793,(12363,(278,2539)))),(4587,13499)));
(13143,(13513,(13376,(8646,(1529,(13008,(14241,(13724,14934))))))));
(6830,(272,((4577,8059),(((13517,(10189,(10665,(3864,9324)))),(6063,(10069,14604))),(3854,((4765,(9595,12843)),(6569,12228)))))));
(10206,(272,((2312,(12711,12795)),((15305,(2254,9595)),(6779,9324)))));
(10135,(10730,((11957,13657),(9230,((14961,((5790,(10378,12839)),(13014,(4867,(2046,(10172,(2077,10699))))))),((5046,10074),(5475,15093)))))));
(1461,(1630,((9586,(6104,(5233,(6987,(3808,7740))))),(4386,13148))));
(1461,(1630,((9250,11192),(104,(820,(817,6987))))));
((9610,12096),((8785,(1631,13438)),(8150,(9402,(13827,((754,(1215,11107)),(3898,9945)))))));
((373,((2483,(14772,(4384,10024))),((3170,(11032,(8273,(11252,(14103,(9347,(3803,(4169,14975)))))))),((345,13109),(8990,(1341,(7144,12925))))))),(8304,12444));
(13443,(((3925,(4202,(13444,(11569,(4210,13379))))),(6284,(3557,15024))),(2097,10163)));
(7601,((7106,13657),((10096,(5046,6521)),(14961,(5058,(2643,(12594,(2077,7539))))))));
((7700,(4239,8824)),(6219,(4921,(6416,(3639,((803,8385),(3496,10727)))))));
(11896,(((4424,(14054,(1792,14103))),(7122,(7560,9831))),(5921,15148)));
((10633,(((((2398,8640),(3740,(937,10050))),(2449,3253)),(83,(1303,(4903,(12124,(2690,(((2497,9984),((2429,3132),(9424,(1757,13307)))),(401,11138)))))))),((2981,7832),(2098,8983)))),(6540,9610));
(2233,(6169,(9074,((4322,5732),((10611,(1050,14307)),(3290,(14243,((10885,12708),(13053,(7726,((4708,6951),(14332,(7086,10937)))))))))))));
((11430,(3429,(7526,14840))),(15443,((1287,(14181,(10430,(6799,(11834,((4388,(14326,(11643,15591))),(6346,(4125,11268)))))))),(1136,(5774,(10258,11945))))));
(3662,(12135,((((817,(14219,(4739,(4194,9347)))),(12781,(4928,14407))),(13478,(7463,(12634,(7144,10826))))),(6772,(934,(944,10454))))));
(11896,(8777,((8338,(14482,(6463,(6108,11481)))),((6681,(5753,11284)),((15271,(12762,(13373,(1646,6670)))),(2617,4150))))));
((2424,(6540,(882,12328))),(4412,(((3301,(12260,13687)),(14605,(5940,(10057,((1941,12402),(6866,10954)))))),(10753,13731))));
((2522,10522),(12985,(13086,(6774,(6375,13161)))));
(3148,(14852,(((10273,11918),(2341,(12629,(10138,(917,(2466,4100)))))),(6030,(330,1429)))));
(1103,(15300,(((4893,(15236,(2587,7726))),(14307,(14051,(9390,13787)))),(1860,5732))));
(13443,(14098,((3023,4170),((15100,(10793,(3155,(6342,(14433,(4210,(2580,6923))))))),(6498,(3557,7193))))));
((10135,(4265,9492)),(8857,(10730,(((6147,(13014,(((13626,14674),(4592,9984)),(401,5125)))),((6436,(13025,13057)),(6681,(8708,10050)))),(66,(10229,14482))))));
((1864,((11827,(5426,(5868,(((168,11614),(5330,(446,8439))),(2863,7207))))),(3317,14329))),(14313,(3923,15524)));
(2358,((1461,3603),((1630,6689),((7595,((7418,10616),(5407,5955))),((12352,(2165,(2015,(12065,14696)))),(1756,((4308,(692,(3793,(831,10965)))),(10885,(2699,8727)))))))));
(2697,((3809,12135),(6166,(5431,((13711,((2058,((2916,4928),(5153,(2060,(6208,(6050,(4194,15461))))))),(9877,(2185,(2189,13420))))),(11513,(1718,12707)))))));
(13659,((11410,11732),((6342,11738),(10891,14605))));
(5075,(15464,((1508,14970),((11468,(3440,3751)),((4158,8772),(11114,(5224,15130)))))));
(1901,(13607,((6331,8196),((13865,(7251,(6753,(15575,(2797,5990))))),(2220,4448)))));
(3923,(((1303,((2802,(3155,(2690,(9424,(3267,3683))))),(8421,9918))),((693,(6852,(2398,3374))),(3253,(5984,11565)))),(8983,(4722,(1494,14295)))));
((248,(5744,12005)),(((4602,6590),(7696,(4309,(13934,(1019,1852))))),(11475,12702)));
(7968,((7369,8196),((7251,(10306,15575)),(4944,(2220,9692)))));
(9672,((5147,(7001,(8946,(7706,(4096,(1889,4737)))))),(11533,12350)));
(1630,(((32,(3962,15563)),(((1425,13837),(101,10826)),(9686,((6586,(8606,10059)),(12309,12473))))),(7530,12841)));
(12135,(12740,((14889,(((4669,(12817,((10057,(((1393,2540),(5963,(1401,9986))),(2680,9611))),(8016,(2393,6092))))),(4088,5605)),(2344,(1780,4960)))),((4560,7666),(4098,6191)))));
(11174,(((10804,((9058,10461),(3224,3716))),((10577,14176),(8425,(2755,(5996,12163))))),(6133,8918)));
(1452,(14373,((1613,5131),(9295,((4,9815),(6064,(1460,6521)))))));
(6169,(9074,(15300,(((1050,(5504,(10611,(5046,13787)))),(14961,(14243,(13033,(12708,(2287,(13053,(6951,(14332,(2077,7086)))))))))),(13657,(1785,4347))))));
(12094,((8713,(11699,(12613,((9781,12209),(11301,13203))))),(10007,(5490,(14270,15189)))));
(10213,(159,((1519,10821),(12519,(516,(6319,(308,10490)))))));
(3148,(9810,((8929,(1492,(4090,(7301,(6947,(9860,12572)))))),(8374,13474))));
(12768,(4219,(((8964,(13345,(497,4543))),(7701,((5441,6019),((8171,11924),(((2466,12560),(3478,10998)),(170,11276)))))),(14154,(9593,12745)))));
(9610,((14889,((2344,(497,14518)),(14361,(5441,(13707,((1393,(3132,3203)),(5434,15067))))))),(6373,7762)));
(1461,(1630,((13759,(4490,13205)),((1870,2565),(14176,(11877,(868,(103,((12118,(2558,10393)),(4724,5161))))))))));
((5047,(934,1631)),((14290,(14219,(9945,10040))),(6927,8808)));
((7369,10214),(12928,(5486,(9945,(10306,(14997,(6800,9185)))))));
(9672,((5815,(5426,(4476,(5607,6450)))),(12827,14329)));
(12625,(1901,(15300,((14596,(((11416,(9560,(11292,(7742,(8718,(2797,5796)))))),(4315,5048)),(2545,(10611,(12273,(6796,13787)))))),((2705,14532),(7201,14629))))));
((14513,15388),(272,(11957,((15218,(9324,10381)),(14552,((9595,11178),(8665,13379)))))));
(8830,(159,((5387,7470),((3929,12519),(2694,(4040,(10348,(4409,9882))))))));
(12444,((((((3793,(1393,1646)),(4809,(11547,15263))),(2224,12929)),(2285,(5014,(8727,10982)))),(5753,(11468,(10189,14292)))),(8338,(7418,((5407,8484),(4170,7912))))));
(7882,(12907,((11779,(6775,9406)),(((3170,4921),(1682,((14433,(11789,(6001,12002))),(8420,14027)))),(12644,(6219,10639))))));
(6195,(((8359,(6058,15588)),(14842,(6152,(7471,(7031,(7761,(334,5549))))))),(5529,10483)));
(6057,(3302,((3973,(7957,13591)),(6822,(11306,(360,(13827,(7002,(13366,(2224,2618))))))))));
(7849,(3667,(((9913,((6399,7271),(6774,(13161,(7551,10406))))),(3220,13687)),(7419,10522))));
(8777,((3730,(286,((9255,(7665,15160)),(5845,6145)))),(1034,(3023,9212))));
(384,(7735,(14719,(((6267,14342),(11508,15673)),(((5504,(4941,(446,10595))),(1846,5958)),(14997,(10373,14421)))))));
((9952,(((6175,(1269,(3607,(7010,(3712,15420))))),(14305,(398,(1866,15570)))),(14227,(6294,7875)))),(4001,(4077,9072)));
((10190,(5680,7601)),(3681,((7188,(9608,((14256,(4456,9250)),((1106,((14839,(5613,10656)),(3325,3631))),(1605,9376))))),(938,(1994,6271)))));
(12252,(4412,((3157,12700),(4818,(6848,(11623,((401,10917),(9984,(13332,(7062,9281))))))))));
(12096,(14373,(((7375,(15220,(1416,((754,13332),(5352,9281))))),(12040,13442)),(11665,13509))));
((13427,(6358,(12644,(4470,(1015,3440))))),(15308,(4468,14783)));
(12444,((464,10744),((7459,(9692,9803)),(3572,((1404,(9994,(1792,(9259,15263)))),(2285,10982))))));
(1461,((1630,6689),(9097,(976,((9913,((6987,12929),(4747,14726))),((1468,(11468,(201,7379))),(1813,3615)))))));
(((12377,(14736,(12868,13985))),(10049,14105)),(7576,8681));
(9492,(8857,(12213,(((((6681,8708),(2179,8901)),(5753,6436)),((5385,(9039,11783)),(6432,(4857,((14045,14433),(((13626,14674),(3987,5115)),(1646,12938))))))),(8338,(3491,(6018,(10229,14482))))))));
(8199,((12833,((5259,6695),(3194,(3558,(8067,(1156,4081)))))),(5159,11286)));
(14463,(4219,(14505,((((7701,((5441,12708),(5979,(1374,((10408,(13468,(9141,(1641,7086)))),(4706,14332)))))),((5814,(3864,(497,6638))),(5785,13837))),(9618,(12325,13464))),(604,14093)))));
(6057,(15048,((551,((6246,(3983,7646)),(10888,11684))),(2952,(7957,12796)))));
(3351,(5702,(11854,(4903,(11679,(2,13071))))));
(3148,(14310,((((1537,6216),(4323,11918)),(2341,(3773,(13138,(12976,((3319,15113),(14383,(917,4100)))))))),(7439,(6030,(330,1429))))));
((3079,6188),((14757,((12980,(11670,(10826,10915))),(8298,(9452,(6094,((10059,(10637,13549)),(12309,12473))))))),(14213,(2769,15563))));
(4682,(14098,((3023,11575),((12356,(6498,(7193,8244))),(14302,(3155,(6004,((1563,14433),((2580,6923),(989,1961))))))))));
((10007,(4561,(7704,13721))),(8713,(7709,(12613,((11434,(4448,4967)),(9768,(11491,13203)))))));
(3952,(12736,(13607,(((15436,(6753,7730)),(11654,(13916,(13738,(5824,13587))))),(11833,(13265,(12320,(834,(7048,12248)))))))));
(13422,(10422,((14130,(11345,(4241,(9783,11282)))),(3492,14778))));
(14231,(7732,((7781,(60,(3947,(1515,((9680,14689),(298,11524)))))),(1149,(8915,(1645,12424))))));
(2697,((4596,(4077,12135)),((12236,(5431,((6393,(10460,((10454,12707),(1631,2304)))),(13711,(((11516,12634),(4046,(6852,(1430,5785)))),(4591,(4928,(9945,(((15461,(4739,(4194,8766))),(754,(5682,(9706,12177)))),(2393,12622)))))))))),(6166,12740))));
(14683,(((2638,(12053,(13414,((11938,(6586,(11015,12818))),(128,6072))))),(3587,(5787,(8477,9283)))),(8193,(14296,15610))));
(6917,((6334,11496),((3374,3875),((4775,8224),(689,(5489,11037))))));
((13115,((5561,(9905,(5807,(170,((13545,14433),(2946,5243)))))),(3538,14990))),(12768,13240));
((5369,5647),((12498,(574,13986)),(14243,(13498,(5394,5880)))));
(710,((1958,(12708,(141,(1024,5455)))),(2455,9099)));
(9545,(13814,((11425,(2062,3403)),(((6215,7539),(167,1973)),(2518,9839)))));
((((6355,(7586,(5857,(128,13352)))),(14250,(1245,(4397,8931)))),(14249,14831)),(9610,(10001,14382)));
((8325,14006),((2499,2757),(((1053,(15510,(5336,(6731,13879)))),(2069,10733)),(8247,13757))));
(14133,((2428,7796),((13816,(10381,(40,(5984,14097)))),(14118,(14129,(3834,(2506,5994)))))));
(7035,(11317,(15300,(((8895,9400),(4624,(1494,2705))),((1303,((3155,(14431,((2690,11292),(3267,(7097,((9923,10929),(9637,10597))))))),(5092,9918))),((12404,(8747,(9324,13787))),(6852,(3374,6676))))))));
((9496,13542),(7863,(4022,(7023,14752))));
((10135,11667),(10730,((((11623,(10574,15014)),((11450,(11003,13014)),((5069,(4592,7506)),(11253,13702)))),(7507,8544)),(11368,(15288,(2097,((10815,14970),(1508,6373))))))));
((3079,(((14039,(5984,(308,9171))),(4149,(9223,(12643,(1563,(10637,(8592,15198))))))),((3597,11575),(14282,(1162,4668))))),(13512,14652));
(6917,(4251,(((4046,(10748,(1015,3875))),(4591,(9372,(13910,(868,((2558,10890),(5489,12177))))))),(10396,(2483,(2421,14022))))));
(13460,((7242,(12364,(14054,(3585,13578)))),(3817,13758)));
(13254,((11181,(9828,15230)),((10698,(2916,(11064,((6050,9715),(48,2954))))),(2929,13420))));
(4513,(14584,((11139,14256),(11449,((5578,9730),(897,(670,(7107,11102))))))));
(2228,(12213,(((6018,(12221,(4888,12992))),(344,7595)),((3854,(6244,((4747,13103),(7208,14726)))),(((13517,13963),(10665,(1105,14115))),((6063,9711),(3615,(1135,12352))))))));
(11080,(13422,(8676,((4566,(12379,(11269,(14879,(13428,(3284,9390)))))),(7018,(1933,12711))))));
(((6674,(12356,(1203,8271))),(14302,((2203,6768),(6004,7125)))),(6637,10598));
(4109,(((1367,(12242,(4130,(10408,(8100,13468))))),(13299,(1889,(12727,13629)))),(11005,14351)));
(8168,(10447,((4989,(1260,4800)),((13986,(6063,9502)),(9327,((9290,12984),(7591,12932)))))));
((12546,15117),(9295,((10239,(((2540,9815),(4,899)),(5153,15449))),(11622,(7119,9005)))));
(4691,(14683,((12514,(11425,14349)),((7122,(12498,(10665,11565))),((2854,9329),(15485,(3493,(7606,8391))))))));
(13422,((4566,(12379,(3842,14153))),(245,(9041,12711))));
((6917,14206),(1657,(((13732,13854),(1301,(3875,7020))),(4315,(1037,((10153,12191),(5489,(14012,(5898,8941)))))))));
((6917,(1582,1598)),((5369,8611),((13885,((5489,7305),(9576,12298))),((574,5563),(2015,3875)))));
(14578,(14505,((13464,(7106,15563)),(5056,((4150,(5058,(3802,((13596,(3706,(4706,(14651,(1650,2580))))),(8722,9270))))),((6498,(3864,5096)),(5785,15093)))))));
(14006,(14584,((11139,11318),((4912,(12757,(11102,14975))),(9730,15062)))));
(882,(8857,(4412,(((((3308,5753),(3301,(2355,12794))),(12260,(1889,14693))),(1048,((7016,(5014,12839)),(2394,(10391,(((10954,13626),(1646,2046)),(2201,4867))))))),(8338,(3759,(3582,(6400,10616))))))));
((2030,13305),(1630,((((1284,(10793,(6667,(9686,(5325,(6586,(8606,9955))))))),(1903,(1425,(4174,13837)))),(3962,14156)),(7530,12841))));
((1684,7601),(2391,((1869,(9280,(10673,(12233,((7687,(3325,6821)),(9376,12061)))))),(2666,15298))));
(1901,(((4448,(5354,(5186,8544))),((9918,(6019,10574)),((15202,(2158,2797)),(5359,11450)))),(11368,(2757,((1494,14553),(2097,2713))))));
(963,(2717,((2593,(5227,9796)),((5425,(2699,((8771,15330),(12984,(2735,4308))))),(2541,8244)))));
(9684,(6169,(9074,((((1050,10047),(1182,10611)),(14243,((4850,12708),(3607,(13053,((4708,6951),(14332,(7086,14583)))))))),(13323,13783)))));
((2825,10744),((12404,(9168,(5984,11554))),(922,(9905,(10739,(1404,((1792,2378),(7772,(1661,11493)))))))));
(13305,(4683,((3403,(4108,(2788,8488))),(((6667,(11263,((1280,(5518,7836)),(5622,(5325,15470))))),(8635,10793)),(14140,(3205,(1883,4174)))))));
(6153,((2499,(2097,7957)),(((13910,(1555,(14045,(5161,6731)))),(10733,14176)),(5199,13757))));
(11896,(12444,((10024,10663),((3170,(3965,(8273,(12762,(50,(11094,(5337,(3803,14824)))))))),(345,(1341,8990))))));
(14001,(12354,((9250,12042),((11410,(3663,7893)),(8888,((3066,(14459,(11681,14722))),(3738,5243)))))));
(5205,(14868,(((6498,(6323,(3440,12595))),(15557,(8722,(2580,4158)))),(1307,9054))));
(3662,((12252,(4412,(((6590,10309),(7696,(7701,(13431,(13934,(10917,(1852,(13332,(9281,(7062,8100)))))))))),(11475,12700)))),(248,5744)));
(3079,(2391,((((7586,13330),(5857,(1912,(15364,((2540,9574),(48,10637)))))),(1883,(748,14250))),(7666,(2666,(12157,15230))))));
(13561,(11999,(8777,(7608,((((632,7629),(1489,13977)),(2874,(8703,(5845,(4246,(8944,(7730,(5518,(4749,9255))))))))),(1034,(10143,12248)))))));
((2210,4730),(15418,((10616,(11688,14389)),((10192,(9046,(10772,(9024,(15243,(7277,(8364,10390))))))),(13189,(6922,13428))))));
(6195,(8685,((1206,10008),(2469,(6588,((5549,15345),(2132,13535)))))));
(((2463,(8059,8611)),(14889,(((11623,15014),(2416,(1053,(3466,((1393,5336),(14321,(6569,(6923,13236)))))))),((5504,(9824,(4941,5710))),(14604,(8277,(2344,2767))))))),(5508,13115));
(8726,((1108,(6446,(13358,(1508,14970)))),((8993,(8171,(9665,(2052,12560)))),(4543,9874))));
((10339,13584),((461,8374),((1430,3016),((192,(2448,(5725,9857))),(1735,10524)))));
((9072,(480,9551)),((8403,10714),((5803,7875),(871,(516,(2876,(14105,14752)))))));
((9016,((8488,13438),((5415,(11263,((754,5518),(13760,(4152,8420))))),((180,4452),(3205,(8901,11476)))))),(10876,12096));
(((6393,(2788,9064)),((((693,5900),(449,1883)),(8222,(1658,7193))),((6300,11433),(6705,(14433,15160))))),(2072,4077));
(2229,(906,(2714,(7675,(6052,(14427,15198))))));
(8304,((13184,(12431,((7452,15504),(8976,(3521,10089))))),(6338,(8797,(5497,8773)))));
(((15,((11131,(13647,(679,(10656,(621,9305))))),(9608,11105))),(2450,4934)),(2843,10041));
(1628,((11703,(5529,(3962,8601))),((6152,(5712,((2404,(7031,(9860,(7965,8606)))),(1989,9686)))),((4192,6058),(1425,13837)))));
(2981,(5776,(15008,((5145,14425),(5671,10821)))));
(3662,(13150,((3667,12444),(1630,(7530,((10672,(2788,(3358,10024))),(((1341,8990),(1883,(345,5304))),(3170,(7271,(8273,(10405,(15160,((13368,(8100,9416)),(1961,(989,3803)))))))))))))));
(4983,(10714,(9954,(5803,(644,(6770,(10689,12655)))))));
((4019,12905),(7886,14825));
(3351,((1219,((2,(5500,10030)),(565,(4617,9110)))),(5702,(10827,12778))));
((((4763,(4926,7166)),(1591,6058)),(10698,(6152,(10053,(1097,(7031,(2615,(4482,5115)))))))),(14432,(5529,11428)));
(5744,((8558,(11475,12761)),((4309,(13934,(5658,(1019,1852)))),(4602,6590))));
(((2684,((14407,(817,(9094,((2326,(5451,(4832,5248))),(3103,(3496,7107)))))),(8222,(12925,(5652,12996))))),(6393,(7700,((4384,8824),(944,14022))))),(4077,5864));
(14683,((4487,(2469,(128,(12818,(6289,15345))))),(8193,12599)));
(1179,(2701,((3606,15610),(1789,(12881,(6561,(672,4221)))))));
(3057,(7982,((10821,10866),((6053,(3466,(5658,15236))),(3908,9390)))));
(12354,(2833,((9076,(8993,(2578,(10741,11949)))),(1904,8790))));
((((8708,10096),(6674,(11284,12101))),(15100,(10793,(1735,((563,2494),((577,12594),(7086,(1646,4181)))))))),(5838,(10229,(3012,4170))));
(2697,(7955,(6166,(4774,(5431,((6864,14511),(((14354,(7391,((3808,7740),(9014,12071)))),(360,13958)),(2872,9586))))))));
((9284,((5100,5517),((922,(11493,(12531,(2466,13307)))),(2894,(2449,12222))))),(547,4819));
(4563,((1761,(5294,(3015,9339))),(1524,9760)));
(((6355,((6091,7586),((12054,13934),(5857,9118)))),(14250,(10156,(787,13372)))),((1150,6889),(9953,11475)));
(5258,(123,((7519,12778),(14596,((1219,11865),(3392,(198,7742)))))));
(2701,(((12881,14166),(9091,(2053,(7305,7556)))),(12599,15610)));
(7035,((3282,(5341,11640)),((10249,(14431,(((1393,13236),(8869,9637)),(8770,10769)))),(12391,(13681,(1105,(3224,12423)))))));
(13561,(10334,(13187,(((2356,(11061,14221)),(5482,(8683,(8703,(1316,((1416,11737),(1664,(5518,(3793,12228))))))))),(((2623,5407),(7944,9250)),(6755,(4279,7418)))))));
((2428,3019),((40,5984),(9905,(2506,7772))));
(5114,(12444,((((10335,(182,4761)),(1341,11468)),(5605,(3051,(12929,(10057,((4329,10066),(3803,(2680,9611)))))))),(2499,(4297,8441)))));
((5972,(8646,(15305,(1350,2254)))),(14330,(4938,12795)));
((4719,(9769,((1501,(5285,(14790,(14631,(4484,(2120,(9488,(6561,11838)))))))),((7493,14839),(2214,12386))))),(767,10015));
(14544,((710,4983),(13560,(10714,((4728,5803),(((10122,13047),((10888,11684),(295,(10689,10744)))),(2952,(3909,8773))))))));
(14513,((10042,12399),(3497,(13379,(2836,11178)))));
(3148,((3429,5733),(12740,((((3744,6216),(11643,11918)),(2341,((7375,11606),((5029,9442),(((5682,8113),(14383,(14151,(917,4100)))),(2393,10587)))))),(6030,(330,1429))))));
(15621,(3723,(1124,(5776,(15008,(14425,15295))))));
(1103,(15300,(((14305,(14051,(6766,(13787,(3224,12423))))),(10080,(1622,11112))),(1860,4322))));
(11741,((3023,(5006,9617)),((5059,(12708,(11419,(12317,(14332,(6923,(1641,7086))))))),(188,9320))));
(((1430,(101,7810)),(7460,(7308,(15680,(206,8668))))),(12611,(8797,11299)));
((13240,(10479,13583)),(2198,((23,(10753,(10815,15641))),((5781,(13707,((3203,(12737,(6866,7553))),(5434,5940)))),(9592,(15355,(251,11922)))))));
((1164,(10001,14382)),(1869,((14124,(3505,15143)),(3175,5298))));
(2228,((12026,14683),((7703,8193),(((13837,(1425,6063)),(13517,(1105,10665))),(3854,(7916,(14592,((12818,(4739,10994)),(15123,(6571,13058))))))))));
((7601,10190),((((3325,10166),(10888,(9376,11684))),(10419,(3012,13541))),(938,2952)));
(2054,(15047,(12236,(6719,(((13293,(8090,(12627,(1105,7672)))),(10249,(5394,((1393,12295),(8060,8869))))),(3282,11640))))));
(2358,(6689,((330,4012),((1756,(4726,(8815,(12765,(831,10965))))),(2165,(1640,14696))))));
(14882,((13007,13292),(14889,((3854,(15614,(13707,(5434,(1393,3203))))),((2344,6063),(13517,(15246,(10665,13776))))))));
((884,14733),(((1404,(8132,((9253,(7556,10720)),(1792,13523)))),(4448,(1444,9692))),(10744,13721)));
((3429,5733),((3282,10871),((8770,(8869,(13236,14151))),(1236,(6766,(11643,(3224,12423)))))));
(9952,(14719,((3693,6294),(970,(1042,(3607,(7915,(12959,(7010,(2273,9318))))))))));
(12740,((12554,15383),((12100,(2393,(5682,6586))),(1596,12209))));
(12968,((1855,12796),(4961,(4842,(3053,(9366,(333,3983)))))));
(15181,((11010,13370),(11269,(12787,(13707,(7219,(2834,10148)))))));
((2783,15245),(12999,(13958,(13096,(15183,(8127,12071))))));
(13467,(9833,(149,((14482,(11481,(1574,13851))),(1655,((((7099,8220),(2136,(13373,((1941,2822),(11498,14024))))),(2617,4150)),(6681,(11907,(2355,8863)))))))));
(((202,(12737,(2824,7553))),(9711,(15355,(8077,14115)))),(702,1778));
(7414,(13125,(((11623,(13257,(13023,(6072,(11938,(4106,11015)))))),(12565,(13778,(8244,15051)))),(6454,7420))));
(3903,((10598,11005),((14302,(6004,(2797,8100))),(9768,(12356,12727)))));
(11270,(9284,((((1430,2929),(7835,(2590,7810))),((1529,(8968,((11055,11064),(7616,(2954,10607))))),(4927,10698))),(8519,11299))));
(((15210,(13478,(2545,8107))),((4982,(10648,12175)),(5591,8027))),(3059,6051));
(4666,((7255,(2452,(((1135,7315),((11554,15570),(308,3415))),(5778,(4916,5520))))),(12846,(5875,(7815,12935)))));
(14310,((2125,7439),((4323,9283),(3773,(13138,(13414,(2334,12210)))))));
((15352,(11910,(12006,(8745,(2444,5102))))),(6282,13292));
((3429,15621),(((7910,((2699,5988),(8723,(2824,4308)))),(8842,11643)),(5214,15295)));
(8469,(3002,(6404,(9734,(4476,6450)))));
(2928,(8676,((6090,13195),((2124,(5984,7463)),(10733,(14331,(7772,15572)))))));
(((10327,12252),((6393,(944,(6243,10024))),((14407,(8273,(817,((10057,((7062,(4564,8766)),(754,9706))),(3442,10917))))),(3065,8990)))),(4077,4596));
(((5021,(5219,(1162,14282))),((4149,(1661,(11037,(10509,(5489,12912))))),(3875,9168))),(6917,14652));
(3148,((1429,7439),(((7166,15444),(11918,14696)),(3773,(13138,(10053,(3132,(1833,(4482,(917,4100))))))))));
(4305,((11905,14683),(((2469,((3585,(128,8716)),(12818,15345))),(4256,7242)),(8193,13758))));
(3363,(1062,(8494,(8320,(281,4855)))));
(12444,((8484,14455),(1729,(12370,((2224,(15263,(5933,7011))),(2285,10982))))));
((4077,5864),(4109,(373,(15443,((((8273,(12242,((2326,5248),(3496,(3103,14975))))),(11770,15642)),(8222,(8990,(12925,15591)))),(6393,(7700,(2483,(4384,(8824,10024))))))))));
(13742,((7863,(12342,(5085,(2346,(3224,14752))))),(6531,13542)));
(13237,(1452,(((9242,(7125,(890,(1944,10680)))),(6467,(1460,14100))),(5911,12343))));
((4153,((10906,(14482,(11481,13851))),((6681,((5509,6467),(3440,6323))),(4150,(15448,((4158,9247),(5005,11498))))))),(5205,8729));
((8857,(12236,(6719,(((11266,(5227,10384)),(9796,(14729,(10229,14482)))),((5425,(13304,(12808,(5394,(5455,(13626,(13451,(9869,14651)))))))),((8090,(7672,10147)),(345,(8708,(4762,6681))))))))),(9492,12922));
((8611,9376),(4687,(4487,(15475,(8863,12851)))));
(1179,(11100,(5934,((((6766,(4221,(3224,12423))),(14305,(1889,2576))),(13247,(5667,(2207,(1622,6165))))),(8567,9608)))));
(2697,(6720,(6166,(5431,(((438,(6295,((11037,(1044,10937)),(3267,8413)))),(5778,11375)),(12846,(5367,11192)))))));
(6387,(((12856,(14880,(9686,(12976,(2404,(2076,(3706,(8606,15113)))))))),(5301,(1425,13837))),(7297,(8601,(3962,7909)))));
(5042,((2311,5709),((2398,8660),(11443,13799))));
((14733,(884,14652)),(6689,(12743,(((5494,6110),(1162,14282)),((10382,((2165,15355),(9168,(7859,14763)))),(4149,(9040,(1661,(8718,(7553,(11578,12737)))))))))));
(9931,(1771,((13711,(6219,(4921,(14407,(817,(3496,(10408,13468))))))),((4239,8824),(944,12707)))));
(11174,(13607,(((1284,((5726,((14972,(9706,9955)),(2404,6753))),(7296,14118))),(((5812,15582),(672,10263)),(294,12391))),(5465,(14170,(3135,10166))))));
(10613,((1461,14122),(1630,(((4506,10007),(2260,4384)),(8713,(14030,((13203,(11565,12925)),(6211,15445))))))));
((6061,(12136,12577)),(159,((3576,(743,5428)),((7701,(14254,(12376,(10348,(460,12309))))),(12519,(7863,10466))))));
(11174,(6689,(7362,((7666,(11957,13759)),((6572,13712),(2092,(5605,(5092,(12817,(5143,(10057,(2540,(4724,(2680,9611))))))))))))));
((13460,((7201,(4038,(6271,(3817,5761)))),(14889,(((2344,3111),(6796,(6762,(4960,8286)))),(12364,((4394,14054),(((8515,(1393,9986)),(3245,13578)),(6092,15236)))))))),(6725,13512));
(13561,(3277,((8857,((3079,9656),((3518,(3597,10229)),((3290,(10733,(8703,(3626,(5394,(12643,((5518,((13626,14674),(6731,10637))),(8592,15198)))))))),(8708,(6436,(12101,13738))))))),(2210,(2233,12517)))));
(14231,(10339,(((3932,(3549,(1515,((9680,14689),(298,11524))))),(9400,(1436,(8915,(1645,12424))))),(2722,7732))));
((10304,(4693,(199,8164))),(13585,13968));
(10950,(((((13498,14892),(3985,5455)),(4357,12708)),(1958,3988)),(2107,10656)));
(3903,((626,8608),((3139,10183),(12270,(2797,(15202,(3158,12721)))))));
(14773,(2247,(1771,((806,4082),(4322,(3282,(9608,((9629,((10656,(7057,15338)),(3093,(463,10689)))),(7045,12855)))))))));
(7732,(((2916,(11877,((9680,(103,6050)),(298,11524)))),(13420,13497)),(9828,(4490,4934))));
(9878,(12444,((9295,((2699,((13444,15485),((4,4308),((3803,7606),(7901,(9815,13549)))))),(12980,(1341,5327)))),(13500,(7845,(10163,13731))))));
(14513,(14289,((14461,(226,4759)),((11178,(4809,13379)),(3214,6358)))));
(11896,(5258,((14596,((6435,9831),(6437,(14054,(7742,(692,(9113,15461))))))),(5921,7012))));
((9016,((644,14156),(5056,((5415,(11924,(170,(4152,(11037,(5489,13545)))))),(1156,(3875,4452)))))),(2030,(6917,12768)));
(8781,(8857,(((10069,12980),(3074,(4850,(3607,(13549,13626))))),(13783,(7022,13323)))));
((8281,10135),(10730,((7418,(9250,(5407,6919))),((6604,(13014,((9970,14888),(4592,(3793,11355))))),(9967,12231)))));
(6312,(12714,((12121,(2483,(2570,(1096,6969)))),(((11397,12989),(2352,(3056,(1015,6340)))),((4489,(7228,(7627,(6403,((15527,(14823,(2558,(8956,10890)))),(868,3717)))))),(8297,8898))))));
((6751,(9757,((2502,8601),((6961,14471),(8704,(292,15184)))))),(9517,9833));
((4219,(((7461,(9997,(5441,((202,11112),(12333,12462))))),(14064,(11301,(497,6304)))),(3883,(5529,(403,6158))))),((5154,6924),(5222,10721)));
((7053,11741),(8857,(149,((1655,((5425,(((2946,(15381,((3610,12673),((6923,(10260,13451)),(13626,(5334,14674)))))),(2136,12580)),(2071,8220))),(13046,(6436,((6514,14014),(8863,(40,14988))))))),((5227,14455),(3023,(9796,12220)))))));
(12444,(4792,((5131,(4918,7022)),(9295,((748,(14865,(1341,10074))),(3074,(1981,(5790,(4537,(((3803,8123),(9815,10172)),(4,1882)))))))))));
(1845,((10605,(5083,11103)),(((2625,(2979,11944)),(1622,8941)),((40,(3224,12423)),(4573,9209)))));
(((7470,(6278,7957)),(5078,((5199,(8247,11099)),((1555,(3326,4880)),(828,(7092,13879)))))),(8325,(8830,14006)));
(12135,(15181,((4082,9122),(9608,(11303,((6693,13370),((10656,15338),(10822,(869,3880)))))))));
(8535,(14373,((9295,((14812,(8699,(13257,(4,(6527,(14583,(9815,13270))))))),((6521,13778),(5046,8147)))),(5131,(840,7420)))));
(11317,((((8041,14305),(6766,(1537,3540))),((7117,(15042,(11806,12633))),(7099,9985))),(1706,(3023,(10042,14729)))));
(6702,((13162,15624),(2484,((5146,10966),(8747,(1109,12884))))));
((10015,14202),((2502,(5159,5529)),((13325,(6794,(5963,14321))),(6695,11045))));
(7362,(3153,((14805,(2393,(147,15423))),(2949,12957))));
((547,(9492,12517)),(9284,((((8708,13113),(2894,(1015,12222))),(922,(9004,(13662,(5394,(11493,11826)))))),(9346,10229))));
(8627,((13791,(4364,(4547,((2859,12776),(11189,((1456,(9692,13295)),(13478,(1568,(3015,6381))))))))),(11710,(12130,(1524,6935)))));
(3277,(2233,(4488,((8484,(12248,(3518,7149))),(14654,((3290,(10733,(854,((2224,6039),((3410,7730),(14972,(6731,11017))))))),(3445,8511)))))));
(6057,(14122,(9769,((((10029,(43,2964)),(71,899)),(12851,(9818,12260))),(6864,14839)))));
((3429,13305),(12740,(((12700,12773),(7498,9400)),(14889,(((12404,(781,(9324,(4960,(11643,15017))))),(2344,4174)),(7910,(10793,((7662,(12054,((5325,(2393,6092)),(9986,(1393,9923))))),(5092,6667)))))))));
(7257,(6485,((9904,(12190,(5170,14797))),(6620,14398))));
((6207,6725),(604,(((7781,14715),((1492,(5385,(9039,12708))),(1976,(1374,((12938,14332),(9141,(1641,7086))))))),(3491,13541))));
(11298,(12300,((3352,((9120,(15017,(6710,14401))),(7410,10254))),(7498,(8759,12773)))));
((5146,(5048,((6571,8799),(11416,(12205,14986))))),(13162,(3014,10906)));
(13237,((12396,(7363,13692)),(((9242,(12190,(814,13549))),(12980,(413,14304))),(5911,7569))));
(7735,((8258,(10616,15673)),((13963,14693),(((4986,5355),(6244,9533)),(11345,(13103,14421))))));
