6272;
4544;
15390;
11422;
6041;
12414;
15017;
3697;
13023;
((8015,13911),(1245,4772));
126;
3798;
9811;
13713;
253;
(45,8276);
4397;
10609;
7994;
6434;
(2047,8630);
11975;
(9613,11000);
3343;
9734;
15146;
13412;
6040;
12434;
4187;
11944;
(5267,14352);
(9318,14321);
7479;
13021;
15055;
10218;
(14291,15058);
9102;
11114;
15432;
11730;
(8260,10119);
6061;
2486;
13826;
14006;
7883;
10522;
6633;
876;
2348;
(6627,(338,10685));
9126;
503;
12922;
13089;
(756,10238);
9876;
(11017,12479);
6583;
2517;
15434;
3623;
11080;
10303;
(10819,13660);
7371;
7747;
14754;
9347;
9752;
(7853,(11969,14739));
13354;
(1482,13228);
5951;
3124;
15047;
15616;
4868;
7147;
6280;
2232;
4242;
7594;
10905;
11008;
14251;
15130;
(14801,(12325,12477));
5557;
2369;
1302;
(8726,14465);
1602;
8451;
14800;
1914;
2430;
7514;
1550;
2687;
10889;
3996;
10976;
3929;
2139;
8774;
3083;
9563;
5455;
14014;
15258;
7977;
1144;
8511;
((6060,(8013,10448)),(2272,7105));
10137;
(5623,14858);
4609;
14517;
5756;
10589;
12099;
4579;
11571;
292;
4638;
479;
6460;
5654;
753;
10610;
7232;
11786;
11662;
4894;
2237;
5621;
6464;
(320,1359);
10607;
15067;
(3696,(7322,10258));
10346;
284;
3242;
(9402,15501);
4249;
7957;
7774;
(6120,9916);
14887;
9118;
4703;
4798;
2349;
1548;
8586;
707;
10324;
(11096,(1029,4278));
9142;
12949;
7119;
(1993,12812);
3706;
3657;
14070;
(898,8719);
14186;
12698;
15601;
5175;
(7258,13586);
926;
2138;
2466;
(4701,7714);
9810;
10493;
8350;
8210;
5950;
1010;
5038;
1745;
1370;
2619;
3502;
2117;
195;
2115;
6541;
(8908,9491);
(1234,(8320,8972));
7551;
12839;
5512;
1408;
11110;
3587;
2576;
11794;
15043;
28;
6862;
3667;
2697;
10959;
13557;
10042;
5160;
6407;
7694;
7856;
12015;
(7593,14066);
4878;
14314;
(15219,(3873,((((5934,11985),(2820,7094)),(518,9036)),(9689,14281))));
1401;
(317,11262);
5688;
(9543,(7970,8876));
12249;
((390,15555),((7565,13885),((14787,(1973,12695)),(495,8257))));
11241;
2831;
6319;
519;
13871;
7805;
(1361,15003);
4674;
490;
14497;
8737;
(1174,2110);
(10982,11331);
5103;
11402;
761;
14048;
5483;
14360;
13326;
(5969,(10939,12892));
380;
5003;
10614;
4850;
3591;
(2297,6427);
1078;
12105;
11938;
7939;
7843;
8078;
4529;
15243;
3550;
11023;
724;
6704;
12611;
15038;
1749;
12591;
9228;
10043;
(6791,8927);
3955;
14773;
588;
600;
11526;
3210;
8745;
13039;
13657;
5179;
12809;
14297;
11162;
3433;
8854;
13486;
11370;
14700;
8388;
5189;
10946;
6446;
10967;
(624,2429);
11249;
8073;
14909;
11863;
9095;
10040;
388;
9967;
12888;
11088;
5072;
4884;
12856;
1469;
7132;
2792;
(5428,6218);
8167;
14394;
3157;
(1176,9320);
9164;
11936;
11068;
(3283,7504);
6283;
12079;
9659;
14398;
4711;
2415;
(12416,14935);
9290;
3230;
12506;
2509;
8484;
11276;
7299;
2011;
1392;
2283;
12621;
3693;
2026;
6603;
8799;
(9443,(5113,9951));
7770;
5992;
92;
15233;
3960;
4826;
(4148,5326);
((552,14724),(1115,9073));
8601;
12956;
9293;
15584;
4539;
13274;
8038;
5769;
12028;
2480;
14435;
1876;
(5023,12128);
10485;
6439;
10898;
10325;
6246;
11806;
1089;
3142;
14810;
584;
1544;
12351;
13061;
10965;
13167;
11746;
559;
15113;
13137;
12548;
13580;
4228;
14447;
564;
59;
10133;
1042;
13468;
9599;
6279;
180;
13034;
1646;
(5509,8631);
4618;
268;
9091;
13790;
12748;
11514;
7267;
8121;
4408;
(1210,(12413,12787));
10836;
354;
2549;
8488;
9658;
14038;
5218;
7469;
2555;
7586;
4097;
6101;
((7610,(1101,10636)),(2315,6065));
12280;
5321;
14875;
4505;
9289;
14091;
11650;
1802;
4818;
2111;
(5429,11688);
2524;
7330;
3982;
(1505,5500);
10948;
(6550,12859);
3274;
(7661,15301);
9024;
14983;
1692;
369;
5701;
1333;
14149;
9849;
5536;
3885;
14950;
10800;
14999;
(1920,(11783,(2971,15271)));
5262;
(168,11067);
4545;
6998;
10557;
9771;
1728;
8622;
(11182,(3171,8756));
14298;
14187;
(7773,11101);
11138;
(9840,9853);
14193;
11503;
3345;
15126;
(1637,10670);
2113;
3374;
9436;
6941;
899;
11421;
8911;
(3943,14434);
12490;
11605;
10113;
(4546,12130);
8274;
4805;
1267;
7897;
8171;
8697;
62;
1448;
2757;
6884;
5526;
12593;
10659;
11082;
6778;
10200;
13845;
13698;
9268;
8836;
7133;
(3012,3787);
4930;
2543;
9865;
5497;
13286;
(262,13763);
11430;
764;
4305;
15298;
2873;
12050;
(2059,4318);
15088;
13;
14074;
7693;
(6819,9416);
(5158,8641);
6758;
4100;
860;
8277;
7144;
12126;
1510;
14748;
7991;
13636;
343;
8950;
3625;
12494;
2699;
9959;
7754;
7219;
10215;
6800;
3980;
5876;
10248;
8087;
6033;
8995;
4105;
3361;
15456;
8125;
1396;
(671,8922);
10537;
10619;
(2991,3388);
11206;
4230;
(1522,10552);
(6087,10528);
5076;
11547;
4768;
150;
2169;
4005;
(3499,(5888,7525));
13337;
2927;
4479;
14202;
2227;
12012;
12870;
1776;
10260;
5772;
(1120,2999);
6604;
(3883,6443);
(132,10648);
12625;
3626;
10242;
9605;
14895;
1755;
5183;
1064;
10621;
10627;
13263;
12293;
(1139,2605);
(4492,13805);
5325;
15022;
10211;
4588;
14565;
10457;
11515;
12893;
1310;
12027;
(10927,13810);
4297;
4374;
13802;
(2358,3148);
57;
3040;
11359;
5975;
8978;
11018;
1309;
10808;
12523;
2526;
2816;
11470;
8803;
11404;
2737;
15489;
11681;
5085;
11810;
8495;
12953;
10094;
8381;
1666;
895;
15183;
4965;
4099;
(((15073,15628),(4201,(10098,(6974,(580,12708))))),(6811,8333));
5594;
13222;
2279;
2019;
1543;
14093;
12406;
(5955,13708);
(10853,14254);
8363;
607;
8382;
2745;
8565;
2947;
14121;
15353;
7602;
423;
8249;
7827;
(8564,(7027,9632));
4714;
12619;
760;
(3379,9209);
619;
10293;
13457;
1305;
9873;
1706;
4721;
2245;
12589;
10698;
5749;
1659;
13042;
10593;
8656;
15089;
15554;
(1567,4270);
7937;
9664;
11900;
11867;
8056;
13923;
15124;
11638;
10551;
5758;
(4705,4950);
9392;
7531;
11570;
4642;
15614;
8245;
8766;
10900;
1276;
(120,7741);
6077;
4459;
10936;
11687;
10410;
9666;
4169;
14129;
2946;
5403;
(10735,(13057,14308));
11478;
14868;
539;
14274;
9167;
4275;
(4852,(12271,(8778,14032)));
7485;
15085;
38;
10665;
4829;
4392;
103;
14276;
7671;
15057;
188;
14838;
1236;
452;
(135,1758);
6877;
((10225,14385),(12805,15516));
(15122,(2171,13822));
1389;
3162;
3385;
14477;
2387;
3596;
4758;
7480;
2709;
4567;
3131;
10707;
2277;
11374;
9949;
13820;
9022;
6102;
8540;
(2863,6231);
10680;
12340;
11244;
8324;
10943;
8879;
11627;
414;
(7452,10344);
14269;
3227;
10669;
11123;
(5059,11925);
6908;
1479;
5839;
10332;
13097;
(2648,5663);
3628;
15101;
9690;
10646;
11615;
5817;
8348;
2195;
7418;
9025;
8572;
225;
2602;
(3182,12569);
3216;
4145;
12501;
4604;
3904;
4712;
(283,3434);
12146;
3828;
(2328,(11038,11781));
4995;
4593;
7043;
12187;
8442;
(2004,11566);
6860;
7882;
2877;
2366;
10314;
1190;
10122;
4735;
9267;
13683;
(12165,14520);
(2867,(10515,14646));
11576;
(3765,13026);
4453;
14977;
(2373,9897);
7291;
1098;
4647;
15115;
9952;
(3598,15363);
11465;
12661;
7347;
6387;
(1726,11694);
14957;
3160;
4043;
1579;
11952;
5642;
8941;
3056;
12614;
1440;
2983;
10243;
10920;
9523;
15270;
12732;
10357;
4056;
7725;
12623;
2570;
6794;
(5808,13795);
11161;
79;
431;
4700;
(5666,6025);
8616;
5317;
14280;
2589;
3701;
2766;
6546;
1026;
505;
10142;
5363;
755;
4846;
((4209,6247),(2685,6555));
13766;
1593;
3691;
5659;
10054;
2942;
6734;
9304;
798;
10012;
1283;
1750;
2224;
(1562,5841);
1957;
52;
9775;
12608;
((3187,13599),(9002,11879));
10635;
10056;
2806;
2225;
961;
(1651,(7297,(14933,(1785,4027))));
3745;
6277;
9889;
9474;
6634;
15284;
3764;
(3618,10915);
5368;
845;
7427;
13559;
10041;
4718;
3235;
15093;
7318;
3668;
12717;
5227;
5005;
13628;
(4168,(12771,13678));
14196;
2882;
3969;
14934;
11450;
11759;
15185;
7868;
1635;
402;
(8138,9138);
1958;
1388;
5192;
12917;
14779;
11118;
12186;
8230;
13157;
(8089,15531);
9105;
12898;
1596;
1936;
6693;
8417;
12721;
7493;
7876;
461;
3636;
2844;
9928;
1531;
((13273,13941),(695,8224));
7319;
11791;
8371;
(1501,(15193,(4621,(1916,7588))));
12248;
5056;
12563;
9941;
4008;
7205;
7604;
15564;
8116;
486;
11934;
633;
12957;
334;
12264;
(199,(636,(2423,7943)));
4420;
7913;
15523;
15248;
7130;
8840;
5323;
11443;
8514;
7017;
6202;
3990;
3250;
10797;
14082;
3226;
(13431,13674);
5971;
15204;
14871;
313;
11134;
463;
1233;
11281;
1601;
(6016,12743);
4743;
13680;
9635;
13890;
(1153,4128);
2080;
14670;
5842;
(1643,11010);
(14734,15317);
(((2219,7432),(9860,13695)),(95,12938));
15626;
11250;
3367;
7709;
10886;
8967;
10937;
166;
3796;
11809;
2258;
9420;
12476;
5678;
13532;
6289;
11174;
2184;
3610;
8985;
10257;
(6287,13403);
980;
7079;
13776;
9018;
4034;
15218;
3004;
6474;
8375;
(3602,14044);
2033;
15504;
8577;
450;
(12282,14936);
896;
8139;
9851;
10682;
1343;
4880;
2381;
11593;
6255;
11882;
(259,6751);
4684;
15135;
11878;
4445;
(3460,(8507,10758));
6658;
((((2175,4986),(2448,14940)),(4463,7113)),((3630,6281),(7512,8957)));
12098;
11609;
13058;
15478;
(3373,4007);
7756;
13616;
14088;
3760;
5618;
(6367,6420);
11639;
(4830,10940);
(2120,12659);
12711;
1897;
4363;
1999;
13453;
2997;
7314;
15484;
8415;
15446;
4489;
(12724,(2908,9148));
13519;
3036;
1219;
4792;
401;
12891;
11141;
14176;
7;
4440;
(1867,3308);
5412;
15214;
4326;
2904;
6162;
9445;
11446;
11475;
9101;
15605;
2452;
7323;
10355;
6019;
13975;
15330;
(9077,(6093,12844));
2717;
(10309,15299);
2383;
190;
(3790,13110);
222;
14126;
7262;
8273;
3355;
3534;
1329;
3948;
10839;
10046;
14925;
5394;
4061;
3839;
(6225,10771);
(2817,7844);
2539;
(783,14803);
1142;
14920;
10364;
9774;
13366;
12601;
2535;
(2930,11064);
7555;
(8482,13278);
7036;
5809;
11715;
14472;
13233;
((2938,10399),(11043,11309));
11725;
5432;
10421;
276;
13499;
14467;
9406;
13074;
(2594,7021);
5612;
10392;
1881;
8747;
12901;
575;
11890;
13929;
3889;
(2183,3942);
(8899,(3546,13969));
(7251,11144);
9586;
7223;
7720;
1915;
8546;
3907;
1484;
12979;
1991;
9612;
12409;
14220;
745;
(364,3248);
12706;
11856;
1856;
15582;
(4670,(5818,9850));
13471;
4337;
5972;
6126;
10265;
14371;
9174;
10380;
8885;
15581;
10826;
7828;
14441;
15008;
9004;
4113;
(889,15569);
(4724,12552);
7538;
4158;
2954;
(13574,(3137,9043));
(5868,10152);
12067;
3023;
6702;
6590;
11426;
(2274,6686);
12295;
12783;
5295;
9596;
14820;
8960;
249;
(3872,4385);
9481;
11561;
10109;
6285;
4240;
14537;
14928;
11564;
6926;
6690;
8216;
9336;
(1075,9548);
12715;
(7066,(7026,8819));
10692;
4576;
3426;
12820;
8986;
(1808,9286);
(1099,7981);
(4595,6708);
(5504,14791);
9401;
14174;
13415;
15060;
14842;
5123;
3313;
9387;
5435;
9297;
15023;
9338;
6712;
14167;
2287;
9662;
11278;
(4699,13556);
(11852,(5221,6467));
5939;
13466;
9769;
2728;
2985;
14086;
8447;
7282;
6912;
13686;
5112;
13127;
13015;
890;
(6719,14155);
4788;
12821;
13876;
3543;
5425;
2925;
13126;
3780;
4116;
11311;
811;
4204;
3175;
14180;
2595;
6793;
7364;
4651;
8968;
3962;
7852;
13084;
(1332,13785);
8573;
2763;
10772;
12328;
498;
15078;
14168;
13364;
14828;
834;
13156;
5049;
3432;
6907;
15654;
12228;
6576;
(13597,15445);
3032;
6697;
10805;
5532;
5181;
(7321,10076);
8426;
4371;
12710;
11388;
9378;
616;
2585;
15319;
12749;
2960;
5374;
(1757,7349);
12602;
11961;
3821;
(2427,14640);
4864;
11579;
12371;
(2754,5916);
2719;
6035;
(10972,15061);
3799;
1828;
4841;
1913;
3006;
2657;
2935;
2160;
(13704,14673);
13203;
13216;
8413;
2607;
15645;
12540;
13762;
14185;
(2917,3481);
9172;
14512;
(15461,(8108,(6707,9782)));
8290;
(13249,(3112,11267));
13188;
10895;
11723;
6559;
12200;
5577;
4121;
2933;
1207;
6166;
4152;
(648,7245);
8487;
12016;
(711,8574);
9188;
2784;
7760;
(4377,8203);
4956;
14479;
10459;
(7063,12848);
14140;
9988;
7199;
8084;
9363;
6001;
(986,(8543,(12074,(5736,5760))));
12377;
7285;
8027;
10168;
7682;
12398;
2437;
11643;
2474;
10339;
7596;
1839;
10227;
4978;
(1899,14395);
15015;
127;
14386;
6857;
4881;
2030;
1533;
13295;
10171;
4155;
7031;
13100;
6475;
12559;
9208;
5823;
10025;
13797;
7453;
12653;
5558;
12865;
7491;
12357;
14444;
2180;
10024;
1927;
4322;
3655;
771;
434;
3744;
1147;
817;
7407;
6720;
1372;
(6394,8201);
14556;
6813;
6619;
4507;
13653;
9362;
15139;
11432;
3399;
11957;
13947;
(13283,14451);
3035;
4649;
7351;
(337,(8910,9212));
7222;
9432;
3431;
13479;
(909,1904);
6547;
9072;
11738;
12433;
13413;
8225;
3222;
3369;
4654;
11054;
11004;
(4421,9914);
3556;
12759;
15226;
2162;
14526;
14272;
4009;
9738;
11288;
6743;
(4321,12069);
11752;
5194;
3241;
9540;
13543;
11492;
1896;
(10432,12227);
15150;
(5443,9670);
13718;
1090;
14693;
(5376,8530);
5206;
4258;
10592;
2104;
13740;
14684;
(9479,14415);
(5268,6448);
13662;
(4324,12308);
13260;
13630;
11858;
976;
8851;
11342;
(2143,3340);
11716;
2759;
12550;
13787;
164;
14891;
13164;
6516;
6540;
6861;
11672;
14232;
(4004,10169);
10907;
9688;
7056;
471;
3559;
12747;
15337;
1321;
(10930,(8513,14041));
1158;
8798;
3095;
56;
4183;
(2359,(8988,10649));
8728;
12358;
5759;
(11181,(11170,13933));
(5000,13345);
3757;
15469;
8940;
2878;
12986;
11595;
9697;
4943;
9301;
8055;
13934;
11586;
12122;
(5361,11345);
12845;
(3491,7370);
258;
8455;
8205;
737;
11211;
7492;
14087;
8037;
5241;
13928;
5154;
7505;
806;
2119;
6703;
11632;
1696;
9530;
(7283,8025);
13099;
13894;
15162;
2893;
7088;
13469;
12817;
2561;
9034;
13172;
12697;
11203;
1122;
12422;
14921;
4189;
13470;
(10038,14584);
12778;
8650;
10246;
12366;
14619;
(2073,3139);
9936;
8588;
(7673,7767);
14156;
13848;
2714;
1244;
12776;
8971;
5603;
10335;
((7229,9294),(13388,13919));
3779;
14653;
8405;
13619;
6021;
5035;
15257;
13811;
13778;
2084;
14199;
7374;
9974;
14483;
8486;
5236;
7520;
2394;
2248;
15421;
11252;
8053;
7633;
(1371,4525);
2222;
6682;
8175;
953;
4909;
4530;
(869,4752);
349;
533;
8538;
3624;
870;
9834;
4069;
5940;
6154;
4490;
6822;
673;
13835;
6695;
4873;
7812;
(8428,(271,(4602,6672)));
5155;
6073;
14381;
3111;
(4144,7837);
5734;
3944;
3392;
8345;
3026;
4222;
5938;
13979;
4131;
4289;
6351;
9152;
15157;
12828;
14569;
3758;
13311;
6088;
8891;
2024;
14356;
11767;
7819;
10858;
11115;
14815;
10009;
7340;
14207;
(9109,12785);
4646;
11207;
8071;
9714;
5228;
10430;
1661;
1067;
10705;
14609;
10598;
5513;
6140;
13300;
3105;
5552;
11264;
12159;
7466;
9602;
6782;
7962;
691;
(3050,9453);
(1837,3646);
11707;
8312;
12202;
5563;
5804;
2742;
4390;
3407;
2567;
304;
1674;
5905;
9295;
4252;
5893;
3841;
4641;
11284;
241;
13481;
9265;
8101;
(13424,15086);
(5700,(3984,6508));
11921;
11678;
7495;
10499;
14995;
14573;
(3477,(4979,5546));
(9216,13418);
4731;
5041;
9121;
(10971,(3437,13032));
9551;
14255;
6498;
13327;
7093;
6831;
8194;
3533;
14588;
((1461,5449),(5782,15454));
13867;
14428;
4746;
15399;
4109;
15497;
14482;
13563;
12526;
342;
4550;
6084;
(1613,12257);
11599;
5696;
444;
2133;
15034;
13107;
2103;
1685;
3252;
5493;
(3293,5045);
10021;
3031;
(13962,(10237,14980));
7496;
6527;
9005;
13541;
9273;
300;
10048;
5583;
8522;
2426;
12933;
5081;
11216;
1301;
3102;
6003;
13709;
6429;
4368;
6421;
1671;
12383;
5929;
1569;
12843;
11740;
11065;
6742;
10947;
10469;
6646;
6906;
5957;
15106;
8390;
(8235,(1575,12133));
2723;
12819;
968;
(2155,10259);
12171;
7530;
10407;
13966;
13302;
1819;
1809;
9843;
6552;
(3186,7163);
13272;
1500;
(107,11235);
(211,1001);
14721;
4887;
11011;
7382;
12044;
(3801,13411);
6369;
5881;
10244;
14532;
13988;
7956;
1228;
2114;
3173;
13661;
8600;
7620;
(191,1366);
8946;
4425;
7200;
142;
6321;
9717;
1112;
6409;
4748;
12267;
6716;
708;
4221;
1444;
12735;
3601;
12612;
14624;
14659;
11554;
7020;
(11776,12436);
15147;
1655;
11660;
8826;
5833;
(1796,15495);
7700;
(391,6343);
7688;
6844;
4970;
9538;
6973;
8077;
13289;
5559;
(12303,13344);
459;
5668;
2173;
7848;
10437;
6745;
9741;
1393;
445;
3725;
5706;
2247;
10596;
4730;
7916;
13723;
(1888,2234);
10487;
9922;
850;
(5215,(2751,2974));
5110;
6345;
638;
10275;
2253;
2758;
(12886,14001);
255;
(4402,8440);
14344;
4935;
5781;
5674;
1000;
(877,10370);
(1385,10188);
13267;
10281;
878;
2331;
4015;
9927;
8894;
9495;
5269;
15506;
2876;
3370;
5300;
14932;
(1412,2579);
5840;
11330;
2438;
(4629,(2973,3007));
3456;
11395;
1846;
(11006,13485);
15533;
5624;
5515;
14471;
14247;
2793;
5683;
2802;
(585,6769);
(5872,11488);
13555;
6119;
10223;
5454;
14495;
861;
797;
3256;
2743;
5163;
11060;
(13135,(9312,14770));
561;
9065;
8085;
(15318,((12991,(8489,8982)),(147,8501)));
15154;
(4527,12672);
1007;
143;
6780;
14923;
6482;
10656;
9955;
4048;
1450;
6558;
7310;
5973;
13038;
14293;
9644;
(9356,13502);
(11024,13237);
13677;
2703;
(7676,12588);
12936;
2054;
12592;
3312;
(8309,(10381,12087));
1126;
1079;
5790;
14022;
8812;
9830;
8054;
7217;
13166;
855;
11062;
14914;
12670;
15164;
6984;
(4332,7208);
12260;
6468;
2529;
(3000,8259);
12728;
13177;
8939;
4265;
5470;
6013;
7308;
6401;
(5431,9006);
12495;
14257;
8286;
822;
4472;
8991;
10476;
534;
4082;
(3522,4589);
(3811,7143);
(2176,3079);
5810;
2923;
8001;
2829;
5620;
3350;
1287;
10694;
12108;
7123;
(1017,15666);
2137;
6736;
(6293,11623);
10647;
3330;
3827;
134;
1889;
2987;
1415;
4264;
(9871,12076);
8667;
5496;
5157;
3627;
11464;
9990;
14970;
9470;
6094;
5349;
1014;
6435;
11853;
215;
1841;
15430;
1869;
1720;
9307;
11831;
(5661,9768);
1422;
1382;
11612;
4984;
5593;
7817;
3545;
4698;
10224;
1253;
5644;
163;
4066;
4695;
290;
(4691,11240);
(12018,14368);
14413;
(4524,15465);
11093;
12560;
1087;
3246;
12788;
8797;
(5350,9486);
((6155,10742),(15196,(3021,(3014,4282))));
13990;
(4775,10492);
3978;
11371;
9175;
10255;
10762;
7454;
15463;
13884;
11655;
(5249,13218);
10451;
(7137,14358);
7621;
8591;
(11362,(3622,6739));
14545;
9132;
14154;
15228;
15259;
7281;
11563;
13416;
6201;
10591;
1626;
668;
12285;
14907;
12941;
10409;
5409;
8582;
1694;
6123;
13096;
1022;
4643;
13829;
(1356,11706);
(8790,10966);
6781;
6254;
2521;
5062;
6167;
5177;
7591;
11819;
9712;
12824;
14120;
5372;
5016;
11349;
8176;
507;
2624;
11061;
2966;
438;
8696;
11455;
12876;
2266;
4236;
526;
15033;
9178;
4627;
8131;
(3645,4067);
8831;
9215;
7572;
7648;
8724;
13757;
12763;
6324;
5653;
(3003,8515);
(10386,12127);
12515;
6715;
((14158,14663),(10341,11693));
2099;
12148;
6395;
2809;
12792;
13382;
4556;
4652;
(7850,12913);
1421;
2127;
12470;
4533;
4343;
12606;
10789;
11259;
6252;
1312;
(1814,6331);
13224;
8083;
5915;
8126;
656;
7879;
7460;
2300;
12338;
6115;
6328;
15377;
(10150,14540);
5018;
7185;
14347;
1710;
4174;
(5273,13733);
4006;
8768;
1854;
11022;
3174;
1564;
8453;
14262;
7508;
10347;
2281;
10880;
13834;
2637;
7169;
419;
1979;
623;
7563;
14968;
8848;
15282;
6206;
15431;
(9709,14275);
8917;
11531;
3551;
10175;
10444;
2434;
13231;
6335;
(10856,(10406,13307));
5684;
7387;
6696;
595;
8010;
8983;
8400;
1863;
(3594,3778);
12894;
1243;
(10934,13048);
4356;
7658;
1695;
12353;
(946,8459);
14189;
7104;
13874;
1186;
6490;
11695;
11909;
12161;
5533;
2566;
3562;
8818;
599;
(14781,(596,605));
(2404,(5389,10845));
4625;
10736;
2874;
12952;
(6772,10228);
12102;
5265;
700;
14549;
12150;
11145;
(3662,(11210,13561));
6812;
10456;
(12378,13579);
(7218,11346);
3498;
14696;
3354;
786;
14916;
(1320,1794);
2913;
10600;
11258;
5761;
7329;
(8636,10779);
4645;
8750;
6964;
8994;
14349;
8776;
7177;
4692;
13728;
5362;
9839;
12505;
8777;
(1023,4178);
9394;
14742;
1264;
9942;
(2105,12236);
9243;
11870;
12831;
11951;
314;
1254;
4360;
21;
3938;
3219;
14072;
7573;
3552;
12733;
8715;
12607;
7439;
11146;
8003;
1229;
(2156,5182);
12060;
6650;
11519;
(6970,(15558,(4980,10285)));
7399;
(41,5898);
9064;
(10704,11462);
14974;
15572;
11572;
2750;
9575;
8680;
11824;
10567;
12405;
5097;
1606;
4779;
14601;
5832;
15186;
4728;
(12001,14877);
620;
(54,9264);
5099;
5714;
11637;
4644;
11747;
10291;
1556;
14711;
5489;
8711;
863;
4226;
757;
(12980,(484,12993));
6052;
14354;
12533;
14105;
8432;
13119;
(2984,8875);
11697;
(3674,8690);
6385;
15074;
7778;
9259;
10354;
5324;
10688;
3831;
9054;
7627;
152;
13111;
4412;
(8784,9021);
(5055,15044);
762;
11058;
12931;
(3526,4346);
10686;
(3638,10878);
9482;
13936;
2182;
(9818,(6170,((10472,(4476,6212)),(6721,(6132,10785)))));
12157;
5025;
8945;
11851;
5217;
10979;
4889;
13500;
9900;
2676;
2208;
(8051,(12061,14542));
4157;
5257;
15436;
3088;
13658;
14602;
4732;
5797;
9463;
1797;
915;
14851;
8791;
2545;
3206;
9170;
(130,3968);
99;
7173;
4571;
12478;
13868;
15080;
13065;
(9898,12238);
15551;
5551;
3771;
5207;
(5024,6440);
(7120,((5139,11820),((2968,3555),(3064,5545))));
2056;
5311;
(4160,7224);
12467;
3665;
2870;
((9462,10565),(3451,11749));
15314;
9099;
(8704,(5800,14324));
11336;
8977;
1664;
13339;
(7394,14677);
3677;
3048;
8099;
5573;
13958;
(9177,9372);
14567;
4877;
4985;
10709;
1871;
8096;
15417;
(1430,13525);
10367;
(9014,12071);
14230;
(789,4835);
6366;
13246;
(5870,8635);
9291;
7111;
13935;
3208;
5367;
15473;
4062;
12688;
15232;
15476;
2644;
15239;
8664;
5932;
13770;
9764;
5501;
8634;
12273;
7959;
10131;
14833;
7539;
2094;
10784;
8810;
3910;
9806;
1436;
1273;
4962;
565;
8022;
10144;
9758;
11702;
12919;
6477;
2851;
12861;
3503;
2725;
10141;
(11365,(179,15692));
(5256,5518);
13309;
14669;
4837;
12631;
8061;
(193,1630);
(3473,3840);
(2442,13290);
2278;
3846;
14144;
(3278,5201);
9913;
12389;
13152;
13365;
2747;
12713;
12256;
1081;
1834;
7162;
12395;
678;
2903;
14852;
15494;
2351;
(3683,6378);
2121;
8281;
7146;
11734;
5875;
4607;
356;
4801;
14052;
6415;
12572;
7808;
13669;
12104;
11271;
10295;
(5130,(12634,14809));
649;
9134;
13535;
5298;
4808;
2778;
6889;
2251;
3405;
581;
5516;
(1275,14533);
7312;
4540;
10088;
9237;
10989;
11611;
7385;
7354;
8767;
6569;
13863;
15307;
5960;
7392;
8544;
11904;
(12162,14578);
(8699,15515);
566;
1368;
9086;
4536;
1251;
15630;
7599;
9631;
1161;
12442;
8360;
15211;
(5541,10304);
9970;
417;
9038;
2711;
10701;
12347;
(3823,5082);
1050;
5266;
400;
1686;
13540;
6958;
548;
6504;
11489;
4277;
(5857,(11293,(4578,5392)));
2600;
9656;
(7313,15538);
12154;
13378;
3565;
14221;
9399;
(2837,5071);
742;
5291;
1213;
15593;
2181;
7129;
7800;
3185;
(15452,15549);
(3223,8272);
14343;
3531;
12206;
2894;
11720;
13901;
157;
12471;
2276;
11679;
(2678,8844);
(43,14853);
90;
2201;
2990;
9835;
14252;
7996;
11648;
2992;
9944;
2384;
6461;
(6222,(7659,11339));
9788;
2340;
(5587,8117);
5984;
1817;
1387;
4344;
(1258,7383);
7616;
13573;
15143;
14373;
5547;
14900;
10210;
10502;
9705;
11173;
4127;
13943;
1346;
13207;
13072;
8300;
9561;
9896;
11991;
8399;
10497;
1845;
14913;
10173;
13565;
6940;
2320;
1634;
3547;
6095;
2441;
14611;
10026;
13814;
(2467,(9204,(8048,10506)));
7327;
(7958,(12768,(2367,2748)));
4259;
11195;
3389;
670;
11057;
(1645,3013);
7785;
5204;
9421;
13534;
13421;
11247;
1681;
11495;
15328;
11155;
14975;
12807;
6085;
10300;
(13012,13994);
8160;
11499;
3273;
361;
15589;
10533;
14367;
13348;
740;
207;
(5584,(7134,9832));
4562;
(10184,14554);
13569;
12500;
1145;
13185;
8919;
2203;
12528;
14799;
491;
15264;
6789;
9531;
9035;
2179;
(7400,11948);
1468;
(((219,12435),(7301,7742)),((3581,12185),(9344,15440)));
11487;
11409;
4937;
14850;
12995;
15304;
11887;
(48,3178);
(2532,9412);
6174;
9383;
10176;
12716;
635;
5597;
8823;
15509;
2411;
2304;
229;
(13201,14071);
9158;
2892;
8275;
9679;
5861;
12770;
3999;
13434;
140;
997;
9053;
11659;
12052;
4143;
4543;
10016;
3769;
9391;
5912;
8738;
(10239,(1221,4912));
9726;
11472;
1619;
5486;
2305;
13538;
(1041,13303);
1230;
8017;
13530;
2145;
1820;
((2496,9405),(1683,13046));
1132;
6560;
9617;
8989;
2500;
7500;
(7967,(11543,(6058,9120)));
13558;
129;
11812;
(6494,12764);
(13446,(524,2854));
8063;
1199;
9999;
8973;
3761;
12063;
3132;
(12673,13223);
1487;
13234;
(3577,14580);
(3493,13389);
13891;
4800;
2807;
15178;
9699;
15651;
5434;
15075;
11296;
1805;
3747;
13869;
(238,8556);
2653;
2787;
1458;
(13179,14315);
202;
13244;
1307;
14744;
6221;
(3365,7235);
13462;
2350;
(5168,14327);
14771;
11356;
14408;
(8304,15520);
3271;
2533;
7934;
13659;
117;
(2217,8416);
9750;
7483;
11078;
12115;
4320;
7152;
5579;
1499;
6304;
12983;
8736;
1584;
12513;
(4915,9165);
12457;
10434;
1905;
9114;
5780;
3735;
8860;
14965;
12083;
13037;
((8800,9556),(8549,12873));
1717;
2374;
4715;
6997;
11874;
13978;
1617;
12699;
3922;
950;
14068;
15280;
3856;
1521;
(3043,(9011,15142));
10924;
14745;
6972;
9812;
10848;
2836;
(((9081,14905),(6063,9092)),(2675,6724));
9334;
(139,11454);
3199;
3285;
1004;
9296;
2270;
14015;
12404;
14901;
(629,11940);
3812;
14151;
(4288,14988);
4934;
7575;
11219;
5662;
11179;
13940;
11028;
8052;
9427;
8349;
10235;
9875;
9136;
8807;
(778,9917);
(4380,14290);
14884;
12617;
(4899,11977);
4046;
(8221,12021);
14712;
5487;
6453;
542;
3065;
(4791,7236);
9271;
6868;
6309;
11253;
9082;
3327;
3234;
6216;
9454;
7065;
(331,4091);
(3063,6000);
7574;
9037;
4108;
12629;
(4441,15014);
868;
10580;
14053;
6763;
7241;
2900;
5012;
1292;
(8414,8535);
5630;
12142;
5611;
562;
11913;
1481;
14883;
14164;
5387;
(1378,6400);
15389;
6539;
3315;
943;
543;
8030;
(14691,14847);
4094;
12070;
7203;
(5334,6598);
(6143,(6988,(4552,12144)));
4954;
951;
8993;
13607;
174;
4617;
654;
14128;
3756;
14407;
1848;
6436;
4659;
3953;
(1362,14294);
(12007,12397);
8197;
5511;
2085;
3927;
8585;
1788;
7324;
11633;
12705;
1009;
1475;
12604;
12714;
(8434,(11653,12897));
(2928,11927);
14124;
8325;
13004;
(5908,8888);
3475;
12981;
(1708,12644);
2231;
555;
13670;
13051;
10645;
9190;
4389;
(2660,9512);
9369;
12233;
3052;
1941;
2241;
14457;
11645;
1204;
15046;
1964;
223;
11380;
14719;
14198;
8284;
15647;
13629;
12156;
1928;
14212;
(5553,(1306,5639));
9382;
5122;
8151;
13754;
9693;
(1434,2618);
13456;
4042;
6290;
5484;
14488;
11530;
(260,5418);
9156;
12106;
8217;
4430;
12421;
8220;
3128;
173;
8678;
3639;
8606;
1036;
12597;
(598,2498);
3277;
9975;
5958;
(83,2700);
11516;
3913;
15145;
(15527,15689);
8002;
3936;
2525;
(122,(7161,(3121,11187)));
6487;
11327;
(4975,(5947,(12574,15062)));
8347;
12934;
13425;
(10490,11745);
7608;
1950;
15503;
2475;
13178;
10391;
14896;
1990;
2481;
13033;
9327;
(7234,9856);
((6538,(12543,(15352,(3884,(9700,(3332,(6602,(7749,7863)))))))),(5894,(7898,12504)));
6505;
(1453,11733);
((3342,11668),(4526,7585));
6074;
(2530,9455);
1404;
13397;
392;
15682;
(4428,9828);
10668;
7430;
10988;
(480,1868);
(15500,15571);
14879;
8029;
14926;
5999;
(5026,15027);
1911;
7429;
14241;
443;
3505;
11823;
13915;
(7824,(5539,14503));
15490;
12525;
15342;
7541;
5581;
8014;
7746;
12641;
6332;
1970;
1948;
1875;
12107;
(3784,14753);
13995;
10606;
(11587,15488);
(2755,3487);
10995;
15371;
13390;
5146;
(2456,((6213,8213),(7248,14216)));
12232;
(6488,(5851,13312));
13655;
357;
15253;
3583;
10570;
14118;
8256;
((1798,9129),(6950,7352));
2898;
9106;
11333;
7153;
15387;
10711;
13711;
3490;
10420;
8172;
14707;
14823;
831;
12176;
12943;
2491;
(612,5127);
(9040,(10722,12244));
8389;
15341;
2501;
2;
(287,(5670,9254));
322;
9987;
13254;
11755;
3897;
13338;
11739;
11771;
(6948,9582);
5944;
327;
1483;
239;
7825;
1350;
11383;
9864;
12808;
6187;
6934;
15600;
3070;
5904;
5079;
9601;
2541;
7292;
3957;
10950;
208;
1413;
2557;
(12066,14112);
4921;
10117;
5681;
1351;
1222;
11473;
11869;
3400;
1211;
9506;
3964;
2344;
340;
10809;
7598;
7946;
12332;
9366;
5738;
4958;
14249;
10673;
4395;
1110;
14590;
701;
12014;
(9797,11352);
10616;
10483;
13509;
7806;
10530;
436;
7112;
14410;
9869;
15324;
13422;
9785;
1386;
(8503,(5643,7759));
(5346,8019);
110;
11762;
12324;
7670;
2682;
(303,2523);
9340;
7256;
14522;
2979;
9207;
12184;
3867;
8358;
11167;
8709;
12134;
8562;
13498;
9991;
10877;
6250;
3306;
3864;
10745;
9192;
(2569,4972);
7932;
8322;
2959;
12246;
6611;
11704;
9819;
13109;
(6668,12571);
2578;
5834;
9505;
5129;
7542;
(8496,10775);
6532;
14313;
2679;
11251;
2857;
14626;
3495;
9084;
9918;
6740;
9027;
5284;
10737;
5354;
1740;
3807;
3471;
4919;
12624;
14043;
((5355,5917),((4462,8722),(5329,5923)));
6192;
11344;
11322;
(2002,5805);
14678;
13779;
269;
2773;
1621;
6683;
15402;
12355;
4478;
2596;
2031;
12151;
7209;
7667;
1102;
8340;
7180;
1486;
(1397,10857);
4633;
9569;
3854;
2601;
1463;
11398;
6082;
(7854,9494);
13622;
13379;
9284;
((5746,7413),(8222,14662));
12857;
(4272,14616);
6537;
14552;
13827;
3448;
7225;
8445;
14825;
1652;
15483;
13801;
9976;
6510;
13040;
14047;
4528;
14596;
14849;
15540;
11778;
10562;
4932;
4172;
13318;
5514;
10594;
3176;
(10887,((14027,(12448,12739)),(3486,6571)));
970;
4417;
5531;
6806;
9592;
93;
437;
14498;
9475;
(89,(3011,9468));
14115;
6399;
8590;
(1873,3958);
(1766,(5202,9150));
80;
(8369,14507);
104;
13450;
12226;
5436;
14945;
14270;
8648;
7507;
13477;
(1682,(8871,(10482,(5866,8965))));
6685;
9727;
6885;
6267;
13358;
9255;
13991;
(666,13130);
2433;
8829;
10491;
7578;
10743;
988;
11013;
10961;
(4790,15019);
773;
8523;
358;
3508;
4669;
9230;
(106,15633);
10480;
15110;
2610;
(14183,(4413,7482));
11949;
(116,6752);
6431;
2244;
15623;
6297;
15576;
8287;
10017;
(8184,(823,14664));
(3688,6026);
3154;
14282;
(4195,11405);
(12834,12882);
1542;
2621;
12522;
9119;
14322;
15263;
(10909,12172);
3711;
6373;
(3016,12335);
1953;
10058;
1701;
15042;
12703;
13400;
(7103,7917);
6310;
7435;
8448;
13319;
(3861,6068);
15175;
10790;
14273;
7107;
4584;
(9634,(345,10336));
13605;
196;
7174;
(10159,(5649,6382));
11274;
7623;
13501;
(11448,11970);
(2519,10577);
7708;
11248;
(10840,(1497,2881));
13514;
14179;
6086;
10954;
14132;
13176;
6179;
13297;
6069;
138;
12229;
(3849,15153);
9747;
12195;
11021;
(12455,13387);
904;
11363;
523;
11581;
7052;
8921;
14915;
14181;
6106;
9598;
5386;
(2654,(5717,13293));
8452;
15171;
10326;
2720;
14248;
(4457,7046);
901;
(4535,7269);
11868;
2165;
10795;
14732;
9161;
1842;
3371;
6756;
604;
9845;
7533;
63;
15176;
209;
7325;
5;
5827;
1741;
2718;
10757;
6902;
(4926,8271);
4435;
11406;
2271;
5337;
(8429,14751);
12080;
3010;
5491;
13139;
245;
712;
5341;
4154;
13189;
748;
8045;
(9313,10951);
12585;
6103;
2357;
(887,7154);
4547;
4603;
8207;
8296;
4219;
13684;
8979;
7197;
13294;
4268;
13454;
11272;
13945;
13615;
11411;
2216;
4581;
4335;
5357;
(4981,12669);
1476;
6574;
11727;
9969;
(6838,8963);
5707;
14504;
820;
14629;
12447;
9368;
(3439,15059);
(800,12686);
73;
(1729,6630);
8315;
(6109,14816);
14067;
15311;
128;
(1934,11589);
4231;
13121;
(3542,10179);
5828;
14500;
6561;
12521;
13204;
8106;
6393;
(5886,13865);
(989,1900);
4900;
7554;
(7096,11116);
1864;
4150;
15278;
3709;
12855;
(8265,10693);
13320;
11238;
10045;
6449;
3044;
1707;
13739;
1597;
2045;
5345;
10748;
10662;
8897;
(2333,9923);
14433;
13146;
(13041,15100);
617;
8341;
15182;
5730;
7304;
12437;
13997;
1216;
6931;
(2330,14020);
1260;
12580;
3263;
8446;
1565;
4439;
(172,12760);
3838;
1394;
1056;
11055;
830;
11261;
(1739,2345);
(2391,2527);
6465;
13321;
15378;
7344;
9847;
10187;
2812;
13594;
10121;
1654;
5965;
11178;
(8646,(2638,11729));
3425;
12813;
7748;
7481;
11834;
8091;
3716;
3098;
4784;
14620;
12091;
7072;
(7590,15172);
2128;
3362;
2965;
8942;
(8863,10766);
5878;
2764;
1847;
11165;
819;
12929;
(5430,12950);
13284;
2311;
13049;
(977,6601);
12177;
3200;
10791;
6236;
8075;
3429;
10158;
1336;
10697;
9872;
4969;
4274;
3085;
6175;
6406;
2112;
9404;
10003;
13381;
13149;
15203;
15686;
2050;
13560;
1100;
14031;
9063;
6991;
(298,13554);
319;
7914;
7925;
15118;
13643;
927;
14756;
10033;
(7766,14832);
(3167,8050);
7795;
6253;
15599;
217;
2013;
6156;
14830;
(1257,4303);
15208;
3573;
6830;
9583;
7302;
1971;
15049;
2185;
14688;
2354;
12965;
9568;
4719;
7717;
11836;
4905;
13793;
5793;
13003;
3641;
5246;
3802;
3352;
(1879,10803);
2548;
(9219,9407);
6006;
10631;
1775;
35;
(5922,10189);
7935;
13590;
15247;
12372;
4660;
(6869,13160);
(1218,5375);
14889;
(66,5471);
(10029,12235);
1829;
6798;
2407;
(3585,8951);
6430;
2130;
14881;
13986;
(5705,(13122,14339));
9493;
10195;
14697;
8607;
5697;
3257;
11782;
9418;
8558;
14509;
6620;
7948;
6483;
8539;
11872;
9552;
15617;
(8036,11036);
2732;
9234;
9716;
(13227,(1201,14790));
4548;
1902;
(34,14529);
8517;
4361;
11721;
13880;
2449;
10726;
11044;
393;
15443;
10587;
4065;
5073;
11397;
9962;
15071;
1308;
6639;
15471;
10539;
1184;
(4464,10022);
266;
7009;
(14857,15370);
4348;
906;
7526;
12736;
9163;
10069;
11974;
3548;
2406;
5422;
7014;
10331;
8862;
14543;
11084;
2142;
11376;
7781;
2141;
2708;
13769;
(5039,9611);
9702;
1295;
14159;
9722;
6738;
13465;
9201;
(12863,14776);
8115;
11534;
7927;
821;
644;
6163;
8436;
13022;
467;
13367;
8331;
8788;
10234;
9262;
(5370,12520);
3731;
7912;
674;
15492;
(6626,13781);
(7037,12132);
7160;
14475;
9675;
(11597,14589);
(2343,11920);
12547;
1364;
1031;
6022;
14987;
14576;
14656;
13503;
(6182,7618);
12517;
13758;
2587;
13094;
1471;
2205;
3204;
7611;
13292;
1632;
(10475,12277);
15604;
(835,(8870,12208));
6111;
9417;
3947;
1021;
155;
(746,((1363,13608),(2972,6731)));
2547;
5743;
6848;
4863;
(15160,15659);
1493;
3770;
14864;
14632;
2779;
7523;
1816;
558;
2465;
464;
9947;
13159;
(10226,(1342,13798));
13748;
2514;
8161;
12867;
2901;
8703;
1170;
2376;
7082;
9672;
1599;
14982;
(3700,(4780,15279));
5069;
4171;
5457;
257;
509;
4243;
3723;
9252;
6232;
1318;
(13908,14111);
(6853,12656);
11300;
14829;
5121;
189;
8102;
10810;
(4802,12393);
11156;
6057;
10345;
13190;
(2254,9033);
1734;
3265;
5935;
7230;
5708;
1460;
14402;
6747;
664;
(1358,3995);
9547;
4573;
12261;
5572;
4927;
153;
5727;
(1742,9577);
(4047,12046);
7529;
3251;
3071;
7166;
8560;
(((1799,5170),(13524,15267)),((4349,5622),(6631,12657)));
8548;
10172;
4076;
7109;
7886;
4520;
9093;
10447;
15609;
15566;
3254;
11196;
15251;
3660;
9786;
11306;
11375;
13715;
6055;
(10913,13427);
3058;
11095;
(9380,12643);
7527;
5613;
13909;
4064;
5302;
6786;
10917;
427;
8291;
13031;
4041;
10597;
3391;
(5126,(6227,12691));
10738;
9181;
13841;
1737;
987;
(4024,9431);
9566;
(7510,14383);
(1554,1925);
8665;
7033;
15340;
10099;
3295;
3772;
15224;
8443;
2006;
9749;
3600;
14355;
14050;
318;
15382;
3384;
11862;
14289;
9930;
1801;
(5094,6479);
9300;
9910;
12918;
7431;
12117;
4286;
13879;
4993;
(2108,4574);
3479;
9210;
14608;
9805;
15585;
133;
634;
4716;
8357;
264;
2650;
(6354,9802);
15685;
2285;
768;
4217;
4317;
9562;
4247;
8437;
9480;
3887;
12677;
11652;
9016;
1572;
6296;
2364;
6372;
12666;
6459;
12443;
2788;
8858;
8505;
5855;
1195;
14123;
(646,7140);
14035;
5709;
12376;
8107;
12496;
2109;
10047;
15141;
4200;
11386;
(4159,9729);
(8506,(14867,(1502,4073)));
8310;
13737;
1345;
13724;
6306;
545;
297;
9614;
10085;
13080;
9620;
2078;
8563;
2023;
13296;
13531;
9977;
(5180,8611);
10011;
9061;
12006;
(3075,(11897,12374));
6689;
7992;
6876;
14672;
2666;
2767;
6365;
4723;
9817;
6735;
407;
6203;
10957;
13980;
7729;
14388;
4455;
5413;
8714;
5030;
13240;
13359;
13493;
13438;
12678;
14592;
5089;
11630;
790;
8669;
6275;
530;
7035;
15514;
(7428,10498);
12627;
(3590,12535);
12473;
4177;
511;
8188;
5791;
13027;
3971;
13001;
4789;
15123;
((7375,11033),(6718,9331));
2980;
9098;
13921;
11;
13803;
9892;
7796;
11050;
4370;
1535;
6340;
(6613,(1811,13268));
7745;
(3462,6499);
11816;
12137;
1700;
650;
10120;
6466;
(7740,8874);
8114;
8328;
(2042,12270);
15241;
15149;
11763;
8450;
(6588,9515);
5176;
10207;
3316;
5104;
10980;
15026;
3047;
((4500,8944),(8770,10388));
242;
5171;
(1995,4831);
11109;
13262;
979;
8754;
12315;
5895;
7660;
7674;
5378;
4399;
4432;
4537;
8953;
4022;
8120;
13551;
6944;
11124;
12354;
9485;
662;
9497;
3569;
7459;
14991;
1181;
11048;
15420;
3329;
8342;
12327;
14558;
11619;
39;
309;
8687;
15404;
11059;
11649;
15240;
3325;
9685;
930;
5279;
9837;
(9718,(13377,(11711,14948)));
14188;
993;
2316;
7457;
4475;
12093;
14804;
13183;
1901;
14698;
(6329,6562);
12183;
(183,2905);
1111;
1250;
15128;
416;
7877;
3817;
13993;
651;
888;
13705;
(11301,12048);
5462;
7348;
6967;
(10236,10531);
(12224,14782);
4656;
12081;
15502;
((1861,3193),(15199,(6438,13761)));
14521;
(11100,14080);
10089;
2849;
(4331,13732);
8143;
7950;
(1198,(9766,(11391,(735,(8032,(11198,11922))))));
4813;
804;
13414;
4945;
(2470,15664);
3153;
4092;
9953;
3669;
2694;
6181;
(2783,(5859,14204));
6511;
2063;
(6080,(2483,5377));
(2560,7751);
1384;
5299;
15273;
10916;
6190;
11368;
13858;
2233;
12798;
11355;
8832;
14763;
(13301,(7102,13600));
6215;
13617;
11086;
14233;
5996;
302;
(378,2740);
5550;
14365;
14284;
4367;
(1069,14377);
8180;
(5263,13136);
11680;
(10864,12136);
2152;
(4101,13667);
8391;
3025;
5475;
1885;
10750;
(2327,10876);
1490;
3198;
11826;
(6556,9945);
4029;
1085;
5427;
(10926,10938);
11354;
8186;
88;
(1660,4216);
11232;
2604;
7434;
1316;
10193;
(7689,11828);
5244;
852;
3304;
9381;
10079;
12056;
9985;
(7835,13478);
5979;
15470;
468;
3703;
3845;
7080;
12419;
4254;
5063;
6056;
12927;
10500;
15168;
4134;
12058;
4461;
10166;
(246,12790);
964;
14175;
13610;
8959;
11291;
6044;
3074;
5150;
301;
2612;
4045;
(7818,13794);
11785;
7713;
1214;
10912;
12573;
2872;
14029;
12652;
2020;
3363;
15167;
5495;
5070;
2074;
(7315,13977);
6114;
9272;
(2126,9395);
5128;
10956;
3961;
677;
2912;
10764;
(6020,14099);
11606;
6635;
13898;
12219;
14359;
14063;
8181;
(2122,10074);
14317;
(4485,13663);
4248;
6729;
578;
10859;
6159;
8632;
3536;
3554;
5142;
(732,2292);
7335;
5652;
(9619,(2656,8064));
2681;
2450;
12210;
8028;
8834;
6677;
4762;
11493;
14813;
829;
5966;
14973;
11793;
9384;
4422;
722;
6391;
975;
(15631,15683);
10153;
5395;
2360;
4281;
6901;
14634;
8822;
7193;
7612;
7807;
6361;
((879,10081),(7680,9140));
2696;
(1113,3576);
11714;
645;
1315;
5405;
4191;
(439,13310);
2132;
1192;
1764;
13030;
12561;
5410;
12189;
8761;
7384;
12924;
(3041,14955);
8430;
213;
10677;
1051;
11945;
5281;
6294;
791;
13435;
10030;
15103;
6618;
13245;
(9842,15415);
3549;
12109;
715;
487;
5554;
4522;
4339;
779;
12647;
15296;
9903;
14244;
(1140,10990);
(6506,14636);
13444;
13638;
14690;
((10672,(2741,14839)),(10027,(2062,7780)));
9886;
10663;
9773;
5147;
15021;
346;
15634;
7338;
(3949,4087);
10316;
5031;
(6956,8975);
8237;
6903;
(2531,5924);
902;
6502;
1467;
10983;
12492;
5017;
3333;
625;
1622;
7305;
321;
8173;
3521;
(9799,12741);
8471;
10650;
8493;
11657;
12213;
15325;
4828;
15275;
13624;
9056;
2769;
5391;
3461;
6610;
14501;
15293;
12123;
7337;
991;
(1665,13235);
14666;
(8247,11385);
9600;
1851;
11076;
2460;
13964;
689;
8334;
6543;
76;
14984;
6624;
9487;
8651;
(11511,13138);
2645;
15336;
12427;
11718;
2009;
9240;
(5033,14997);
9978;
2447;
13174;
6152;
5064;
(4560,6899);
12524;
1399;
10450;
5108;
(3710,11200);
913;
10035;
2264;
8035;
1932;
(5610,7022);
42;
(9870,13916);
8883;
12774;
15652;
9041;
5527;
8378;
13133;
15365;
11883;
1534;
14469;
6792;
14425;
4296;
6673;
2172;
15606;
5685;
6437;
731;
5845;
(8168,12723);
10586;
12884;
3728;
6535;
6413;
4833;
6891;
7651;
995;
(13075,13398);
(1882,8200);
7669;
14416;
(5208,5343);
579;
12620;
7847;
1271;
11754;
9370;
10535;
1173;
12428;
11807;
6943;
12696;
3979;
10477;
13583;
6595;
(2295,3616);
14675;
12312;
956;
5289;
(3664,3767);
803;
1638;
3876;
1574;
13123;
5342;
12851;
13949;
13510;
12692;
(11005,12458);
9895;
9280;
11379;
9299;
12035;
9130;
994;
15116;
8617;
5297;
9640;
(6349,11481);
(9597,12333);
12507;
(12316,(7420,8387));
8118;
601;
10118;
14177;
8470;
9088;
14492;
308;
9087;
3853;
3086;
15498;
10640;
6419;
15039;
1893;
4563;
11779;
7054;
11808;
13691;
(4870,11705);
14285;
13002;
12438;
13927;
11091;
306;
3648;
10287;
(570,2444);
(1093,(137,2428));
6066;
15320;
15184;
1657;
2659;
992;
10601;
10896;
10634;
7516;
14695;
12197;
7816;
1514;
3488;
14182;
9298;
(4375,12992);
(3575,5606);
(4694,13786);
4229;
8264;
5067;
15680;
13396;
13528;
6959;
15166;
10019;
2200;
5240;
8825;
8261;
14438;
10716;
5978;
10901;
(4685,4782);
13702;
9567;
15557;
12103;
3378;
13436;
9816;
(637,10205);
6788;
5607;
7474;
5778;
11855;
1063;
(4176,9637);
5149;
14024;
12830;
14033;
4671;
3180;
7042;
324;
15090;
8041;
14076;
1680;
14350;
10064;
6311;
3297;
3356;
9169;
14649;
(8155,10514);
1011;
11184;
8681;
4146;
5396;
(2163,5421);
10489;
7440;
(7156,10010);
914;
13699;
1625;
6701;
(14037,14253);
10629;
(((175,9789),(1080,5991)),((7823,9337),(10755,15679)));
10865;
10520;
5216;
7444;
659;
12654;
(481,(2622,8525));
13143;
6341;
2067;
11408;
1676;
(6963,11795);
7247;
969;
6932;
10658;
3695;
2395;
4333;
6284;
4292;
(3997,10145);
11197;
14762;
9630;
6160;
7683;
15281;
10752;
2092;
9371;
5806;
7985;
(8302,14555);
13644;
9429;
7367;
(2795,12292);
1377;
8419;
3106;
14780;
13914;
(3532,8961);
9283;
5054;
9668;
14981;
7955;
5404;
13533;
11942;
1058;
6269;
4561;
3239;
7176;
5285;
7761;
6258;
4415;
6424;
2136;
669;
9456;
4611;
8901;
14615;
14331;
7954;
929;
13353;
8238;
4283;
(8926,12878);
(1968,9457);
11420;
2282;
6240;
6259;
((6403,10674),(9094,(12509,14487)));
13743;
510;
10625;
14378;
6495;
2852;
14571;
7073;
11712;
7649;
4542;
13682;
6307;
11915;
8130;
11366;
6977;
8111;
4450;
11553;
14103;
5629;
11480;
148;
6161;
10505;
14007;
5105;
1996;
1976;
5473;
446;
3986;
(5537,14910);
9663;
7136;
11449;
14004;
6649;
15179;
8914;
10199;
11876;
2977;
10969;
7184;
4054;
10584;
11031;
14610;
1466;
1082;
886;
14733;
(6330,15423);
7706;
(1279,3476);
7982;
1578;
9777;
3781;
4844;
12275;
5941;
(4512,8731);
10667;
13043;
7976;
11444;
4920;
8243;
4916;
13982;
2771;
3513;
6732;
(7443,15052);
13700;
3029;
14655;
13645;
8806;
4260;
7446;
4760;
6314;
7345;
6810;
4494;
12380;
6710;
(6935,(4795,(4955,9154)));
11908;
2834;
((13963,15588),(1952,11774));
13666;
7791;
263;
13474;
22;
4601;
11001;
1037;
1604;
13606;
13285;
10689;
9060;
4843;
3028;
94;
7471;
14553;
8046;
(11435,(6768,(7436,14017)));
11784;
3286;
2713;
(10543,15051);
15083;
8820;
13355;
3068;
(14904,15665);
(10804,14885);
7840;
6617;
7240;
15048;
8059;
12512;
8640;
11202;
8251;
12907;
4626;
905;
1689;
10765;
4132;
12921;
(2040,4606);
8759;
7377;
1516;
6300;
921;
1940;
14743;
15613;
10632;
2379;
(3232,15508);
12379;
5784;
11825;
1853;
1583;
10949;
(5634,11684);
(11290,11583);
(4690,6675);
2786;
10702;
(7366,7719);
14306;
(4051,7183);
11417;
7999;
11708;
2440;
(8918,((5560,12994),(9059,11965)));
1464;
10365;
7227;
7441;
7386;
14145;
14872;
12234;
14265;
1592;
9638;
8685;
10165;
11567;
((3166,4838),(3474,10395));
9314;
4799;
5822;
12199;
(5293,10739);
(5503,5877);
3324;
5648;
5740;
5369;
(602,(1435,5439));
1939;
12190;
11751;
1035;
8925;
9755;
(119,4433);
10678;
2353;
11859;
10564;
2230;
((6855,12879),(11846,15111));
14599;
10050;
15029;
3259;
10221;
(13566,14548);
13193;
11034;
5910;
7243;
7625;
(1727,9250);
4437;
5068;
2125;
10729;
((4554,6771),(10847,15587));
(12904,13855);
9251;
12336;
13304;
15553;
10034;
(1987,6200);
5773;
14096;
(165,4615);
(8877,8962);
6761;
8062;
7864;
6542;
4460;
12314;
11848;
5185;
3022;
9622;
6412;
(12430,(12321,14026));
9681;
2097;
4053;
7206;
(8330,(1530,2883));
((2643,5098),(4675,12618));
7287;
1205;
11139;
11199;
1537;
(3073,8039);
9066;
10556;
13687;
15475;
7929;
6386;
5102;
2093;
(11175,12942);
(9893,12418);
6220;
7666;
1290;
8668;
13200;
6008;
13277;
10315;
2000;
775;
14197;
1585;
4223;
4855;
8319;
(3609,14559);
8219;
11735;
9425;
(8547,14056);
13690;
5815;
8066;
1580;
2397;
12769;
(2665,12847);
11229;
4569;
(2079,11840);
((4032,9492),(3037,5101));
9677;
12203;
6564;
(8407,13598);
10604;
880;
10294;
(5798,15690);
4918;
3464;
12408;
3652;
(7995,9213);
15577;
3172;
10071;
8733;
2937;
167;
6900;
14384;
12302;
4386;
4147;
837;
(4474,5296);
500;
6302;
5280;
6628;
5254;
7571;
10231;
8344;
4622;
1989;
(10452,13710);
13759;
7300;
4501;
3147;
1494;
(4023,13104);
4003;
4753;
(8132,(3119,6828));
13626;
1129;
3165;
236;
13882;
(441,15482);
13349;
3101;
9639;
5627;
12973;
8313;
9888;
9756;
941;
11148;
(4304,14170);
1477;
14046;
2356;
3220;
9981;
(11367,11582);
14246;
14491;
12339;
728;
(11558,(5794,11873));
1135;
3217;
6336;
(1405,2071);
8913;
957;
3450;
3443;
14169;
2910;
15579;
2129;
8123;
(2417,(7928,9615));
13938;
7135;
2940;
2994;
(872,9525);
4860;
696;
13442;
11098;
2095;
10894;
9198;
9196;
718;
7034;
5880;
1983;
12745;
3281;
3203;
4302;
6966;
14730;
5811;
12125;
2065;
15206;
3262;
14107;
792;
4025;
1131;
13467;
(492,13604);
5159;
4996;
9528;
11416;
182;
5408;
13526;
9415;
702;
11137;
13006;
9618;
1424;
2028;
12537;
1030;
15447;
5138;
12827;
2573;
12499;
741;
7543;
((4483,(7517,11364)),(7077,13443));
7167;
642;
10020;
(3444,9055);
7887;
7786;
13404;
9179;
11580;
(((9629,13029),(5767,10832)),((4597,5786),(2833,8559)));
13511;
12916;
8047;
(5083,5313);
3211;
7973;
(9844,12906);
13631;
6659;
(9707,(7634,15439));
3563;
9906;
15069;
7562;
15586;
4892;
14452;
3911;
15237;
(4897,7989);
12554;
12204;
2924;
13187;
14002;
10833;
11208;
(405,3463);
4387;
1511;
(1553,12247);
4136;
(11312,13946);
13745;
13627;
14964;
8882;
6933;
(1723,10733);
14978;
6442;
5027;
8254;
7233;
925;
1824;
6951;
14841;
5119;
10471;
11226;
(4619,9643);
158;
87;
2633;
9723;
10873;
3934;
(11158,14130);
1675;
(3762,14647);
10449;
10841;
12840;
6046;
(5153,(4541,14034));
2632;
3317;
9149;
9570;
1547;
(738,6605);
8253;
9451;
10151;
14462;
(10007,15064);
796;
(1348,3077);
12689;
9915;
667;
3402;
9058;
7782;
6705;
3653;
(8398,14089);
5047;
5985;
11983;
15037;
15411;
10661;
770;
(5787,12498);
3039;
3386;
3729;
9578;
873;
7215;
582;
6447;
(1930,13168);
1545;
8843;
11967;
14633;
2828;
9737;
603;
7053;
4052;
12077;
5332;
9083;
9796;
9108;
6927;
11889;
(7048,10101);
10284;
(1631,11997);
2445;
(2845,8268);
(10919,(12974,(6898,(7320,(6572,10802)))));
3314;
2193;
11557;
4012;
9527;
7726;
13546;
4739;
4733;
4511;
2355;
(3848,14364);
2016;
(7560,13788);
15261;
9574;
8153;
(641,3847);
11315;
8758;
8199;
4309;
14476;
2962;
6802;
2123;
3159;
10521;
2957;
(136,15408);
12751;
6463;
4323;
5433;
1653;
10366;
(866,12040);
10416;
5665;
11676;
7570;
7622;
4983;
12034;
8773;
6846;
1789;
5380;
1289;
(2774,7635);
(2332,(11946,12192));
(8100,9826);
11092;
6803;
1555;
7064;
3225;
6045;
13981;
9335;
6178;
6776;
13163;
7189;
12291;
2425;
1538;
13813;
13772;
((6807,10087),(1640,3414));
3507;
((4106,13522),(1512,14541));
5019;
9;
6663;
15351;
(9610,14201);
(12988,15611);
2611;
9145;
15109;
12837;
8626;
9045;
(883,4214);
14716;
3409;
3341;
15210;
12976;
2015;
(8958,11157);
1857;
6398;
7164;
13648;
550;
13971;
(4662,13305);
4350;
3766;
10542;
421;
1687;
1644;
(8364,9141);
(1215,11797);
2884;
11613;
6097;
5609;
8749;
7581;
2443;
11108;
13912;
5065;
784;
1109;
15020;
13635;
5046;
7089;
11956;
8318;
13288;
7518;
382;
4330;
11498;
3339;
7546;
13342;
13374;
13576;
12935;
6554;
15148;
(594,14166);
(4904,(2804,9683));
(1341,8734);
(5445,14508);
8023;
(5863,14147);
10222;
3684;
3541;
2808;
10352;
3631;
((7389,12514),(2730,11176));
(5753,13741);
7859;
8479;
9414;
4591;
12242;
3730;
(6059,8242);
10376;
1561;
12719;
12752;
1439;
7920;
749;
4761;
836;
14802;
9373;
9466;
9994;
2303;
(14045,(2568,13350));
12017;
4825;
(912,14405);
4140;
15472;
13824;
(10651,15334);
5699;
14389;
4163;
6024;
53;
4667;
7058;
(9550,10999);
12648;
6754;
(9330,14095);
14391;
13134;
14390;
((4290,15159),(228,7813));
7974;
(3381,7456);
2021;
894;
267;
(9891,(6127,11658));
9711;
1702;
6131;
305;
(12101,12682);
12978;
7465;
252;
6408;
5492;
8561;
8119;
11815;
2422;
1850;
7638;
2392;
(4551,5755);
14714;
6326;
7731;
12825;
11400;
3661;
4035;
3908;
1167;
5224;
6396;
4471;
(5745,(4498,5689));
9168;
14793;
1433;
14208;
(15079,(3682,14406));
4503;
8964;
1317;
15098;
13455;
5022;
4443;
7865;
9703;
11236;
774;
14448;
13721;
2215;
(2805,7316);
15649;
15312;
1353;
18;
(8316,13055);
4504;
243;
7024;
9760;
10465;
6157;
10177;
7437;
13647;
(1780,2634);
(4480,5499);
11709;
2398;
((7826,14785),(8090,14418));
7677;
14750;
11442;
10305;
557;
8190;
(6864,(2934,(2001,13906)));
10691;
2400;
(291,6882);
6744;
538;
6841;
2370;
6135;
11538;
2041;
1800;
2393;
10442;
12460;
6586;
1967;
(11014,13330);
9627;
3670;
8837;
12461;
824;
11990;
2692;
14340;
6370;
10373;
12880;
3087;
3442;
11838;
14614;
14502;
(12113,13917);
7910;
15499;
14897;
6049;
1835;
11026;
7270;
12168;
8234;
(6829,(355,13888));
3455;
2989;
7150;
13817;
118;
10197;
2365;
1044;
12170;
13550;
3380;
14431;
11490;
10273;
10342;
14397;
547;
(621,6643);
10824;
10072;
5444;
1843;
(11910,15119);
9878;
10817;
5419;
13052;
4851;
8666;
9160;
3892;
9653;
4319;
2823;
(1104,2324);
1709;
14604;
(4203,8708);
8433;
6007;
(9193,14681);
5398;
13220;
14718;
6570;
10579;
9008;
(3184,7772);
2628;
(4592,13056);
3932;
4737;
5887;
9349;
683;
11361;
4778;
13375;
12218;
(2522,9539);
11634;
3494;
5385;
(32,6139);
7990;
((256,(14668,(5632,10770))),(5858,9554));
8729;
14586;
12700;
7179;
11719;
9488;
2221;
5865;
556;
2239;
7298;
727;
7008;
6823;
13282;
8845;
5075;
282;
965;
(3824,5739);
10086;
11744;
6130;
4587;
6976;
933;
14069;
13872;
6188;
9966;
6980;
11133;
440;
7615;
5352;
14009;
4301;
981;
14854;
14454;
12296;
178;
(7704,12194);
15144;
8889;
8550;
12179;
(12860,(5907,13804));
5397;
984;
10306;
6929;
4931;
10756;
2571;
((2506,13020),(5460,15688));
15207;
1559;
5936;
12359;
1355;
12727;
11560;
15053;
10426;
687;
14319;
5686;
(181,8058);
7631;
(2273,6568);
11699;
12823;
4383;
8779;
6262;
3110;
383;
7201;
10417;
5358;
4083;
5384;
9701;
(3808,9348);
(2781,15087);
11758;
12958;
12307;
5521;
15065;
15544;
14134;
1314;
6141;
4639;
11616;
3511;
12345;
8895;
2382;
14808;
13299;
14239;
11077;
9017;
2791;
4347;
12908;
1443;
13922;
4429;
5830;
(4111,7607);
4895;
8490;
12923;
(10816,13806);
2895;
8655;
1040;
13726;
12304;
14374;
(5633,14474);
6687;
((11642,(8748,10618)),(10359,12265));
14292;
5672;
(6640,7029);
2922;
10051;
462;
6587;
((5331,10929),(14214,15004));
5488;
8886;
14231;
15306;
11999;
13568;
7647;
7190;
8113;
(5744,11223);
4192;
8692;
11508;
13539;
(15374,(5933,14345));
14992;
(1472,9524);
10474;
3328;
9465;
9282;
5655;
(4650,4785);
12096;
2314;
12367;
74;
(9648,(7342,12932));
5093;
11798;
7789;
2513;
527;
(9754,12858);
(8292,15200);
359;
12485;
144;
5953;
9647;
15648;
1054;
8717;
13744;
(2986,5789);
9332;
(2453,10532);
6473;
1202;
10002;
11966;
11959;
9997;
247;
9113;
4362;
1974;
6270;
7070;
8846;
10362;
(2875,5846);
6251;
5677;
3530;
7023;
6870;
(525,(4294,12914));
(3163,4744);
(815,7139);
628;
(198,3299);
11971;
3015;
1474;
15294;
(3869,4668);
6012;
5466;
5625;
3819;
12023;
2380;
(2146,8097);
13873;
5715;
7015;
14676;
4849;
8323;
(2801,14101);
4124;
(7228,10351);
(8555,12211);
13248;
6047;
6750;
2235;
(1859,13314);
(8208,8639);
5723;
15189;
10981;
983;
3785;
10229;
14173;
10725;
13506;
8688;
11864;
(413,11857);
5188;
5718;
13547;
14922;
6625;
4170;
4514;
8397;
3368;
10554;
13692;
6489;
8169;
6146;
3777;
1194;
(2686,5586);
7712;
1992;
(1810,5534);
(5402,11753);
12394;
6491;
14680;
10095;
14127;
1504;
10162;
12742;
5312;
13870;
13596;
536;
(5968,13942);
10103;
11230;
6979;
(2435,6243);
5474;
6205;
14490;
15485;
2746;
244;
3192;
(8129,13437);
4845;
10602;
3712;
(6242,11152);
(3398,13549);
13014;
(3116,(2598,13408));
6388;
366;
13780;
6651;
(7968,((7657,(5768,14133)),(9266,12982)));
13970;
13767;
8809;
2508;
6814;
5058;
747;
13575;
7252;
2477;
13860;
6777;
4922;
4734;
9553;
2785;
6642;
7524;
14600;
2736;
5320;
2866;
6266;
(311,496);
15001;
11270;
13578;
14728;
8145;
12966;
9503;
11748;
5276;
5144;
11548;
13433;
5570;
(3793,13451);
14138;
11497;
1833;
2879;
3611;
3377;
212;
2346;
7788;
15187;
13077;
14393;
7309;
10513;
10455;
14295;
3640;
(7092,9510);
7002;
554;
8140;
3205;
5166;
2371;
9342;
7619;
(1225,10666);
9100;
9645;
14863;
1620;
5658;
14461;
14531;
3326;
10642;
11353;
15542;
12553;
(7376,11768);
10163;
14731;
8351;
6256;
7398;
14966;
344;
6939;
9226;
14741;
11025;
7075;
75;
81;
(10412,11357);
8317;
10415;
12642;
(609,2846);
10749;
12795;
844;
3357;
12945;
279;
8069;
(1429,1715);
12042;
14557;
14840;
5167;
2886;
3571;
15536;
12092;
12578;
6915;
14893;
1781;
13409;
3699;
12365;
(5015,12290);
9232;
10654;
10571;
(12024,15321);
15424;
(10786,13054);
4811;
5903;
(7980,11166);
13281;
13548;
8174;
2775;
14125;
7470;
1784;
4198;
7416;
13854;
6376;
5911;
23;
2190;
(6210,12173);
12842;
9904;
15356;
8817;
9111;
(5118,13428);
11381;
12781;
12294;
982;
11513;
12201;
4738;
5657;
9792;
(8311,(10217,12765));
3322;
867;
15252;
1123;
(13517,13552);
653;
13892;
10544;
7449;
11877;
15687;
12635;
10811;
7390;
(10032,11075);
14709;
5819;
7777;
8674;
5646;
11164;
12163;
4418;
(1339,5946);
1134;
2998;
1107;
14888;
7028;
14774;
15012;
1836;
4612;
14229;
709;
5631;
12555;
(4310,7569);
14195;
4205;
591;
5272;
10371;
12937;
5364;
1248;
(2284,5565);
5156;
(5635,14061);
5616;
296;
13148;
15547;
(8772,9309);
9884;
13113;
(15104,(10268,11302));
14582;
5351;
11674;
12684;
12019;
8643;
6890;
(8769,13656);
716;
14651;
2996;
6217;
8227;
13212;
288;
999;
4777;
11804;
((6316,15522),(2658,(11770,14547)));
7085;
9070;
8439;
4751;
1094;
12140;
5862;
14316;
1677;
12022;
10519;
4414;
4585;
9245;
13735;
1238;
10783;
15041;
13815;
(10501,(7260,9306));
12926;
8912;
1777;
15622;
14637;
5599;
2813;
3303;
9661;
2318;
13275;
2317;
6389;
(1568,3727);
2147;
(5465,10387);
2462;
474;
7087;
14481;
8584;
4653;
(11227,13593);
8362;
4725;
8534;
2721;
12002;
11466;
12432;
10310;
7095;
9353;
11085;
3337;
2639;
10185;
7178;
11285;
15343;
6917;
13357;
6214;
3656;
763;
13730;
938;
10075;
2941;
11377;
1485;
3857;
396;
4640;
5799;
5476;
11298;
(3510,13445);
15018;
12417;
5601;
13720;
11437;
14817;
1506;
4749;
8346;
9514;
6664;
6500;
10321;
3972;
12862;
7171;
2716;
8934;
(5258,(5675,13742));
(11796,(4060,9899));
3673;
6348;
10914;
(14551,15265);
8472;
10699;
460;
1278;
6883;
(4446,13050);
4211;
12707;
(3334,13128);
11299;
7359;
7286;
6075;
9879;
5619;
12045;
13488;
8438;
11621;
8621;
8603;
13703;
1761;
2032;
4357;
5942;
8647;
10302;
3572;
3989;
4682;
11773;
9713;
12903;
(10883,(10110,15268));
10358;
5732;
11568;
13383;
3748;
7664;
(14098,14650);
8869;
3302;
11529;
15426;
14426;
12628;
6381;
(6241,(2069,7408));
15339;
10292;
4759;
5222;
(9907,15637);
14946;
(4869,(2012,13017));
4276;
(1045,11713);
(4815,12311);
13727;
4449;
1887;
15269;
3935;
7425;
4558;
3158;
4086;
5001;
11436;
1209;
11231;
2131;
4245;
10013;
(10466,14720);
(12911,13536);
(1922,4710);
1116;
11190;
13000;
7583;
4072;
360;
2148;
9483;
8008;
15596;
7433;
7969;
13965;
5304;
(11201,(2768,7888));
10590;
13315;
9009;
7195;
11628;
14025;
14635;
7552;
(7511,14630);
7127;
(3800,8150);
7086;
4306;
9607;
9125;
14789;
1890;
11413;
15449;
5921;
3718;
14528;
2335;
(1639,1656);
3453;
(3066,7506);
971;
13877;
8095;
8258;
11479;
7753;
7343;
14440;
4857;
6580;
13545;
15526;
14335;
2072;
10879;
3940;
9189;
5292;
11169;
15530;
10247;
13494;
6005;
8408;
1296;
6196;
6691;
13165;
6661;
8262;
8179;
(2022,5107);
15673;
5974;
(6234,14685);
3348;
4666;
9275;
13807;
4291;
6629;
14030;
3582;
2388;
2677;
8229;
4635;
7834;
6952;
12463;
15276;
2043;
2455;
11228;
14387;
14160;
9715;
14326;
1157;
2832;
4631;
11811;
394;
(4853,(1770,8326));
14715;
12964;
1188;
7678;
13380;
5682;
442;
330;
(47,1480);
4096;
7922;
(2988,6937);
4938;
14287;
(5287,(13095,((3528,6081),(((4754,13150),(12,4266)),(5679,11153)))));
3191;
11592;
14303;
14400;
5636;
1297;
13124;
1540;
15392;
12583;
14005;
9185;
12390;
5423;
12252;
1698;
1518;
590;
1105;
12722;
4315;
6961;
7698;
(3592,(6083,12089));
14513;
7606;
5615;
2636;
(1071,11172);
((6597,10653),(3438,11467));
9519;
9742;
2242;
1496;
(6553,11617);
15480;
(206,10481);
(8191,13685);
14953;
4058;
14065;
11527;
11334;
8449;
4049;
3588;
11338;
4095;
12761;
11523;
14131;
(4599,11323);
12791;
(10572,14518);
(415,11424);
3751;
8880;
4736;
5448;
6486;
13641;
4575;
2661;
(657,6371);
12810;
6770;
12360;
7906;
(6965,(3621,7406));
9763;
10977;
14767;
14341;
6457;
10751;
14084;
8392;
12754;
(11881,(9798,14302));
((587,1074),(5680,10135));
8018;
5060;
3792;
14077;
13895;
4438;
6648;
13833;
7716;
14213;
7509;
5788;
10149;
15364;
549;
348;
10067;
14250;
8370;
5902;
10031;
3875;
12039;
920;
14489;
693;
5812;
6518;
10599;
12286;
1587;
363;
(573,4234);
111;
6118;
13774;
10613;
7547;
2853;
8701;
11737;
7993;
11217;
9112;
13402;
13405;
15610;
2187;
1097;
12090;
3449;
(4269,7809);
2780;
6606;
11476;
10899;
7404;
3094;
11414;
2586;
3418;
2238;
(10561,(3722,11585));
420;
14710;
2926;
10443;
4620;
5348;
15559;
6112;
1338;
6;
(11373,13582);
3509;
6301;
3410;
8305;
11817;
14432;
9776;
12487;
(9467,13361);
7350;
10464;
(7336,8404);
5303;
13973;
3366;
12323;
1235;
6204;
15493;
2684;
7577;
8005;
14713;
14104;
((8698,(11477,13937)),(10611,((10696,14209),((270,4135),(832,(2457,10279))))));
13430;
12147;
15181;
15121;
(6110,11325);
6509;
13118;
(8691,9358);
3855;
6594;
7362;
12158;
14844;
13103;
15462;
10394;
(851,(10467,13577));
4722;
9281;
11104;
10005;
10233;
((11419,(11685,14645)),(5143,6851));
7255;
11390;
(802,9069);
11835;
2871;
6783;
6414;
6347;
(1830,10377);
7705;
2615;
4352;
3843;
14057;
(15455,(6117,(4959,5710)));
(7548,(12529,(1208,(6881,(4933,5535)))));
6652;
6982;
44;
14826;
220;
15567;
1495;
13036;
(1840,9007);
4953;
1763;
1159;
8645;
8835;
13306;
7564;
7438;
6680;
652;
(5792,6374);
(2390,9757);
8031;
4038;
3190;
1807;
571;
11120;
8355;
10157;
(5837,7487);
8112;
11584;
(4608,13623);
12318;
(1470,5751);
6122;
8602;
11646;
14361;
15574;
4973;
(1160,8521);
12466;
10379;
7455;
1611;
10588;
(203,15565);
4496;
(285,2850);
10944;
4706;
838;
6641;
9565;
(11518,14579);
13676;
15496;
(6356,(5480,8332));
2613;
12064;
3440;
5004;
5650;
6169;
9127;
9790;
6923;
8368;
12655;
((2896,11122),(5814,13719));
14206;
1872;
13930;
11136;
(2670,11090);
(3786,6237);
(8814,12231);
37;
5517;
8109;
10553;
2436;
5494;
(966,15081);
8857;
9887;
3457;
11392;
10815;
1733;
14163;
8021;
2528;
787;
9814;
10143;
(5879,15084);
6496;
6039;
9346;
11726;
1282;
(7880,15563);
(14142,(3888,8306));
1642;
7477;
10155;
(6137,13153);
3393;
11535;
10453;
3580;
14572;
((3896,10633),(2269,8949));
14765;
(7145,(2489,3335));
8920;
12726;
11665;
3097;
12566;
7076;
(9803,14116);
11474;
15327;
2265;
5848;
13490;
6993;
10160;
((6100,14747),(9616,13839));
9046;
(2229,(1669,1947));
7757;
31;
15102;
1128;
9310;
6288;
7405;
(7718,13308);
4426;
10111;
10664;
5353;
3207;
2982;
11603;
8865;
13809;
13173;
5050;
(9203,11193);
7451;
(932,9791);
8684;
12532;
141;
7098;
15505;
7100;
6765;
8552;
7488;
10254;
1152;
12361;
6153;
(6462,10970);
8250;
7874;
3851;
11901;
2689;
11722;
12086;
6826;
15308;
1536;
15388;
12343;
(13768,14217);
(3963,6091);
7271;
3924;
13255;
102;
3717;
12800;
4365;
12152;
(15372,(15155,(13523,(7978,(12475,13053)))));
3194;
9180;
6896;
15381;
2191;
14735;
(377,3307);
(5747,7926);
6053;
13085;
(3877,14486);
(5779,8057);
958;
(6239,10209);
10445;
14876;
706;
12055;
1515;
3125;
10196;
908;
1679;
(6760,7902);
(6116,14318);
10384;
6567;
13329;
9852;
10516;
11865;
15091;
2309;
11536;
12138;
13587;
5909;
(776,15032);
14717;
13140;
7274;
10214;
8676;
10404;
8671;
8804;
9403;
12527;
(6858,9972);
(8133,14240);
13328;
5451;
(9143,12972);
9520;
4165;
6688;
1541;
15373;
(1091,11266);
7769;
8134;
9815;
9107;
14836;
5092;
(2770,3009);
15040;
6614;
10721;
12702;
5724;
11425;
13612;
15657;
9258;
9116;
11106;
(2197,7637);
14593;
15668;
13162;
5544;
13463;
13060;
733;
(2608,7988);
4940;
3945;
5711;
4020;
12251;
3733;
6921;
13651;
(13261,14511);
(11163,12967);
(3871,(2860,12679));
11502;
6657;
9032;
14493;
758;
4345;
((5210,12178),(3882,(10624,15068)));
11939;
6493;
7468;
10296;
11185;
11866;
15369;
(9938,15405);
5315;
6713;
7940;
(12803,13821);
8928;
4493;
8406;
14661;
7447;
(((1942,11275),(12082,14755)),((1937,14323),(781,2880)));
11717;
5592;
12793;
5569;
2797;
11600;
12539;
430;
4648;
(3427,10091);
13105;
6990;
12508;
11860;
8214;
15603;
6887;
10383;
15030;
3201;
3918;
(2704,6051);
9669;
14260;
3803;
11777;
1870;
2090;
9708;
13459;
(9687,11539);
2865;
3806;
(2620,3966);
11102;
3170;
15592;
7942;
379;
8297;
10854;
294;
12665;
15277;
(10644,13878);
(4381,8605);
(12794,(1931,3951));
(12175,13385);
13044;
1852;
12753;
14969;
9484;
5233;
13847;
9333;
(6833,(1303,15350));
8384;
7108;
1760;
5522;
2118;
15238;
7068;
3024;
5203;
15397;
11700;
8393;
(13613,15418);
367;
(4112,12538);
77;
9780;
6183;
5151;
694;
8780;
(3109,11979);
9867;
403;
9292;
7114;
13694;
9424;
11666;
12729;
7653;
(14366,14723);
3991;
729;
9753;
(5825,13952);
7499;
13992;
3746;
12866;
(8240,13851);
(2818,14226);
(12410,(11670,14436));
9224;
26;
7049;
842;
3240;
3905;
(3633,3981);
11394;
3161;
11591;
12975;
8659;
(7930,8499);
5114;
6536;
9447;
5335;
8937;
1322;
11614;
12364;
10872;
1938;
11861;
7944;
6009;
8244;
13083;
(12279,(6164,9220));
10289;
8162;
13736;
(1520,7966);
15326;
7792;
8569;
(1402,11943);
13639;
6268;
12420;
5713;
3773;
15045;
2864;
14300;
8873;
1616;
(11510,12059);
(714,8361);
1066;
5458;
2149;
7097;
13205;
13784;
9205;
14585;
9489;
(2083,3825);
6785;
759;
8431;
3589;
295;
11520;
7998;
((10945,(5282,15646)),(14766,(14143,(12600,(5582,(15376,(12164,(14837,(9269,11675)))))))));
7815;
3650;
15675;
2189;
8662;
3049;
10993;
9541;
10960;
6425;
(8689,13243);
12959;
14171;
5106;
2562;
6298;
14016;
4947;
3678;
11117;
13495;
9911;
10509;
410;
(4238,15302);
(14566,(9745,14591));
10617;
7239;
9364;
4384;
15537;
7391;
8396;
4797;
3900;
14153;
1255;
(675,10353);
6004;
15368;
(4516,(1262,11191));
10202;
15518;
967;
14757;
7294;
7881;
4366;
280;
5698;
563;
1106;
2799;
(4998,7851);
2178;
11045;
(332,8497);
5987;
10174;
(2144,14372);
5231;
6264;
(10435,13108);
(2210,(7363,13983));
9950;
4037;
10706;
1311;
8518;
(3994,12881);
9274;
13116;
(4518,5131);
13734;
10968;
5382;
9724;
(14544,(3791,7196));
9933;
7476;
7965;
4990;
1778;
13652;
14788;
11407;
4600;
9827;
2698;
3164;
7534;
5379;
(6821,12640);
12329;
9678;
(1980,14550);
14814;
8740;
1865;
11894;
1641;
15669;
12497;
9943;
(2421,(5995,12962));
6775;
11546;
4070;
2630;
11625;
(2492,(1437,12348));
11736;
12193;
10941;
13775;
4188;
2432;
15202;
8541;
6709;
(3643,9633);
13230;
(13356,(11608,(1179,4133)));
14962;
13180;
14194;
8144;
65;
3759;
12464;
2830;
11129;
11540;
5339;
11099;
7732;
13287;
15677;
9020;
10369;
8644;
6795;
772;
8905;
2472;
13092;
6028;
885;
13386;
5288;
4039;
(476,9733);
12503;
15195;
4786;
((10134,(6992,13161)),(11669,14419));
8080;
3115;
(8789,14023);
7328;
8512;
1185;
1908;
1663;
13491;
14404;
4992;
5742;
237;
3403;
9263;
10146;
((4313,9576),(2135,6070));
12181;
8813;
6589;
15348;
(5084,5852);
(6790,15094);
12363;
13591;
818;
1628;
8478;
(1032,6199);
5703;
6261;
5981;
1965;
5359;
(5252,(3705,(2855,5605)));
6913;
3459;
5318;
15391;
(10230,13112);
1;
4364;
10973;
9410;
7165;
15366;
10182;
9628;
(959,10987);
4447;
8765;
2198;
2739;
((14000,15165),(15398,(5716,(2458,12141))));
9450;
7254;
6759;
(4809,8135);
9144;
5074;
5366;
15395;
8609;
15409;
13571;
12579;
8298;
(85,3482);
11451;
11839;
535;
435;
210;
((13513,15138),(5671,13171));
11087;
4137;
5945;
4405;
14665;
3421;
9343;
3956;
7845;
14369;
9804;
3136;
8966;
6064;
6037;
4466;
3055;
5704;
231;
5692;
(6515,6839);
13331;
2150;
(10065,12243);
1323;
11119;
12008;
12245;
9940;
6186;
14267;
13592;
15092;
12694;
1060;
2674;
8596;
13954;
9957;
3318;
8293;
12386;
9676;
6867;
457;
8504;
7261;
6265;
(3209,9909);
8764;
7675;
2953;
4974;
7905;
(351,8531);
8884;
475;
2564;
3423;
5562;
7462;
(13796,(4957,7515));
8581;
10997;
8402;
14263;
5762;
14396;
11569;
(4803,8933);
5764;
11066;
4793;
(8524,(10329,13716));
14903;
13063;
7038;
4207;
96;
14150;
7226;
7381;
7181;
6655;
9993;
4271;
3103;
(4707,8887);
(15070,(12399,(4888,14403)));
14012;
9302;
9935;
(10978,13346);
15635;
(2362,(1600,10263));
1191;
520;
3672;
8520;
(1259,11677);
(6478,(11360,(4594,11896)));
(5052,9197);
(4161,14930);
13266;
10652;
5319;
3144;
5891;
12782;
5813;
11213;
3067;
14682;
(2409,8159);
6645;
5164;
13009;
(11220,15507);
11496;
7672;
13998;
2027;
10468;
384;
2168;
4328;
12662;
2164;
10902;
9571;
948;
3850;
14701;
8236;
5424;
8082;
11015;
11438;
2313;
408;
14278;
13646;
7557;
12139;
14752;
9323;
6507;
6497;
7259;
(8909,12493);
15338;
11369;
3484;
4834;
12373;
273;
2577;
3500;
11537;
15639;
4836;
5381;
(6032,8955);
194;
14325;
1039;
(5890,7871);
10818;
8204;
4018;
2497;
1831;
9564;
7360;
2819;
(10576,12584);
2651;
11871;
13738;
9233;
8751;
4580;
1648;
(9939,15425);
(2100,11399);
161;
5212;
934;
15528;
(10508,14937);
11827;
15658;
5502;
14203;
12441;
5549;
8943;
(15235,(2591,7787));
4470;
14805;
2826;
1703;
14861;
13886;
14227;
12320;
1790;
1903;
(3603,14122);
1426;
5310;
11039;
(11917,11935);
15099;
9354;
2493;
954;
1754;
4665;
(5853,10974);
3754;
6909;
7695;
3738;
7378;
7296;
9110;
4704;
4202;
13701;
7007;
16;
7307;
3244;
1822;
13093;
(12387,12633);
10962;
10918;
((8122,11750),(2581,3539));
8610;
12502;
9279;
3931;
13749;
11308;
13595;
((7339,9719),((516,14996),(1427,11629)));
4787;
2712;
611;
10626;
5115;
(3523,8915);
13145;
7272;
2170;
4237;
3540;
6945;
27;
3053;
7558;
9326;
9049;
6529;
12970;
(4075,9472);
8178;
(14330,(12955,13169));
1972;
1731;
3465;
15361;
15095;
8206;
8456;
3517;
7821;
(1662,7331);
13347;
4102;
(5561,(2512,6320));
7473;
15393;
1793;
(5242,(917,5528));
2337;
10773;
15524;
1519;
2464;
(5498,8781);
5986;
10220;
7938;
((11832,15632),(5993,8202));
14705;
(13989,14811);
(6519,10550);
10425;
14683;
717;
5775;
9128;
2890;
12690;
13825;
13219;
9211;
15525;
12033;
4401;
5641;
4329;
3901;
2918;
7728;
3694;
451;
(1712,15394);
7909;
3472;
6514;
(9657,10727);
6263;
9028;
12094;
15246;
8981;
6375;
8177;
2626;
14211;
9244;
1349;
10925;
14534;
1072;
(9352,(281,13210));
(2338,(8283,10793));
8183;
3300;
613;
14266;
(4971,11194);
13432;
186;
(275,9398);
12029;
10057;
214;
3292;
9317;
6827;
8329;
6960;
12481;
(8410,13242);
8999;
5854;
3396;
7182;
8980;
586;
5034;
7567;
5260;
7464;
(5524,8068);
3445;
13213;
428;
12872;
13114;
4750;
(3424,(940,3768));
(10161,12124);
9948;
1589;
1884;
1546;
254;
7730;
6228;
11321;
10892;
1517;
9502;
3946;
9982;
5109;
(1038,1445);
426;
7141;
12663;
1121;
10270;
9998;
1340;
2956;
(412,(10814,(814,10844)));
7839;
2735;
12877;
2091;
11183;
13369;
4976;
(690,10788);
7044;
6644;
1224;
(3599,(5232,10549));
871;
5820;
15192;
2490;
3284;
3613;
6784;
4197;
9026;
7884;
10374;
14702;
15464;
6545;
(2838,3376);
8612;
14036;
13070;
6525;
8192;
(3813,(5178,10343));
(1813,(9325,9829));
12065;
(3893,11041);
12180;
7090;
10328;
5628;
11552;
12153;
5165;
14357;
949;
(11620,13956);
(8226,13062);
5117;
4325;
12902;
1034;
5543;
4557;
4531;
13064;
7157;
6054;
5728;
5719;
15598;
6585;
9241;
(684,10695);
6099;
3419;
(12511,(569,1582));
6404;
6107;
10360;
5132;
64;
14414;
(8034,12871);
4942;
8718;
(51,13334);
(4002,10082);
2025;
12049;
272;
572;
3253;
2463;
13013;
11295;
(4173,5478);
11541;
13008;
6797;
2690;
6859;
(7334,(13496,15529));
4071;
1746;
4285;
3635;
11893;
7445;
6452;
2419;
9350;
(1570,7665);
4267;
610;
(13259,15403);
3903;
7117;
5529;
(7896,8677);
11037;
7250;
12352;
5251;
5223;
3415;
5785;
4816;
15438;
9925;
7798;
4353;
936;
3061;
11892;
7170;
12687;
15653;
13642;
11764;
14562;
1423;
(8088,(14463,(13011,(884,8830))));
6840;
(33,3586);
1532;
2688;
8890;
2762;
7379;
(1688,5338);
12129;
(1447,3347);
13115;
7550;
6805;
4000;
1610;
1549;
8947;
13186;
952;
(2377,10683);
14092;
1383;
(529,(3294,10563));
14392;
14411;
8716;
(7838,14694);
(1838,9388);
4314;
663;
7213;
8282;
13588;
11986;
2288;
4968;
4293;
11310;
12835;
11205;
8970;
(2186,12576);
(7650,15136);
1027;
12025;
(3249,7355);
(1012,9606);
12403;
5919;
12491;
(3894,14141);
10411;
1818;
3224;
(9446,11049);
(3870,6748);
10714;
8354;
12216;
3719;
4908;
3527;
10097;
10871;
6278;
9822;
(2710,9954);
(3202,14939);
(14311,14443);
4497;
12110;
9854;
11282;
13602;
9287;
8295;
9476;
7424;
(640,1070);
1929;
10952;
1986;
13518;
13747;
6480;
4149;
(3879,(1441,8198));
514;
12010;
12944;
9557;
200;
7011;
8864;
6577;
11469;
13696;
7397;
10252;
15035;
13984;
13832;
1284;
(3358,7862);
681;
698;
7924;
2087;
2098;
6364;
9501;
14094;
10337;
14499;
14606;
14827;
11159;
9048;
1923;
5278;
10923;
9704;
(3346,4011);
4946;
13864;
4630;
577;
13484;
14237;
3898;
13837;
(328,10059);
10540;
2420;
4951;
2188;
8469;
14890;
307;
9623;
333;
7045;
7952;
(9182,12960);
4250;
(7889,14523);
8485;
5884;
7762;
8827;
(9979,14110);
5967;
1658;
12119;
8093;
1083;
(2958,8492);
8461;
10767;
(449,12453);
(972,2731);
8661;
2673;
5184;
512;
(3782,8195);
170;
10507;
1088;
2326;
12222;
597;
10612;
14979;
11992;
2431;
4616;
5028;
4991;
15229;
5694;
9461;
9270;
12693;
7083;
1762;
8359;
8653;
1982;
10963;
3018;
5077;
3336;
11626;
14146;
846;
13968;
(661,13184);
1288;
11978;
15620;
9588;
17;
13967;
15474;
11149;
5411;
6847;
(6171,12784);
5456;
(7216,7885);
2124;
6292;
5595;
11972;
4555;
7918;
7067;
10676;
4565;
(4336,10479);
10473;
8526;
469;
7866;
8380;
8554;
1062;
(13071,(312,1738));
9442;
6235;
6315;
7703;
11663;
6089;
1281;
(1165,11667);
2888;
1759;
9278;
13066;
4255;
13313;
2076;
15132;
(4080,8906);
14210;
2981;
14236;
13081;
14617;
6669;
11482;
5695;
6894;
9960;
9996;
1166;
7450;
4988;
7521;
3288;
11030;
4755;
(907,8098);
(10628,14855);
7275;
(8239,15169);
(5844,11509);
9762;
12595;
(7686,(13849,((9521,(12262,13324)),(6198,(6029,7872)))));
4896;
4444;
2949;
4572;
13688;
12038;
14442;
13088;
15002;
962;
8303;
432;
1711;
8833;
3816;
2551;
4088;
9636;
(2662,5235);
2552;
15031;
387;
3939;
7810;
1919;
395;
5225;
6318;
13614;
2158;
9731;
13352;
5889;
(4040,(4952,5977));
9469;
7979;
1946;
13752;
9725;
5275;
13808;
12198;
(2861,10192);
8948;
7595;
2887;
13948;
10256;
14445;
4499;
8868;
1146;
2055;
4822;
10100;
3123;
6893;
515;
14631;
3732;
1573;
278;
5087;
11209;
13280;
12217;
9549;
14191;
11317;
8969;
4928;
10280;
11410;
7679;
736;
(433,14348);
7025;
(1133,10526);
8094;
8566;
(13464,15323);
3734;
5490;
14777;
4257;
7417;
154;
10458;
5860;
9743;
2915;
(3435,14708);
(848,15624);
12594;
12811;
7257;
2014;
2003;
9393;
11254;
11287;
424;
373;
11042;
15287;
8020;
3150;
7799;
78;
10052;
12274;
5248;
2693;
13972;
5726;
(6018,12382);
4977;
(3408,(4451,10842));
12263;
11696;
251;
1594;
2240;
216;
10998;
9905;
5032;
299;
11895;
9315;
928;
10401;
11521;
9499;
5309;
13340;
11671;
7765;
8269;
2556;
4273;
6432;
1907;
1277;
12885;
9694;
6030;
5198;
4823;
10250;
9894;
7790;
3272;
5125;
6147;
11885;
2671;
3689;
3606;
7061;
13265;
2707;
5197;
13953;
(4839,(10413,15170));
10891;
10724;
(3390,11742);
12131;
12450;
2256;
1272;
3720;
69;
11923;
944;
15272;
2140;
13372;
(8279,9965);
13866;
6104;
3135;
9131;
7221;
8377;
9730;
98;
4854;
1795;
5873;
540;
12545;
(7829,(6458,9365));
7592;
14929;
1690;
1269;
593;
4130;
7346;
6411;
5687;
15580;
1699;
15608;
(5507,(10186,11415));
1503;
10908;
(10212,10574);
3261;
6129;
11396;
399;
6773;
(4312,13581);
10290;
6317;
1918;
10603;
13634;
1294;
7750;
15309;
8792;
7971;
3404;
(6208,9735);
11799;
12272;
365;
3489;
7361;
13507;
4769;
3143;
11575;
7820;
14807;
3113;
14874;
(521,12424);
8599;
7904;
614;
13483;
(5943,(4891,((4162,(11661,13018)),(13399,(10559,13760)))));
8278;
11984;
10781;
1025;
10102;
9833;
2323;
10130;
8850;
4123;
12818;
2782;
6176;
(13520,(11814,14190));
9560;
12299;
11732;
7116;
12155;
3608;
14309;
6579;
7744;
3923;
12930;
2733;
9868;
3214;
(8700,15198);
12668;
1409;
11850;
8128;
(13675,14081);
15541;
12622;
15532;
13620;
2488;
(497,9646);
6150;
14561;
3351;
10403;
14597;
((3264,5482),(3089,14625));
583;
881;
12341;
1704;
9793;
14243;
2275;
12816;
(1280,3309);
8866;
3518;
4898;
(3818,9808);
2268;
9052;
6849;
(2342,6445);
14097;
11689;
7736;
8252;
6779;
4287;
3279;
14819;
((347,10741),(8353,15539));
176;
12160;
11341;
13025;
2516;
8337;
939;
11428;
10776;
12731;
777;
11343;
7963;
4882;
9921;
14856;
14049;
6565;
(3057,(2574,4925));
11899;
8474;
10874;
4664;
112;
14570;
14235;
7605;
(750,13753);
12895;
3834;
11968;
2840;
2336;
11528;
10423;
5416;
7214;
11701;
(812,9984);
10763;
8476;
10433;
6322;
11542;
13247;
7412;
6017;
13460;
2485;
7830;
10829;
11168;
1049;
14136;
11265;
1783;
4917;
15256;
8232;
1459;
8702;
4316;
839;
12883;
(1722,5748);
14279;
9526;
14109;
((826,11277),(6837,14417));
10249;
11813;
4068;
1529;
12322;
371;
(522,12675);
765;
15125;
12456;
10821;
6010;
15548;
5220;
13317;
(11512,11588);
8248;
2859;
916;
5850;
(11071,14139);
3221;
4661;
6591;
11902;
(2064,(4398,(4156,11829)));
14530;
8686;
12469;
14375;
15562;
(10422,15300);
(159,10402);
15681;
6512;
15444;
(10398,14399);
(6949,10312);
8411;
4167;
5776;
8420;
692;
9184;
2891;
704;
15655;
9359;
3726;
(1227,15191);
(7186,(8124,(513,14382)));
6339;
485;
6023;
4862;
8148;
8744;
(2223,15375);
3446;
833;
(6011,13632);
(4142,12613);
5731;
11154;
1825;
386;
9589;
(1220,4794);
15129;
12802;
(7280,11461);
11574;
9931;
6358;
(5765,8987);
(5440,12531);
6581;
4300;
(7101,14764);
13090;
12896;
4090;
1456;
(3844,9820);
14575;
(978,9200);
14612;
6180;
945;
11121;
(3579,11016);
12772;
8593;
15212;
11051;
6145;
1298;
(6871,8467);
(1576,8372);
6209;
8307;
3629;
8289;
3925;
4832;
(489,((1455,7646),(3612,8938)));
1059;
(3659,5838);
((3642,12384),((10622,12047),(8127,10782)));
13819;
5578;
2228;
8613;
9555;
15556;
11635;
227;
3266;
9374;
3100;
2814;
2627;
(1736,2499);
6647;
8435;
6808;
5356;
6573;
(3595,6172);
(8376,(9673,11083));
9386;
7561;
12775;
6962;
15510;
(2202,15678);
2487;
(6674,14947);
4224;
2920;
(2044,14334);
(12940,13633);
8571;
9787;
9650;
(5286,15297);
4774;
2243;
(3311,12301);
(3654,5640);
(12534,13264);
5930;
6113;
15134;
14845;
5774;
9104;
9191;
3899;
5124;
4448;
12773;
8468;
7012;
4246;
8007;
11070;
4239;
9490;
15546;
15274;
785;
12402;
3632;
(3617,(8498,11953));
2724;
1909;
(8040,13974);
7502;
5414;
6229;
5664;
853;
6983;
14595;
(14603,(329,8074));
15025;
4534;
4848;
(10219,13489);
2378;
942;
1149;
8067;
2306;
8741;
(1013,11012);
(11757,(897,9229));
12946;
4509;
5882;
3270;
7687;
2790;
13516;
8494;
15467;
13131;
20;
9440;
15225;
12899;
5136;
1697;
(4757,4810);
4354;
6390;
234;
12516;
10018;
4967;
1226;
935;
11780;
1410;
9558;
8104;
4103;
12005;
4465;
665;
15108;
7478;
(13899,(11089,15158));
7010;
(7895,10084);
13838;
10488;
10004;
15442;
(3359,(61,4244));
11556;
15220;
9626;
8366;
2399;
1242;
9559;
1033;
1019;
(725,10869);
705;
14296;
(1862,6076);
4776;
1381;
15602;
2683;
3280;
1892;
862;
(2503,7125);
9807;
101;
12121;
10834;
350;
2089;
((8545,(7849,10418)),(2664,12636));
12259;
13944;
1232;
12097;
15346;
4687;
1300;
7124;
1898;
(931,11151);
8903;
6248;
13480;
8679;
2329;
5588;
9019;
2261;
8215;
3676;
3739;
2511;
10822;
8464;
1924;
((8016,(7172,8502)),((5566,15396),(1237,11982)));
(2691,15221);
5481;
2534;
10675;
(6666,12900);
10717;
1612;
12342;
1391;
5575;
406;
1446;
11147;
11215;
847;
4467;
323;
6260;
4114;
15422;
7597;
11898;
4376;
5401;
10299;
15024;
9159;
(7891,9329);
((9625,12815),(4295,(6295,15331)));
6523;
7899;
2505;
10523;
5989;
8386;
9934;
14161;
11245;
15380;
12250;
2652;
4014;
15481;
11257;
4859;
3008;
3607;
((5009,9698),(477,13106));
10799;
9573;
10897;
11358;
(5770,7901);
10681;
4185;
5757;
13844;
3141;
5301;
13449;
6879;
6352;
13925;
3930;
805;
15560;
5274;
3915;
12650;
10529;
15414;
6656;
5196;
15283;
11494;
10838;
5771;
13625;
8683;
13926;
3387;
10719;
160;
4057;
8649;
(4484,14075);
13452;
8856;
3566;
1718;
13512;
3679;
3229;
11562;
9937;
2066;
15222;
2034;
(1959,6417);
3301;
6233;
14963;
1240;
4856;
15010;
9176;
5617;
5510;
4129;
2776;
9652;
14878;
(1438,9413);
2257;
(11130,(1933,14613));
12440;
506;
10992;
9042;
7074;
4515;
2157;
13208;
8723;
12551;
8624;
3126;
3755;
6513;
9696;
5962;
8425;
9877;
9809;
4342;
6492;
13206;
6582;
(4486,11602);
14568;
10823;
6774;
726;
5783;
10116;
12075;
5963;
4427;
((923,5447),(448,5920));
8158;
14729;
13649;
8072;
15429;
1489;
12300;
10730;
5831;
816;
3218;
3862;
1994;
7522;
13529;
14848;
5647;
6994;
14577;
10438;
882;
4906;
2734;
1196;
11929;
(1055,10267);
3976;
4436;
9992;
11433;
1367;
7461;
5229;
11460;
14514;
4179;
10504;
3619;
5029;
10216;
9765;
(7490,8974);
15329;
(8157,15011);
4186;
375;
15511;
(10419,14114);
11912;
14332;
(465,4307);
(1721,7099);
8805;
8223;
10638;
14906;
3151;
15457;
15629;
13447;
10906;
2761;
13120;
11888;
2341;
187;
1507;
9674;
7559;
3736;
751;
5871;
5096;
12681;
11651;
1590;
15441;
12346;
1398;
15362;
(910,7000);
3091;
14342;
15458;
(5725,13236);
15345;
353;
12671;
1369;
6636;
13079;
11463;
(2289,13852);
10541;
14439;
6796;
11919;
7984;
(4423,13584);
6726;
5897;
9831;
8900;
14761;
5134;
679;
1705;
8898;
8595;
(7707,8412);
9235;
6615;
6886;
12889;
12822;
2847;
13650;
14760;
9513;
4233;
499;
(5802,14119);
(1912,5691);
411;
10253;
10690;
4944;
6027;
(3560,6989);
3538;
9919;
1629;
(2897,15063);
7697;
10732;
9863;
918;
(9147,12744);
8233;
15245;
13392;
5673;
3820;
(4948,7626);
2862;
9784;
221;
7636;
3237;
6834;
(4961,14706);
6125;
2046;
(10911,(15054,(4030,4902)));
10356;
7532;
1751;
(5020,11403);
7393;
14039;
3353;
10276;
14687;
14505;
12484;
(3287,12031);
6337;
9511;
8076;
15249;
2408;
11596;
5316;
4885;
7642;
(12969,(385,4098));
12915;
1212;
3413;
13101;
9236;
4406;
9728;
453;
801;
2911;
12530;
10546;
11937;
12451;
(7110,11269);
5477;
13731;
7814;
14409;
2325;
15535;
5883;
12239;
6607;
4215;
12757;
478;
9097;
10503;
1513;
6185;
11775;
11830;
13373;
13897;
418;
9624;
2051;
1966;
3988;
7600;
2439;
4488;
7249;
10181;
14470;
7489;
1313;
13181;
7684;
12036;
1844;
5388;
14083;
(2250,11239);
4586;
3615;
(1874,14370);
12777;
730;
5983;
13441;
5199;
2177;
12875;
13086;
(5190,5990);
(631,14560);
2796;
10868;
3059;
3436;
(7084,8828);
7645;
4118;
12474;
15262;
5340;
8763;
9253;
7187;
2964;
5173;
5777;
5555;
5608;
11350;
11981;
4117;
11903;
14264;
15638;
14234;
(6098,7797);
(13202,13859);
(9256,11486);
3983;
1414;
6596;
(3005,9067);
7945;
13828;
15231;
14152;
3742;
13229;
9989;
15512;
(8231,10787);
4966;
(2308,15656);
11905;
9841;
5327;
3231;
5964;
6852;
(4334,6522);
3189;
4;
1935;
11423;
7380;
(1357,4227);
4637;
3506;
8146;
9836;
(2471,15197);
15607;
2018;
7662;
15290;
1693;
9880;
12709;
2889;
11801;
(6470,8270);
14648;
11112;
9422;
10400;
(1015,7050);
3310;
6014;
2563;
82;
2192;
9740;
9452;
14;
11766;
12188;
11656;
9720;
12411;
14993;
11640;
15216;
7960;
12556;
9838;
14918;
6334;
1178;
15453;
5255;
13996;
14363;
(4151,11447);
(3519,(3692,8746));
6996;
9667;
11079;
8212;
(8984,12750);
13420;
813;
14458;
12664;
7071;
(1053,11313);
184;
1878;
10620;
(3258,6733);
6450;
10935;
4871;
7402;
3570;
5576;
(8294,12841);
11218;
(3658,8356);
10555;
6957;
(5237,8424);
7986;
13059;
(8614,14051);
11833;
15227;
8280;
8033;
3298;
14623;
9783;
9133;
13475;
8881;
9419;
1977;
374;
5766;
(14108,14598);
(2507,3255);
2978;
12630;
11690;
10213;
2772;
(12542,14746);
9227;
4394;
10431;
8730;
11260;
5347;
10994;
10585;
5750;
2262;
(3076,11003);
5187;
6842;
13417;
8801;
9642;
3516;
(8587,10454);
14165;
14924;
7289;
8185;
13343;
12925;
7537;
8847;
11387;
1324;
(7609,11505);
1203;
5667;
40;
2459;
7668;
12610;
13279;
1880;
8816;
11140;
(3127,12826);
7752;
6274;
2319;
2298;
7903;
(422,425);
(12667,(7933,11884));
1354;
3906;
13024;
508;
(6090,(11916,12939));
11683;
9135;
4624;
6168;
1488;
8529;
13226;
606;
(6444,10204);
10769;
13504;
3212;
13238;
7890;
858;
6873;
8657;
15056;
(1962,(3196,8785));
7003;
4050;
3614;
626;
3967;
4903;
(13881,(13567,13722));
14028;
12283;
1125;
3749;
15289;
(6566,15006);
14917;
(4570,12890);
(6426,6728);
8196;
5580;
5243;
15674;
(2609,6978);
10068;
1826;
8527;
14628;
7475;
(177,8615);
4821;
10006;
5856;
24;
4929;
3480;
(1858,(404,5365));
13102;
9124;
(960,12558);
3891;
11550;
9964;
3788;
6362;
517;
5088;
(7276,11924);
3107;
4911;
865;
12149;
1028;
12223;
12472;
(6531,12570);
(6919,(2623,4676));
8762;
(8739,15534);
11452;
(7776,10517);
5796;
8187;
14466;
4936;
10297;
(3776,5446);
8976;
9855;
7861;
2588;
11601;
9214;
14958;
14422;
1077;
12582;
4153;
8931;
4263;
10080;
(8463,9496);
11647;
13609;
7652;
10527;
5277;
11610;
4858;
(10,3890);
8992;
10156;
10066;
7278;
1217;
12645;
10852;
3512;
13783;
10754;
1006;
(6714,11233);
1164;
2246;
3331;
3140;
6397;
12349;
6660;
12680;
7263;
12853;
1672;
12054;
10830;
14460;
7743;
8815;
(11256,12814);
12587;
5885;
6818;
7138;
14064;
2921;
5140;
3804;
857;
12685;
15310;
11142;
124;
10595;
9902;
1432;
8516;
12212;
1168;
115;
14642;
5011;
14961;
6305;
3829;
10657;
2695;
8670;
10728;
4605;
8620;
(6148,11906);
11728;
6575;
4827;
15194;
1786;
14427;
(2088,2939);
1560;
947;
4521;
(11995,15223);
3741;
15285;
5042;
14843;
780;
29;
7341;
4110;
3810;
1193;
13679;
4568;
14376;
7211;
1256;
1057;
9411;
156;
5556;
6360;
325;
11046;
5843;
(7711,8457);
197;
2952;
9593;
(1557,10008);
5849;
9862;
795;
3568;
8892;
11314;
15357;
11964;
11854;
6608;
14205;
9846;
4077;
12833;
2969;
1127;
6653;
10837;
12905;
12488;
14011;
8011;
8652;
8893;
14328;
546;
(3417,14301);
(8,(15120,(4549,13082)));
9535;
((5283,14245),(5344,11320));
(6485,12646);
3685;
5997;
12369;
13689;
13681;
9139;
(504,5219);
14473;
6953;
2058;
1773;
4491;
8658;
12832;
1895;
11007;
12078;
11347;
3557;
3017;
10128;
(2590,11594);
(2553,11980);
(2252,8110);
2007;
7220;
6402;
6197;
224;
6727;
(10363,14944);
6969;
(5162,8598);
721;
4875;
4016;
6954;
9767;
4218;
8142;
7535;
10955;
9579;
10272;
6856;
(7972,13251);
15640;
12596;
5721;
6273;
5226;
4442;
3926;
10191;
(2625,4262);
12536;
854;
(6149,10127);
(8466,11382);
4727;
14310;
5057;
7822;
14256;
8149;
1189;
4279;
15612;
2789;
5239;
(((8395,13199),(3686,9651)),(146,12762));
13603;
3122;
10867;
(9090,10996);
3383;
13141;
14689;
4212;
2479;
10361;
(9537,(723,9221));
5417;
1765;
11962;
12961;
(1492,12874);
((9545,(11931,14271)),(3993,9218));
2542;
9171;
(2945,11987);
14927;
3197;
10105;
5567;
10486;
788;
1334;
14679;
5086;
7333;
3291;
12306;
(4613,13410);
2858;
(3644,12864);
1498;
6888;
7784;
6815;
2672;
7842;
5669;
((1633,6043),(1607,2166));
1005;
2722;
10560;
4419;
1175;
6177;
10478;
4872;
3321;
(2617,4225);
3634;
2572;
974;
(3874,12011);
12519;
9151;
10327;
((230,7908),(1649,11907));
9908;
7893;
4949;
((14525,15286),(6897,8727));
7032;
11111;
11955;
13637;
3708;
(9585,(892,14574));
7005;
14865;
4982;
1048;
2606;
381;
9047;
10777;
3998;
10350;
8043;
1400;
293;
(456,2510);
3145;
2950;
13182;
2642;
15082;
14200;
7629;
2810;
2951;
5135;
(3156,6379);
(100,8604);
(1380,11074);
(8336,14722);
1735;
3690;
4764;
7151;
12649;
9117;
15486;
11273;
14346;
9983;
13151;
3501;
1753;
12319;
9319;
6071;
4713;
13221;
1068;
10884;
11457;
14686;
12368;
(3485,6173);
((7587,9153),((2702,15543),(3269,14453)));
13253;
4251;
11047;
11242;
7696;
14162;
3081;
13861;
326;
14456;
9882;
(3863,11524);
11941;
10338;
3019;
7365;
4519;
10201;
12281;
12167;
5602;
3637;
9345;
(((4767,8385),(2347,9355)),((973,13076),(4773,11324)));
(11703,(2339,10372));
12209;
6730;
11453;
11947;
(1877,9222);
11303;
11532;
12112;
7911;
9071;
4338;
1286;
9744;
5530;
5407;
10463;
3977;
7803;
15517;
7923;
13492;
13198;
12043;
10368;
(1130,7804);
3080;
12400;
7246;
6706;
60;
1465;
10112;
(1419,4416);
(5393,11434);
1926;
(2068,7855);
14019;
2655;
9400;
14768;
13482;
1096;
4989;
6271;
11456;
9604;
13419;
1595;
(5390,9068);
1417;
12518;
3564;
7624;
6230;
8209;
3430;
10870;
8481;
7303;
(2414,11673);
7388;
14794;
752;
(5308,14519);
(2037,14223);
10382;
15379;
12100;
10049;
6892;
3975;
7685;
9357;
1744;
12276;
10953;
6418;
4081;
458;
4424;
1138;
9277;
10888;
1866;
11765;
14873;
6817;
5261;
14516;
(1961,9861);
240;
8720;
6955;
6986;
9800;
(11604,12425);
2811;
5976;
2868;
9859;
1577;
4672;
2599;
4553;
7983;
1615;
9710;
11756;
(9375,10774);
2641;
14618;
(10639,13823);
(1076,12963);
10910;
3941;
10851;
6557;
11221;
3183;
2035;
2106;
1347;
8533;
7019;
2842;
12317;
8929;
9199;
5400;
9433;
(121,1823);
2401;
1478;
12000;
4820;
11081;
13601;
(9980,13256);
(7681,12599);
10039;
14898;
9115;
13816;
6904;
5373;
4434;
1024;
2936;
(7975,(5874,13325));
(3763,(7701,9641));
8710;
8246;
97;
4796;
2765;
8629;
13846;
13497;
859;
(1998,(10708,(12928,12951)));
2161;
5733;
9890;
7415;
12269;
13461;
9973;
1806;
4763;
7122;
5051;
3133;
8403;
(1452,14137);
5826;
6665;
8694;
13950;
10710;
3985;
14238;
11222;
6600;
11289;
903;
9518;
14336;
4924;
13750;
8675;
11692;
7069;
7091;
6874;
(6928,13799);
(4026,11113);
6946;
8811;
1792;
(5994,13800);
12887;
11644;
8241;
10262;
(6038,8852);
9023;
274;
(1084,5437);
7556;
11225;
14902;
4696;
4517;
3290;
13904;
2352;
7004;
3852;
6534;
6947;
13515;
9587;
8042;
7458;
(4997,12468);
10266;
1047;
(4359,7630);
4469;
15621;
1591;
15412;
5463;
(4358,8458);
13673;
3973;
2482;
(10203,14421);
9096;
11103;
8633;
(169,9986);
4107;
6762;
1528;
11911;
4756;
8619;
2405;
14563;
3033;
5205;
874;
10761;
660;
(15385,15437);
10126;
11842;
3428;
12454;
(1274,14941);
9732;
7501;
9186;
10000;
4596;
4987;
310;
5604;
12632;
1374;
6456;
6930;
15575;
7078;
2038;
(1154,11803);
4842;
(2916,10136);
7284;
9001;
1263;
(1691,9013);
11958;
618;
(((4241,6878),(1330,2835)),((5571,8156),(5656,8423)));
5835;
13959;
2544;
(3020,(843,9516));
703;
5036;
8165;
11072;
12546;
4126;
1143;
11624;
15097;
2749;
6528;
1141;
6850;
10518;
5007;
3965;
9328;
14938;
(1285,13341);
14259;
14117;
1855;
(9995,14674);
12985;
10311;
10318;
8725;
15650;
14338;
15105;
6676;
9517;
5214;
7191;
4819;
7734;
4210;
6422;
(6333,12326);
11063;
6503;
(3789,11326);
5896;
(10991,((2680,12912),(7953,8592)));
(8154,14778);
7039;
3375;
7566;
2267;
11491;
3406;
5600;
8924;
11027;
6092;
4683;
8418;
11760;
3737;
7358;
1231;
1509;
9076;
6584;
5095;
9885;
(1954,11246);
4582;
1252;
501;
12230;
1425;
7860;
4874;
109;
4079;
1774;
9874;
1910;
5290;
9929;
1200;
9449;
494;
(4482,7836);
3707;
2848;
14353;
13068;
11578;
5693;
15367;
5735;
6875;
((8189,12446),(397,(10154,(9509,(5426,7006)))));
15590;
14073;
1403;
9590;
265;
(5006,12734);
9801;
14960;
11160;
922;
(11286,15016);
13746;
14058;
1812;
(((7536,12356),(1261,1883)),((9739,10349),(8660,15151)));
9261;
1390;
3514;
2825;
12482;
2869;
13192;
(12562,13789);
15313;
14228;
5209;
6165;
10760;
5080;
(5264,12381);
14437;
5461;
10801;
4351;
11805;
544;
14478;
2919;
1943;
553;
(686,11441);
(7503,14054);
(825,5010);
248;
10545;
14990;
1406;
(10440,10582);
6079;
15355;
10278;
14725;
488;
14769;
8383;
6359;
(10198,15332);
7900;
5925;
(9464,14949);
(11664,12804);
14796;
9438;
6405;
9858;
5829;
13144;
5519;
(10001,15428);
9242;
12297;
8166;
10320;
9435;
10964;
4907;
7644;
576;
4910;
5807;
541;
12439;
6895;
8491;
10015;
7763;
6865;
10396;
5980;
2468;
2206;
1526;
11698;
13812;
2603;
(7356,12738);
9924;
(2396,6749);
9866;
(2753,5645);
7878;
6520;
3698;
15;
13791;
12344;
15209;
9397;
766;
3155;
11412;
3238;
9122;
((2418,4513),(13393,14942));
12095;
376;
11822;
12220;
574;
10092;
799;
(13589,(9686,10348));
2424;
14641;
12309;
1457;
9389;
7771;
8509;
4400;
((4886,12289),(3753,5795));
(6363,6441);
6638;
(1787,15619);
537;
7268;
3034;
1969;
1984;
1779;
12947;
12836;
14079;
14224;
1169;
15671;
11429;
5116;
6410;
3305;
658;
15641;
7589;
14420;
5259;
10428;
13957;
9029;
7126;
12954;
14959;
7584;
10885;
7198;
11686;
13370;
8012;
3084;
218;
8771;
7576;
9692;
205;
9062;
754;
(6766,(1667,(2668,7764)));
10183;
(7498,14749);
10744;
9591;
2800;
7869;
4256;
6621;
(10390,14759);
(5542,12567);
7353;
13195;
(6549,7373);
11237;
1086;
4679;
15188;
15568;
1821;
13985;
11544;
2196;
9187;
5195;
9288;
11389;
10850;
(6670,(370,8597));
5676;
6612;
(4044,5926);
4740;
4817;
1246;
8578;
3042;
10441;
(11802,12053);
10881;
3051;
13209;
15550;
6824;
6816;
(1508,4658);
11845;
11292;
12062;
13951;
8367;
(11993,(372,11052));
8070;
14215;
((1206,4125),(9961,12051));
(13714,(12909,12989));
14003;
1603;
3833;
(1325,11886);
15213;
8163;
10124;
1177;
10301;
9247;
(13423,15036);
7426;
1614;
6592;
11294;
6245;
2167;
(2061,13368);
123;
3466;
11105;
4688;
4742;
15201;
14657;
14862;
9533;
(14515,14643);
14148;
9257;
4284;
(767,4001);
1647;
4510;
(4577,13384);
8193;
(3117,10796);
12084;
7603;
12605;
8508;
4770;
9460;
9379;
2502;
(4404,14102);
11283;
14831;
6711;
(1103,10190);
(455,4407);
7238;
11297;
5152;
2803;
10164;
(8753,11998);
(4914,7655);
9932;
14908;
5729;
6244;
5690;
(1293,13618);
(1523,2159);
8707;
10794;
10138;
15561;
12205;
6678;
3082;
(3535,6350);
7194;
3454;
4410;
11933;
3496;
8935;
3497;
12145;
1894;
13910;
12073;
1108;
4120;
14286;
7059;
9428;
15401;
1975;
12429;
14605;
7794;
(10605,14446);
8775;
6133;
10125;
11032;
12088;
11131;
(7580,8004);
15333;
14283;
10261;
4614;
10044;
1906;
15407;
3714;
((4261,7832),(3215,9660));
13572;
19;
(13142,(10715,12214));
14943;
6472;
2993;
12603;
(10104,11988);
2263;
6327;
3072;
1886;
10424;
10194;
11994;
551;
9794;
3382;
5702;
13016;
3919;
15254;
3895;
8460;
5467;
10240;
655;
10615;
4085;
12221;
15595;
2214;
(6968,10931);
(2663,7409);
10206;
(3,13672);
14299;
10849;
3245;
(5043,8421);
(2899,7047);
8627;
14484;
11340;
12003;
(201,7722);
(2478,14986);
2010;
15242;
409;
9089;
5525;
15349;
7423;
7579;
10108;
2629;
14329;
14869;
5913;
1618;
7867;
(3104,15400);
(4235,9609);
(1411,6533);
6062;
3878;
4960;
(5754,(7306,8580));
1197;
10123;
(841,5892);
10855;
3916;
6662;
11186;
15684;
6484;
7188;
8536;
1247;
14018;
13395;
30;
2744;
13654;
12486;
14772;
10073;
4396;
14583;
1551;
2077;
12310;
10746;
10115;
(4673,6671);
3447;
12191;
10283;
9682;
(3558,(11445,(9478,13211)));
151;
5371;
12385;
(10893,14886);
11507;
5472;
10096;
8409;
13069;
1163;
5053;
8473;
3394;
697;
1092;
9225;
8786;
14860;
7947;
6050;
11517;
(8654,13440);
(793,1344);
352;
2995;
12489;
15643;
4388;
3349;
(5145,10984);
5928;
11073;
429;
10077;
5442;
10904;
9311;
6925;
11471;
8465;
2715;
13132;
7553;
15244;
13960;
(1525,2255);
11618;
3954;
6530;
10958;
(((4879,6308),(1732,12298)),((13621,14919),(3837,11787)));
14792;
7013;
(11440,12452);
9544;
9500;
7640;
15466;
12704;
1451;
(12541,13831);
6971;
14736;
1352;
335;
11555;
7919;
3319;
13394;
15114;
4194;
13840;
3177;
(11914,(6787,7293));
8532;
5952;
(4632,9684);
5505;
8735;
(8608,11280);
5333;
13939;
13907;
9581;
14692;
(15416,(4741,14362));
3179;
8682;
(12426,(3868,5452));
(3702,(9155,(10723,(9498,13158))));
9748;
1588;
8528;
8557;
7691;
8288;
10147;
8997;
7690;
13725;
14859;
8638;
4678;
10922;
10660;
15140;
9778;
13896;
5008;
2538;
12789;
9603;
13175;
12568;
14135;
9426;
(12746,(1827,4010));
13771;
(3078,8923);
(6476,15450);
891;
2454;
(13117,(9276,11973));
(9248,(6238,(15133,15625)));
4473;
1473;
4456;
2815;
6905;
10679;
10861;
2236;
2756;
6753;
14737;
13712;
(1375,6428);
12615;
1156;
(2403,14113);
990;
11189;
12626;
(4175,5021);
719;
6219;
9821;
7738;
4369;
(1978,13570);
8930;
3027;
5061;
528;
11372;
14952;
7639;
12111;
10731;
1609;
14976;
15230;
472;
1319;
(3651,14078);
14638;
7841;
12114;
2705;
8907;
7692;
14564;
3069;
8838;
1180;
9194;
5914;
3795;
10583;
14424;
2199;
567;
9504;
2536;
2008;
14090;
10575;
3060;
7846;
4021;
7873;
8802;
(5741,6471);
7632;
10566;
12009;
3830;
10375;
2931;
6144;
(3323,(6551,9654));
3152;
2057;
12660;
(4458,9759);
14882;
3344;
10813;
6048;
4923;
1187;
10846;
14835;
11319;
(((493,9665),(5651,9010)),(9322,(3478,(12786,15156))));
8009;
10862;
6985;
7332;
12586;
10308;
15384;
1944;
7062;
10753;
8732;
7617;
3452;
11954;
12215;
8867;
9146;
4017;
10436;
8916;
5137;
1148;
14821;
9522;
4677;
13773;
9206;
(7582,(4523,8796));
11304;
7528;
840;
(1331,7540);
4681;
13476;
3921;
12854;
12557;
9430;
5538;
15435;
6548;
2259;
11636;
11009;
14972;
1407;
13830;
4104;
11107;
(2640,8152);
10334;
2451;
12431;
11307;
6737;
11849;
5234;
744;
6031;
14242;
7396;
2798;
11056;
3987;
3411;
2597;
12849;
(5306,6193);
14912;
10333;
11224;
1249;
5193;
7715;
6845;
4452;
10274;
1043;
6223;
10078;
15322;
5048;
6698;
8044;
10778;
2963;
6423;
630;
8510;
36;
10178;
3134;
6920;
1891;
(11135,(7207,14429));
(6544,13693);
13323;
(4729,(6526,14951));
15591;
2554;
6134;
9441;
6067;
11125;
(3412,10264);
9202;
2294;
13782;
3928;
4610;
4598;
3537;
4559;
2970;
362;
6914;
(10461,15491);
4280;
4213;
10405;
1150;
(1921,9920);
15358;
11790;
7915;
482;
3236;
1291;
2280;
12609;
12072;
7273;
3832;
10713;
(7549,15072);
12480;
12037;
1491;
4341;
8628;
(3740,14021);
8579;
6563;
7421;
4824;
(13363,13976);
7961;
11020;
7614;
4636;
1804;
13010;
8537;
(9000,11724);
1183;
(((4693,9746),(5438,8500)),((4311,5927),(3030,10277)));
9103;
924;
4138;
(12169,13439);
12869;
12391;
277;
963;
4411;
8379;
8896;
10340;
6042;
10282;
192;
10317;
10843;
10070;
((1114,2667),(3289,4403));
8147;
11841;
3704;
12013;
5479;
6699;
(2213,2669);
15305;
919;
5090;
13473;
2727;
13889;
(315,7277);
4180;
3775;
11459;
10547;
14967;
4807;
5191;
9377;
1241;
15076;
11418;
3525;
84;
1636;
13905;
720;
10460;
5161;
8553;
185;
(4720,4963);
(9085,13215);
11769;
4382;
1563;
2909;
10093;
((8672,12240),(2649,11094));
7949;
1462;
1052;
5468;
10496;
5399;
(3835,7663);
15217;
2515;
4865;
4566;
(1095,(6836,14013));
12758;
13257;
14423;
8594;
11188;
11053;
1719;
14797;
12330;
14894;
2885;
4939;
2518;
8218;
1988;
8321;
4063;
(6469,(12483,14699));
11792;
7081;
12118;
9303;
10573;
2580;
5238;
2824;
14192;
8000;
1730;
8301;
11243;
(14658,(2738,(10036,12444)));
6392;
3814;
8855;
(8164,15513);
12590;
7892;
7710;
(10323,12445);
5133;
(12388,15660);
2520;
12135;
9078;
9367;
9529;
14812;
10807;
5415;
13448;
8255;
10928;
11533;
10718;
5120;
6918;
14989;
4033;
(5406,14320);
13999;
11485;
13336;
(91,8401);
5013;
8308;
(4220,7793);
7894;
9781;
6325;
(14455,15009);
1860;
15177;
2389;
(8462,13920);
2843;
226;
2060;
2476;
4208;
6189;
5469;
(7369,8570);
4184;
9249;
12253;
10703;
(10245,11654);
15295;
10720;
11427;
9316;
4378;
(1119,10684);
14911;
7858;
13924;
2116;
13902;
7641;
7295;
2075;
(3243,15406);
13391;
13505;
11351;
(8623,9901);
(10608,15615);
10271;
1395;
10985;
15163;
9507;
9532;
13836;
13857;
3865;
10740;
5591;
7737;
(7395,10578);
6108;
4771;
14931;
11918;
10319;
6764;
682;
13147;
14985;
622;
3401;
2975;
1527;
7202;
14494;
6128;
6299;
(9003,11132);
11522;
3794;
7192;
2249;
(7486,15383);
4431;
14496;
5091;
14401;
12977;
3597;
4883;
8444;
7484;
9572;
11837;
3914;
15636;
2321;
(5638,13850);
8006;
7497;
4628;
2153;
8480;
12598;
6593;
6854;
(5044,8706);
15005;
8024;
11348;
12948;
2646;
(3933,15215);
13087;
11691;
3593;
11847;
11401;
5314;
(6922,8542);
7802;
7721;
4657;
2582;
9772;
1065;
6226;
(4766,9183);
9968;
9217;
10107;
8743;
15578;
809;
10495;
((1018,1724),(9649,11549));
(9608,12337);
13932;
(710,2361);
5174;
10623;
5040;
10641;
3937;
12465;
(1073,2017);
10812;
9958;
(4481,(5564,(4084,11318)));
12143;
15583;
11545;
6257;
14106;
3416;
14994;
13764;
86;
11875;
4477;
(9361,13269);
1756;
6353;
15303;
2976;
8477;
13197;
1713;
8932;
6105;
4840;
12999;
14971;
8721;
71;
4454;
3681;
11212;
4119;
7833;
8519;
3054;
14703;
3858;
14258;
3909;
4765;
(4623,14184);
12674;
(6501,13918);
3468;
2565;
11263;
14535;
14060;
(2584,6667);
(4814,(14304,(5801,(14818,(2929,10975)))));
49;
171;
2218;
8092;
(5660,10512);
3168;
3561;
6323;
(5328,8878);
1124;
4717;
9079;
11788;
(3544,12997);
8705;
11891;
15468;
11393;
3574;
14834;
(1803,9542);
13232;
15460;
7870;
6455;
2902;
3397;
12730;
9285;
11761;
10129;
(5383,13987);
2212;
14738;
9823;
(4299,(1442,14085));
14288;
1956;
11192;
1673;
14219;
9437;
12237;
(3260,(8551,13271));
8782;
(233,15386);
9595;
7545;
4019;
8394;
9448;
6578;
5100;
5459;
3395;
10429;
7204;
15347;
7168;
8695;
8841;
15137;
15077;
2537;
3553;
7158;
2293;
5540;
6096;
10860;
13913;
15250;
8228;
9508;
3584;
4941;
10700;
9680;
10167;
(2616,7279);
13155;
(1945,8824);
470;
6692;
3797;
4876;
9321;
14954;
10385;
11573;
1539;
10232;
568;
8137;
13585;
13019;
149;
14822;
4232;
447;
11577;
3826;
6987;
7244;
15676;
5420;
7411;
13250;
1266;
9166;
11590;
6832;
(6746,9123);
14062;
11279;
6623;
(5803,5901);
3458;
10548;
699;
11002;
(10568,15291);
((10393,12720),(10060,10462));
14380;
5737;
2209;
(502,14704);
5949;
2822;
1416;
15131;
12120;
(9770,11880);
4393;
3713;
2048;
8568;
5485;
9324;
647;
7723;
1608;
2856;
7410;
3881;
5520;
14667;
14536;
12549;
6521;
15627;
10798;
235;
15266;
8783;
9594;
15000;
13429;
828;
13214;
5200;
6995;
12350;
9408;
5836;
8576;
70;
8673;
3524;
6679;
5918;
5948;
7414;
12846;
10414;
3836;
808;
9824;
7118;
6355;
4890;
7242;
12806;
12796;
9173;
14622;
(3578,12718);
5574;
15663;
46;
13376;
(4999,9223);
12284;
2961;
5002;
9848;
1566;
14786;
11483;
3338;
8794;
(2706,14157);
3492;
13665;
6002;
9044;
15451;
(2036,15292);
5464;
10090;
14527;
10890;
13332;
1623;
8990;
11468;
(4340,6211);
3750;
1960;
1454;
5637;
2540;
15190;
4994;
5614;
11960;
13426;
6249;
(688,14758);
(3504,4702);
1365;
2446;
15234;
3372;
2504;
8839;
11305;
1791;
7472;
15419;
6313;
7403;
5590;
368;
15066;
13005;
608;
7001;
4901;
7951;
(4680,15117);
(3959,(1571,2955));
(2550,11019);
9584;
1997;
(3917,4506);
(10942,(3687,7040));
6722;
(4689,11127);
4182;
14100;
(3364,13875);
6799;
((8757,13697),(7175,8861));
14783;
864;
(6224,8182);
(4372,9761);
12266;
4089;
3296;
10322;
4487;
11641;
1714;
13191;
7148;
13067;
(((769,2107),(1668,15672)),(13508,(2260,5247)));
((739,13671),(627,6654));
13717;
14379;
1917;
10180;
12182;
12838;
(3992,13458);
10643;
7831;
9655;
8575;
7931;
2944;
113;
13407;
11843;
643;
(10759,13542);
10378;
12412;
13527;
2777;
7266;
12712;
10536;
15315;
(261,12544);
11439;
(8141,15661);
(483,14059);
13028;
3970;
8170;
1268;
827;
1586;
9162;
(2286,2558);
5213;
2307;
794;
11097;
9157;
(4747,5141);
2412;
12683;
10511;
10063;
14587;
8343;
6124;
316;
4199;
10061;
4327;
12755;
12676;
2821;
7326;
2932;
7237;
15642;
2593;
9946;
6599;
7448;
3529;
((3093,4847),(11506,13765));
4181;
2402;
3859;
(5626,11710);
6416;
5271;
7775;
7016;
13842;
4055;
(6835,(12287,15448));
13239;
15545;
6609;
2096;
14639;
2363;
1304;
4013;
6136;
5937;
12331;
6825;
14337;
8752;
4866;
3146;
13562;
8285;
(7628,(2151,12780));
204;
398;
2204;
14008;
10023;
1832;
11458;
4190;
6517;
3886;
(1326,1985);
5712;
9536;
12278;
(10637,12032);
(1716,5899);
12041;
12998;
1020;
13333;
2416;
11565;
(3515,14010);
13322;
9050;
(6344,(2312,14412));
2334;
13893;
3567;
8821;
12030;
(1299,11926);
2301;
(10655,10825);
8849;
2413;
11035;
1963;
685;
3276;
6286;
5322;
14806;
5956;
15433;
6194;
9360;
4093;
13035;
454;
3228;
10806;
5523;
9409;
2701;
13125;
2914;
(2484,10439);
11607;
6694;
5211;
12057;
(9706,(4708,5906));
11598;
(7513,(11821,12575));
(13241,(4166,13351));
5869;
7051;
(13170,14351);
2495;
(((1670,9546),(5720,14581)),((2322,12370),(1265,9471)));
(2841,10792);
9039;
8314;
4532;
10014;
7987;
2559;
8266;
12920;
9477;
1418;
13887;
1752;
10538;
10148;
11525;
2211;
11384;
6184;
3805;
13371;
5186;
1552;
(1016,8712);
6433;
8808;
14524;
2907;
(7941,(5360,(2827,11150)));
11214;
12766;
14671;
11069;
108;
11329;
8374;
9057;
10269;
13276;
5763;
6866;
(3467,9458);
4538;
131;
6384;
9473;
7422;
6616;
114;
10114;
9308;
6981;
15519;
67;
(339,15127);
13883;
3520;
2948;
2220;
10494;
2372;
15487;
7857;
4663;
10389;
6481;
12701;
(13047,14178);
(1598,7936);
1182;
560;
6809;
232;
72;
12116;
12658;
11128;
13521;
12725;
13818;
1849;
4308;
3422;
3441;
1558;
2410;
2583;
(12651,(5867,13098));
3952;
14333;
9721;
13903;
11789;
6863;
(6151,(2296,11234));
15180;
13843;
(900,10470);
5816;
9621;
3045;
12255;
3420;
15205;
15459;
10083;
(3649,5824);
9779;
4726;
10780;
3822;
(1955,5752);
10132;
2070;
3001;
3620;
1949;
8859;
4634;
10208;
1678;
14464;
15112;
(5453,(2385,8742));
286;
10170;
6015;
8338;
(11316,12852);
9051;
11631;
7041;
6755;
955;
(14485,(12401,13335));
14261;
11337;
3721;
8954;
1428;
7060;
4806;
4781;
(2310,15107);
11818;
1524;
7997;
11268;
4783;
6725;
1772;
2635;
11501;
3149;
12268;
2053;
12564;
7779;
7265;
8787;
12910;
1782;
4867;
8352;
12313;
12638;
3715;
15618;
(8263,11255);
15013;
7121;
1771;
9434;
15552;
9376;
13073;
13194;
6377;
8693;
10298;
11180;
7159;
13291;
13564;
7811;
5931;
(2386,(14846,(3096,13544)));
68;
3188;
7149;
(615,1420);
13707;
13853;
1137;
1171;
7733;
8583;
3902;
13777;
6138;
11484;
12174;
743;
2752;
145;
8956;
7519;
12020;
8267;
4468;
3920;
10671;
2101;
10446;
5961;
12362;
10397;
1008;
3195;
11743;
6034;
6916;
10055;
12196;
4804;
1627;
12407;
(5821,10286);
14652;
532;
4583;
2291;
589;
14866;
7783;
12459;
(9341,(14538,14660));
10875;
14727;
7231;
6637;
911;
4409;
7656;
8081;
(2592,15410);
55;
4193;
14450;
14539;
6303;
2082;
1327;
7357;
1118;
6072;
14449;
13472;
10828;
11177;
7288;
10106;
14040;
(8996,12756);
7907;
12423;
2005;
(10630,13537);
4686;
9534;
(7317,9423);
12581;
(6195,(3469,(810,11772)));
15316;
162;
6622;
58;
11844;
5305;
8872;
5548;
1684;
(14644,14892);
(250,(3974,4709));
8441;
13664;
2081;
632;
1360;
12288;
14305;
2726;
10835;
10330;
8755;
9080;
3181;
2967;
13078;
(1815,5336);
15161;
9971;
2943;
11143;
8637;
13007;
5230;
14798;
13856;
15597;
9825;
12984;
7030;
15360;
(4355,14740);
(7702,15594);
15152;
5722;
2647;
7921;
1379;
15236;
9459;
(639,6454);
14899;
14627;
14880;
12868;
10037;
4139;
(856,12637);
8327;
10484;
7442;
6767;
14277;
8618;
3783;
10558;
7699;
12779;
6999;
(10510,13900);
3268;
3743;
807;
8936;
7768;
15573;
12207;
9239;
11504;
5014;
1769;
1431;
2174;
10569;
2368;
9912;
(11950,15007);
6357;
5078;
9231;
(4495,13217);
12225;
9195;
(4031,5245);
8422;
466;
(8103,13756);
(1151,1951);
(3724,11622);
12639;
7106;
(5585,13129);
(5589,13270);
5307;
11989;
1337;
9396;
12026;
14459;
10251;
15570;
8049;
14784;
2575;
5959;
12258;
2049;
7801;
5847;
10534;
14546;
(7057,14607);
7494;
10028;
1650;
1172;
(5864,5982);
2134;
12510;
6158;
5270;
10581;
6700;
13316;
14956;
3675;
11800;
14621;
10986;
3002;
13755;
11551;
7568;
12797;
3213;
(8567,13045);
8793;
8136;
12971;
9926;
(3360,9339);
3267;
2039;
3663;
15288;
9031;
3752;
12737;
(11996,(6801,10863));
9030;
6741;
6121;
12616;
8952;
998;
6910;
15174;
782;
(7018,8998);
(8663,10524);
7463;
13252;
3118;
3099;
734;
50;
8454;
6843;
(7735,15427);
15260;
3860;
1767;
(3912,4590);
10062;
3247;
4298;
3129;
893;
12305;
2794;
14468;
6681;
(13611,15359);
680;
6975;
5250;
12829;
3138;
11171;
6282;
11040;
2461;
15521;
6142;
2473;
7758;
125;
(672,(1003,9795));
10288;
2729;
15691;
10053;
4508;
12449;
336;
(7131,11559);
8483;
(4812,12799);
10882;
5988;
9075;
13196;
1373;
13751;
8427;
15050;
15670;
9963;
11741;
6632;
3950;
1768;
5172;
15413;
4861;
11932;
(5900,6804);
3666;
6368;
2469;
9691;
4964;
7544;
14480;
(3038,5066);
((3809,7601),(473,5568));
12415;
3815;
4253;
10903;
1748;
3046;
14055;
4074;
4745;
4564;
13401;
9015;
4913;
10427;
3320;
5506;
1328;
((3108,7142),(2839,6936));
11963;
676;
13729;
9444;
9883;
3605;
15354;
6346;
3866;
6383;
9813;
6291;
8339;
12396;
(8079,10408);
6207;
13668;
1061;
((4078,(11204,(8842,11500))),(7212,12987));
1605;
9238;
14870;
14268;
13362;
3282;
(11431,14998);
6942;
1239;
(11335,13225);
1162;
5253;
12565;
(9385,9881);
12241;
9956;
1581;
3647;
5148;
13792;
15028;
5508;
7643;
13091;
3092;
6191;
12740;
12004;
15479;
4115;
6524;
14775;
(4036,7368);
849;
341;
7724;
3774;
6820;
13931;
10932;
13360;
10313;
12375;
7467;
15667;
105;
11976;
7115;
4502;
11928;
14430;
996;
6078;
(2760,15662);
2086;
7875;
13640;
2052;
4164;
1155;
5441;
6380;
937;
1725;
2226;
12801;
11029;
3114;
9012;
12392;
13258;
15255;
10687;
12767;
1624;
12462;
11328;
3275;
4206;
9351;
14042;
1981;
985;
12577;
10525;
13553;
7290;
(1743,4122);
5169;
2194;
9695;
10768;
2375;
10307;
7155;
11930;
8086;
11731;
10831;
(2154,3120);
6312;
12334;
(15335,(3671,7654));
15096;
1223;
7613;
14172;
713;
(2029,7401);
13955;
7372;
8853;
(3233,9074);
7755;
5596;
14654;
7253;
8299;
8902;
9857;
(6757,(7128,11378));
4697;
2102;
8642;
6924;
14594;
8211;
(3483,14222);
(11682,14726);
3604;
2290;
8475;
9580;
3842;
13961;
12254;
4373;
5998;
4379;
10712;
3470;
((9137,10140),(11126,12990));
10827;
(10139,13487);
8589;
875;
14218;
9751;
12850;
8335;
4141;
3680;
1002;
(25,15477);
1335;
9305;
6276;
7419;
4655;
8713;
1046;
8795;
3130;
12968;
6338;
2631;
14824;
3062;
9390;
13862;
7264;
8060;
10866;
11332;
7964;
2207;
6717;
14225;
(5598,6880);
2299;
9246;
5294;
5037;
4196;
7311;
10734;
289;
2614;
14307;
3169;
1136;
13298;
12068;
(13706,15173);
6451;
14510;
5111;
10820;
389;
7739;
4893;
13154;
5450;
8365;
1449;
9671;
6872;
7727;
6342;
3880;
4059;
15344;
7055;
2302;
10921;
2546;
5970;
1376;
(7210,8625);
2494;
12996;
10933;
14312;
9260;
8760;
6938;
8373;
531;
(4028,13406);
12085;
(5330,6684);
1270;
12166;
15644;
8026;
4391;
14506;
1117;
3090;
8904;
10241;
6723;
8065;
8105;
9736;
9439;
6036;
5954;
6911;
2906;
1747;
592;
(10747,14795);
