(10942,(3687,7040));
(639,6454);
(2934,(2001,13906));
(8770,10388);
(1757,7349);
(10038,14584);
(12455,13387);
(7428,10498);
(5886,13865);
(8551,13271);
(12940,13633);
(9059,11965);
(2163,5421);
(4852,(12271,(8778,14032)));
(477,13106);
(10508,14937);
(2126,9395);
((3630,6281),(7512,8957));
(6363,6441);
(4321,12069);
((10945,(5282,15646)),(14766,(14143,(12600,(5582,(15376,(12164,(14837,(9269,11675)))))))));
(13095,((3528,6081),(((4754,13150),(12,4266)),(5679,11153))));
(2403,14113);
(10655,10825);
(959,10987);
(3710,11200);
(15558,(4980,10285));
(2506,13020);
((7610,(1101,10636)),(2315,6065));
(((1799,5170),(13524,15267)),((4349,5622),(6631,12657)));
(8311,(10217,12765));
(917,5528);
(4413,7482);
((2219,7432),(9860,13695));
(832,(2457,10279));
((8189,12446),(397,(10154,(9509,(5426,7006)))));
(377,3307);
(3121,11187);
(12863,14776);
(((4767,8385),(2347,9355)),((973,13076),(4773,11324)));
(1227,15191);
(637,10205);
(1442,14085);
(6349,11481);
(12724,(2908,9148));
(4463,7113);
(1633,6043);
(2359,(8988,10649));
(2783,(5859,14204));
(11832,15632);
(15631,15683);
((5571,8156),(5656,8423));
(9446,11049);
(6626,13781);
(7838,14694);
(4269,7809);
(3093,4847);
(6627,(338,10685));
(4699,13556);
(11543,(6058,9120));
(9608,12337);
(2833,8559);
(10605,14446);
(((9081,14905),(6063,9092)),(2675,6724));
(4176,9637);
(5717,13293);
(9177,9372);
(11170,13933);
(311,496);
(9798,14302);
(5837,7487);
(723,9221);
((9629,13029),(5767,10832));
(412,(10814,(814,10844)));
(285,2850);
(8221,12021);
(5598,6880);
(750,13753);
(3592,(6083,12089));
(3992,13458);
(12860,(5907,13804));
(1234,(8320,8972));
(12416,14935);
(5361,11345);
(3621,7406);
(1461,5449);
(7681,12599);
(3888,8306);
(15199,(6438,13761));
(1882,8200);
(3575,5606);
(4839,(10413,15170));
(2100,11399);
(5725,13236);
((13963,15588),(1952,11774));
(9462,10565);
(4075,9472);
(1645,3013);
(1357,4227);
(7084,8828);
(7898,12504);
(1796,15495);
(15122,(2171,13822));
(6956,8975);
(3544,12997);
(2658,(11770,14547));
(11821,12575);
(1508,4658);
(3782,8195);
(1492,12874);
(211,1001);
(3215,9660);
(778,9917);
(12162,14578);
(9770,11880);
(6746,9123);
(3959,(1571,2955));
(4040,(4952,5977));
(476,9733);
(3163,4744);
(5126,(6227,12691));
(12448,12739);
(5139,11820);
(8513,14041);
(((219,12435),(7301,7742)),((3581,12185),(9344,15440)));
(4802,12393);
(9961,12051);
(((493,9665),(5651,9010)),(9322,(3478,(12786,15156))));
(2665,12847);
(370,8597);
(8996,12756);
(7826,14785);
(1208,(6881,(4933,5535)));
(2453,10532);
(1441,8198);
(7711,8457);
(1980,14550);
(9464,14949);
(2083,3825);
(6090,(11916,12939));
(4795,(4955,9154));
(15527,15689);
(2609,6978);
(11448,11970);
(587,1074);
(146,12762);
(3763,(7701,9641));
(8336,14722);
(6080,(2483,5377));
(2151,12780);
(8814,12231);
(11914,(6787,7293));
(4162,(11661,13018));
(2664,12636);
(4897,7989);
(4602,6672);
(3186,7163);
(14668,(5632,10770));
(106,15633);
(6170,((10472,(4476,6212)),(6721,(6132,10785))));
(5190,5990);
(3790,13110);
(11993,(372,11052));
(6213,8213);
(15372,(15155,(13523,(7978,(12475,13053)))));
(2617,4225);
((7229,9294),(13388,13919));
(14158,14663);
(5178,10343);
(8789,14023);
(11198,11922);
(9203,11193);
(6837,14417);
(3233,9074);
(627,6654);
(5995,12962);
(328,10059);
(3358,7862);
(5537,14910);
(5661,9768);
(2984,8875);
(1978,13570);
(4791,7236);
(8369,14507);
(3696,(7322,10258));
((2418,4513),(13393,14942));
(7186,(8124,(513,14382)));
(4235,9609);
((9739,10349),(8660,15151));
(2623,4676);
(10198,15332);
((1363,13608),(2972,6731));
(3016,12335);
(378,2740);
(3849,15153);
(4705,4950);
(6674,14947);
(5753,13741);
(8698,(11477,13937));
(5705,(13122,14339));
(4500,8944);
(10422,15300);
(15416,(4741,14362));
(4814,(14304,(5801,(14818,(2929,10975)))));
(12061,14542);
(8704,(5800,14324));
(3873,((((5934,11985),(2820,7094)),(518,9036)),(9689,14281)));
(11995,15223);
((923,5447),(448,5920));
(2409,8159);
(2448,14940);
(3546,13969);
(3003,8515);
(2386,(14846,(3096,13544)));
(9143,12972);
(3417,14301);
(1987,6200);
(9385,9881);
(3765,13026);
(1115,9073);
(250,(3974,4709));
(1091,11266);
(5293,10739);
(10390,14759);
(4340,6211);
(1348,3077);
(602,(1435,5439));
(5006,12734);
(8654,13440);
(3323,(6551,9654));
(4151,11447);
(12909,12989);
(8309,(10381,12087));
(10029,12235);
(9356,13502);
(10159,(5649,6382));
(10816,13806);
(8672,12240);
(8376,(9673,11083));
((14525,15286),(6897,8727));
(1265,9471);
(12543,(15352,(3884,(9700,(3332,(6602,(7749,7863)))))));
(4809,8135);
(3264,5482);
(3223,8272);
(1505,5500);
(2458,12141);
(5660,10512);
(2590,11594);
(2284,5565);
(7389,12514);
(841,5892);
(10927,13810);
(3784,14753);
(10440,10582);
(10919,(12974,(6898,(7320,(6572,10802)))));
(228,7813);
(738,6605);
((3896,10633),(2269,8949));
(10184,14554);
(5390,9068);
(3844,9820);
(6149,10127);
(275,9398);
(8414,8535);
(3871,(2860,12679));
(7510,14383);
(1962,(3196,8785));
(7443,15052);
(8646,(2638,11729));
(8506,(14867,(1502,4073)));
(298,13554);
(6515,6839);
((2896,11122),(5814,13719));
(1723,10733);
(3800,8150);
(5350,9486);
(10406,13307);
(1017,15666);
(11005,12458);
(347,10741);
(2663,7409);
(4175,5021);
(3474,10395);
(4790,15019);
(9995,14674);
(3005,9067);
(6098,7797);
(12483,14699);
(12426,(3868,5452));
(12430,(12321,14026));
(8127,10782);
(179,15692);
(10245,11654);
(2308,15656);
(13881,(13567,13722));
(4694,13786);
(6210,12173);
(1438,9413);
(2088,2939);
(6928,13799);
(12113,13917);
(3117,10796);
(1568,3727);
(4480,5499);
(2507,3255);
(5504,14791);
((2496,9405),(1683,13046));
(1378,6400);
(2522,9539);
(7376,11768);
(3435,14708);
(11204,(8842,11500));
(2146,8097);
(391,6343);
(2616,7279);
(2945,11987);
(835,(8870,12208));
(14098,14650);
(9939,15425);
(43,14853);
(7582,(4523,8796));
(2938,10399);
(8036,11036);
(13589,(9686,10348));
(12562,13789);
(1279,3476);
((8016,(7172,8502)),((5566,15396),(1237,11982)));
(1140,10990);
(15455,(6117,(4959,5710)));
(4997,12468);
(4680,15117);
(4209,6247);
(5745,(4498,5689));
(7773,11101);
(6992,13161);
(4551,5755);
(8496,10775);
(9979,14110);
(7175,8861);
(2668,7764);
(2685,6555);
(1447,3347);
(15070,(12399,(4888,14403)));
(4701,7714);
(3791,7196);
(10786,13054);
(6195,(3469,(810,11772)));
(13356,(11608,(1179,4133)));
(2670,11090);
(4310,7569);
(9649,11549);
(281,13210);
(1553,12247);
(12413,12787);
(1933,14613);
(1998,(10708,(12928,12951)));
(5863,14147);
(2774,7635);
(3444,9055);
(6757,(7128,11378));
(11558,(5794,11873));
(9014,12071);
(13075,13398);
(11642,(8748,10618));
(3075,(11897,12374));
(12768,(2367,2748));
(11135,(7207,14429));
(12511,(569,1582));
(7657,(5768,14133));
(6087,10528);
(3722,11585);
(8168,12723);
(7342,12932);
(3412,10264);
(6060,(8013,10448));
(7889,14523);
(10219,13489);
(5237,8424);
(9707,(7634,15439));
(6719,14155);
(2801,14101);
(5118,13428);
(6836,14013);
((9521,(12262,13324)),(6198,(6029,7872)));
(6171,12784);
(5623,14858);
(9402,15501);
(1525,2255);
(1955,5752);
((8015,13911),(1245,4772));
(13446,(524,2854));
(3119,6828);
(8141,15661);
(3011,9468);
(10637,12032);
(2143,3340);
(2706,14157);
(8283,10793);
(130,3968);
(8877,8962);
(5162,8598);
(869,4752);
(8545,(7849,10418));
(7854,9494);
(5328,8878);
(2484,10439);
(1013,11012);
(13012,13994);
(12991,(8489,8982));
(11511,13138);
(3609,14559);
(11175,12942);
(6344,(2312,14412));
(1358,3995);
(7735,15427);
(4031,5245);
((6807,10087),(1640,3414));
(2916,10136);
(230,7908);
(480,1868);
(3682,14406);
(10466,14720);
(10386,12127);
(7850,12913);
(2061,13368);
(7853,(11969,14739));
(1120,2999);
(4004,10169);
(3943,14434);
(4051,7183);
(7676,12588);
(415,11424);
(6018,12382);
(6922,8542);
(10239,(1221,4912));
(5821,10286);
(1899,14395);
(4886,12289);
(5888,7525);
(5993,8202);
(7590,15172);
(12673,13223);
(9248,(6238,(15133,15625)));
(2581,3539);
(15160,15659);
(11435,(6768,(7436,14017)));
(8587,10454);
(1651,(7297,(14933,(1785,4027))));
(3877,14486);
(2156,5182);
(5747,7926);
(2254,9033);
(3585,8951);
(1341,8734);
(11711,14948);
(5020,11403);
(3373,4007);
(2108,4574);
(329,8074);
(4241,6878);
(132,10648);
(4047,12046);
(13611,15359);
(13259,15403);
(9840,9853);
(1808,9286);
(4560,6899);
(4446,13050);
(11852,(5221,6467));
(9313,10951);
(1607,2166);
(11445,(9478,13211));
(4495,13217);
(4195,11405);
(2391,2527);
(15235,(2591,7787));
((6597,10653),(3438,11467));
(3872,4385);
(2029,7401);
((4554,6771),(10847,15587));
(8222,14662);
(6426,6728);
(3577,14580);
(6016,12743);
(6821,12640);
(877,10370);
(5465,10387);
(8235,(1575,12133));
(3381,7456);
(504,5219);
(1411,6533);
(12904,13855);
(3762,14647);
(9498,13158);
(10576,12584);
(1160,8521);
(4381,8605);
(3997,10145);
(1660,4216);
(5143,6851);
(14463,(13011,(884,8830)));
(2855,5605);
(7680,9140);
(13273,13941);
(177,8615);
(1332,13785);
(14658,(2738,(10036,12444)));
(5933,14345);
(4578,5392);
(977,6601);
(7258,13586);
(4168,(12771,13678));
(9597,12333);
((5355,5917),((4462,8722),(5329,5923)));
(6148,11906);
(3076,11003);
(1732,12298);
(4026,11113);
(2154,3120);
(552,14724);
(15196,(3021,(3014,4282)));
(3786,6237);
(3912,4590);
(283,3434);
(10911,(15054,(4030,4902)));
(2838,3376);
(8636,10779);
(1613,12257);
(2553,11980);
(8699,15515);
(2470,15664);
(3249,7355);
(8908,9491);
(5587,8117);
(9842,15415);
(3486,6571);
(7260,9306);
(2068,7855);
(3,13672);
(5969,(10939,12892));
(1012,9606);
(4486,11602);
(4398,(4156,11829));
(61,4244);
(7452,10344);
(3590,12535);
(4904,(2804,9683));
(6858,9972);
(4512,8731);
(5626,11710);
(6476,15450);
(612,5127);
(8784,9021);
(12279,(6164,9220));
(12634,14809);
(3451,11749);
(203,15565);
(9443,(5113,9951));
(7101,14764);
(11814,14190);
(3156,6379);
(5798,15690);
(7970,8876);
(14455,15009);
(4220,7793);
(2144,14372);
(10490,11745);
(7930,8499);
(661,13184);
((3342,11668),(4526,7585));
(4484,14075);
(5746,7413);
(4662,13305);
(4981,12669);
(9657,10727);
(2273,6568);
(5055,15044);
(3917,4506);
(5000,13345);
(3485,6173);
(631,14560);
(2753,5645);
(8863,10766);
(5782,15454);
(3933,15215);
(13057,14308);
(3870,6748);
(1003,9795);
(47,1480);
(1275,14533);
((10393,12720),(10060,10462));
(3603,14122);
(11182,(3171,8756));
(5864,5982);
(7673,7767);
(8958,11157);
(2229,(1669,1947));
(5584,(7134,9832));
(1099,7981);
(1945,8824);
(481,(2622,8525));
(1920,(11783,(2971,15271)));
(7995,9213);
(7394,14677);
(6143,(6988,(4552,12144)));
(13796,(4957,7515));
(5215,(2751,2974));
(12175,13385);
(2213,2669);
(6949,10312);
(315,7277);
(5765,8987);
(3311,12301);
((3108,7142),(2839,6936));
(11290,11583);
(9109,12785);
(1293,13618);
(3837,11787);
(3232,15508);
(172,12760);
(1523,2159);
(7661,15301);
(12282,14936);
(2741,14839);
(823,14664);
(8240,13851);
(6333,12326);
(2899,7047);
(10412,11357);
(1662,7331);
(10559,13760);
(4044,5926);
(5145,10984);
(8503,(5643,7759));
(135,1758);
(4458,9759);
(11158,14130);
(8103,13756);
(((1942,11275),(12082,14755)),((1937,14323),(781,2880)));
(573,4234);
(7580,8004);
(4775,10492);
(3599,(5232,10549));
(3398,13549);
(710,2361);
(9907,15637);
(11996,(6801,10863));
(1520,7966);
(789,4835);
(1712,15394);
(12007,12397);
(6478,(11360,(4594,11896)));
(9797,11352);
(978,9200);
(5406,14320);
(1743,4122);
(4670,(5818,9850));
(3724,11622);
(5498,8781);
(9341,(14538,14660));
(815,7139);
(10203,14421);
(756,10238);
((390,15555),((7565,13885),((14787,(1973,12695)),(495,8257))));
((4032,9492),(3037,5101));
(6714,11233);
(10883,(10110,15268));
(3612,8938);
(9375,10774);
(12542,14746);
(3818,9808);
(666,13130);
(946,8459);
(11014,13330);
(8434,(11653,12897));
(25,15477);
(2217,8416);
(5264,12381);
(4619,9643);
(12794,(1931,3951));
(6462,10970);
(2377,10683);
(8040,13974);
(5787,12498);
(10225,14385);
(5402,11753);
(331,4091);
(4689,11127);
(12001,14877);
(4483,(7517,11364));
(3437,13032);
(4685,4782);
(2176,3079);
(11931,14271);
(199,(636,(2423,7943)));
(7283,8025);
(10032,11075);
(2686,5586);
(7066,(7026,8819));
(12287,15448);
(7110,11269);
(966,15081);
(12955,13169);
(1562,5841);
(5922,10189);
(5059,11925);
(2620,3966);
(413,11857);
(3649,5824);
(5853,10974);
(7356,12738);
(3674,8690);
(2333,9923);
(13574,(3137,9043));
(7363,13983);
(455,4407);
(7037,12132);
(13283,14451);
(3740,14021);
(6225,10771);
(12378,13579);
(((15073,15628),(4201,(10098,(6974,(580,12708))))),(6811,8333));
(9256,11486);
(615,1420);
(5553,(1306,5639));
(8663,10524);
(4613,13410);
(1798,9129);
(3504,4702);
(2223,15375);
(1103,10190);
(5635,14061);
(3346,4011);
(11917,11935);
(2660,9512);
(3109,11979);
(13241,(4166,13351));
(1682,(8871,(10482,(5866,8965))));
(12388,15660);
(6853,12656);
(5168,14327);
(9361,13269);
(2988,6937);
(5994,13800);
(1770,8326);
(3287,12031);
(6403,10674);
(3776,5446);
(((769,2107),(1668,15672)),(13508,(2260,5247)));
(1434,2618);
(8265,10693);
(7609,11505);
(3863,11524);
(1922,4710);
(6293,11623);
(8398,14089);
(5440,12531);
(7549,15072);
(7251,11144);
(3334,13128);
(767,4001);
(10628,14855);
(10461,15491);
(9216,13418);
(3643,9633);
(5792,6374);
(1084,5437);
(9040,(10722,12244));
(1877,9222);
(14485,(12401,13335));
(4812,12799);
(529,(3294,10563));
(11210,13561);
(4803,8933);
(11373,13582);
(7369,8570);
(6208,9735);
(5428,6218);
(4272,14616);
(6020,14099);
(6354,9802);
(10007,15064);
(7280,11461);
(5633,14474);
(10432,12227);
(83,2700);
(119,4433);
(13517,13552);
(8691,9358);
(5680,10135);
(10027,(2062,7780));
(6316,15522);
(14045,(2568,13350));
(12651,(5867,13098));
(932,9791);
(7145,(2489,3335));
(11220,15507);
(7077,13443);
(10510,13900);
(4546,12130);
(7818,13794);
(66,5471);
(2863,6231);
(10341,11693);
(7027,9632);
(337,(8910,9212));
(10934,13048);
(5023,12128);
(4879,6308);
(3089,14625);
(5524,8068);
(646,7140);
(2296,11234);
(2002,5805);
(4577,13384);
(4961,14706);
(9634,(345,10336));
(12018,14368);
(8524,(10329,13716));
(4421,9914);
(910,7000);
(4331,13732);
(2795,12292);
(4261,7832);
(2662,5235);
(260,5418);
(238,8556);
(2069,7408);
(5720,14581);
(4101,13667);
(1879,10803);
(14366,14723);
(7313,15538);
(10572,14518);
(1716,5899);
(5360,(2827,11150));
(3824,5739);
(1739,2345);
(2122,10074);
(1867,3308);
(3861,6068);
(739,13671);
(7420,8387);
(2594,7021);
(11227,13593);
(8909,12493);
(9844,12906);
(4112,12538);
(5874,13325);
(4975,(5947,(12574,15062)));
(5153,(4541,14034));
(10864,12136);
(1362,14294);
(6116,14318);
(13201,14071);
(3602,14044);
(1073,2017);
(3483,14222);
(4238,15302);
(1427,11629);
(8507,10758);
(3000,8259);
(15500,15571);
(7234,9856);
(5344,11320);
(3066,7506);
(168,11067);
(2702,15543);
(4720,4963);
(1356,11706);
(2532,9412);
(6950,7352);
(714,8361);
(120,7741);
((4693,9746),(5438,8500));
(54,9264);
(3390,11742);
(4377,8203);
(11776,12436);
(11664,12804);
(8108,(6707,9782));
(6329,6562);
(1570,7665);
(14311,14443);
(2930,11064);
(1873,3958);
(4160,7224);
(12325,12477);
(12746,(1827,4010));
(465,4307);
(10323,12445);
(2297,6427);
(6790,15094);
(13424,15086);
(1912,5691);
(1071,11172);
(7740,8874);
(3638,10878);
(912,14405);
(8155,10514);
(8226,13062);
(13135,(9312,14770));
(3994,12881);
(1104,2324);
((2680,12912),(7953,8592));
(1080,5991);
(12805,15516);
(439,13310);
(3112,11267);
(3522,4589);
(12541,13831);
(8191,13685);
(3057,(2574,4925));
(2155,10259);
(4830,10940);
(9380,12643);
(931,11151);
(8407,13598);
(940,3768);
(1032,6199);
(9616,13839);
(3882,(10624,15068));
(85,3482);
(3659,5838);
(879,10081);
(5393,11434);
(9077,(6093,12844));
(11506,13765);
(8247,11385);
(8,(15120,(4549,13082)));
(2519,10577);
(8429,14751);
(1075,9548);
(11301,12048);
(2289,13852);
(2342,6445);
(866,12040);
(9980,13256);
(11587,15488);
(4173,5478);
(2818,14226);
(45,8276);
(13179,14315);
(5330,6684);
(641,3847);
(1631,11997);
(9893,12418);
(9550,10999);
((8395,13199),(3686,9651));
(4915,9165);
(6819,9416);
(12667,(7933,11884));
(14857,15370);
(8482,13278);
(6488,(5851,13312));
(12224,14782);
(1023,4178);
(11703,(2339,10372));
(2648,5663);
(11316,12852);
(14000,15165);
(4111,7607);
(5083,5313);
(4036,7368);
(5675,13742);
(848,15624);
(5754,(7306,8580));
(7587,9153);
(10,3890);
(4999,9223);
(8330,(1530,2883));
(7718,13308);
(10639,13823);
(6038,8852);
(1813,(9325,9829));
(5844,11509);
(7400,11948);
(3532,8961);
(10212,10574);
(11024,13237);
(6470,8270);
(1721,7099);
(5564,(4084,11318));
(3633,3981);
(4690,6675);
(183,2905);
(1838,9388);
(1837,3646);
(8263,11255);
(9137,10140);
(5268,6448);
(2817,7844);
(8316,13055);
(2250,11239);
(4080,8906);
(2079,11840);
(5610,7022);
(11796,(4060,9899));
(8498,11953);
(4355,14740);
(4402,8440);
(385,4098);
(4869,(2012,13017));
(2770,3009);
((8800,9556),(8549,12873));
(2649,11094);
(10150,14540);
(1151,1951);
(7707,8412);
(5879,15084);
(596,605);
(4998,7851);
(11682,14726);
((3809,7601),(473,5568));
(800,12686);
(13464,15323);
(1153,4128);
(7321,10076);
(9754,12858);
(2332,(11946,12192));
(5872,11488);
(6833,(1303,15350));
(6772,10228);
(181,8058);
(2004,11566);
(1452,14137);
(8090,14418);
(4729,(6526,14951));
(34,14529);
(3535,6350);
(3618,10915);
(10230,13112);
(2135,6070);
(11256,12814);
(1815,5336);
(8100,9826);
(8753,11998);
(4650,4785);
(4621,(1916,7588));
(1930,13168);
(2467,(9204,(8048,10506)));
(9871,12076);
(3408,(4451,10842));
(907,8098);
(793,1344);
(1691,9013);
(13597,15445);
(1554,1925);
(6760,7902);
(8302,14555);
(441,15482);
(7896,8677);
(609,2846);
(4766,9183);
(3700,(4780,15279));
(10065,12243);
(2047,8630);
(32,6139);
(7395,10578);
(2435,6243);
(7895,10084);
(1330,2835);
(3439,15059);
(9003,11132);
(6032,8955);
(12534,13264);
(10913,13427);
(13047,14178);
(671,8922);
(6531,12570);
(4312,13581);
(8614,14051);
(5208,5343);
(5158,8641);
(12834,12882);
(10608,15615);
(8772,9309);
(5955,13708);
(3073,8039);
(1780,2634);
(7334,(13496,15529));
(10715,12214);
(3020,(843,9516));
(11604,12425);
(1055,10267);
(4608,13623);
(2105,12236);
(11670,14436);
(6287,13403);
(3993,9218);
(3542,10179);
(1522,10552);
(10268,11302);
(872,9525);
(3883,6443);
(3365,7235);
(7216,7885);
(10186,11415);
(9219,9407);
(13071,(312,1738));
(3579,11016);
(10001,15428);
(5084,5852);
(4288,14988);
(2417,(7928,9615));
(688,14758);
(8726,14465);
(13431,13674);
(8208,8639);
(5009,9698);
(14214,15004);
(10926,10938);
(3523,8915);
(6668,12571);
(1649,11907);
(4595,6708);
(5770,7901);
(1576,8372);
((1114,2667),(3289,4403));
(1016,8712);
(690,10788);
(725,10869);
(10568,15291);
(11685,14645);
(4295,(6295,15331));
(5803,5901);
(2608,7988);
(1331,7540);
(986,(8543,(12074,(5736,5760))));
(2042,12270);
(10452,13710);
(4161,14930);
(5249,13218);
(6553,11617);
((13513,15138),(5671,13171));
(483,14059);
(456,2510);
(7317,9423);
(5741,6471);
(404,5365);
(1259,11677);
(4002,10082);
(7823,9337);
(4464,10022);
(13301,(7102,13600));
(14734,15317);
(4757,4810);
(6838,8963);
(826,11277);
(11620,13956);
(48,3178);
(570,2444);
(3811,7143);
(4336,10479);
(8567,13045);
(2272,7105);
(4311,5927);
(3963,6091);
(320,1359);
(10622,12047);
(5445,14508);
(8353,15539);
(4629,(2973,3007));
(14551,15265);
(3598,15363);
(4870,11705);
(8547,14056);
(9803,14116);
(8129,13437);
(33,3586);
(5858,9554);
(8304,15520);
(521,12424);
(13170,14351);
(3510,13445);
(5509,8631);
(9467,13361);
(9011,15142);
(3182,12569);
(1325,11886);
(5306,6193);
(1429,1715);
(7503,14054);
(2310,15107);
(11201,(2768,7888));
(2286,2558);
(13908,14111);
(6588,9515);
(7018,8998);
(1038,1445);
(13675,14081);
(1299,11926);
(3515,14010);
(8410,13242);
(121,1823);
(9266,12982);
(10651,15334);
(191,1366);
(4516,(1262,11191));
(4926,8271);
(7835,13478);
(11038,11781);
(8984,12750);
(1220,4794);
(1430,13525);
(7131,11559);
(165,4615);
(8231,10787);
(1861,3193);
(640,1070);
(8689,13243);
(909,1904);
(1045,11713);
(10759,13542);
(2414,11673);
(8089,15531);
(7880,15563);
(4375,12992);
(6963,11795);
(15385,15437);
(5670,9254);
(4380,14290);
(1600,10263);
((7375,11033),(6718,9331));
(3651,14078);
(41,5898);
(10840,(1497,2881));
(802,9069);
(10543,15051);
(2492,(1437,12348));
(2958,8492);
(1261,1883);
(7650,15136);
(7228,10351);
(351,8531);
(2175,4986);
(9094,(12509,14487));
(15335,(3671,7654));
(6640,7029);
(13117,(9276,11973));
(484,12993);
(2845,8268);
(8133,14240);
(3578,12718);
(11089,15158);
(9898,12238);
(7776,10517);
(8608,11280);
(405,3463);
(5480,8332);
(1361,15003);
(7156,10010);
(5024,6440);
(9085,13215);
(4024,9431);
(4724,12552);
(2584,6667);
(1736,2499);
(8739,15534);
(2044,14334);
(5503,5877);
(2442,13290);
((3187,13599),(9002,11879));
(5870,8635);
(364,3248);
(116,6752);
(6127,11658);
(5460,15688);
(2295,3616);
(2678,8844);
(8555,12211);
(4457,7046);
(10696,14209);
(6330,15423);
(10467,13577);
(11126,12990);
(3167,8050);
(10435,13108);
(1722,5748);
(686,11441);
(6011,13632);
(51,13334);
(11367,11582);
(2760,15662);
(6506,14636);
(2897,15063);
(10804,14885);
(10398,14399);
(5429,11688);
(2197,7637);
(2396,6749);
(3835,7663);
(621,6643);
(3848,14364);
(10819,13660);
(10893,14886);
(4203,8708);
(1380,11074);
(3683,6378);
(2073,3139);
(7980,11166);
(6242,11152);
(11510,12059);
(11431,14998);
(2252,8110);
(12101,12682);
(246,12790);
(14566,(9745,14591));
(3473,3840);
(3823,5082);
(3595,6172);
(1029,4278);
(3209,9909);
(2569,4972);
(2530,9455);
((4106,13522),(1512,14541));
(2598,13408);
(2390,9757);
(9147,12744);
(11071,14139);
(1453,11733);
(960,12558);
(5202,9150);
(4142,12613);
(2550,11019);
(91,8401);
(12303,13344);
(2928,11927);
(1257,4303);
(5256,5518);
(5561,(2512,6320));
(2986,5789);
(3104,15400);
(11440,12452);
(2861,10192);
(8034,12871);
(8154,14778);
(1729,6630);
(1742,9577);
(11043,11309);
(9709,14275);
(9706,(4708,5906));
(5890,7871);
(1726,11694);
(2805,7316);
((2643,5098),(4675,12618));
(7704,12194);
(3654,5640);
(675,10353);
(11312,13946);
(1567,4270);
(11512,11588);
(10978,13346);
(6948,9582);
(5180,8611);
(9479,14415);
(6222,(7659,11339));
(624,2429);
(4324,12308);
(2037,14223);
(5376,8530);
(8279,9965);
(1995,4831);
(900,10470);
(4485,13663);
(107,11235);
(317,11262);
(3493,13389);
(11100,14080);
(5560,12994);
(5430,12950);
(6485,12646);
(4948,7626);
(4518,5131);
(4423,13584);
(6444,10204);
(695,8224);
(5044,8706);
(12803,13821);
(4979,5546);
(1643,11010);
(4313,9576);
(3269,14453);
(9619,(2656,8064));
(3594,3778);
(12165,14520);
(5453,(2385,8742));
(4691,11240);
(3526,4346);
(4358,8458);
(2358,3148);
(206,10481);
(8466,11382);
(2917,3481);
(14904,15665);
(11286,15016);
(233,15386);
(4623,14184);
(1339,5946);
(9000,11724);
(5210,12178);
(4815,12311);
(1472,9524);
(2781,15087);
(10236,10531);
(4290,15159);
(2404,(5389,10845));
(8079,10408);
(7063,12848);
(13041,15100);
(3258,6733);
(3202,14939);
(2755,3487);
(2640,8152);
(2040,4606);
(5542,12567);
(3519,(3692,8746));
(2343,11920);
(11846,15111);
(5283,14245);
(1670,9546);
(1961,9861);
(6829,(355,13888));
(5808,13795);
(12911,13536);
(1133,10526);
(1803,9542);
(1018,1724);
(10972,15061);
(2625,4262);
(5968,13942);
(7210,8625);
(9585,(892,14574));
(8769,13656);
(594,14166);
(13989,14811);
(11163,12967);
(3984,6508);
(13613,15418);
(4359,7630);
(12387,12633);
(1258,7383);
(3949,4087);
(1921,9920);
(7276,11924);
(6494,12764);
(100,8604);
(8623,9901);
(5263,13136);
(339,15127);
(10747,14795);
(10309,15299);
(1934,11589);
(11757,(897,9229));
(6224,8182);
(7490,8974);
(2186,12576);
(2427,14640);
(4914,7655);
(4428,9828);
(1874,14370);
(4492,13805);
(291,6882);
(1320,1794);
(1598,7936);
(1557,10008);
(585,6769);
(3789,11326);
(3894,14141);
(522,12675);
(1888,2234);
(1810,5534);
(3184,7772);
(1174,2110);
(2875,5846);
(1326,1985);
(2330,14020);
(13962,(10237,14980));
(10644,13878);
(3462,6499);
(1397,10857);
(783,14803);
(3688,6026);
(2837,5071);
(2710,9954);
(1130,7804);
(10226,(1342,13798));
(6239,10209);
(3278,5201);
(3874,12011);
(9870,13916);
(4597,5786);
(3379,9209);
(889,15569);
(776,15032);
(1482,13228);
(6501,13918);
(5634,11684);
(883,4214);
(6791,8927);
(7972,13251);
(4334,6522);
(259,6751);
(14108,14598);
(6100,14747);
(433,14348);
(812,9984);
(2471,15197);
(7766,14832);
((2968,3555),(3064,5545));
(8239,15169);
(8292,15200);
(5094,6479);
(4524,15465);
(175,9789);
(4899,11977);
(10161,12124);
(6519,10550);
(5346,8019);
(3012,3787);
(95,12938);
(1375,6428);
(3664,3767);
(4474,5296);
(7511,14630);
(825,5010);
(13566,14548);
(1959,6417);
(7560,13788);
(7366,7719);
(1053,11313);
(137,2428);
(422,425);
(3283,7504);
(2373,9897);
(3622,6739);
(4971,11194);
(449,12453);
(11910,15119);
(261,12544);
(7336,8404);
(3364,13875);
(139,11454);
(887,7154);
(6968,10931);
(6871,8467);
(1285,13341);
(6556,9945);
(2754,5916);
(11518,14579);
(2059,4318);
(2704,6051);
(1139,2605);
(9625,12815);
(6544,13693);
(1814,6331);
(1405,2071);
(3038,5066);
(2691,15221);
(3658,8356);
(2478,14986);
(7212,12987);
(3243,15406);
(5539,14503);
(3050,9453);
(4535,7269);
(8364,9141);
(1041,13303);
(1165,11667);
(332,8497);
(1862,6076);
(6059,8242);
(598,2498);
(14691,14847);
(13227,(1201,14790));
(5868,10152);
(516,14996);
(5666,6025);
(2560,7751);
(8926,12878);
(10139,13487);
(10359,12265);
(9193,14681);
(6855,12879);
(8164,15513);
(8138,9138);
(2327,10876);
(4148,5326);
(629,11940);
(898,8719);
(11335,13225);
(1993,12812);
(7315,13977);
(8122,11750);
(9938,15405);
(3644,12864);
(5015,12290);
(7829,(6458,9365));
(7702,15594);
(2991,3388);
(1727,9250);
(9318,14321);
(1412,2579);
(5043,8421);
(10630,13537);
(3793,13451);
(8463,9496);
(3808,9348);
(12169,13439);
(3560,6989);
(7218,11346);
(11669,14419);
(497,9646);
(3293,5045);
(5334,6598);
(2841,10792);
(5039,9611);
(9182,12960);
(492,13604);
(193,1630);
(1274,14941);
(8294,12841);
(3360,9339);
(972,2731);
(2120,12659);
(270,4135);
(7891,9329);
(4023,13104);
(3467,9458);
(1176,9320);
(8260,10119);
(10982,11331);
(4482,7836);
(12988,15611);
(2503,7125);
(13202,13859);
(1119,10684);
(14291,15058);
(1402,11943);
(1639,1656);
(159,10402);
(1859,13314);
(7536,12356);
(10755,15679);
(5541,10304);
(1688,5338);
(4404,14102);
(5331,10929);
(4747,5141);
(6120,9916);
(6869,13160);
(3753,5795);
(1840,9007);
(2036,15292);
(5585,13129);
(3645,4067);
(7593,14066);
(856,12637);
(9799,12741);
(1455,7646);
(2592,15410);
(1225,10666);
(4441,15014);
(3041,14955);
(1113,3576);
(1954,11246);
(7096,11116);
(4028,13406);
(6110,11325);
(5908,8888);
(1665,13235);
(7248,14216);
(684,10695);
(5900,6804);
(6666,12900);
(648,7245);
(5273,13733);
(2867,(10515,14646));
(9090,10996);
(7689,11828);
(5744,11223);
(8157,15011);
(6182,7618);
(4632,9684);
(1385,10188);
(6394,8201);
(6234,14685);
(13423,15036);
(1154,11803);
(13704,14673);
(11597,14589);
(9687,11539);
(3801,13411);
(1076,12963);
(4372,9761);
(147,8501);
(4527,12672);
(13706,15173);
(303,2523);
(7486,15383);
(7339,9719);
(11006,13485);
(7103,7917);
(3642,12384);
(10909,12172);
(10853,14254);
(7092,9510);
(198,3299);
(4332,7208);
(6155,10742);
(3063,6000);
(1470,5751);
(4599,11323);
(11802,12053);
(13363,13976);
(1280,3309);
(9330,14095);
(2202,15678);
(6367,6420);
(11950,15007);
(10704,11462);
(5052,9197);
(5825,13952);
(989,1900);
(5802,14119);
(711,8574);
(12066,14112);
(136,15408);
(6137,13153);
(6109,14816);
(1206,4125);
(5026,15027);
(6550,12859);
(4144,7837);
(6613,(1811,13268));
(1218,5375);
(1215,11797);
(14644,14892);
(3030,10277);
(262,13763);
(6566,15006);
(11017,12479);
(1708,12644);
(4592,13056);
(15452,15549);
(3491,7370);
(4159,9729);
(5383,13987);
(2183,3942);
(2274,6686);
(2730,11176);
(1419,4416);
(1069,14377);
(201,7722);
(4673,6671);
(1637,10670);
(4570,12890);
(2022,5107);
(7048,10101);
(13768,14217);
(3127,12826);
(7498,14749);
(10104,11988);
(10419,14114);
(8700,15198);
(502,14704);
(5267,14352);
(732,2292);
(12024,15321);
(5286,15297);
(7057,14607);
(13261,14511);
(5443,9670);
(1015,7050);
(3893,11041);
(10363,14944);
(525,(4294,12914));
(13621,14919);
(169,9986);
(12886,14001);
(5779,8057);
(6549,7373);
(7137,14358);
(3166,4838);
(5589,13270);
(2322,12370);
(4304,14170);
(5308,14519);
(2531,5924);
(4707,8887);
(3427,10091);
(3869,4668);
(9610,14201);
(14037,14253);
(5431,9006);
(1968,9457);
(14515,14643);
(9613,11000);
(8462,13920);
(8790,10966);
(1830,10377);
(5638,13850);
(10475,12277);
(5370,12520);
(657,6371);
(8757,13697);
(1371,4525);
(3078,8923);
(1787,15619);
(5033,14997);
638;
14697;
7695;
1394;
3385;
6696;
2277;
8898;
3191;
3306;
2497;
3562;
9810;
10358;
9119;
11804;
3282;
2571;
14148;
2424;
10686;
12501;
14100;
9734;
10699;
8771;
9541;
10473;
6911;
9202;
6259;
9340;
9721;
15391;
6108;
4338;
14761;
4587;
14307;
870;
2374;
6190;
12716;
12084;
10662;
7962;
5967;
11173;
1615;
2957;
15338;
14881;
6154;
975;
10529;
4931;
4537;
7675;
5642;
4333;
128;
6413;
5425;
9139;
21;
4366;
9227;
12167;
1864;
9958;
14684;
5522;
14043;
9869;
12616;
2251;
6527;
7003;
3356;
14614;
13462;
8357;
7318;
6738;
13521;
12030;
3069;
13380;
15079;
8774;
5228;
4055;
8140;
7152;
12080;
7497;
12829;
3634;
1841;
10784;
6111;
871;
1583;
6253;
10155;
9048;
11117;
1189;
12564;
3670;
9487;
2452;
1226;
15687;
5130;
1042;
13360;
1698;
4034;
14088;
5305;
14777;
506;
2989;
8678;
4037;
3494;
4487;
7360;
896;
23;
15092;
7792;
5416;
12898;
863;
14864;
876;
5278;
10691;
144;
8760;
7028;
6764;
9581;
9181;
12225;
11720;
9411;
702;
5223;
5160;
1587;
274;
9353;
13250;
547;
5903;
2782;
5341;
2631;
7848;
14264;
2095;
9903;
10083;
5032;
13723;
14526;
9060;
3290;
2918;
14079;
8043;
6730;
12078;
12148;
8509;
417;
7072;
10020;
2713;
9414;
7427;
6563;
4188;
1374;
13996;
4399;
6981;
2432;
13374;
2873;
10730;
4275;
15599;
13759;
1351;
7648;
9127;
13866;
14848;
10095;
13778;
3946;
9433;
13944;
8115;
13981;
14622;
2412;
15432;
10983;
450;
2717;
6618;
2306;
7762;
10251;
2539;
3267;
9567;
10112;
5835;
14945;
4316;
10355;
5154;
7107;
4325;
3222;
996;
7433;
151;
1795;
14076;
4082;
6637;
10075;
8773;
11453;
7652;
11402;
7160;
3031;
7201;
8812;
6976;
10314;
2848;
9173;
7576;
12919;
7708;
5992;
157;
3083;
11311;
8684;
9477;
9699;
7112;
14492;
12122;
919;
501;
6570;
11050;
13636;
13587;
8806;
8904;
1143;
7952;
7454;
15546;
207;
9382;
7205;
15680;
11480;
15390;
1677;
11450;
11314;
8375;
1569;
6203;
7861;
8768;
12546;
333;
5817;
5167;
14475;
7556;
13783;
4210;
13690;
437;
7424;
11466;
15613;
4017;
14068;
14687;
14779;
14169;
3203;
3333;
1603;
6416;
10485;
4045;
12788;
11465;
4889;
1580;
12085;
680;
12466;
691;
2005;
10004;
13896;
8413;
1408;
2148;
2699;
9535;
2694;
200;
10465;
6706;
11502;
11831;
7114;
12650;
6809;
908;
9549;
28;
3636;
3055;
8061;
8042;
3551;
2127;
5277;
6356;
15598;
2165;
14353;
15336;
8905;
6765;
4663;
13935;
818;
11736;
3086;
6410;
12638;
2168;
9246;
4588;
6052;
12357;
12037;
12019;
4268;
11058;
10958;
6902;
7983;
15022;
2064;
5771;
10289;
12998;
6142;
10094;
13247;
3103;
3774;
3452;
10969;
15487;
14642;
14262;
10429;
571;
7168;
14635;
1148;
3730;
10033;
4783;
9669;
955;
9056;
3116;
12058;
7537;
2003;
10106;
8777;
299;
8809;
9688;
2276;
15150;
5317;
11725;
6347;
10491;
2150;
801;
7775;
14471;
14248;
10584;
5854;
3407;
4300;
11875;
11989;
14882;
1319;
13625;
5320;
13133;
9156;
12580;
10248;
9103;
12421;
3906;
736;
10714;
10301;
5764;
891;
13777;
13680;
5124;
5319;
10199;
7074;
2947;
1540;
2543;
4927;
5733;
2573;
3297;
12355;
5531;
12889;
6313;
1778;
6593;
88;
15582;
3566;
6332;
7621;
2048;
6079;
14510;
1460;
9998;
10494;
13619;
3177;
5090;
3084;
3001;
7392;
12908;
7009;
12168;
3048;
4259;
5274;
5323;
2162;
6450;
14206;
8223;
2208;
13086;
5612;
3509;
1783;
12434;
15456;
428;
2847;
9370;
5035;
8006;
4806;
6525;
3705;
13021;
5046;
4182;
14164;
8558;
14814;
8391;
12596;
1774;
13070;
1142;
14481;
1231;
3010;
12229;
807;
4565;
5719;
3839;
13887;
15556;
13832;
9603;
9427;
3862;
12353;
4479;
15246;
6873;
3266;
5405;
60;
7239;
13258;
4;
2271;
538;
12091;
5337;
314;
3922;
7877;
3017;
9932;
8993;
3815;
8428;
4221;
9167;
5236;
2633;
10493;
1700;
5002;
8679;
1915;
13059;
9028;
14332;
12342;
4376;
7480;
426;
13590;
7109;
1152;
90;
14797;
15240;
5630;
343;
3070;
6072;
14969;
3492;
8821;
3881;
2067;
13895;
14841;
288;
3928;
14483;
424;
2188;
6147;
14627;
1030;
3228;
12813;
1432;
4496;
10592;
13417;
6924;
1960;
1122;
7031;
15037;
5684;
14375;
14179;
4019;
6805;
5387;
31;
2015;
7217;
74;
8389;
4993;
4502;
14008;
7892;
1889;
1524;
4561;
12835;
559;
1749;
1756;
10335;
13578;
5016;
3735;
4514;
7308;
2762;
6185;
8856;
8145;
9819;
6463;
10197;
13002;
6676;
2651;
7833;
8360;
14954;
9362;
3822;
6375;
2288;
9042;
8026;
13473;
1059;
6579;
7869;
11964;
4756;
7194;
7415;
8794;
779;
9547;
3274;
14064;
12304;
11619;
9773;
10811;
403;
15533;
9882;
4405;
12274;
14583;
4345;
3276;
3926;
9593;
12422;
1843;
5724;
5999;
6220;
9161;
13192;
15591;
15670;
10028;
13234;
22;
277;
2170;
4965;
9180;
11086;
15314;
1886;
3971;
10838;
10551;
939;
1944;
2514;
7441;
2771;
192;
4872;
5599;
4435;
8669;
10497;
1833;
2430;
11464;
12924;
5516;
4134;
1884;
8449;
12234;
9184;
11963;
6002;
11680;
3694;
3887;
13213;
7664;
9243;
5778;
12488;
6987;
6384;
4944;
6034;
14731;
7358;
8901;
8341;
1661;
4426;
9118;
7647;
937;
15017;
9974;
4169;
1163;
2211;
9659;
1988;
7884;
10427;
7035;
2370;
1809;
4167;
11181;
13107;
12736;
5616;
5065;
11371;
7149;
7730;
358;
6875;
1891;
163;
2239;
9933;
13382;
6934;
15168;
6383;
8825;
10906;
12239;
442;
6294;
8959;
4988;
13422;
10757;
11601;
15028;
15379;
4936;
14899;
7300;
3829;
13354;
2472;
3802;
10176;
3313;
8939;
1762;
6419;
7268;
3939;
15360;
13212;
15041;
2214;
9959;
109;
9299;
4645;
13450;
5147;
10182;
2177;
6215;
13434;
11226;
7566;
4717;
2642;
6952;
7431;
2693;
1699;
8738;
8116;
6056;
13757;
11272;
9775;
8211;
6929;
12684;
10334;
7644;
8667;
7237;
9480;
15566;
373;
2914;
15104;
7298;
6205;
11483;
14452;
11877;
9300;
2045;
1710;
7222;
14183;
9981;
5250;
8917;
485;
10211;
12838;
2709;
5322;
2772;
1028;
1957;
991;
2977;
12953;
14924;
9451;
7846;
7649;
7544;
10589;
1759;
8713;
7887;
6122;
11433;
10218;
11338;
6907;
4817;
15468;
10567;
9843;
256;
1924;
7232;
10546;
11237;
14002;
4880;
7214;
13396;
1239;
6233;
2763;
12981;
5659;
12204;
9295;
15601;
5876;
12057;
2644;
1410;
5902;
5857;
4520;
2420;
2051;
15605;
12200;
8091;
10989;
4898;
10319;
5856;
13790;
5261;
6581;
4083;
3962;
4039;
6614;
4392;
5826;
2462;
837;
1415;
4257;
9326;
1754;
10740;
4199;
9985;
6656;
12639;
8805;
13044;
1395;
2555;
8664;
15262;
5896;
11044;
13282;
1367;
1685;
14796;
13402;
7155;
8287;
13049;
9268;
9878;
5921;
10749;
7750;
15055;
1804;
7158;
12902;
4973;
15626;
11586;
2142;
8867;
7185;
9396;
9288;
12763;
8936;
12245;
1458;
8523;
9373;
11743;
12096;
3500;
11344;
15239;
14159;
408;
12457;
4120;
11420;
7925;
4493;
2113;
8233;
12740;
6031;
10828;
14557;
13051;
13143;
6351;
1509;
13480;
14199;
5102;
578;
9562;
13631;
13476;
893;
2752;
2736;
9788;
706;
10924;
14873;
2743;
5378;
8123;
15526;
1172;
4540;
6013;
13721;
13635;
14299;
12155;
12624;
7295;
9872;
14563;
13399;
1393;
5592;
12485;
12052;
8596;
14185;
11874;
1655;
1054;
5258;
14854;
13326;
4021;
13285;
8590;
1702;
803;
9620;
5711;
7493;
13180;
12163;
12704;
5985;
510;
1481;
58;
2518;
8225;
5668;
12146;
8860;
202;
8853;
14868;
11732;
6548;
6536;
12027;
8354;
462;
15316;
15128;
13113;
3713;
8563;
6856;
19;
8952;
10337;
1251;
14715;
7119;
8420;
3729;
3210;
13195;
12779;
2371;
679;
3416;
9598;
8540;
10213;
4539;
14213;
344;
9590;
11099;
13209;
9911;
5855;
10362;
10560;
10463;
3497;
6859;
11493;
11254;
6810;
9663;
14300;
9126;
11355;
2294;
6734;
14725;
10158;
14473;
556;
1941;
12949;
2840;
6908;
5288;
1555;
11054;
3331;
10332;
12587;
3180;
6327;
5042;
2767;
7583;
14236;
14270;
6262;
14384;
5637;
6101;
13602;
7402;
13961;
8743;
5422;
13840;
10561;
15614;
5880;
12717;
2744;
9164;
3456;
14249;
1663;
5129;
6004;
15209;
434;
5769;
12586;
7688;
8914;
15096;
3666;
12795;
10100;
323;
8381;
10272;
15639;
4683;
11303;
10881;
6062;
4929;
10642;
9076;
8299;
13576;
7446;
11805;
4430;
11021;
14259;
3899;
9031;
10207;
3353;
12554;
13491;
13231;
14813;
6629;
7976;
6915;
4807;
9261;
10897;
220;
654;
2055;
2515;
4432;
11607;
10807;
6114;
5112;
7939;
4330;
8921;
10764;
9904;
2410;
9442;
5618;
7521;
12505;
1880;
14683;
335;
4442;
14495;
10661;
10271;
12500;
2125;
8166;
10762;
4778;
11073;
15224;
8109;
9937;
3242;
12263;
10310;
8835;
7190;
4932;
15083;
5138;
14628;
14915;
4788;
616;
2307;
10620;
5417;
9130;
7492;
618;
27;
10201;
5943;
12055;
2572;
2726;
4317;
14815;
13992;
10769;
3736;
904;
5037;
249;
8253;
5369;
8281;
2943;
9342;
7551;
14154;
1911;
14931;
2980;
4529;
13033;
12687;
7466;
9701;
12629;
253;
4958;
12033;
1098;
1751;
10178;
788;
3445;
1984;
14546;
13975;
2501;
4799;
1713;
2864;
12145;
5047;
11663;
6632;
13497;
7568;
15377;
12625;
1399;
12683;
2395;
3164;
1267;
12648;
4878;
7386;
10266;
6818;
5427;
4857;
10331;
9806;
14186;
9896;
8451;
12837;
8245;
9305;
13347;
5036;
2331;
3807;
921;
2285;
5380;
10070;
3804;
3386;
5207;
3976;
14128;
15147;
4207;
174;
10477;
8439;
7457;
15095;
12100;
15424;
7118;
14256;
2562;
7794;
2232;
2589;
13905;
14917;
5530;
6235;
11646;
10536;
2707;
8644;
8255;
13744;
3641;
8246;
11076;
11702;
13605;
187;
14780;
3758;
7329;
4279;
4308;
15218;
2198;
12947;
1905;
14316;
2041;
13495;
809;
7615;
3454;
7968;
7900;
3045;
8736;
6307;
8340;
13835;
10698;
8593;
11439;
8300;
6163;
12228;
1548;
3607;
12999;
13204;
5218;
217;
13772;
376;
6649;
12331;
2828;
1255;
4079;
592;
15208;
12663;
12903;
5104;
681;
10342;
14188;
8803;
3891;
12791;
11161;
11641;
11763;
1009;
10943;
10183;
12249;
14192;
1216;
3969;
5980;
4969;
8055;
4265;
14943;
1999;
8674;
12728;
6535;
5458;
1990;
2490;
8338;
10933;
10579;
9505;
7478;
3472;
5122;
8435;
766;
2951;
13019;
7747;
10260;
9846;
9638;
754;
2129;
9493;
903;
1081;
14962;
3600;
11379;
4191;
209;
14916;
2600;
13958;
8688;
1693;
8406;
593;
14862;
13425;
11104;
3711;
15029;
11568;
7745;
6582;
9624;
555;
1043;
15467;
2627;
5078;
10717;
6178;
1025;
8980;
13780;
94;
8869;
2926;
13253;
10385;
8033;
8879;
14984;
4787;
10361;
8481;
3669;
7417;
2147;
8178;
14522;
12255;
13430;
13734;
6524;
12726;
5177;
10558;
6261;
10499;
3934;
5919;
7834;
12884;
10134;
5352;
8146;
12563;
9100;
12614;
11519;
11548;
7178;
4452;
7416;
5312;
11712;
6273;
5353;
7271;
10540;
4779;
15140;
15557;
2134;
225;
11552;
6376;
10443;
10611;
11253;
1156;
12816;
7545;
13320;
5298;
2750;
4181;
5806;
14957;
5211;
8418;
6042;
8490;
12549;
8846;
81;
6541;
12341;
4711;
14838;
8928;
11666;
14714;
11068;
5070;
9579;
9098;
11497;
10411;
3775;
1750;
11679;
3798;
10053;
7091;
1121;
859;
15483;
10297;
273;
2970;
808;
7599;
7365;
9032;
8710;
4558;
1746;
11341;
2075;
3647;
13661;
14163;
4253;
15185;
11740;
13337;
15082;
9894;
15668;
4667;
7574;
4116;
3056;
3126;
15226;
880;
11799;
9514;
14276;
8758;
2456;
12368;
14532;
7723;
3814;
4860;
14536;
8557;
9777;
10224;
466;
8783;
14272;
6720;
7973;
3846;
10146;
12281;
12017;
4497;
11947;
13493;
7238;
7546;
11591;
2352;
10830;
1056;
14123;
4232;
3183;
7728;
6512;
601;
4088;
6846;
10057;
12547;
2712;
11413;
1175;
1324;
875;
6685;
10991;
12170;
4530;
7411;
4374;
9465;
5723;
5053;
14633;
6046;
7715;
3921;
11351;
11398;
7326;
7658;
9614;
5873;
6279;
12379;
2244;
12922;
12147;
12065;
14069;
4105;
2548;
11192;
7531;
7496;
3458;
14160;
6256;
9982;
11243;
1451;
3867;
630;
4749;
7138;
161;
12806;
3536;
11299;
6252;
7174;
3448;
9912;
12845;
10109;
15499;
10645;
11937;
6186;
6926;
12043;
5400;
371;
1449;
4678;
6615;
2944;
5111;
10879;
10216;
13861;
6037;
3738;
6337;
2878;
12827;
4503;
11553;
4109;
12111;
5004;
6999;
2356;
13529;
3238;
3397;
9301;
15188;
14340;
14934;
10705;
667;
8295;
4110;
2233;
537;
8102;
4504;
5115;
1250;
12536;
11850;
9228;
13811;
8365;
11112;
7801;
3208;
3855;
7016;
13488;
9101;
2454;
729;
10521;
14661;
5260;
14092;
8095;
3841;
10173;
10147;
7669;
10678;
7819;
12345;
4874;
6991;
7753;
3118;
7226;
11259;
10105;
6021;
10252;
4396;
9717;
2210;
4515;
1588;
6465;
11034;
2871;
9144;
4103;
11785;
12283;
10928;
969;
13717;
7247;
13084;
9988;
13767;
12266;
14205;
6346;
4660;
436;
15039;
10107;
8101;
4408;
3517;
13655;
3361;
14539;
5636;
14012;
14585;
11645;
13024;
11109;
8873;
13986;
5687;
10871;
10005;
6877;
5936;
2953;
10415;
208;
10710;
4774;
7514;
2907;
7716;
929;
3838;
9488;
6699;
9574;
2077;
479;
4439;
11062;
10673;
8346;
4808;
3570;
15294;
14981;
2564;
1578;
6561;
4337;
401;
1812;
15567;
2500;
13990;
235;
7774;
14460;
11751;
5809;
13575;
8029;
11215;
1066;
4875;
14126;
12550;
3766;
14480;
12968;
11114;
12714;
7055;
14702;
46;
9892;
3008;
3794;
5981;
1939;
12502;
12102;
15621;
13492;
11494;
4456;
12064;
15544;
5945;
4471;
176;
7608;
5401;
7912;
11715;
13181;
6831;
6709;
3845;
604;
14391;
6942;
13514;
10423;
13164;
15373;
14388;
11554;
14491;
15272;
13683;
2629;
2035;
4475;
6826;
3468;
8554;
15572;
8041;
3426;
15469;
7993;
3652;
10635;
10892;
2692;
3464;
4052;
87;
13500;
14107;
11701;
12376;
3067;
7049;
4400;
970;
2382;
13340;
3250;
7241;
10930;
1184;
2870;
15657;
1327;
12896;
4517;
14457;
11836;
1454;
14047;
14093;
6189;
10541;
2791;
11752;
12916;
14824;
2892;
3220;
15276;
7104;
15161;
6229;
2975;
9335;
1369;
12067;
12685;
11866;
4050;
7541;
9811;
9284;
7516;
162;
4271;
14509;
5963;
7030;
10401;
12617;
11039;
3772;
13318;
2431;
13515;
10676;
8720;
5575;
2246;
15351;
10177;
14975;
1401;
11808;
553;
1457;
7907;
5301;
13479;
1349;
15075;
12284;
11219;
11575;
18;
4960;
8070;
864;
12324;
53;
4071;
15131;
9653;
9343;
11516;
14822;
14990;
12573;
5253;
4118;
5132;
1495;
11244;
2266;
4764;
13043;
8209;
11260;
10569;
10783;
11639;
10421;
11790;
6558;
6008;
15250;
1118;
1611;
7233;
5327;
5109;
4422;
1436;
4369;
9993;
11921;
3405;
2216;
6411;
2280;
7639;
13042;
4003;
3362;
3812;
4315;
6727;
15257;
10044;
659;
14454;
11911;
6125;
988;
6006;
1281;
2407;
11070;
9555;
13809;
6431;
1315;
5775;
540;
13563;
2193;
6785;
858;
4414;
1155;
7820;
10403;
11810;
7378;
14149;
11221;
9715;
3918;
13167;
2628;
4851;
11632;
5266;
7502;
2891;
6421;
1199;
1735;
5146;
9454;
6275;
11410;
1605;
8754;
2593;
3525;
5097;
2287;
5243;
13091;
471;
6700;
9474;
12901;
8144;
4394;
11915;
12853;
7557;
3689;
12761;
11059;
10862;
11027;
13506;
6459;
8920;
6156;
5372;
3980;
5315;
5562;
1210;
10916;
1606;
15311;
2851;
8822;
14752;
768;
4672;
7919;
15012;
2201;
9296;
13782;
7150;
9796;
14590;
6449;
6995;
7812;
8740;
15658;
12179;
12557;
9400;
4703;
14263;
4085;
14063;
14033;
11573;
10296;
938;
9591;
9887;
10564;
9725;
9727;
551;
1288;
2621;
70;
12116;
7259;
2348;
13156;
8072;
3779;
7244;
3982;
10848;
13645;
4115;
3826;
7414;
2690;
13327;
2034;
14224;
360;
14638;
14162;
1940;
9814;
6827;
3975;
4610;
11202;
469;
11542;
2264;
1871;
934;
1979;
8147;
11569;
2509;
2319;
3557;
8426;
2080;
1680;
2961;
6174;
8617;
12160;
3457;
4777;
10431;
14265;
4248;
12118;
11396;
5318;
14833;
15449;
5843;
12839;
12959;
3769;
4250;
10043;
8836;
13494;
8872;
4816;
4127;
14680;
1996;
2039;
13096;
8331;
8662;
15593;
9511;
13023;
7712;
2290;
7075;
7181;
2303;
8378;
15343;
13381;
8815;
3919;
4811;
9545;
11463;
9225;
935;
10950;
451;
11340;
13838;
14389;
1490;
5171;
4731;
9371;
1256;
9533;
6736;
14789;
3977;
11370;
7690;
14200;
10262;
12766;
6067;
11687;
15444;
568;
2869;
8289;
8438;
7354;
11171;
8983;
2819;
5194;
10276;
2016;
12449;
14445;
545;
11865;
1409;
7;
9499;
4692;
2544;
5173;
123;
6789;
10736;
9793;
5087;
7010;
3144;
12107;
7348;
15575;
15399;
7816;
7586;
15401;
5674;
3596;
7061;
7070;
7951;
1818;
14466;
11902;
8801;
5209;
11981;
5829;
4821;
9902;
78;
6474;
3859;
9787;
4635;
10437;
9214;
12820;
15395;
13870;
2384;
1289;
15393;
8999;
11627;
5356;
2247;
15057;
4643;
6824;
8049;
6158;
2587;
12131;
7379;
14439;
10955;
1197;
3135;
11065;
8986;
134;
12920;
8394;
11898;
3558;
5757;
5577;
6073;
4081;
11938;
3284;
9847;
7051;
12346;
13300;
6793;
11656;
4612;
6762;
9569;
9265;
5121;
3695;
11180;
12645;
12242;
11637;
15289;
11263;
1443;
6075;
11719;
8023;
8845;
1860;
5358;
7187;
8415;
15184;
15356;
2721;
1248;
1720;
8329;
11495;
12343;
12354;
1478;
6860;
5193;
7419;
12456;
12773;
5125;
14456;
6659;
12129;
15074;
9310;
14432;
14995;
6823;
3018;
9415;
5506;
14594;
2087;
11368;
12138;
14564;
14977;
3690;
10600;
1704;
10478;
4431;
10901;
12090;
7068;
15056;
11292;
15192;
7169;
945;
6567;
8518;
4467;
12472;
1834;
5441;
1763;
9121;
9880;
13707;
3197;
5314;
114;
13612;
8997;
1079;
15616;
8136;
1276;
2611;
9751;
4887;
10703;
435;
5396;
11037;
5961;
13679;
13595;
3396;
10581;
6014;
5300;
534;
1621;
10034;
11383;
1820;
13628;
12154;
2350;
6825;
6585;
5655;
7004;
5291;
13651;
322;
3475;
12440;
6455;
15603;
15346;
1828;
7215;
8469;
3955;
7821;
15045;
14592;
15671;
4596;
9435;
6022;
2915;
13257;
2445;
4180;
3854;
14153;
12394;
1620;
290;
6747;
10688;
7703;
15388;
1593;
6848;
9195;
14317;
8979;
5672;
4985;
10231;
1949;
5766;
1110;
10144;
6305;
6107;
8045;
15371;
6393;
11534;
10827;
1479;
5683;
6103;
2613;
2081;
7359;
12775;
10054;
7076;
4922;
12447;
1077;
12842;
13291;
8798;
3231;
5049;
12825;
15485;
1534;
2139;
1711;
3174;
8291;
8487;
7807;
2561;
13267;
1147;
5929;
12954;
7929;
13643;
6540;
12313;
11662;
8121;
15180;
8929;
6176;
3914;
461;
8063;
9964;
4681;
8793;
97;
11681;
15113;
7840;
1513;
4042;
6064;
14654;
3092;
1295;
2018;
5697;
853;
5354;
14228;
4154;
4114;
12094;
8526;
13475;
7219;
11530;
4425;
15146;
12855;
13297;
14305;
7948;
9287;
14812;
7364;
10051;
3530;
105;
4289;
1673;
12013;
14072;
4016;
6298;
1635;
4190;
2933;
3561;
1491;
10629;
740;
14326;
6650;
772;
11342;
11250;
10099;
1433;
9424;
10352;
15144;
5631;
1037;
993;
3142;
10826;
13248;
5580;
6603;
15069;
10261;
6961;
6946;
1278;
10048;
366;
6;
13372;
14978;
10293;
4326;
1625;
3932;
6840;
2240;
11174;
1893;
4761;
11967;
10664;
7535;
12386;
482;
15419;
9685;
4478;
5114;
3094;
125;
14106;
8374;
5652;
4964;
2551;
1950;
12699;
12097;
3721;
944;
9025;
2723;
6941;
9430;
9315;
9235;
8081;
14328;
4477;
248;
8912;
8479;
9406;
1126;
2117;
7678;
11283;
14027;
12320;
14856;
7296;
8085;
10821;
13662;
5231;
13925;
11002;
13088;
8741;
3256;
4184;
6201;
4140;
1744;
11929;
7606;
3316;
4470;
9994;
2112;
13401;
3677;
5970;
5590;
1982;
7754;
10273;
10707;
11636;
4824;
7612;
12681;
10960;
11222;
8366;
2901;
8318;
35;
10196;
6740;
7997;
15217;
3553;
6048;
12524;
15506;
9019;
5887;
14920;
834;
2524;
10449;
12930;
3105;
3731;
3449;
11716;
9336;
7345;
15318;
13664;
6580;
12415;
8362;
13959;
11528;
2215;
7058;
15497;
12104;
8486;
5538;
1026;
8539;
8493;
3170;
4198;
13864;
1125;
8697;
5239;
12296;
3393;
14497;
13006;
14392;
1610;
9374;
12312;
10097;
10867;
6366;
11108;
7299;
12510;
210;
12782;
12529;
359;
3128;
6391;
4443;
3401;
15645;
4447;
590;
11537;
8248;
7518;
7289;
4322;
13540;
11079;
4736;
6710;
1180;
2816;
13484;
5176;
3547;
3706;
3733;
971;
11533;
9824;
2904;
7524;
13610;
5213;
10436;
10124;
4974;
3059;
5164;
4395;
6396;
3924;
3036;
693;
13035;
8343;
9290;
6278;
12849;
9490;
4657;
9996;
2033;
10214;
9377;
255;
3681;
7403;
4833;
664;
9135;
2283;
6202;
15564;
9862;
7734;
4679;
6165;
12412;
15561;
7733;
6326;
5911;
6680;
1847;
4415;
11782;
12936;
4568;
14880;
5893;
8978;
13644;
6144;
4379;
14117;
4450;
2137;
12537;
6624;
9774;
2557;
12407;
5613;
5148;
3571;
12002;
3973;
11245;
11564;
4854;
12801;
2759;
6943;
3165;
12828;
13699;
4698;
13972;
2020;
15231;
4454;
13416;
14774;
12528;
1901;
9231;
4755;
1761;
12956;
10128;
3339;
5884;
558;
3115;
10156;
9953;
4853;
6336;
8278;
6141;
4556;
14631;
15280;
5496;
13815;
12438;
1577;
9675;
4753;
10394;
748;
12792;
15031;
745;
14373;
840;
6574;
7471;
12630;
13894;
5349;
5750;
4006;
11699;
1589;
9827;
673;
1560;
4440;
14902;
8576;
7240;
3833;
11478;
5971;
14125;
3286;
13362;
597;
5415;
1898;
4489;
15669;
10052;
9134;
3624;
15234;
3145;
12973;
846;
13877;
9720;
3392;
14057;
13982;
15560;
5134;
2189;
6625;
7894;
12915;
6884;
6451;
8728;
3842;
5583;
14490;
13592;
11232;
2946;
3563;
5505;
1678;
13289;
11270;
12334;
7036;
8396;
6338;
2473;
10324;
15443;
5169;
5832;
7087;
4700;
11084;
7465;
13373;
9848;
8453;
7303;
9622;
7770;
3680;
15635;
6314;
14298;
8627;
12593;
7814;
2733;
9822;
14430;
763;
5620;
1425;
6442;
1967;
7575;
3552;
9879;
5555;
7736;
3040;
11125;
15494;
13069;
7992;
6361;
11423;
8172;
8386;
6028;
4611;
9061;
8452;
10333;
6607;
7052;
4373;
14953;
12693;
7859;
14431;
6584;
13322;
2;
11381;
13239;
14890;
727;
6518;
10162;
15518;
6798;
11129;
12971;
15121;
6864;
3756;
9631;
8652;
5057;
13127;
11540;
3372;
9589;
4202;
13943;
4937;
10365;
6362;
11091;
11285;
14266;
9283;
2637;
3110;
2516;
2477;
2199;
2270;
11887;
8488;
6510;
5467;
4687;
10861;
11759;
1692;
9255;
11273;
4628;
7623;
3668;
2898;
2696;
6126;
14736;
15686;
11615;
1845;
9690;
12039;
14786;
3629;
6750;
6507;
2952;
6402;
14363;
14718;
14972;
2094;
9662;
2567;
7897;
1097;
1559;
4353;
6814;
1309;
4342;
10855;
13466;
14876;
9710;
1329;
6692;
6276;
7188;
5195;
5791;
12188;
14897;
8544;
4557;
14191;
14656;
10026;
5987;
8163;
13031;
4836;
9245;
14575;
13369;
2874;
4726;
11327;
3948;
6967;
10887;
1292;
2063;
12423;
11737;
5569;
3704;
6041;
9497;
5192;
8673;
12647;
12983;
10995;
954;
5332;
7605;
4012;
5715;
6113;
9504;
9317;
13249;
12712;
6270;
12123;
9205;
14267;
9987;
2831;
14698;
11284;
5099;
14692;
2793;
15283;
12899;
13460;
9;
4569;
5790;
8084;
14187;
3490;
1141;
7246;
8334;
1112;
7548;
14999;
6274;
2091;
15471;
2317;
9618;
1585;
3391;
10232;
1021;
13155;
14743;
4686;
11778;
6010;
13102;
10200;
10886;
2480;
6792;
5345;
10908;
7810;
8027;
9065;
10046;
4015;
10800;
12203;
520;
7288;
2538;
5554;
14447;
12559;
13898;
7285;
12870;
8267;
14586;
14887;
11131;
3151;
4976;
15103;
6179;
11562;
1975;
15649;
6547;
14900;
6135;
12269;
9572;
11472;
1095;
7886;
7527;
8661;
15143;
226;
10922;
13849;
10480;
3601;
7005;
7015;
14279;
5729;
8339;
13333;
7893;
11489;
15369;
3247;
7963;
9049;
8967;
7307;
1229;
4921;
15353;
15134;
15307;
10725;
6652;
5904;
268;
11485;
13467;
8823;
13386;
5682;
12351;
6365;
11577;
9483;
6964;
12367;
8314;
6473;
12195;
5596;
567;
1561;
152;
7581;
13928;
5271;
6292;
3929;
3271;
15347;
4155;
11945;
4465;
797;
1839;
2674;
3194;
7602;
1527;
12568;
1200;
10265;
13461;
878;
4624;
6529;
4771;
156;
13940;
8151;
5959;
309;
10553;
1116;
2766;
5217;
11522;
6895;
6194;
14050;
6673;
755;
10071;
12395;
703;
2173;
15204;
145;
3707;
8012;
7122;
9324;
310;
11022;
5181;
10849;
7550;
14657;
4740;
1109;
1800;
3626;
10604;
2813;
4684;
2718;
5419;
2580;
10424;
2941;
7007;
1623;
4453;
12854;
6578;
5476;
12420;
2447;
3140;
942;
9966;
14411;
5594;
2985;
8368;
11576;
2862;
10488;
3656;
3377;
15010;
5029;
2636;
14827;
13137;
12403;
6399;
4813;
7996;
57;
6617;
14346;
12299;
13165;
4022;
15310;
12026;
13837;
7971;
11791;
8882;
8642;
5155;
2653;
721;
5819;
14830;
8755;
10382;
2729;
6131;
9830;
13904;
9263;
10976;
1825;
8473;
11330;
11328;
4671;
4616;
7341;
300;
15193;
5275;
10371;
9563;
9677;
10914;
8062;
14695;
1477;
4910;
6780;
9215;
6097;
6927;
10256;
7327;
5517;
8450;
13945;
6646;
7111;
14036;
3582;
13736;
6903;
10988;
14648;
10246;
254;
14634;
117;
13220;
7161;
1657;
12883;
11603;
5310;
3781;
1697;
12139;
2682;
5234;
2000;
10985;
9172;
5367;
15345;
3631;
5514;
7014;
14142;
14230;
4718;
14840;
13899;
14659;
6257;
214;
7100;
2304;
13066;
13955;
4614;
3382;
13770;
12732;
7656;
12809;
4141;
8816;
2520;
12722;
6634;
5038;
13688;
2328;
620;
10165;
1684;
8067;
12450;
5549;
5005;
5442;
1817;
6003;
9875;
5964;
6742;
14849;
1107;
11941;
10202;
13751;
5407;
5507;
6690;
2460;
11833;
4943;
1006;
13139;
8460;
4695;
4573;
7467;
2238;
4640;
15641;
8902;
6589;
7353;
4866;
9605;
12077;
4508;
14404;
15435;
9989;
11468;
1158;
3270;
5241;
13224;
2997;
6682;
4792;
9108;
9865;
6872;
1424;
838;
619;
10603;
10392;
12601;
3806;
3516;
1965;
7127;
10668;
3029;
13453;
7095;
5722;
8185;
5727;
7998;
1182;
12591;
10220;
7141;
5472;
3732;
3216;
8069;
8160;
13922;
7727;
3272;
13923;
9293;
6761;
9282;
5363;
10366;
770;
1173;
8591;
1892;
13240;
1936;
11571;
3217;
12748;
10505;
11754;
1648;
8105;
5265;
2552;
4509;
7088;
11584;
13691;
5706;
5351;
14544;
716;
1190;
13015;
13375;
14911;
10045;
6094;
14552;
12589;
950;
13873;
4222;
3661;
14312;
9095;
14608;
9935;
11451;
10520;
1083;
10142;
5732;
3788;
5294;
5159;
5280;
10066;
603;
6358;
9583;
1638;
3759;
1765;
1086;
10789;
5018;
498;
10049;
1005;
7081;
2513;
10823;
13532;
13638;
7135;
5106;
8680;
14531;
12212;
6560;
380;
14084;
12737;
8180;
4197;
4068;
8599;
1974;
3518;
12322;
4153;
6433;
7627;
3251;
1719;
9543;
11251;
7230;
4008;
6188;
11095;
7462;
13405;
4719;
1885;
5096;
6318;
13186;
11954;
12350;
1676;
579;
12215;
9738;
1082;
14767;
12876;
10580;
4563;
861;
10971;
2776;
11563;
6795;
9452;
7594;
11628;
3771;
2133;
110;
514;
4962;
13856;
10519;
10575;
12405;
3461;
6480;
8956;
5423;
7597;
9392;
6015;
12856;
7731;
12715;
1918;
9409;
10641;
13157;
267;
336;
8011;
4521;
14762;
9864;
6832;
2724;
1703;
494;
82;
15002;
11207;
79;
3726;
2268;
1145;
4704;
8433;
13686;
14696;
14207;
2877;
3081;
10545;
10912;
14927;
7243;
12268;
12366;
13118;
10364;
14484;
11047;
9046;
12109;
6850;
7684;
15589;
13093;
5019;
15222;
7450;
1464;
10507;
13426;
12222;
14376;
13332;
4136;
13993;
15129;
11444;
2365;
1020;
10809;
517;
8408;
13140;
12590;
11788;
11598;
11414;
13824;
11149;
5017;
3773;
6874;
10586;
5595;
6678;
982;
8325;
10613;
9607;
10269;
5942;
3593;
446;
4363;
4550;
9678;
1584;
11469;
7053;
7778;
14665;
15149;
4722;
12635;
6914;
458;
1791;
4230;
7164;
11657;
14845;
11631;
5248;
8296;
2635;
4748;
8017;
5615;
8894;
9658;
8491;
2485;
1953;
9712;
12411;
4906;
15166;
1622;
11901;
9162;
10902;
12462;
15328;
6187;
13105;
8003;
3304;
11894;
4564;
7699;
5025;
5578;
10255;
6167;
15106;
6280;
7481;
13432;
11334;
3279;
15643;
1202;
76;
13845;
14769;
5011;
8950;
7904;
3314;
8169;
1725;
2900;
8638;
948;
11951;
12978;
1597;
3301;
14965;
758;
3022;
4882;
108;
3754;
2486;
6904;
2778;
3160;
6207;
1851;
4291;
13448;
14387;
8947;
1760;
1468;
9185;
11333;
1364;
7878;
4828;
12742;
9304;
11683;
8139;
11218;
4074;
11817;
11188;
15381;
1788;
15609;
1664;
12209;
10894;
10607;
12126;
9425;
2411;
3925;
5477;
12632;
12507;
9918;
14912;
4252;
2679;
6777;
6770;
13357;
3411;
7579;
509;
10631;
153;
13089;
15426;
8889;
4600;
3212;
9508;
4276;
13648;
5621;
1417;
13435;
11178;
11203;
816;
833;
3988;
11892;
12733;
12627;
508;
12757;
15411;
14800;
8377;
11690;
12371;
12548;
307;
581;
9866;
14073;
4226;
11080;
6157;
10837;
2066;
5773;
10665;
11081;
7692;
5227;
1824;
3941;
1316;
14449;
133;
8650;
3395;
12264;
15177;
11547;
7067;
5092;
10781;
2582;
4348;
15441;
2468;
10638;
7934;
11739;
15681;
4582;
6269;
14707;
1563;
14501;
1137;
14894;
8238;
2876;
9532;
5251;
14499;
8953;
11329;
6309;
1500;
8683;
1376;
3957;
11593;
5463;
9470;
8436;
7941;
4534;
15489;
6297;
7950;
9639;
11353;
3074;
10669;
14173;
14603;
4665;
13315;
9207;
11994;
1134;
6381;
11818;
6953;
13724;
10964;
10030;
12306;
6557;
12003;
12781;
6905;
14077;
2996;
10992;
11746;
13003;
12049;
301;
13378;
10221;
3065;
11816;
4844;
427;
14234;
4242;
562;
4429;
7180;
3015;
3964;
8602;
13438;
10882;
4580;
3032;
12880;
12751;
3816;
2335;
4263;
1566;
14521;
941;
2911;
9885;
5694;
9873;
11557;
6660;
15576;
10017;
3936;
14801;
5519;
13573;
820;
2323;
1565;
4344;
12701;
1923;
10420;
14505;
13463;
10570;
4867;
11077;
7526;
2526;
6862;
10846;
13009;
3244;
12496;
5692;
643;
6197;
2465;
10249;
11514;
5342;
847;
10316;
10037;
15315;
6254;
9047;
533;
780;
9919;
12522;
8382;
10571;
5455;
113;
68;
10447;
5497;
9083;
5913;
3465;
10064;
12585;
4917;
2279;
14804;
2920;
3006;
1170;
9366;
6971;
4123;
4320;
13565;
10868;
11294;
13682;
1291;
8572;
5914;
10690;
9387;
453;
15116;
4739;
4382;
8782;
11611;
4285;
6521;
12925;
4057;
7011;
11103;
6852;
10889;
14639;
11862;
14765;
5272;
11369;
15207;
4219;
7686;
11051;
12824;
14082;
6282;
922;
13793;
6432;
11691;
3986;
11186;
6461;
11723;
1193;
14898;
2346;
8337;
15545;
2228;
13863;
9783;
14621;
6619;
1439;
6045;
2697;
2956;
7123;
13530;
4511;
7985;
12377;
9438;
15220;
14476;
194;
9702;
11741;
15182;
6861;
7603;
14410;
468;
13754;
2402;
7171;
2225;
15278;
11933;
7189;
474;
11851;
6969;
14338;
6813;
1240;
4893;
11932;
933;
3035;
12808;
1284;
10820;
13109;
9390;
3317;
13477;
2336;
1558;
14771;
14817;
5976;
12927;
13321;
1235;
7377;
7290;
2619;
12261;
1212;
3684;
3315;
11531;
6894;
11909;
11111;
1487;
10077;
11545;
10484;
8707;
8327;
15026;
8529;
9249;
8104;
9307;
7309;
3701;
464;
2351;
14014;
12347;
9187;
15519;
9102;
1400;
10768;
4533;
5928;
2341;
7388;
905;
1186;
10274;
5222;
11195;
9886;
12464;
4945;
6542;
8735;
11618;
3752;
11976;
5373;
1270;
920;
7696;
8589;
9079;
11792;
1370;
11087;
112;
11102;
1976;
8313;
3268;
4532;
3970;
7839;
9531;
12365;
4627;
15326;
13178;
13174;
6240;
8666;
8484;
5151;
14535;
15642;
7337;
8393;
10426;
6099;
12539;
3254;
7843;
6475;
9716;
15655;
8028;
3265;
13058;
8695;
9314;
10776;
7479;
11515;
6385;
15259;
243;
9484;
9128;
5776;
8942;
3322;
6552;
7620;
13984;
14587;
771;
13296;
2577;
6664;
15145;
15384;
1203;
7693;
8851;
14343;
3961;
9640;
12410;
13748;
3783;
14688;
12029;
1521;
1536;
3895;
9186;
563;
687;
11883;
278;
7785;
15264;
5335;
1318;
1714;
7533;
1909;
6655;
1894;
2671;
7426;
1543;
7883;
13615;
13288;
9831;
11999;
14959;
1769;
11761;
8573;
9758;
5951;
3916;
10516;
2728;
6816;
10003;
3033;
7405;
13816;
9136;
560;
2993;
9800;
293;
13560;
1805;
3230;
8512;
7032;
14921;
4038;
15205;
1022;
6729;
11138;
13596;
9785;
2602;
14836;
14176;
4370;
7120;
6342;
7628;
5212;
9122;
1869;
7710;
8194;
11955;
2006;
3663;
14825;
9630;
608;
8199;
8402;
8456;
11009;
2392;
9628;
12671;
2504;
12905;
13182;
7513;
9328;
7065;
1254;
13060;
3072;
12360;
1970;
12184;
9693;
943;
5559;
9481;
1090;
5060;
14571;
6797;
6446;
10632;
9855;
15293;
10949;
13175;
7019;
2313;
5998;
13349;
4139;
400;
14058;
5508;
7182;
8455;
10227;
9947;
5076;
5238;
3614;
14672;
15422;
11501;
4236;
2375;
4014;
2887;
6592;
12025;
8865;
1903;
9623;
7999;
7256;
4528;
4208;
276;
12753;
7367;
6490;
13936;
13486;
3436;
6514;
12678;
849;
14729;
9766;
7045;
6900;
2394;
14208;
7911;
12583;
10302;
11155;
9868;
10895;
632;
1096;
1997;
6546;
367;
8176;
8359;
5815;
14730;
14601;
14653;
6267;
15099;
5420;
7170;
2802;
4677;
10308;
2785;
5489;
13988;
10129;
13166;
13400;
15618;
5756;
14682;
14966;
11046;
12553;
14350;
3635;
11190;
12454;
8465;
8935;
6623;
12221;
9359;
606;
3161;
765;
10453;
9941;
8000;
5448;
12359;
15048;
12755;
12095;
14193;
6599;
6657;
12926;
5813;
251;
3834;
7038;
11503;
10640;
3061;
1271;
14138;
2950;
9922;
7422;
1550;
6573;
12198;
6166;
2164;
1269;
3679;
3068;
5357;
7464;
6865;
12073;
5627;
11196;
8767;
15236;
14042;
69;
10850;
14750;
3023;
1263;
3559;
3632;
9152;
542;
8752;
6245;
12676;
3400;
11868;
1745;
5117;
5316;
15256;
12777;
6954;
8134;
3253;
530;
13441;
8969;
3051;
1483;
1168;
13766;
7453;
2145;
4274;
2998;
6642;
8111;
6645;
3628;
9408;
1273;
12432;
12508;
868;
1802;
9188;
8808;
8214;
382;
9447;
185;
4909;
7617;
10593;
4669;
7913;
6311;
11482;
10307;
4126;
11460;
8676;
14424;
5734;
4438;
14754;
9145;
8367;
11707;
7746;
10396;
10721;
10794;
10594;
12349;
11527;
4765;
3565;
7705;
9756;
1626;
9072;
4029;
12402;
1992;
7831;
6693;
13801;
13277;
11315;
4651;
5391;
5475;
15181;
15638;
4284;
11984;
12429;
14433;
14413;
699;
11789;
10292;
6181;
12986;
11508;
15476;
611;
7817;
11847;
6071;
3263;
11343;
5785;
12513;
30;
13926;
14760;
7758;
515;
14610;
1459;
7220;
13359;
3574;
2494;
9718;
5958;
15514;
14194;
6415;
11247;
12503;
12070;
3757;
14576;
15404;
10321;
13929;
7625;
11446;
5772;
8088;
5257;
8032;
14866;
1972;
12772;
7614;
5777;
1034;
9226;
9767;
13843;
6591;
12431;
13510;
166;
6387;
12566;
13511;
5563;
1764;
11779;
6040;
11007;
4586;
4049;
9566;
14136;
6925;
2300;
10215;
15574;
2340;
8073;
9449;
10294;
10667;
7865;
8371;
11400;
976;
1906;
11744;
10980;
6191;
14993;
14788;
13792;
3678;
8193;
8207;
9267;
2830;
10143;
7151;
10763;
3901;
14458;
6482;
14215;
12690;
2525;
6951;
9747;
11458;
1741;
7645;
6036;
3952;
3488;
8437;
9906;
3902;
8960;
6776;
3099;
15682;
4473;
12260;
2180;
6876;
11137;
13292;
12174;
7672;
15105;
15274;
12749;
3564;
9764;
1654;
10765;
10187;
5287;
10171;
3524;
12041;
14168;
13302;
13750;
13624;
15596;
8931;
14319;
6906;
2399;
10599;
11809;
7830;
5461;
7755;
15559;
7025;
478;
8807;
4656;
3221;
4951;
2027;
6888;
14596;
1474;
5574;
14150;
668;
1238;
14649;
11769;
5041;
12821;
10391;
4542;
4100;
12177;
14380;
7738;
3082;
4444;
2360;
4696;
127;
9190;
3302;
5878;
2230;
14805;
10597;
2185;
7350;
6743;
543;
9895;
13068;
4411;
3419;
13853;
486;
6753;
914;
2603;
15530;
3097;
4445;
9116;
6537;
5558;
5834;
6050;
599;
4649;
7042;
8444;
2243;
2011;
15174;
4855;
13867;
724;
1195;
2325;
10538;
6078;
11296;
13229;
13842;
98;
13687;
4367;
13698;
2084;
13713;
11793;
13295;
12373;
4987;
8288;
1298;
14420;
3291;
8384;
13607;
8516;
14624;
10295;
14174;
8142;
12664;
5570;
1233;
10495;
13392;
431;
9900;
15202;
6982;
65;
9391;
1301;
13658;
528;
5788;
7538;
1243;
14361;
895;
10610;
4488;
8274;
8167;
4584;
9082;
12515;
5204;
12641;
13338;
813;
4193;
12182;
4706;
7165;
7451;
6464;
712;
3344;
5075;
4721;
11900;
9825;
10833;
2354;
6019;
13144;
12810;
11289;
15357;
3406;
544;
13991;
9570;
10583;
4145;
6653;
2466;
5515;
1033;
3860;
5474;
313;
4877;
14211;
13343;
3154;
6495;
2829;
8349;
6151;
6277;
14127;
4911;
103;
2599;
13509;
2436;
9253;
13921;
8065;
13115;
14703;
12556;
1709;
9275;
10322;
7086;
271;
2118;
2990;
5484;
8973;
12259;
10836;
7335;
447;
3549;
662;
1057;
13306;
14422;
6513;
13407;
15481;
7578;
13092;
4420;
6369;
10671;
600;
1644;
1223;
1755;
13545;
11252;
14124;
652;
13083;
14235;
13336;
7343;
5068;
15243;
3950;
4648;
14349;
874;
8273;
8621;
8468;
13681;
8126;
8075;
6284;
4292;
8112;
2780;
6405;
9934;
2043;
13444;
9155;
744;
8847;
2311;
3098;
8725;
9908;
9926;
13995;
8569;
12022;
12604;
1902;
1286;
8657;
2218;
10936;
1616;
8948;
9536;
4617;
384;
12735;
75;
11281;
4189;
12330;
14397;
3805;
5881;
8118;
7624;
10660;
4099;
8775;
13176;
11107;
12811;
4194;
9834;
8859;
8216;
12398;
9586;
8985;
9704;
184;
5662;
6701;
13342;
6569;
3915;
1501;
2038;
5289;
5398;
2119;
968;
5774;
8476;
8571;
14450;
12565;
1617;
13731;
4472;
9952;
722;
7668;
9838;
4215;
5224;
14238;
2596;
3138;
12484;
12480;
12943;
12323;
1422;
9956;
7445;
5362;
12961;
2588;
15281;
12258;
3584;
1887;
6587;
4117;
1169;
1816;
6532;
9807;
2687;
3665;
1706;
6935;
7940;
6184;
7023;
205;
11055;
13583;
10240;
5811;
11288;
5793;
6044;
11960;
4072;
9159;
14909;
4229;
6288;
12339;
9957;
11015;
6930;
13061;
735;
11698;
1537;
6913;
614;
13173;
4769;
6639;
13364;
1730;
14958;
8766;
12218;
958;
8277;
7177;
9378;
9175;
7393;
6564;
9384;
11045;
6996;
14489;
14974;
7756;
7325;
7534;
5488;
13857;
10354;
9308;
7249;
5166;
5385;
13162;
9946;
10566;
10250;
10612;
8430;
14652;
2604;
3521;
759;
12731;
9171;
3676;
11391;
13311;
7440;
3853;
15651;
9071;
5707;
14748;
4273;
10185;
15436;
1514;
13454;
5240;
6373;
13951;
7875;
5450;
4566;
9444;
12711;
12219;
14893;
7713;
1469;
9925;
12662;
13099;
10079;
5816;
6972;
3327;
5833;
1191;
15548;
11258;
617;
438;
5799;
3660;
14244;
4256;
14398;
10917;
6049;
7553;
7584;
14971;
8536;
12391;
2281;
15685;
9857;
4555;
1048;
2823;
6150;
7709;
7195;
14330;
979;
5095;
12769;
12237;
13802;
1473;
8759;
3720;
3088;
9724;
9149;
6844;
5731;
15162;
6932;
12451;
356;
5230;
13067;
15414;
6169;
1579;
2536;
11310;
11532;
10284;
2761;
14355;
2443;
9166;
2882;
12495;
8895;
6489;
8215;
14626;
4605;
8541;
5604;
3366;
3453;
5074;
4393;
9705;
11867;
6970;
9568;
1596;
6779;
1150;
11718;
14802;
12166;
13641;
8319;
11830;
5386;
5735;
14261;
2615;
15547;
14620;
10753;
11700;
13526;
8441;
1946;
12833;
8181;
4641;
6216;
7921;
4448;
9592;
2031;
12079;
14568;
29;
14599;
11407;
12935;
12338;
9360;
14632;
3122;
9239;
10283;
13854;
2578;
17;
2645;
8818;
12840;
5714;
1353;
3703;
11621;
589;
10523;
7743;
1050;
15339;
11672;
7847;
7660;
15562;
1532;
10920;
8553;
890;
12846;
11794;
15216;
12004;
11336;
5653;
2455;
5269;
3904;
3190;
5368;
10719;
764;
1209;
2676;
375;
14737;
1618;
11097;
2919;
10378;
12776;
13568;
677;
8791;
12419;
12226;
8862;
1695;
11271;
3543;
4712;
10367;
5593;
1728;
2415;
1198;
11815;
1853;
10880;
9351;
10153;
1390;
6168;
11362;
777;
2184;
13689;
7460;
4018;
13979;
13787;
9244;
5686;
3880;
2773;
4913;
9740;
4732;
794;
13883;
2076;
11674;
5457;
14286;
24;
4357;
5726;
15607;
2832;
2121;
4459;
1544;
6648;
6559;
1498;
8538;
9281;
644;
14735;
5340;
11651;
14895;
2093;
1846;
4575;
10325;
11366;
6577;
5242;
13254;
8703;
913;
1529;
1117;
12142;
11823;
10451;
10852;
1591;
8258;
9722;
11525;
12369;
2672;
817;
143;
3460;
11356;
3885;
10935;
457;
13639;
7252;
13728;
3348;
11419;
10056;
13323;
3252;
7899;
2236;
3052;
4652;
1531;
4655;
8527;
13498;
8854;
4383;
4989;
9977;
1494;
4820;
12700;
8010;
6958;
11899;
4841;
14289;
8220;
8913;
9578;
15060;
12196;
5388;
4064;
7559;
2425;
8307;
2842;
9292;
1842;
5641;
2937;
5311;
6377;
10222;
6357;
13967;
15047;
1792;
2659;
11968;
10433;
10086;
4086;
7429;
12521;
7530;
5629;
3262;
4510;
11581;
7461;
5246;
5297;
6604;
10374;
11560;
9674;
1910;
272;
6162;
10738;
8002;
15040;
6849;
6105;
7002;
12518;
9112;
4786;
9357;
13913;
14605;
796;
2936;
5183;
12114;
7167;
10456;
8586;
14852;
14528;
14879;
762;
15254;
10166;
9963;
13272;
3799;
7071;
6916;
8799;
12519;
8187;
9132;
7381;
13246;
3337;
5493;
15130;
11406;
9093;
10658;
8173;
1224;
4138;
14553;
1300;
1383;
11748;
854;
14172;
503;
2267;
1870;
14798;
15650;
223;
10711;
5229;
8454;
9743;
2535;
700;
9664;
3843;
8897;
5199;
11878;
7965;
4661;
9338;
1398;
10299;
9347;
9750;
15098;
10114;
4507;
2963;
14459;
4609;
8907;
15000;
8024;
2241;
8252;
12611;
14198;
792;
2362;
15076;
14329;
1592;
4768;
3617;
2994;
9066;
3745;
10298;
8427;
1485;
12705;
3080;
15420;
14202;
5150;
9022;
4591;
15528;
827;
13414;
3675;
7642;
1035;
9863;
2725;
1858;
4231;
1217;
7266;
1595;
4280;
3321;
1797;
13499;
15033;
8210;
9237;
6594;
6017;
14197;
4907;
15241;
4499;
14963;
11635;
11905;
10627;
8534;
11404;
13755;
7567;
9240;
13078;
3940;
13472;
13738;
393;
3295;
6221;
7162;
14282;
346;
14060;
5523;
2364;
258;
8966;
10483;
6786;
13890;
7987;
12437;
11975;
1890;
10160;
2226;
7073;
9801;
4296;
14597;
927;
12572;
10012;
10907;
2194;
12582;
13580;
2711;
12199;
12291;
12560;
9621;
14065;
13022;
232;
9816;
4890;
5464;
13858;
2167;
2220;
10518;
11913;
15584;
7777;
5597;
3026;
4856;
6993;
15606;
11484;
8839;
13183;
12985;
8275;
11008;
3303;
10409;
7274;
885;
9813;
9769;
894;
1594;
10340;
4053;
9199;
3027;
4916;
12439;
11136;
13836;
245;
15024;
8855;
8077;
7319;
1181;
2859;
7589;
8047;
2657;
13818;
13030;
12713;
4579;
3746;
10723;
13027;
8916;
2661;
5941;
6745;
6340;
8505;
3114;
13074;
1832;
14701;
9089;
12036;
12293;
7561;
9915;
2106;
4939;
13505;
8723;
6622;
3761;
8485;
4335;
2257;
13915;
11649;
1586;
6834;
4185;
1448;
4354;
3403;
10175;
7421;
3113;
7505;
5279;
692;
10957;
7856;
13038;
10654;
9999;
7763;
5451;
10898;
2141;
1456;
12551;
1507;
2650;
10487;
7564;
2222;
2057;
3246;
6053;
8628;
6389;
14039;
12670;
4746;
9823;
14494;
9401;
5784;
14810;
5284;
15091;
14273;
9748;
369;
2338;
15233;
4297;
2078;
1510;
8826;
14280;
5644;
5609;
10006;
15462;
7795;
13355;
6945;
4572;
3567;
13063;
12186;
2405;
14618;
12433;
6756;
7159;
8837;
12044;
3229;
11293;
3019;
8624;
5700;
398;
14144;
14588;
1260;
409;
15541;
10016;
6503;
8400;
7184;
10501;
13692;
6921;
3168;
3106;
2790;
15046;
1373;
720;
2559;
5895;
15570;
5758;
3531;
3640;
7969;
4636;
93;
182;
11624;
6230;
13880;
10896;
2437;
11942;
14482;
9703;
6140;
1629;
3175;
140;
15409;
15126;
9044;
9349;
1535;
3956;
2099;
7302;
2368;
460;
2844;
13901;
227;
4797;
12867;
6317;
7311;
9124;
10692;
14549;
733;
445;
15653;
9354;
3370;
4352;
1681;
6620;
2101;
8840;
73;
1896;
353;
10854;
15245;
8804;
11771;
6621;
11184;
2563;
10275;
14121;
5040;
7346;
742;
2487;
129;
15644;
3421;
4427;
14907;
10726;
10455;
8227;
7640;
3979;
2446;
4491;
7257;
2540;
1850;
8891;
13226;
8082;
13177;
3214;
9612;
10537;
3240;
8119;
15673;
13132;
1604;
418;
3960;
10841;
10208;
6074;
14637;
118;
13001;
8432;
3318;
6774;
12443;
15088;
8250;
6128;
13200;
15480;
2235;
1908;
5473;
9790;
15093;
7455;
6962;
10587;
10588;
3357;
7387;
15219;
9778;
10039;
5479;
4567;
6092;
4264;
4800;
7959;
1040;
8749;
15001;
13025;
15577;
15260;
12798;
15620;
836;
4901;
11613;
8946;
4436;
1463;
14182;
13281;
330;
3739;
9884;
15247;
6439;
15623;
3179;
11365;
5695;
4760;
3054;
12697;
11185;
8925;
2124;
4842;
6794;
14512;
10573;
11837;
9475;
14987;
773;
1545;
11459;
5548;
12933;
14582;
9936;
7144;
5807;
8014;
4644;
3300;
9760;
14923;
14161;
12594;
15324;
1068;
12783;
2789;
7202;
852;
14393;
10953;
13640;
266;
12471;
10527;
10247;
9513;
6766;
6429;
3965;
3717;
414;
7788;
8849;
7374;
11261;
6759;
7059;
8322;
3864;
1624;
2508;
7079;
13299;
11422;
6663;
10865;
1636;
8581;
8681;
52;
5490;
15078;
10191;
737;
13814;
8857;
5544;
11143;
9983;
15492;
14806;
6647;
1632;
7570;
5965;
5648;
15367;
5142;
14875;
11882;
6887;
7860;
11165;
8694;
3477;
2097;
3480;
7041;
10885;
4390;
8528;
1322;
2749;
6047;
11476;
9596;
2517;
14052;
9258;
4293;
13970;
6781;
10643;
12143;
10254;
3715;
6124;
4930;
5188;
11282;
1926;
14738;
4466;
8358;
997;
5191;
8297;
3205;
10756;
753;
9753;
2074;
6129;
11298;
4406;
9117;
14303;
1302;
2149;
984;
5022;
84;
10918;
11388;
14609;
11321;
527;
9595;
11118;
13652;
14865;
2858;
3181;
12969;
8761;
10041;
5123;
10977;
13876;
5848;
1247;
13746;
5975;
9437;
4781;
9026;
707;
12181;
9650;
6799;
6955;
13978;
8298;
14517;
1088;
730;
5008;
5543;
2757;
8232;
10596;
13665;
12375;
13313;
4863;
14967;
10460;
8018;
10548;
6712;
11028;
11671;
4750;
4793;
9867;
12492;
7768;
5812;
7484;
12703;
13775;
5713;
170;
6879;
5397;
3998;
2301;
7572;
15460;
1350;
9001;
947;
1599;
419;
15329;
10813;
9890;
3857;
1574;
13040;
11827;
4093;
14344;
1333;
11861;
6302;
13516;
11764;
1717;
11762;
6523;
1060;
368;
11164;
1072;
374;
13829;
9422;
2533;
13826;
11834;
11349;
9201;
3606;
13039;
8241;
1230;
12595;
1777;
7596;
11249;
15306;
7805;
1392;
12658;
12545;
7494;
12725;
665;
2098;
9017;
3625;
7619;
4205;
10680;
13819;
3503;
6214;
11625;
12000;
9833;
6303;
2811;
11835;
5226;
11013;
7552;
7571;
11418;
11952;
3830;
13085;
2689;
9736;
5860;
1958;
12157;
15674;
9967;
845;
901;
13869;
9410;
7729;
14929;
386;
7380;
12598;
14678;
7520;
15337;
5885;
12253;
8995;
284;
2366;
1689;
3908;
14717;
14903;
8510;
4020;
12533;
4571;
511;
9594;
9075;
14038;
14690;
11443;
8446;
3568;
7942;
11726;
8031;
11801;
1313;
1822;
155;
13670;
8841;
4742;
5532;
14335;
642;
10682;
9087;
13980;
178;
4942;
3218;
6395;
5165;
1340;
14970;
15392;
3905;
8403;
10591;
6845;
9584;
655;
11561;
12597;
3944;
1552;
9303;
9178;
13874;
10270;
13998;
6697;
2812;
13538;
3227;
7033;
138;
11978;
4593;
10014;
15067;
13726;
1547;
9211;
13627;
1517;
195;
1381;
326;
1504;
15341;
8919;
6641;
6322;
9285;
4848;
15118;
11800;
10464;
10444;
11923;
11606;
647;
13533;
15446;
8594;
11384;
5810;
12482;
2379;
505;
4490;
11758;
13419;
14834;
7946;
3345;
7633;
10172;
1019;
9436;
12608;
2822;
12461;
9099;
7986;
2237;
6102;
3673;
7332;
831;
4171;
7129;
11032;
11105;
4522;
13379;
11487;
12603;
7845;
13997;
4626;
9817;
13244;
3770;
3605;
1718;
3425;
8795;
62;
55;
7473;
6057;
7384;
14427;
2537;
15540;
6492;
6866;
2641;
1355;
9851;
13960;
6800;
15018;
13197;
4846;
8989;
2940;
14426;
1194;
1658;
9012;
14118;
15212;
13886;
10242;
8001;
7944;
3620;
13474;
7056;
5157;
12110;
708;
3797;
5693;
9522;
8561;
3384;
1852;
12895;
2746;
14239;
9990;
12497;
5842;
10601;
13409;
15535;
10073;
15312;
180;
11546;
12516;
5804;
15023;
3134;
9029;
10716;
8560;
550;
3512;
1855;
8131;
289;
4796;
11213;
4328;
4996;
3718;
13214;
5869;
13752;
8565;
14359;
5481;
13771;
936;
6965;
8945;
11040;
5196;
15171;
3550;
705;
11470;
7990;
9559;
8903;
14617;
10300;
5797;
8562;
4223;
14233;
13121;
12561;
961;
6134;
1863;
12944;
9106;
13735;
13534;
3389;
916;
15110;
7254;
11517;
3520;
11863;
9978;
8228;
2884;
8701;
2025;
7291;
7563;
5135;
8261;
6803;
11944;
13927;
9096;
8345;
12316;
296;
6778;
2265;
308;
9327;
11806;
2959;
8005;
4634;
3850;
4061;
2476;
15090;
4009;
3529;
3341;
2469;
3983;
12273;
8495;
11885;
12217;
2745;
7632;
1849;
15322;
7310;
12517;
8724;
9311;
9997;
8443;
4713;
3785;
4688;
20;
6360;
10167;
327;
1264;
4391;
2058;
5028;
14227;
13546;
14922;
9278;
12117;
11212;
14096;
2879;
2160;
7130;
11903;
13208;
14794;
11078;
13255;
2698;
4585;
12307;
15463;
1835;
2089;
13609;
3879;
2259;
14394;
11133;
7890;
363;
9927;
10952;
12929;
5470;
9600;
173;
1164;
1881;
13501;
12800;
15479;
5012;
8243;
9708;
3909;
10598;
728;
12396;
1747;
7439;
4362;
2314;
8675;
2438;
15364;
14793;
15550;
11053;
7209;
5436;
12975;
14322;
546;
1146;
2595;
683;
10496;
10018;
11229;
10557;
5137;
5709;
3923;
12665;
8733;
14792;
11775;
15583;
13206;
5716;
11374;
2903;
6628;
11912;
9804;
12256;
1135;
12201;
14527;
10430;
14347;
6534;
9142;
4544;
14821;
6217;
5696;
5220;
7418;
10556;
5889;
7721;
5931;
12540;
14011;
7287;
6352;
15413;
9495;
15285;
7674;
2275;
15600;
14669;
13617;
472;
12817;
3224;
7841;
3556;
15451;
5292;
2756;
9960;
6290;
3538;
9170;
10257;
1602;
3155;
9812;
13657;
13555;
7500;
8899;
12745;
12592;
3930;
11551;
7213;
9196;
4559;
12752;
11376;
10092;
676;
3226;
14181;
13087;
10509;
1214;
5759;
3831;
3236;
470;
9234;
4884;
14493;
12286;
12034;
7385;
1296;
4553;
14167;
9456;
5105;
14003;
13957;
5912;
4885;
7273;
6610;
6820;
6870;
3085;
5128;
7012;
15579;
10614;
9858;
13673;
5573;
12248;
11093;
13700;
7726;
5749;
7982;
13238;
11124;
14018;
12620;
13727;
13442;
855;
10345;
6980;
14310;
3359;
4639;
830;
11853;
13833;
5513;
1917;
6539;
9529;
8514;
7631;
8390;
3747;
10954;
607;
10621;
9104;
252;
4908;
6153;
14129;
3288;
9482;
9944;
3192;
2566;
8096;
5949;
6892;
1667;
9668;
4119;
2722;
3432;
15043;
6007;
5822;
6456;
14612;
14094;
1573;
15597;
10539;
6299;
3749;
15374;
10858;
9364;
11538;
2181;
1914;
10650;
14337;
9573;
12481;
713;
49;
5676;
7255;
564;
2302;
4217;
6583;
9968;
2116;
2153;
15303;
2032;
13187;
9158;
14462;
926;
292;
11018;
2463;
11595;
12121;
2922;
15038;
7064;
11714;
9636;
9883;
2614;
3325;
10040;
14386;
906;
10327;
10870;
12285;
12868;
10697;
11842;
12661;
2714;
13711;
6457;
1642;
11949;
14874;
15190;
3533;
8204;
6944;
8896;
660;
4286;
11359;
9057;
10253;
1428;
995;
1821;
1466;
5957;
14567;
9179;
811;
9383;
12232;
2102;
10151;
14569;
2138;
10718;
10108;
10748;
7784;
2677;
4758;
785;
1619;
3836;
13081;
1511;
10157;
9891;
10047;
3541;
1064;
7909;
12050;
2910;
15125;
1004;
13159;
5110;
2440;
595;
5688;
5952;
13973;
6891;
8448;
15580;
1407;
1866;
12233;
10405;
3239;
1608;
2797;
1549;
15472;
9784;
3777;
15042;
15636;
14641;
13550;
6121;
1528;
10839;
11347;
7638;
6228;
2372;
13614;
6725;
12317;
7760;
12958;
7671;
4025;
653;
13052;
6763;
9501;
11660;
10888;
10376;
383;
13650;
2666;
4919;
3368;
14015;
5454;
6782;
13194;
3484;
4825;
9350;
190;
2806;
2788;
394;
10616;
14593;
13358;
9115;
1159;
13390;
9034;
6635;
7769;
11106;
9682;
14288;
4351;
1031;
6425;
10024;
6491;
11409;
237;
8099;
14029;
13193;
5708;
13468;
216;
2389;
8658;
2482;
7261;
2982;
13669;
6611;
3198;
15008;
11760;
3204;
8419;
14938;
4819;
13528;
15305;
6755;
12694;
12314;
1701;
11394;
7250;
14784;
12469;
12008;
10824;
8692;
3124;
13622;
236;
3375;
9694;
7662;
8918;
1440;
7932;
8848;
196;
2132;
15474;
63;
9809;
12730;
499;
9163;
8323;
11238;
13145;
8838;
15525;
8671;
13154;
2028;
4360;
3133;
1144;
6196;
11755;
11291;
12427;
4350;
9645;
12197;
1129;
142;
7477;
10009;
12103;
14952;
14914;
9666;
9110;
6658;
101;
14367;
5056;
4576;
348;
15137;
13647;
3324;
11088;
11590;
5865;
2626;
9921;
8792;
11735;
13591;
7799;
8218;
1008;
13684;
9928;
2912;
15537;
14502;
12254;
10093;
8162;
6024;
2082;
10899;
12364;
6285;
4818;
15101;
77;
9776;
5216;
11958;
8606;
396;
11306;
12918;
5502;
4361;
15251;
15464;
822;
15382;
14859;
12319;
13848;
15342;
10504;
1421;
10163;
1878;
1396;
9461;
3132;
14595;
224;
14171;
14437;
9008;
14006;
6939;
2597;
12774;
3285;
14671;
4991;
9913;
1848;
6808;
7828;
7522;
1854;
2203;
9931;
4378;
11156;
14132;
4946;
14850;
694;
15554;
7444;
4096;
10404;
12964;
4871;
5740;
15585;
4163;
8519;
8008;
7304;
1149;
3200;
11123;
13207;
2200;
663;
340;
5871;
2885;
11241;
14225;
1404;
4862;
8943;
6616;
2809;
1771;
2824;
13931;
5521;
1317;
13539;
15378;
4046;
2258;
4089;
857;
3280;
6310;
15273;
9291;
11919;
8702;
3207;
14742;
4659;
1386;
7225;
14611;
13953;
12709;
5003;
4165;
7463;
14994;
757;
3349;
3260;
7396;
6061;
5014;
3662;
5184;
6919;
9024;
11300;
6264;
402;
4213;
7278;
7667;
10965;
6854;
3044;
4206;
14716;
4868;
9035;
4548;
14469;
8148;
6477;
12020;
4873;
11930;
6180;
8787;
12062;
5956;
4076;
15189;
9599;
2357;
2799;
15610;
4984;
4397;
4384;
9836;
7964;
7991;
9737;
6370;
1046;
11798;
15277;
3431;
6822;
12796;
6386;
11807;
10085;
7146;
6957;
11228;
11211;
11395;
13950;
15298;
2187;
9434;
8616;
6867;
13891;
12112;
3413;
13119;
4077;
13897;
2715;
6484;
1612;
7357;
5588;
12623;
287;
3691;
3430;
12525;
775;
4900;
14048;
10623;
4339;
1106;
9189;
9004;
10801;
7116;
6406;
14374;
14828;
11556;
6590;
318;
11475;
11983;
4642;
4583;
6586;
6175;
10438;
122;
911;
11437;
9097;
5780;
5657;
4196;
9561;
11678;
7679;
10875;
4864;
11659;
8324;
14946;
5120;
11665;
4070;
14287;
2321;
2010;
3655;
221;
4601;
1489;
8009;
1111;
14247;
10282;
13519;
14719;
7677;
14062;
15466;
9053;
3907;
1241;
9786;
8431;
2606;
13820;
3828;
40;
2450;
164;
3698;
8618;
11317;
14666;
9088;
13221;
12470;
6183;
15330;
1781;
8480;
3418;
12400;
15102;
13233;
10687;
3725;
3878;
7923;
15050;
14689;
3261;
8470;
5435;
9552;
4461;
11822;
1927;
2459;
985;
13676;
2979;
13601;
13812;
12729;
8301;
9520;
10357;
1058;
7442;
2923;
626;
9334;
10291;
1087;
4977;
12851;
8583;
3744;
3723;
4625;
752;
5325;
8883;
14030;
14407;
10522;
5088;
819;
3350;
8417;
13111;
6089;
5690;
11889;
10659;
13910;
8813;
6009;
4992;
6460;
6636;
3734;
8244;
6033;
7017;
4938;
10728;
15327;
14306;
3201;
7906;
6095;
13860;
10724;
9889;
10500;
7547;
12843;
7927;
14496;
784;
12383;
9876;
14783;
1766;
790;
5728;
8780;
4763;
13447;
3091;
11491;
5304;
2583;
11959;
13696;
12159;
9417;
13817;
10137;
14985;
11425;
12099;
8517;
15325;
5552;
14070;
1166;
12190;
10311;
12072;
10891;
5678;
8765;
2894;
5495;
14870;
799;
1977;
15389;
12392;
623;
11179;
5915;
12158;
3245;
3910;
5974;
4255;
297;
13730;
10397;
13924;
4531;
9051;
7115;
10502;
14278;
2169;
6679;
8682;
1423;
10416;
1943;
2479;
591;
14883;
10132;
11056;
14602;
8655;
3095;
3751;
8588;
4152;
8520;
4858;
13620;
3639;
13702;
7272;
5485;
7591;
10967;
8234;
3206;
14615;
4762;
9030;
5950;
12642;
14004;
8550;
12610;
2734;
9771;
6983;
1919;
9238;
1178;
5997;
15253;
8934;
1964;
3937;
8715;
5413;
11869;
7573;
432;
11612;
8086;
11428;
8190;
15512;
13774;
4455;
2995;
13469;
11160;
13455;
6335;
15035;
13932;
6005;
1093;
13630;
6723;
3876;
3712;
14341;
2461;
15551;
10851;
8305;
4469;
9517;
1666;
1748;
11728;
9045;
11416;
5972;
14693;
14570;
15071;
11429;
5364;
12189;
9321;
11638;
10555;
6966;
10063;
14428;
15287;
7717;
13370;
14342;
11529;
1516;
8143;
10011;
5487;
150;
12527;
5966;
4041;
6695;
8051;
8076;
4631;
3587;
14005;
3320;
8477;
2764;
4715;
8269;
12183;
6104;
13807;
9765;
14031;
7324;
11023;
14090;
10525;
5187;
5483;
5395;
6339;
9530;
454;
1136;
15568;
7085;
10872;
12831;
15228;
3792;
13999;
1533;
14472;
9146;
7868;
4347;
3502;
824;
1108;
6204;
10547;
2136;
9466;
12478;
11426;
4947;
6545;
13541;
3296;
726;
218;
1986;
672;
7600;
10760;
5255;
5469;
7752;
15344;
8303;
7323;
12692;
5551;
4859;
452;
8717;
86;
3471;
14408;
2054;
7539;
6669;
3440;
15358;
13394;
9523;
4058;
4730;
4468;
7275;
13745;
7975;
2825;
4883;
12931;
14379;
8471;
15592;
3146;
11507;
9731;
14097;
6767;
8206;
10646;
11189;
12976;
4784;
11208;
11695;
4224;
14889;
2932;
13739;
3972;
423;
13151;
13718;
4013;
8266;
8125;
11140;
5836;
388;
9588;
8217;
11843;
6705;
14423;
6412;
12702;
3433;
5064;
9604;
7694;
10905;
719;
8447;
11236;
3931;
269;
14313;
1213;
5462;
12023;
8054;
12487;
7947;
6754;
15141;
1679;
6424;
6136;
1767;
650;
645;
365;
1100;
12385;
2353;
4536;
3441;
9730;
11555;
9399;
13465;
12937;
4620;
13654;
14514;
2464;
11350;
8464;
10932;
13603;
7935;
7915;
5608;
10317;
15524;
9027;
1696;
3343;
3312;
6758;
15590;
3102;
14556;
4876;
13125;
14022;
10734;
3591;
12202;
2814;
13287;
2123;
14402;
490;
6160;
3062;
11992;
4319;
14843;
13776;
7555;
8093;
10663;
9367;
5152;
6918;
5324;
13527;
14314;
13072;
15258;
3545;
12344;
7039;
11962;
14414;
8721;
1938;
4607;
3173;
11375;
2800;
7372;
12980;
9105;
2305;
4481;
1836;
14686;
475;
3623;
760;
9519;
4647;
15053;
3298;
56;
9558;
9133;
8834;
15249;
6469;
2983;
6726;
14799;
12607;
10380;
1506;
3470;
14028;
1312;
9419;
12866;
11276;
635;
8094;
2337;
11063;
7700;
715;
1650;
4409;
6319;
9763;
15227;
7507;
2796;
5983;
13352;
9714;
11159;
6896;
2227;
6960;
13274;
8483;
10900;
7124;
15361;
12970;
7340;
11057;
295;
928;
13813;
8893;
9041;
13294;
1857;
6688;
9236;
15438;
3422;
10121;
10476;
3281;
5527;
10732;
14448;
5149;
519;
71;
5978;
3149;
10133;
1044;
6716;
11401;
11730;
9169;
3459;
15362;
10125;
10798;
11844;
12428;
6323;
7398;
2092;
5698;
15627;
15663;
6115;
10729;
7914;
10019;
882;
9969;
12137;
1011;
14357;
10130;
10937;
15511;
13564;
2052;
8820;
6272;
12754;
2491;
5382;
7382;
13947;
14775;
5828;
463;
189;
8262;
3858;
5058;
4633;
11392;
12463;
8170;
6543;
9587;
7399;
7916;
9749;
13010;
7206;
9233;
3188;
5347;
10338;
1793;
1314;
8990;
14901;
14623;
8595;
7121;
7815;
5988;
5063;
6595;
5783;
2747;
14558;
10513;
12830;
2493;
11474;
12230;
11592;
3383;
5932;
1446;
1222;
3199;
7106;
4892;
7488;
2024;
4798;
1674;
5079;
5034;
1471;
12409;
2647;
2104;
685;
500;
15167;
9671;
5089;
9260;
9157;
9346;
5989;
9445;
3985;
7227;
5704;
11972;
8632;
3572;
4386;
15486;
12276;
8850;
2505;
6502;
9551;
1345;
12877;
4805;
3058;
4254;
15407;
10617;
2786;
8610;
12609;
5536;
13747;
6608;
14467;
5840;
9681;
806;
8866;
682;
12389;
3053;
3627;
305;
3169;
1935;
12300;
9259;
9973;
12602;
8843;
12305;
5512;
15015;
6889;
4388;
11337;
8656;
9404;
5050;
12171;
12151;
1694;
2439;
14705;
6990;
12417;
6321;
1282;
302;
11257;
14135;
6348;
4674;
8577;
11473;
14709;
1484;
229;
10471;
5996;
1627;
4845;
5321;
10414;
11011;
10910;
15296;
8729;
8128;
3499;
2398;
2278;
5456;
14872;
13949;
14861;
4460;
9723;
10959;
11811;
9063;
4212;
10313;
12626;
15354;
12135;
805;
12907;
2413;
8236;
561;
14823;
5175;
8640;
15505;
11918;
14277;
701;
13968;
12653;
6606;
1784;
10241;
8890;
1907;
1551;
1132;
2630;
10290;
9537;
9538;
10606;
15284;
9962;
14442;
7577;
5883;
3143;
3875;
531;
8472;
12696;
13553;
10138;
14019;
14067;
115;
7282;
334;
2065;
2293;
5849;
12250;
11412;
6796;
11971;
4538;
7173;
5650;
14007;
5742;
3185;
11626;
15429;
5262;
13412;
2488;
12652;
5979;
1646;
10874;
3954;
12125;
8665;
15417;
14530;
3157;
3580;
13198;
7080;
6118;
14732;
4062;
11492;
1956;
4170;
4501;
14928;
9151;
6430;
8256;
1205;
12216;
3889;
5603;
862;
2931;
15164;
6812;
5295;
12246;
11128;
2140;
8954;
1219;
5116;
2893;
8370;
11908;
5557;
13080;
14468;
13743;
15380;
5404;
8629;
13163;
6447;
2299;
851;
4113;
12822;
8992;
2190;
12526;
14479;
1328;
5830;
11297;
3851;
13965;
8705;
3514;
2719;
1127;
8732;
7468;
14820;
1963;
1989;
6835;
3737;
10903;
6493;
5200;
411;
13914;
349;
8941;
14896;
583;
8083;
6146;
13841;
5185;
11082;
5905;
14871;
11676;
6301;
6334;
3442;
15431;
39;
1994;
14675;
9232;
8312;
10080;
5850;
1991;
9672;
9194;
13152;
14258;
10675;
7438;
13391;
12677;
7811;
13366;
14968;
8601;
8693;
319;
6868;
6401;
6380;
12984;
14869;
2976;
3338;
362;
244;
15504;
8764;
12115;
8399;
10947;
14600;
416;
1707;
5073;
9376;
7558;
429;
13694;
12310;
2419;
9564;
4789;
13172;
2964;
15490;
13124;
10115;
3702;
980;
10303;
5702;
2086;
8350;
10799;
6843;
6612;
15157;
2610;
6910;
11141;
15478;
12028;
2570;
15612;
6404;
7328;
4751;
14470;
12414;
9835;
9602;
9821;
4035;
15065;
6328;
11354;
7867;
10050;
15109;
7330;
13551;
13862;
11048;
5743;
7501;
9257;
5486;
11633;
6638;
1047;
10890;
2408;
981;
5491;
247;
7371;
9655;
10120;
8171;
11839;
11225;
1671;
15114;
842;
8022;
1865;
12612;
1541;
37;
14534;
5763;
6857;
12885;
14325;
6248;
6436;
3513;
12721;
186;
10118;
2576;
14860;
10280;
13188;
10615;
7430;
6145;
7554;
15365;
8884;
14932;
10149;
399;
4306;
15005;
10320;
1123;
12267;
678;
7765;
13482;
12153;
1102;
7724;
4251;
13404;
8285;
4697;
1948;
8612;
924;
1347;
7791;
5374;
14878;
1493;
1010;
1641;
5384;
3235;
2853;
14757;
3697;
11786;
7532;
11640;
6575;
13954;
2109;
11274;
5665;
5080;
10306;
1304;
13260;
8280;
11358;
3107;
4183;
11986;
7706;
7495;
12555;
9023;
10459;
14506;
5214;
379;
1913;
4277;
14844;
4494;
12278;
12252;
14285;
6306;
14049;
4850;
3996;
14074;
7054;
14134;
8747;
10457;
3479;
14573;
1539;
3087;
10389;
154;
3374;
3650;
13371;
12578;
5048;
11614;
10090;
3071;
5290;
2909;
13036;
746;
14488;
13449;
1187;
9726;
8044;
1450;
7949;
2263;
5371;
9217;
4186;
11709;
13367;
1734;
10347;
4770;
1801;
5944;
15206;
15020;
11279;
974;
2624;
15295;
6054;
2868;
12793;
15355;
7866;
12489;
10194;
3796;
5133;
11499;
1307;
15458;
8059;
149;
1196;
10829;
2575;
10141;
11765;
14086;
12628;
325;
2309;
15675;
9647;
15493;
12506;
3447;
2528;
11389;
12660;
11199;
3945;
222;
8832;
9841;
10626;
15496;
12631;
9779;
14269;
4239;
4745;
10434;
4177;
13120;
9420;
13773;
5918;
14296;
4728;
11417;
9949;
10088;
11780;
6984;
6286;
14835;
2925;
8533;
5796;
14409;
14105;
14400;
10595;
10000;
4923;
6661;
3554;
11217;
3852;
11849;
7499;
12205;
1556;
5953;
15263;
6933;
12081;
15013;
13037;
12120;
2798;
13709;
7957;
12408;
11580;
14572;
14252;
1413;
13879;
6206;
2174;
8511;
50;
7529;
8711;
2393;
1518;
10089;
2178;
14711;
2451;
2547;
387;
8380;
5525;
888;
14242;
782;
11042;
10554;
158;
12857;
9125;
2316;
3672;
102;
865;
5001;
8811;
622;
2008;
11643;
11773;
3162;
9940;
2739;
6251;
13034;
10856;
9697;
7489;
12327;
13971;
2072;
5550;
99;
13262;
6244;
2090;
282;
10031;
9038;
956;
11154;
7198;
3046;
1384;
1426;
6698;
9297;
13797;
9794;
3195;
1067;
1089;
8196;
3234;
10061;
1337;
1185;
6815;
9113;
14268;
1305;
10288;
10681;
2554;
5359;
8858;
2856;
12619;
734;
9485;
13064;
3039;
11655;
2890;
5891;
11029;
10195;
14203;
6359;
2161;
7508;
5533;
1346;
10904;
2221;
6082;
7958;
2655;
10407;
491;
2673;
4630;
7653;
7879;
5468;
15667;
8603;
9381;
15308;
3292;
3415;
6783;
12706;
3709;
669;
7078;
13205;
8937;
4934;
10843;
9168;
3613;
1167;
14478;
7264;
7666;
6633;
3153;
7636;
5831;
13562;
3820;
13714;
14083;
2050;
10330;
13090;
10111;
9924;
6509;
3404;
265;
7008;
12666;
930;
9971;
3043;
4301;
5198;
9565;
14425;
11307;
15152;
10069;
13740;
10961;
7822;
10229;
2096;
12161;
10181;
3351;
5379;
8310;
11891;
10609;
1039;
9009;
3866;
13594;
3443;
7781;
1705;
5607;
4240;
1334;
4735;
6001;
15434;
6023;
13028;
10055;
354;
10410;
7937;
8165;
10131;
15366;
7449;
2836;
10511;
11319;
7458;
1786;
743;
3466;
1406;
10590;
12474;
4371;
11397;
5276;
3506;
10235;
15442;
9070;
3101;
10656;
9845;
3920;
304;
2019;
4949;
4410;
8249;
5085;
8205;
4329;
10831;
10860;
10486;
5628;
5466;
14250;
11001;
844;
14257;
12329;
11115;
13892;
7013;
7351;
12187;
8328;
8802;
7191;
15034;
11205;
6883;
9289;
8158;
3259;
6407;
6483;
9473;
2546;
15503;
11206;
5556;
7262;
1188;
11504;
14577;
11183;
6538;
4094;
14727;
957;
7858;
8613;
1382;
7870;
9815;
14145;
5103;
2720;
8686;
9476;
9859;
10234;
12372;
4881;
1634;
8137;
1826;
14140;
3619;
5658;
8564;
4966;
2866;
3537;
10122;
12063;
8161;
10530;
8718;
1297;
2556;
13668;
3978;
11167;
126;
1311;
10206;
6466;
15691;
5411;
7802;
6947;
12945;
10956;
11526;
167;
867;
10981;
13518;
6487;
1601;
12605;
7338;
13000;
8153;
5526;
5281;
7595;
15630;
3886;
4228;
4437;
13116;
10116;
8892;
2688;
13868;
4187;
13065;
13503;
9421;
7470;
13328;
6500;
1872;
15586;
7089;
4894;
9058;
4598;
1515;
7960;
548;
13353;
2962;
9691;
141;
10720;
1246;
7691;
14218;
3047;
15397;
2329;
572;
12352;
6802;
1336;
10706;
1062;
2282;
2872;
4204;
4056;
3780;
10281;
12441;
11991;
10750;
4078;
10772;
8308;
8633;
10535;
13134;
4200;
3583;
2942;
9580;
14369;
11541;
3569;
9680;
5270;
72;
13077;
12689;
2765;
5179;
5567;
9224;
14562;
10542;
8293;
3310;
2511;
3728;
14025;
9728;
11380;
9970;
5954;
9394;
9601;
5940;
15402;
7412;
12823;
7956;
11523;
6842;
9627;
4714;
5619;
14826;
10244;
6979;
10701;
554;
14396;
11169;
2924;
14156;
3369;
13712;
12767;
2049;
4861;
13535;
13142;
9333;
12862;
6704;
1538;
1272;
2652;
241;
12150;
8251;
9929;
11647;
2849;
8964;
13008;
12180;
8035;
5845;
10746;
535;
7910;
1287;
15123;
625;
12923;
10067;
3042;
8348;
5161;
7979;
12832;
6600;
13559;
11872;
13715;
5501;
8548;
2646;
2158;
11496;
13100;
15475;
3257;
2794;
10817;
8991;
3024;
12014;
11936;
1416;
14926;
11455;
11026;
8885;
6324;
10562;
1773;
14976;
13808;
15368;
9518;
541;
8522;
10808;
14284;
2103;
2481;
9369;
4940;
11747;
89;
881;
7825;
6250;
4804;
12727;
4298;
14091;
2902;
8585;
14461;
7407;
15461;
8078;
5348;
8388;
13436;
8932;
9352;
14888;
4968;
3330;
8397;
3589;
7611;
5762;
279;
3760;
6703;
14772;
15387;
9429;
11767;
14500;
13703;
11854;
4368;
7519;
4172;
5156;
15433;
1614;
5433;
964;
14807;
2585;
2803;
5718;
2992;
3755;
11605;
4305;
6084;
10445;
10544;
7827;
9752;
8653;
13141;
13938;
14477;
4245;
3090;
12060;
9206;
11616;
3141;
6152;
6055;
13677;
13471;
13948;
10474;
1969;
13147;
536;
1790;
9274;
1368;
15242;
3501;
15175;
6177;
9489;
6130;
10657;
11895;
6732;
4143;
9440;
5108;
1266;
6713;
10634;
7347;
13939;
8411;
7292;
7876;
6398;
15225;
13415;
15578;
8637;
11377;
3743;
5031;
13902;
10797;
8685;
6715;
10679;
717;
10979;
1414;
430;
15211;
13203;
7984;
4928;
3897;
4622;
3742;
8113;
7062;
9976;
14604;
1462;
64;
3423;
6066;
12206;
11004;
6260;
8052;
3352;
4653;
7924;
6468;
5547;
13329;
2334;
1244;
13934;
7796;
104;
2775;
14177;
5494;
13219;
7294;
7905;
8607;
8881;
10384;
13317;
1014;
8645;
7725;
7148;
8080;
14283;
4048;
9575;
5339;
13569;
2182;
13834;
9948;
6283;
14918;
14109;
10368;
1542;
11634;
7842;
15313;
12887;
10677;
14655;
6069;
2969;
111;
11209;
6246;
14676;
1335;
2807;
1475;
7223;
10790;
6694;
8060;
15;
15595;
656;
13646;
8709;
588;
5861;
7800;
7459;
131;
421;
15648;
13629;
3927;
6423;
6773;
7157;
10884;
10702;
4174;
13893;
7857;
4389;
14331;
13004;
7197;
718;
2865;
6644;
4547;
12406;
11893;
1966;
9241;
5424;
4449;
3637;
11110;
6817;
11535;
8886;
11231;
1768;
10072;
10360;
12836;
12193;
389;
15183;
11427;
6863;
4743;
6917;
5030;
795;
3213;
11066;
9273;
3159;
9837;
11432;
7362;
4157;
6291;
3865;
10815;
12486;
15484;
10997;
3329;
15602;
2981;
12467;
5093;
3657;
11928;
5067;
8363;
7852;
13907;
12965;
14009;
13216;
8568;
13769;
15195;
9393;
11727;
13421;
7598;
4994;
14913;
2787;
15333;
14561;
5894;
14103;
13642;
14441;
9502;
5673;
8730;
10773;
6453;
11390;
1343;
3611;
4849;
8107;
4978;
5681;
257;
13123;
6325;
6392;
2245;
13827;
1444;
12977;
1204;
14781;
6232;
2085;
10925;
11812;
2541;
1131;
7977;
10383;
1063;
2242;
8647;
7203;
9772;
9107;
674;
7193;
5366;
392;
5205;
1061;
10791;
3597;
15066;
3719;
7153;
8212;
14908;
1211;
628;
3455;
14055;
7242;
1379;
6741;
5444;
8132;
1389;
12210;
1249;
7562;
14565;
8750;
11411;
3176;
15179;
12530;
13185;
7761;
828;
5091;
4054;
5960;
9679;
10243;
1779;
8030;
1653;
3189;
7333;
6315;
4121;
925;
14842;
11689;
2426;
5823;
8584;
15238;
15021;
5677;
13585;
6159;
2708;
4237;
13365;
2978;
13276;
13190;
10210;
10174;
8714;
10346;
11031;
967;
4834;
15030;
12086;
13871;
12654;
3987;
8130;
12512;
12579;
9695;
10503;
12460;
7782;
15244;
14829;
2021;
2291;
2684;
8373;
12068;
15498;
2495;
5909;
440;
11644;
2735;
8066;
14120;
10468;
7954;
12719;
14679;
1496;
13149;
14293;
749;
2565;
8762;
234;
11610;
13649;
6901;
13737;
1024;
5140;
14046;
171;
2207;
6975;
1652;
747;
5576;
3693;
406;
4149;
12532;
12045;
15097;
9084;
341;
9020;
12710;
5410;
12674;
4956;
10806;
9403;
1590;
9062;
3410;
9780;
6920;
4108;
12655;
8670;
9277;
2987;
10015;
899;
15266;
13383;
584;
10834;
10994;
9279;
10752;
5252;
13825;
11120;
5225;
12941;
13316;
6112;
1647;
4164;
488;
1418;
3004;
8779;
5492;
7098;
5939;
12275;
11858;
14381;
15320;
915;
13005;
15025;
4654;
5839;
4823;
7083;
11704;
9741;
12473;
13284;
324;
5394;
10450;
11697;
5761;
6312;
11784;
9661;
2261;
11025;
13634;
9005;
4090;
13280;
7263;
7873;
5938;
4434;
15521;
8880;
918;
7434;
13319;
4664;
6219;
2433;
13626;
2742;
4935;
2737;
709;
13930;
4827;
12615;
7447;
1105;
3319;
15124;
13659;
1772;
1844;
4737;
4107;
294;
3953;
10446;
13520;
10835;
14516;
15340;
14378;
8120;
5721;
3273;
1687;
59;
2256;
2695;
14721;
1752;
15581;
212;
10058;
14543;
1897;
14863;
8184;
10096;
4356;
8763;
4065;
7390;
7437;
7994;
6516;
13397;
14241;
12105;
5712;
12888;
751;
13286;
5062;
5617;
12946;
4192;
3111;
6886;
6481;
6086;
2808;
2549;
8696;
1002;
11766;
8579;
8622;
15213;
7542;
7265;
4822;
5948;
188;
8578;
11304;
9503;
16;
2406;
7133;
8038;
15163;
8290;
10305;
5;
610;
9460;
12223;
5897;
15473;
10602;
6435;
11856;
2716;
2612;
410;
4843;
8321;
5935;
10458;
6711;
9781;
3380;
2888;
7786;
8392;
8797;
8494;
6528;
4759;
14435;
10170;
11890;
649;
9441;
12872;
14237;
13377;
549;
15049;
4137;
487;
2023;
4941;
12038;
3034;
13803;
239;
7955;
11348;
11520;
2416;
507;
1124;
3938;
1308;
7469;
10619;
5529;
10126;
11177;
1252;
9368;
7931;
15135;
15676;
8532;
12358;
9571;
532;
5962;
1157;
5285;
13705;
3394;
213;
7136;
1819;
12818;
6223;
14221;
10113;
5625;
3429;
2422;
1564;
3892;
10805;
1377;
3409;
26;
8582;
9052;
8620;
5669;
13376;
7305;
15139;
4776;
11162;
12297;
15608;
11738;
13616;
7034;
13830;
15640;
2534;
14851;
11708;
2224;
13720;
3604;
1737;
5172;
10469;
10944;
4519;
2128;
8971;
12280;
13016;
1782;
12778;
1085;
14964;
5119;
9302;
361;
704;
13779;
15148;
13666;
2895;
12606;
13094;
2529;
6994;
12668;
1036;
6554;
2521;
2632;
10761;
12340;
11819;
1686;
14906;
12996;
2545;
10700;
12649;
160;
8344;
1690;
10767;
443;
14884;
8179;
4401;
8149;
1609;
12490;
9332;
9054;
10946;
12465;
3136;
2046;
3991;
4179;
4604;
5086;
357;
10002;
2056;
12054;
9439;
850;
9506;
14;
264;
2502;
2376;
8405;
13097;
11121;
6304;
5399;
14619;
11570;
8114;
791;
13749;
6737;
10078;
13490;
1829;
7739;
8352;
10859;
3420;
2913;
9950;
9242;
7391;
7204;
13653;
15629;
4043;
8649;
4247;
11457;
15248;
8776;
12995;
5459;
5973;
15430;
6977;
10712;
10744;
3241;
8833;
13265;
1365;
11096;
3803;
4738;
7874;
407;
7069;
1253;
14513;
11145;
7961;
12865;
8546;
6012;
2326;
11939;
12332;
3387;
7491;
7651;
2152;
13101;
13222;
761;
2013;
4005;
1321;
11061;
10652;
5600;
13512;
3399;
1138;
2966;
11030;
7475;
7211;
7176;
10625;
7592;
14700;
10356;
7312;
1465;
13014;
4891;
14016;
3989;
6687;
11393;
10986;
8651;
13;
7882;
5414;
2758;
7253;
13571;
5403;
13433;
2070;
67;
2060;
4124;
577;
787;
1753;
4249;
952;
15089;
10315;
8976;
13985;
6161;
9888;
14713;
2921;
11596;
9131;
9386;
13429;
8643;
8968;
6486;
1027;
13637;
13791;
9534;
8981;
5206;
44;
10168;
5144;
3336;
7523;
3172;
5581;
13452;
4130;
8056;
7697;
2705;
6670;
6263;
15523;
8575;
4562;
9198;
14131;
5579;
14104;
13701;
12213;
4637;
8930;
14219;
14053;
4309;
4905;
2607;
9762;
6744;
6236;
12759;
14438;
3225;
10777;
3130;
3505;
5186;
3378;
124;
4618;
10328;
3827;
575;
9363;
14982;
12315;
11579;
10035;
633;
6784;
10968;
1733;
1236;
15502;
4364;
13456;
9553;
7284;
7423;
14744;
10754;
11956;
12016;
11731;
3428;
11224;
6722;
14220;
3237;
5051;
6123;
13903;
3967;
2195;
6997;
7361;
8737;
13395;
10489;
11035;
2262;
7286;
12318;
5572;
949;
8219;
1388;
11449;
9652;
3367;
5601;
6885;
15542;
11696;
13420;
8716;
11650;
4920;
13013;
2449;
5409;
13348;
697;
467;
15080;
381;
10731;
9037;
10810;
2732;
2949;
7682;
9298;
12220;
13232;
4260;
5624;
13531;
8659;
983;
9389;
12191;
5412;
8687;
3275;
2441;
13729;
6890;
11;
13572;
6418;
5602;
3856;
7808;
902;
15304;
10023;
9252;
4218;
2475;
14728;
4832;
1806;
9696;
10042;
829;
4801;
5647;
4417;
11216;
2400;
13606;
197;
6085;
5013;
5309;
15517;
12012;
4734;
5189;
12869;
11572;
12207;
12035;
12494;
6651;
4982;
7117;
13884;
4104;
12850;
6662;
10375;
5910;
8197;
4412;
9849;
3002;
8379;
7798;
11242;
8237;
1323;
8566;
7132;
6931;
1242;
12891;
13263;
9732;
7267;
12390;
2821;
7126;
3123;
11278;
9507;
4826;
6452;
8445;
1476;
10102;
13909;
1354;
9459;
6959;
7231;
8286;
5303;
5654;
2586;
11870;
9208;
10233;
2857;
1051;
444;
7483;
2179;
10812;
14808;
10339;
13507;
1192;
11600;
215;
2810;
804;
9905;
8383;
14087;
8626;
8634;
9692;
10713;
9319;
2053;
15654;
2779;
774;
14146;
11098;
3573;
2212;
9262;
992;
2157;
4267;
1572;
2130;
10689;
731;
11722;
1268;
6388;
7806;
9955;
11092;
9744;
5701;
15269;
6106;
7903;
12092;
10533;
6806;
8537;
7789;
9450;
7344;
5847;
1929;
786;
6289;
10780;
4983;
15275;
8619;
15509;
13279;
13196;
8786;
9191;
4723;
651;
9270;
6505;
2114;
9635;
12917;
15077;
13079;
4727;
4725;
6909;
14741;
12328;
5381;
953;
15552;
6138;
15309;
999;
9230;
14297;
14255;
1659;
11841;
14196;
11550;
1161;
14274;
998;
6266;
395;
7147;
11521;
14035;
14333;
10778;
4097;
10318;
6027;
6511;
4066;
9560;
12577;
9469;
3211;
1065;
10400;
7629;
14360;
4092;
13588;
576;
6434;
12459;
14246;
11308;
6775;
7448;
9174;
11578;
11826;
4967;
15412;
2948;
11881;
8087;
2654;
4258;
4063;
5197;
15532;
10743;
9091;
4281;
14773;
15447;
2131;
7425;
4895;
6268;
14733;
4299;
7001;
4970;
8254;
15573;
1171;
15187;
6271;
8745;
5703;
92;
242;
8552;
8106;
4840;
5614;
14819;
15132;
965;
4095;
1488;
6912;
459;
8335;
11845;
2369;
2206;
5100;
4419;
10709;
4733;
5925;
14040;
10873;
7922;
5737;
9656;
5408;
3610;
1338;
994;
10948;
11536;
14745;
10534;
3999;
3750;
658;
7757;
10193;
3100;
3498;
14390;
3326;
7082;
1876;
1092;
9018;
14956;
7090;
12108;
5984;
10326;
7024;
6677;
1928;
4341;
963;
11648;
3028;
6497;
12707;
14401;
9418;
6520;
13547;
1049;
15214;
3508;
6397;
3548;
9943;
8071;
6372;
8425;
6735;
3764;
8315;
10941;
15319;
7199;
7435;
2196;
1207;
2344;
2009;
9711;
240;
14710;
1807;
13966;
12380;
9713;
10822;
4837;
12009;
8284;
13413;
2172;
12134;
5203;
12957;
11813;
8940;
14295;
10103;
8021;
2965;
13872;
2387;
7281;
10180;
1776;
741;
2927;
1290;
15536;
9272;
11130;
3496;
1232;
10350;
14712;
11966;
80;
5827;
6133;
6998;
12156;
15604;
3527;
10921;
4129;
9323;
3935;
14498;
8817;
566;
13103;
565;
9792;
8230;
10428;
11565;
15510;
9015;
10148;
3795;
10287;
11436;
7974;
4327;
14175;
12688;
6565;
10223;
8994;
15210;
7166;
11974;
8810;
6847;
6192;
11020;
11456;
11268;
12241;
6498;
2111;
12948;
886;
4365;
9852;
9755;
9617;
14667;
9448;
5007;
11544;
12336;
4953;
14210;
14444;
14925;
14195;
10735;
1856;
10164;
7509;
3511;
13548;
8900;
5510;
10962;
12015;
4646;
3653;
3147;
12966;
5027;
7771;
11085;
689;
12056;
14973;
11147;
11859;
7020;
821;
5930;
5077;
6300;
634;
8831;
5699;
14189;
11838;
7732;
11860;
12476;
11322;
5862;
6683;
9839;
15115;
11756;
5646;
7945;
9192;
2703;
38;
6258;
10417;
4954;
6504;
7643;
10866;
5875;
10963;
1775;
11119;
6973;
4323;
9544;
2355;
6938;
6039;
5667;
4131;
12176;
2030;
1431;
11734;
14831;
3716;
5820;
5333;
12294;
9805;
8183;
1052;
14763;
8347;
14365;
8751;
3821;
3699;
5081;
9557;
2205;
15349;
4069;
3534;
2204;
1895;
3714;
12362;
5307;
13844;
9345;
14243;
2727;
13470;
3911;
1177;
9874;
14992;
13266;
9854;
5511;
8827;
15154;
6665;
11438;
8282;
11777;
14464;
10795;
3363;
13558;
1277;
9818;
12093;
1932;
8788;
1831;
12272;
2192;
8829;
7938;
10278;
3049;
6390;
1672;
13191;
11295;
14991;
15203;
2852;
8192;
14950;
7472;
3129;
5254;
10993;
3125;
7698;
9428;
15459;
7920;
15229;
14024;
6368;
10442;
15232;
11072;
3025;
9176;
9528;
9877;
280;
7790;
7685;
12363;
6414;
2960;
4896;
9064;
4581;
6609;
5136;
7108;
5072;
6353;
4158;
7683;
3152;
10737;
5302;
8475;
5591;
11717;
7314;
15457;
1628;
15677;
13304;
8474;
5986;
7670;
7613;
13252;
1403;
13114;
11305;
8046;
7748;
8600;
10425;
2843;
15282;
13275;
9016;
3354;
13245;
1581;
6702;
1000;
14983;
7270;
350;
2388;
4603;
6241;
10123;
9316;
13481;
4243;
14629;
798;
4903;
873;
962;
6691;
9648;
204;
1486;
316;
14371;
5937;
582;
15201;
9942;
1467;
7410;
4990;
6530;
11876;
10585;
2397;
8174;
4918;
11513;
5540;
13457;
4150;
10672;
9975;
14891;
8864;
10021;
11361;
11230;
860;
9111;
11197;
3913;
4545;
6096;
4033;
14229;
9463;
96;
7543;
2826;
10818;
9526;
1310;
13828;
13557;
4865;
3708;
10647;
1283;
1789;
11430;
14151;
9930;
4059;
7528;
8442;
3947;
8351;
8409;
11387;
8461;
8317;
3219;
8264;
11168;
13504;
11214;
13882;
14260;
15230;
512;
574;
3810;
13764;
13725;
696;
9397;
3402;
3355;
8020;
14152;
12442;
3450;
11990;
15255;
12875;
11265;
8422;
6496;
6265;
6409;
6030;
5781;
15634;
8188;
3608;
11452;
6422;
3900;
6472;
12309;
15194;
9527;
8478;
1875;
526;
15176;
1499;
8970;
9039;
12152;
1294;
2253;
15622;
3748;
9676;
4505;
2014;
11888;
3819;
1372;
13459;
5299;
4211;
14961;
12797;
3371;
12295;
8037;
7881;
14440;
4102;
2026;
6077;
15684;
6717;
3489;
13483;
12952;
3648;
11134;
14292;
6841;
10998;
7803;
1519;
9379;
11479;
231;
11961;
6035;
6249;
1740;
13912;
11264;
2115;
15398;
7192;
11599;
5685;
13309;
12361;
11848;
2967;
9991;
9078;
4000;
9086;
11471;
11142;
10973;
14979;
2209;
10369;
2249;
3328;
1;
6940;
15178;
3158;
3903;
10062;
8177;
12758;
13762;
12622;
9742;
352;
5054;
11957;
3813;
8609;
4314;
342;
8977;
11692;
13298;
6209;
6119;
5611;
13146;
1981;
3898;
15617;
10745;
7097;
6296;
10877;
1078;
5738;
7779;
1360;
15252;
523;
15108;
4424;
9251;
148;
4387;
12680;
4343;
36;
12698;
11855;
5664;
11363;
951;
14545;
12149;
2889;
2935;
11386;
13126;
5174;
12893;
613;
2886;
15647;
8342;
6681;
9160;
14336;
839;
12934;
12140;
12770;
2349;
3990;
12302;
10923;
3817;
12404;
11498;
1971;
14768;
4638;
9050;
11408;
7093;
8355;
7397;
10013;
1983;
6893;
6345;
2639;
4543;
1352;
10068;
8668;
14309;
8868;
12789;
2231;
2007;
11609;
12119;
4246;
4924;
4146;
12523;
306;
7043;
5061;
7200;
2777;
11567;
10025;
4682;
9667;
14651;
11864;
7179;
2383;
286;
7824;
11574;
12861;
13007;
1162;
7404;
11825;
13847;
11871;
14537;
990;
14524;
7720;
3495;
2815;
13131;
5163;
13331;
2320;
6576;
5244;
13230;
8504;
12075;
8186;
12491;
15112;
1094;
7476;
7485;
9642;
15288;
2792;
2542;
8911;
15290;
12807;
4666;
2683;
14231;
670;
1183;
15261;
42;
1526;
7622;
698;
13148;
11442;
12747;
15553;
2769;
3150;
7918;
11146;
4829;
2434;
9500;
6596;
586;
4418;
11490;
6985;
12979;
12910;
12010;
6255;
10694;
4132;
2298;
7864;
9210;
14165;
2378;
11060;
15421;
7737;
3832;
11630;
13758;
3060;
11148;
12288;
12006;
4283;
14989;
12499;
7474;
9910;
1228;
1675;
7044;
2380;
6689;
7744;
13846;
7060;
13073;
6986;
2363;
5069;
3540;
5730;
11934;
2248;
14356;
15270;
6341;
11332;
8175;
9114;
8053;
3588;
8924;
7967;
1546;
6364;
9271;
2601;
12921;
12005;
2421;
12819;
6788;
6517;
7616;
10117;
12251;
14251;
11904;
14212;
14960;
4287;
2381;
14670;
15652;
2191;
7641;
13784;
1007;
3305;
1731;
6923;
11421;
12106;
11139;
15237;
13543;
3507;
8007;
8229;
420;
15470;
3667;
11248;
15348;
6088;
8648;
3131;
12098;
15085;
9280;
5233;
3446;
8744;
15186;
1387;
9432;
13964;
11686;
7783;
15453;
14180;
10441;
11824;
14504;
6408;
10379;
1503;
14354;
2701;
4233;
7221;
13189;
12621;
2784;
3615;
4716;
3741;
6830;
11287;
8092;
9540;
3685;
1128;
5882;
6355;
12894;
2954;
263;
12083;
9426;
2401;
557;
3277;
4995;
14416;
11372;
2681;
8508;
11721;
4147;
321;
4302;
12042;
489;
9992;
10751;
6437;
2834;
987;
12802;
6226;
5432;
539;
5520;
5259;
14756;
7604;
1391;
12581;
14232;
13889;
9080;
14606;
5434;
9247;
2906;
11652;
12088;
9626;
11069;
10373;
2474;
3424;
7687;
2318;
13339;
14115;
9644;
