(13561,(2358,((((3872,(925,7186)),((4453,(606,6449)),(5598,(6966,(455,11583))))),(12243,((1885,13153),(14566,((8560,12469),(2969,9797)))))),(1458,(((8217,(2308,11706)),((3387,((9237,(10099,((4223,9726),(11106,(((9363,14094),(5196,(1158,(2853,((10105,10659),((9975,(2306,5690)),(((((3096,8598),((1572,14597),(8353,10798))),(6990,9652)),(7214,(12184,12852))),(9322,((8062,10917),(10726,14874)))))))))),(9341,11134)))))),(((14707,(1130,((5706,9572),((3087,7900),(9563,(10708,15445)))))),(2576,((1632,8029),(6132,6632)))),(9127,(13046,(((13587,(12942,(3990,8382))),(13694,(5794,14682))),(12498,12600))))))),(((795,10502),(6845,10912)),(11973,((5662,(10580,(5541,11283))),((10165,11131),(612,11811))))))),(2152,(9656,(3423,6941))))))));
((1818,14773),(14544,(14948,(((((4034,(7822,(4021,(14534,(13821,(7648,((10980,(8505,15641)),((5832,(12626,14804)),(7211,8880))))))))),(12230,((((4200,9899),(1975,(((1681,9460),(4533,8924)),(5281,(1468,11148))))),((6211,(4737,13861)),((10120,(8775,(4277,8277))),(3323,(11641,14686))))),((3211,(12041,12573)),(1227,(9587,(3264,(9414,((6131,(2920,(166,(8236,((((6673,13727),(7097,(1796,(2995,4671)))),(((657,(((4003,11378),(2848,6193)),(602,4137))),((((6176,(5673,(10357,13101))),(11404,(797,(1363,5079)))),(2061,(1288,9995))),(4437,12315))),((1900,(4494,6601)),(11398,12186)))),(((2378,14240),((7987,8987),(9410,(717,3738)))),(285,(2656,11400)))))))),(2338,15150)))))))))),(4620,11354)),(4254,10633)),(14942,(4529,11264))))));
(6678,((5374,14799),((((8535,(10339,(1598,(2467,(15434,(6414,12517)))))),(((1868,13284),((8159,(6424,7053)),(8106,14006))),(1779,13085))),((13856,14072),(11186,((1164,((9714,14447),(6646,15049))),(4662,11777))))),((9896,(2557,13460)),((419,(11753,(2002,4404))),(((6425,((((10609,(637,((15209,(2638,11729)),(9917,(7528,((5605,(2556,14512)),(((8452,(113,8688)),((5224,8082),(7208,9208))),(6750,8352)))))))),(9947,10698)),(10916,(6684,((13345,15598),(((4214,(9488,(11414,(1931,3951)))),(8963,(11745,(3415,14364)))),(((1835,4770),(4911,8107)),(8263,(3439,(1687,6521))))))))),(7538,12451))),(14587,((((7846,((3666,12883),(536,10859))),(10563,(645,13605))),(10101,13397)),(14838,(7089,13648))))),((2391,(215,9233)),(8670,14928))))))));
(((10925,14370),(((((((2233,5427),(3417,14301)),(1733,5480)),(4001,13082)),(6917,(3674,(4904,((8571,14911),(10190,(15007,(5202,9150)))))))),((1477,4579),(12136,(547,12746)))),((6786,(1901,2280)),(((3783,6097),(((5078,(6085,12311)),(1789,((12771,(996,(11098,(12766,((10200,(11478,(8134,(2620,(7718,13308))))),(((1652,(79,12398)),(13785,(7178,10898))),((((11671,(((9147,9821),((10151,(458,9058)),(6189,11429))),(13299,(793,13994)))),(13808,((3308,4271),(1109,2881)))),((((15444,(3008,12863)),(2270,10069)),(11871,(9711,(5454,13448)))),(7543,(10335,(((2635,13597),(8180,11612)),(5357,(1909,2411))))))),((6739,14104),(200,8947))))))))),(2889,9321)))),(9107,(1093,12362)))),((1630,14989),((373,6188),(272,2176))))))),(6135,8168));
(8626,(((((8414,(14001,15388)),(5335,(4730,10660))),(3739,(14168,(8095,(9174,(7633,12135)))))),((2269,(((8546,15404),(2154,(6535,10946))),((833,(((14768,15095),(14785,(8032,((((3849,(398,8863)),((10,2362),(13609,(8741,13459)))),(11979,(6816,13936))),(6395,((1520,4197),(3877,(10748,(866,6130))))))))),((8245,(6722,(9546,((12003,14504),((10195,(2855,10793)),((13060,((4539,10684),((2702,10399),(1920,15014)))),((9389,9421),(13620,(5962,((737,13008),(((((11294,(10436,15345)),(15263,(582,4193))),(95,((5963,8093),(((4335,((2601,5589),(12227,(7137,14358)))),(3651,(5644,12647))),(1995,12860))))),(2340,7506)),(5329,((1418,(10769,11138)),(1698,10705)))))))))))))),(10433,(5048,11531))))),(5837,7795)))),(1327,13115))),(2246,10106)));
(5752,((((((13515,((969,((9913,15373),((((2309,((13232,13330),(14347,(6718,9655)))),(3279,(9015,(4165,((5213,(208,7580)),(((2677,(13680,14459)),(1961,(13832,(13469,13538)))),(6978,(1948,11015)))))))),((10192,15350),(2912,3773))),(4149,5867)))),(((6455,(1809,(4415,(2388,4814)))),((10382,(12453,14064)),((4139,6676),(13256,(2242,(1996,12857)))))),((((7928,(4078,14837)),((14436,((82,(2579,3890)),(8885,13306))),((7463,(1067,(((5563,14779),(1028,3404)),(101,7351)))),(201,11594)))),(14755,(1957,7413))),(5756,12909))))),((13340,(((7646,(106,15254)),(1978,((6969,7697),(14609,(9470,11997))))),(12526,(5308,15064)))),(11700,14032))),(9284,(7514,(9969,13613)))),(1830,(12043,15181))),(15488,(13485,14061))),((2238,14333),(633,10418))));
((11153,(((13168,(14634,(1256,7530))),((15660,((5386,(2513,10528)),((2623,(6487,8484)),(3777,12221)))),(((4877,(8472,(((5008,(10263,(1822,6584))),(14988,(707,12410))),((10490,12712),(13081,(8147,((3259,14014),(4228,6111)))))))),(((395,11976),(6854,11728)),(((1203,4755),(9166,10620)),(8708,(5900,11057))))),(1926,(3074,((2116,(558,(((670,14238),((9851,(269,6225)),((5979,((5375,13435),(((5855,(5677,(1792,8420))),(7480,(8731,(3125,8678)))),(3158,13378)))),((7044,10000),((11417,((2530,(4316,8636)),(332,12742))),(((1196,(12772,14427)),((5237,((14627,15477),(5120,(10313,12569)))),(913,(3043,11839)))),(7737,(893,(11960,12171))))))))),(13633,(8876,9543))))),(14090,(7155,11295)))))))),(1511,(10889,(9545,9931))))),(1179,1466));
(3662,(10111,((((13361,(8124,(4924,12768))),(((767,1997),(4596,5791)),(6924,10206))),(6207,(9072,(10236,10531)))),((11773,15654),((6171,((((((3261,(1265,((14243,((5228,(7161,11187)),((((1721,(11776,14880)),(4660,14605)),(8224,10963)),((5738,12813),(9451,(2022,(((4618,10426),(708,7111)),(((8072,(14484,(9514,(13537,(5990,(2725,3132)))))),((5691,(8280,((11687,11868),(6150,11661)))),((((14545,14888),(1872,(4880,15284))),(1229,(10198,(2946,(9601,(6801,12281)))))),((1555,(12739,14280)),(15663,(2736,11888)))))),(10216,(7090,((257,11215),(8318,14896)))))))))))),(8297,(12119,13958))))),(4315,(10064,12150))),((11854,(5975,15304)),(11172,(7837,(13189,(1168,3268)))))),(3143,14416)),(143,7059)),(10759,(7444,(7980,11166))))),(5402,9500))))));
(4133,((116,(2644,(2054,11927))),((((220,(4609,(7568,13898))),((9291,((4525,6040),(1930,9769))),((((7595,13047),(6824,14384)),((((2174,((8001,(5006,(6209,11953))),(10104,11988))),(13371,(9245,13880))),((3022,10143),(2904,9548))),(2657,10812))),(((4406,(15437,(2322,((5059,(9301,11872)),((5252,13426),((8774,(9135,((10161,((13752,(3802,13775)),((13105,(7811,12798)),(9395,12782)))),((1319,(6936,(4678,(4006,11271)))),(1516,((14958,(11220,14258)),(5150,(5434,(6529,((803,(2241,8562)),(4227,5940))))))))))),((((3827,5623),(4575,15102)),((7099,14902),(7076,13086))),(4268,13573)))))))),(3636,10754)),(8738,15031))))),(948,5122)),((1017,((13305,14673),(1827,(5989,7994)))),((186,2659),((8088,13692),(8,(8340,(9709,13532)))))))));
((2574,7054),(((9074,(5805,8594)),(((992,(550,14093)),(10714,11518)),((2684,((7430,(8804,((11987,(9402,15501)),(((((9633,((10212,((14668,(7525,(514,6943))),((4357,5385),(2694,6427)))),((581,2577),(6098,10880)))),((4372,(8966,((6330,(8132,((15220,((2718,(12601,(10289,11755))),(8771,(10700,(8267,(2288,3708)))))),(7028,13228)))),(((6850,15516),(3581,7742)),((2216,4519),((6785,(15228,(225,15236))),(4703,7858))))))),(6459,(13799,(6472,(4211,4236)))))),((4701,(3392,14066)),(2021,8705))),(4225,5544)),(12370,(5720,14581)))))),(5119,((3966,12068),(8600,(6898,10802)))))),(((9479,11665),(2885,5788)),((12416,(8262,(11991,13516))),(1183,(1880,((229,8578),((1007,9030),(2607,2665)))))))))),((9179,(11315,12714)),(2843,6900))));
(((((((13439,(123,4584)),(((((12250,13493),(454,3918)),((1764,9772),(1579,14531))),(6417,(6443,(7258,(1175,15114))))),((1655,9909),((12613,(12025,(3572,(5484,(6545,((778,((((8490,9844),((14660,(2861,3705)),(3763,(14361,14552)))),(((12808,(8805,(4245,10458))),(11537,(((14417,((8799,(4308,9580)),(2464,5742))),((10816,(10674,(12516,(170,15336)))),(5816,(9008,(2690,3832))))),(7117,8795)))),(((6293,7729),(5530,7408)),(((5284,5552),(8421,(2440,7500))),((3048,((3198,11783),(9841,(10781,15561)))),(11770,14453)))))),(13277,(12018,14368)))),(11443,(1020,9889)))))))),(13691,14757))))),(6689,((1659,10617),(14348,(6680,8949))))),(354,((4307,(3345,8304)),(14239,(8429,9672))))),(6500,(5768,13124))),(3903,(1965,6945))),(1559,11240));
(13237,(((2087,10375),(10950,14269)),(((6516,(15300,((10370,(((1177,13070),((5955,(4375,(15432,(6267,11788)))),(2127,14059))),(4625,12431))),(3919,((4591,(8656,(11925,((9905,12906),((5092,((7587,(2971,11507)),(5043,9430))),(5977,((14172,(835,(12879,15111))),((5276,(15495,(1563,15667))),((((3178,13690),(((13421,(5559,13815)),(8956,(11697,12334))),((4319,11652),(7501,13451)))),((8974,9384),(2615,(1616,(7402,12521))))),((5684,5903),((8810,15681),(5162,5489)))))))))))),(((7903,((3205,(2721,5683)),(13771,(150,11205)))),(13129,(5304,12411))),((2896,(5930,(((12851,(7130,9599)),(3440,5067)),(5912,6240)))),(1301,11346)))))))),(4488,(1450,10861))),(((2804,6993),((3058,(2003,(1545,8999))),(14202,(7080,9866)))),(7942,(2030,4348))))));
(2183,(10570,(((8115,((5222,5964),(417,13846))),(((13157,15050),(2307,(3660,(1805,3235)))),((971,15648),(12729,(13483,(1395,6387)))))),(12464,((4792,((((13481,(11165,(4687,(6708,(1958,9379))))),(7781,14715)),((1786,9734),(3567,(8629,(((11807,((928,11598),(163,10551))),(((4768,13110),(5868,(((6619,11834),(1170,(14130,14429))),(((7804,((5189,(120,(650,4041))),(12466,(4203,4421)))),((6203,(3600,10750)),((1373,1502),(1604,(6746,9162))))),((10725,(((10921,(9225,11643)),(2130,7038)),(3224,(5018,15671)))),(7835,(97,9408))))))),((38,11662),((809,7145),(6964,9703))))),(355,7678)))))),(10387,(5853,(15472,(((4426,6844),(3461,6380)),((4400,14949),((1945,8556),(12430,(2435,12393)))))))))),(13894,(15359,(3305,14372))))))));
((8617,(9170,(((3658,4637),(13443,(8701,12064))),((6842,(9678,(2186,(70,259)))),((13037,(10250,12898)),((7336,8404),(8471,(((14194,(1048,10394)),((3089,5482),((9520,((3035,((10589,13923),((((12192,13419),(2394,(((744,(4224,5470)),(5646,(3487,(128,11173)))),(9991,13158)))),(12203,((5603,9970),(3341,11029)))),(((14541,(2143,12716)),(2329,3066)),(((((4229,((627,13671),(814,10844))),(1008,(393,(377,3307)))),(2744,6659)),((14878,(7626,8482)),((((1705,(1824,2236)),(7509,(2997,3715))),((1401,2155),(3819,(93,7010)))),((6598,7441),(10645,(13369,13756)))))),(11596,(((7087,14255),(7953,9014)),((8864,14795),(5906,(4724,15622)))))))))),(11875,13200))),(279,13247)))),(1950,(14181,(7929,(11878,13010)))))))))))),(11845,13356));
(12723,((((15343,(5154,(2210,13983))),((6998,(11970,(10479,10601))),((290,5397),((3464,10693),(12005,14463))))),((248,15621),(3228,(1725,2424)))),(((2144,3079),(((9661,(((((1083,(1311,15380)),(9437,(12260,(3134,((3016,12842),(747,7318)))))),((9085,(664,(3508,(13863,(10273,(2925,3624)))))),(9622,(12967,(4697,(9081,9092)))))),(11212,(2496,(6141,(10381,(15625,(2596,(3056,14278)))))))),(3925,(6896,(6054,((12097,(13165,14812)),((2621,5980),(((3901,(10997,((((6342,6658),((2618,11282),(15053,(2038,15347)))),(643,(6512,(6523,11962)))),(2529,(6053,(9434,14774)))))),((4801,(10635,(8712,9960))),(((5052,13407),(2611,13595)),(5121,6093)))),(13033,(2000,13826)))))))))),(7017,(7817,12547))),(4009,(3351,14299)))),(10213,(336,845)))));
(3148,(((9512,((710,5680),((2067,(9684,(5779,12577))),(6904,15052)))),((((4336,7936),(8281,(610,1165))),(((6671,(7926,14861)),(8662,(11891,(12511,(569,1582))))),(9911,12123))),(8368,((7363,(2014,14733)),(8690,(12091,12096)))))),(((14220,((4291,(1047,5342)),(10377,(8834,11247)))),(((10774,13685),(666,(172,2743))),((((1895,((5595,((((7228,(4424,9040)),(((7226,11600),(12832,14354)),((5667,7840),(3673,(6484,11115))))),(((931,3183),(((9358,(14887,(5001,12395))),((221,6296),(836,4623))),(((6622,9916),(11881,(6196,13465))),(2173,7275)))),((3594,5064),(6263,6513)))),(10153,(15486,(4655,(9,6833)))))),(360,2617))),(6759,10293)),(3067,(10466,(10227,(4544,(5279,14489)))))),(7834,9340)))),(6997,(14215,(3363,14293))))));
(11608,(914,(((11430,15081),((8098,(2650,14717)),((8269,(2943,3881)),(7478,11849)))),(8857,((7702,12998),((14889,((((10453,((7127,(3155,((7548,7627),((7887,13910),(((2088,(10745,(8025,10230))),((((1757,14523),((((13960,15305),(3644,(945,7285))),(9141,10882)),(2208,(5799,(3380,10172))))),(11613,(13073,(11574,13879)))),((15481,((14798,(1192,8720)),(9860,12403))),(2075,4739)))),((((15281,15372),(3717,7619)),(14331,(((335,4742),(1594,(2785,6858))),(4652,(10910,(11996,15410)))))),(5495,(7453,(1886,(13521,14797)))))))))),(3774,10386))),(3573,8646)),(5731,6706)),(9478,(((11825,(((4039,7622),(6797,(8952,10346))),(7261,(6957,(4922,7789))))),(12258,(1344,14533))),(14869,14884))))),(2828,((13917,(4797,8685)),(1905,(12694,13797))))))))));
(4925,(((7129,((4774,10762),(3896,(2105,(301,14266))))),(1890,(((((9609,11467),(13783,(639,11338))),(9575,(6067,13852))),(14758,((((((((6831,((2365,6464),((((13107,((13980,(1571,(13171,((14337,((785,11680),(1762,9924))),((8514,10860),(1519,(2020,(14274,15419)))))))),((2304,((1495,11677),(9506,(9041,10952)))),(4711,7316)))),(2585,9001)),(129,10302)),(15008,(9562,(6840,(1767,5180))))))),(((2188,(2838,(7270,9250))),((15149,(2993,6541)),(8786,(2734,14342)))),(3420,8052))),(5645,(13581,(5515,13614)))),((8884,14245),(2542,8739))),(8793,11983)),(2599,4744)),(((2502,(1873,2598)),(1637,11486)),(12325,(2160,(7620,(15019,(10732,14601))))))),(1736,(4656,(3604,13176)))))),(953,(7474,8465))))),((8800,9556),(12924,(1018,8198)))));
(14316,((7644,10054),(770,(((9729,((6649,(2937,11533)),(13768,((5348,13220),(2129,(1645,15173)))))),(10532,(4843,(1108,12167)))),((((1261,(967,(3489,10356))),(11659,(9829,(9748,(12111,(964,3472)))))),((11244,13809),(1370,(((1139,9269),(270,10279)),((((5071,9712),(12147,(3284,4221))),(8846,(1104,(9936,12752)))),(((1245,13022),(7722,(3848,4410))),((6574,8334),(4613,(787,(8024,15320)))))))))),(3914,((4087,(((1352,(6952,12605)),(9761,(6835,(((1882,(13161,(2448,7512))),(8020,12984)),((((14557,((10068,13092),(8674,(111,(10390,14759))))),((2908,(8692,13843)),(((13695,15243),(2333,5588)),(5089,11110)))),(5364,(8406,9611))),(273,3798)))))),(7941,(((2009,11461),(418,(2297,4339))),(829,9487))))),(4150,(9744,12596)))))))));
((2716,11210),(13735,(((12285,(825,(8530,8573))),((((10788,14182),(5733,11408)),(9492,(5457,5982))),(11936,(5904,14513)))),((14397,14688),(11644,(13601,((4310,5911),(5056,((5556,(4588,(1037,((4430,14538),((11416,(10524,(1234,4733))),((6928,14883),(((((11396,(3337,15381)),(12331,14689)),((4900,((3321,(12317,15101)),(6934,13545))),(((((12899,(5110,14685)),(10637,((12530,(4889,15315)),(5933,15374)))),((865,2283),(3741,(2273,10596)))),(2681,(7456,(4931,12981)))),(2364,((((1432,(8184,15195)),(4834,15034)),((6757,(5518,13502)),(9891,(12753,(14267,(9044,11797)))))),(2614,14937)))))),(5917,((4349,12657),(12047,(14062,15087))))),(9977,(12934,(3289,(7537,((789,9442),(20,15549))))))))))))),((5545,(7424,11865)),(4365,(3541,7459))))))))))));
(11756,((((((6581,9219),(10787,((15676,(13343,((4899,12128),((13355,(7554,15626)),(9922,((7192,9796),(66,13892))))))),((1531,(12592,(6869,(7370,13975)))),(3960,(4586,(1734,14389))))))),(8331,((6538,(1675,9373)),(5339,((3829,11724),(10575,(3221,(((3790,14297),(6685,(((6358,14174),(179,2863)),((13394,((((1701,(8780,9692)),(7319,13295)),((2549,(5755,5914)),(2688,7562))),(15463,(6672,14166)))),(((13478,(4854,7967)),(5753,14841)),((1683,9405),((((11289,(4960,15435)),(2459,((11195,15456),(7878,(7805,14401))))),((9117,(9324,(11468,(9604,13269)))),(10116,(4732,(11670,12871))))),(2457,((11204,12987),(11922,(11423,(12164,14766)))))))))))),(12020,((10210,12148),(4547,5666))))))))))),(1371,(3120,9151))),(14505,(12236,12907))),(9304,15109)));
(7398,((6057,(15553,(6872,(5974,7124)))),((7786,12669),((((((15492,((5423,(4980,6970)),(11248,15678))),(8308,(3189,(1644,3681)))),(6471,(5131,14938))),(((8238,10429),(4143,(8713,9482))),((4487,((1465,8388),((986,(2711,14251)),(275,(1916,((7879,(11790,(((((1050,(6779,(1333,12102))),(4648,((11654,(1163,14549)),(7963,(5235,(7394,14693)))))),(6456,((4331,13732),(((2763,((11011,(8833,14818)),(4509,(5839,(9654,(15093,(3821,4796))))))),(2063,15218)),((4926,(1813,(13854,15517))),(11637,13401)))))),((9961,(2277,14149)),(13612,(9688,12687)))),((9469,11365),(104,6867))))),(7709,(5854,((2652,11622),((11308,15021),(11237,(6988,9005)))))))))))),(7056,(8891,(13703,(7168,(758,(1388,(4204,6507)))))))))),(159,12520)),(12576,13611)))));
((((7494,(12104,(6226,(3667,(9218,11931))))),((1603,12307),(((((1613,5741),((15176,(2686,15048)),(7428,8361))),(((10558,10836),(7993,(5270,9158))),((((10670,15512),(((7746,9524),(8109,11199)),(12921,(4107,15540)))),(14457,(17,10939))),((3862,(924,12028)),((9555,(2169,13572)),(14803,(((656,(2178,6144)),(7927,12181)),((13839,(13341,(5255,8068))),(((7713,8939),((((10398,11376),(2104,((9754,14403),((4685,4782),(5072,10573))))),(12060,(1331,14985))),(14918,(3000,(629,898))))),(((14847,(5296,9951)),(((4852,8778),(8058,(((7704,(2613,(11555,14169))),(2384,(2421,(1718,3329)))),(4506,(12501,12779))))),(1106,3725))),(1643,2048))))))))))),(12441,(5395,9696))),(13814,(6016,12080))))),(1927,(2664,(9036,(359,7169))))),(2320,11717));
(7388,((((12303,(178,15443)),((((13395,(3313,(7180,((12542,14941),((3847,((7452,12836),(7634,12556))),(6445,(5879,10012))))))),((((18,7194),(3491,4401)),(11998,(6778,8207))),(757,10742))),(10824,(8338,14684))),(535,((7571,((6255,13719),(6497,(497,((2493,7592),(14915,15022)))))),((3170,4921),((6587,13946),(14135,((5951,15518),((15065,(((2890,(((4992,(14590,(4257,4383))),(14017,14964)),((8145,(6396,(896,8373))),(1053,(8958,(12455,(5099,5444))))))),(378,((8827,(3452,15655)),(13795,(13473,(11009,(11597,14764))))))),(14701,(11785,(5359,(14957,(5866,(3635,(5896,(1592,4394)))))))))),(15457,((13061,15642),(2670,14547)))))))))))),(15018,(5596,14058))),((13242,(2842,(14099,15028))),(((145,14906),(10511,15026)),(3894,(3179,5167))))));
(((2660,(4632,(4479,11741))),((((7084,12654),(5003,(10955,11142))),(6880,(10644,12241))),(((9737,13583),(4385,15428)),(6069,6439)))),(((8191,(2232,13130)),((11827,(11189,((3247,(((2252,8784),(4489,(((3756,(174,10932)),(((((3054,((7303,14572),(7432,(12789,(2018,12572))))),((7036,(4976,11073)),(2800,((12862,(9932,11851)),(13281,(14089,(1673,(6923,12418)))))))),(370,(7883,8744))),((11975,(5918,7477)),(7113,(2781,3642)))),(15485,(12108,(9118,(13564,(1745,3476))))))),(1320,((13201,(7141,7979)),(8691,13479)))))),(5257,10205))),(196,5981)))),(15377,((((850,2351),(4326,6859)),(6635,(5621,14246))),((3659,11192),(((2575,7920),(12751,(852,(8866,(3550,5021))))),((2814,(4170,8719)),(11261,(2537,(7065,8969)))))))))),(10625,10643)));
((((2739,9590),(13848,((3352,((((4963,(((11281,((1521,(((8511,15017),(926,9051)),(9248,10420))),(2669,(1300,12180)))),((10074,(11255,(9436,14914))),(630,12433))),(2417,(11391,(13988,15646))))),(7325,(7908,11907))),((9864,(1430,(12131,(6967,(154,706))))),(7327,((1335,4559),(7741,9528))))),(1756,(((5870,7701),((2123,(451,7812)),((((13884,((1963,6345),(4773,13076))),(10086,12929)),((((15430,(5013,8086)),((7033,(9801,(7923,10701))),(3319,(8973,13027)))),((((7128,7490),((4499,4564),(6127,11633))),(7689,(962,3754))),((3551,12488),((9782,(3808,9755)),((7739,14979),(12608,14651)))))),(11012,(6050,(8120,(5872,6930)))))),(12525,(7002,(3936,12376)))))),(9076,(33,7913)))))),(15002,(466,7380))))),(2399,9429)),(8179,9591));
((7881,11999),(9675,(2247,((2525,9266),(((((6730,(7658,10137)),(2629,11079)),(((673,9295),(((2945,(14157,(((15382,(7956,(8273,15459))),(5107,(3626,(((3149,8427),(8144,12361)),((2272,(7046,((6794,(2947,8206)),(7707,7828)))),((((10709,13529),(3938,(3073,5069))),(10820,(1617,11472))),((2823,3745),(10391,(9193,14208))))))))),(((1221,(5527,13790)),(11799,12500)),(1195,(2221,4419)))))),(5280,(1473,7204))),(((((9634,13250),(6559,10096)),((157,9701),(7867,(8248,12672)))),((1928,11635),((6551,(9681,15273)),(1167,(8112,12139))))),(((8140,15355),(14573,(7794,13665))),((1942,12082),((15222,(2295,(879,10081))),((12273,(10147,11480)),((6539,11558),(916,(1216,15024)))))))))),(1704,15325))),(15239,(9375,(4851,12390)))),(5182,8232))))));
(11024,((2989,13817),(((((193,10407),(5593,8392)),((9385,(10539,(4491,9835))),((3209,(14912,((7579,(((2706,9641),((((6208,(((14646,(600,1152)),(2461,11137)),(1831,(298,13554)))),(((88,(12238,(8923,(7177,(4953,10221))))),(8133,(15045,(2528,(9863,(10723,(8926,12878))))))),((4636,(6768,10555)),(1361,5993)))),(12990,(11235,14419))),(((((534,1446),(3707,(2917,3481))),(6023,(218,13234))),(2941,8798)),((5655,(13940,14328)),((5499,(2117,2846)),(6634,(15618,(7628,10936)))))))),(7468,12651))),(4927,11720)))),(10338,((4875,((6407,15664),(1304,3613))),((3958,8768),(2627,(8355,13582)))))))),(584,4683)),(((587,(13320,(1145,6725))),(5163,13252)),((430,((14784,(3923,(3250,13931))),(161,6720))),(513,(10784,(10018,12923))))))));
(8121,(((((5314,((1921,9920),(7362,11749))),((3162,((5687,(((11151,(1730,(13707,((9444,(4040,(2368,7471))),(((899,((4844,9983),(7221,(4771,(3870,7210))))),(5754,9028)),((11569,(6939,14024)),((((((11017,(4158,13722)),((6960,14860),(6731,(3060,(14927,(2569,14477)))))),((6375,(7590,10680)),(14583,(3786,(4461,15362))))),((7930,(7349,15544)),(11798,(9499,13368)))),(4957,13453)),((1984,15032),(15296,(10058,(6648,11460))))))))))),(12191,(1283,11095))),(13405,(5878,9333)))),(((8142,11512),(10649,(2331,13429))),(44,((3555,5630),(4645,11061)))))),(((3080,((135,12508),(15016,(2450,7691)))),((11321,(3526,13205)),(10483,11957))),(1402,3883)))),(8187,9106)),((5936,10676),(6153,11270))),(12094,(1845,((1070,6738),(11023,(3469,10287)))))));
(274,((5363,((12178,13125),(810,5934))),((7775,(7019,(540,5650))),((433,(12831,13049)),(((12367,15656),(7643,13953)),(((10315,(8302,14873)),(((13055,14367),(3611,(11373,(2223,3059)))),(5798,(3943,4934)))),(2752,((8475,((14625,(((5415,(7933,11562)),((5225,(3144,7392)),(7244,((4515,13091),(((((((((5725,12032),(9298,(5759,(9255,13134)))),((5487,(8177,(387,5037))),(7901,14616))),(7889,9565)),(7559,(2051,8079))),(739,(7299,9570))),(6504,((9125,10935),((7803,(2948,15532)),(15334,(10546,14626)))))),((7861,13831),(8533,13578))),((11329,(556,12633)),(((7555,11704),(71,847)),(((4184,7915),(9445,(76,(6244,(4497,12134))))),(5829,(2979,11064)))))))))),(1585,3121))),(2341,10841))),(4248,((2696,11362),(2901,11013)))))))))));
(((8250,((4983,13638),(12922,(4563,8648)))),(399,(10135,(7443,(4890,(9071,(8402,8588))))))),((11371,13425),((2717,3233),(8223,((15295,(6334,(12589,(3709,5921)))),((4815,4968),(((5485,((((5289,((4441,9046),((10380,(4991,9582)),(6091,7109)))),((5822,15421),(((234,12869),((((6571,9411),(3298,8979)),(5248,(7712,(2369,(4467,10907))))),(5506,(2936,(2867,(4162,12023)))))),((7286,8634),(((7377,(5657,(14635,14960))),(14497,(14205,(8883,14765)))),(6094,10269)))))),(7460,7593)),(2058,3077))),(7820,9299)),(((((3027,4443),(6323,(((7023,10837),(2015,(3552,(632,1453)))),(3065,6561)))),(10087,14418)),(28,6641)),((((7078,(4073,8506)),(49,2983)),(1056,10253)),(7185,(242,(9914,(6490,(15609,(10975,(6585,12951))))))))))))))));
(11517,((2803,(6169,13519)),(5847,(9006,(((3356,10957),((1035,3880),(9620,(6815,12590)))),((5826,14189),((11349,(1981,((6885,8980),(((1055,10591),(14407,(4042,14071))),(4663,((545,(6273,((3898,(11077,11124)),(6583,(2317,6888))))),(((2134,7105),(((10615,(9449,(6015,7156))),(2010,(11893,(3281,5413)))),(10057,(701,15527)))),((((9261,9380),(15003,(2792,3585))),((14690,(8413,(10863,14793))),(7170,(8092,15001)))),(9735,((6433,10559),(14127,(5968,6378)))))))))))),((((14021,(5959,12928)),((5175,10962),(4619,8182))),((11928,(1812,2765)),((10245,(9454,(6524,10383))),(1266,(4198,12352))))),((6674,((6436,(2668,7764)),((11955,(7770,(14440,(1866,13661)))),((14618,(1898,9283)),(1360,9068))))),((12872,(230,3692)),(5686,11852)))))))))));
(7414,(((6751,12176),(14719,((11980,((12093,((3222,(6034,6355)),((9471,(((((6595,15103),((3397,(2042,12270)),(799,(3986,9178)))),((10021,(14431,((8063,((((1542,(6451,(4688,14180))),(8023,(2712,5007))),(9856,(7999,(8249,(6041,13883))))),((9994,11611),(39,((5608,(8171,(5153,(4541,14034)))),(3428,(15122,(1837,3646)))))))),((4089,((14713,(3123,(3921,(9274,(5908,10914))))),(10031,15175))),(3343,(4933,(8894,9686))))))),(5233,((9061,(6136,9133)),(7488,9941))))),(11366,(1303,4088))),((7223,(3574,7096)),(8654,12406)))),(9242,12155)))),((5453,7110),(((6700,9967),(211,445)),(213,(6933,13227)))))),((1308,7014),(1602,(8925,11764)))))),(14611,((((3244,10956),(756,10238)),(14465,(6882,(1724,9649)))),(4031,(3156,6379))))));
(1893,(((10065,((8057,11536),(5376,11709))),((4471,(2367,(14063,14195))),((305,8564),(1049,(13011,(9721,12819)))))),((10201,(1703,3815)),(((3002,((((1877,12910),(6307,13739)),(14261,(9850,12834))),((12604,(1117,((4811,(9525,(6611,((9459,9910),(3956,6942))))),(813,(((8580,((4320,(11576,(1316,12473))),(2914,13188))),((((1609,12247),(2257,(5579,(15476,(985,6482))))),((6421,((2290,9356),(4181,(5336,11322)))),(10197,(((9247,(7219,(3891,9343))),(3266,3954)),(2507,6258))))),(14433,(6027,(4237,8157))))),(12287,(889,1376))))))),(3290,6260)))),(2177,((((696,5219),(6510,(((2789,((4864,10872),(8152,13565))),(1336,3869)),(1417,7540)))),(((9314,(9195,11971)),(4535,(7676,9892))),(243,13381))),(4842,7288)))),(2782,7608)))));
(13528,((247,14310),(6784,((((5675,(5635,8777)),(1315,9810)),(2418,14122)),(1011,(((1125,13961),((13282,((6994,12983),(4709,5086))),(5659,(((1136,(3806,(7874,(1004,13408)))),(5529,5631)),((8160,13300),(14120,((12267,(7184,11463)),((13026,(4610,4738)),((11571,((10328,(5369,(13990,(6693,(8111,(9630,11684)))))),(12036,((679,12458),(12196,(11046,(7921,(11968,((10618,((5320,10656),(3114,(3094,5613)))),(((503,(6729,(102,12045))),((3983,11473),(2141,(5784,13438)))),((226,((7582,(2554,14425)),((12059,12460),(794,(13518,14973))))),(343,(4699,13721))))))))))))),(6280,((10419,(3206,(504,7912))),((3588,(12142,(12399,14810))),(13541,((10443,(2640,(9169,(9971,15158)))),(5124,15290))))))))))))))),(13688,(13828,(9462,(2722,14863))))))))));
((((8624,13746),(1991,9016)),(10989,(((1934,10834),(1078,12400)),((10312,(((10244,14493),(12486,12602)),(((5247,15386),(1808,(10414,14695))),((11044,11526),((8574,8776),(14026,(7976,9778))))))),(10196,(((((1781,(4381,12510)),((10336,(13285,(6170,10785))),(3350,15511))),((4501,(935,7166)),(11008,(3229,13683)))),((((3152,(((5223,9771),(857,10595)),(8538,(12713,13302)))),(10696,(7212,(1077,(11516,(5282,11675)))))),(1359,2545)),((12884,13193),(10840,11543)))),((9027,12775),(7696,((10082,((7844,8635),((13495,(10392,((3750,6473),(14986,(4903,11032))))),((11920,(2013,6791)),((4999,(2408,(1211,(646,12284)))),((((3018,5474),((281,9352),(11040,15046))),(4195,9900)),(820,(5648,(4182,15279))))))))),(376,9708)))))))))),(13872,(1134,13632)));
(12625,((14284,(4777,(12968,(11050,(9186,(2011,(9689,11985))))))),(((4093,10337),((((13163,(7863,7898)),(110,((15578,((8543,9000),(5540,(((((((7171,15692),(10367,15333)),(((((5938,(11599,(11774,15588))),((5221,11424),(6498,12989))),(11978,(1174,(1867,2707)))),((3558,3583),((484,7567),(6874,(11000,14197))))),(((2197,13310),((10924,((12919,(11866,(6450,15487))),((8599,(5034,(6590,10440))),(4602,(1590,6346))))),((14128,(2359,(11736,(1197,15035)))),((369,15548),(9138,(3064,11462)))))),((10638,14725),(8212,12586))))),(1834,(3813,10343))),(7612,7954)),(3804,((10430,10942),(13712,(12199,(3257,(5285,7320))))))),(13514,(13813,(42,2089))))))),(5459,13072)))),(10280,11778)),(1752,(869,9080)))),((4363,13819),(515,(14578,(11545,14683)))))));
(((7690,(((((((1814,(8166,(4154,8878))),(6205,(12337,(5448,7419)))),(13111,((4974,(6920,(13137,(1670,((6629,(((((14851,(1512,15450)),((2323,10903),((11529,14355),(6489,(4863,9715))))),(((8306,(6394,(6528,(647,12266)))),(15006,(7401,(780,9494)))),((1980,3496),(9403,((6235,10010),(3300,15424)))))),(((202,(15493,(6805,(132,10180)))),((14726,(155,11112)),(6787,(400,13251)))),((1743,(3747,13208)),(7265,(15662,(14421,(4884,12804))))))),(10118,(122,8283)))),(83,(1612,7904))))))),(13762,(7454,(9188,((10487,(7429,9023)),(6602,9700)))))))),(13487,(((3151,6639),(4412,8096)),(1634,6877)))),(4634,8695)),((6377,(12332,(9183,(842,1621)))),(8356,(13196,13393)))),(14133,(11711,13377)))),(3924,(7959,9370))),(105,(2589,9816)));
(156,(((7657,((((((9003,9596),(10397,((5932,(13038,((5676,(7629,(2313,5096))),(4355,13890)))),(13,12048)))),(3701,(13098,((1123,7714),((429,(10417,((((6060,((4860,12012),((12132,(805,14903)),(10361,14730)))),((9981,(((12938,(352,9574)),(9923,(12269,(5876,11069)))),(3694,(491,5893)))),((62,11145),(((13909,(14722,(48,7984))),(4831,10485)),(14767,(((7305,11935),(15000,(10929,15004))),(4272,13811))))))),(((541,(15465,(2798,5615))),(2477,5322)),((13524,(2161,10622)),(107,12719)))),(15448,(7547,15569))))),((2285,12668),((3490,13593),(13446,((2900,(1509,5790)),(1420,6084)))))))))),((2879,7268),((12122,13718),(5920,9427)))),(6579,(9075,(14098,(1064,12760))))),((7938,14571),(12162,15152)))),(10613,(2348,14264))),(3791,8451)));
((3942,4418),(11823,((6592,(3168,(11609,(((((13801,(1071,10794)),(1358,((2164,15574),(63,3011)))),((1169,10416),(13715,(3201,(4908,7382))))),(12838,(15191,(15013,((5274,(2817,8838)),(((322,2759),(1404,((13825,((8026,(7545,(3108,(8985,13951)))),(366,((2403,(((5562,(5542,5688)),(7772,8645)),(9783,(431,712)))),(3280,(1330,5319)))))),((13316,(3653,10415)),((4138,6861),(11877,(2171,13822))))))),(11808,15291))))))),(6393,(10246,(((9026,(368,(12282,14936))),((1276,(8513,10930)),(6448,(2875,8998)))),(((6644,((1455,(8848,(12078,14606))),(1741,10744))),(8246,(3507,9139))),((9018,(((4287,(463,13120)),(10984,(11335,(4141,4664)))),(10108,(2007,(3458,12829))))),(3775,5654)))))))))),(1746,(10811,((4659,5939),(5210,11912)))))));
(8229,((((6166,(1906,5508)),(((((10846,((3897,(2518,(13678,(9235,(15135,((6692,(2859,(((2572,(3622,5909)),((3997,6892),(15075,((((5735,(3140,10468)),(1593,(4351,(6106,13113)))),(1883,4340)),(((1255,2909),(8041,(6442,8204))),(763,((12447,(9325,(2970,13146))),(998,11761)))))))),(599,9904)))),(13744,(2547,(3254,(2646,(6955,11843))))))))))),(1935,3399))),(6627,10063)),(6891,(4566,8823))),(((12905,(4234,11206)),((2899,7911),(403,((6158,8837),((4943,13543),(4124,(858,13968))))))),(12157,(9603,(8349,10107))))),(4473,13430))),((4593,(10864,(9745,14479))),(((2443,9467),(14382,(6061,((7958,(907,1081)),(1558,2409))))),(((4861,5166),(4099,6820)),(5498,((3037,(4549,6256)),(12328,(11667,(9806,13172))))))))),(1820,2697)));
(6272,(((10094,13704),((5461,((2895,4423),((14612,(843,3020)),(4407,(10786,11290))))),(1326,(10001,11618)))),(((13651,(((622,(7182,(15670,(3324,(((5869,(14642,(6025,7747))),(1694,((6895,(5851,6789)),((((1072,(5561,6077)),(1507,3214)),(1870,9999)),(((14171,(((3557,(11401,13710)),((3455,8080),((1953,(8033,13174)),(1121,(10020,12754))))),(4155,(5710,5711)))),(((231,9339),(8614,15379)),(6467,13714))),((15433,(576,(((7294,((8583,10299),(1998,5801))),(8162,(2344,3445))),(7061,(12848,14153))))),(14390,((((6180,8901),(1135,14653)),(5183,(9126,(7315,(10255,14604))))),(8102,13837))))))))),((11406,13390),(2533,((9231,10266),(4116,(5469,(7521,11111))))))))))),(7451,11118)),(4379,10807))),((441,14584),(604,5842))),(6031,13644))));
(((((8830,(3216,4673)),((9551,(13054,(3885,9176))),(11448,14411))),(7526,14206)),((1129,13253),(2747,8410))),(((15594,(2616,7279)),((2553,(14469,(11306,(8682,(11312,(((12035,14263),(14624,((((12674,12815),((7531,14188),(3766,11144))),((4639,(6083,(14551,(9742,14273)))),(((7465,(1833,(3570,(11503,(10933,14200))))),((1178,3381),((8499,(3878,13329)),((1362,(1339,(1407,14501))),(((4653,7761),(2972,(14214,(1094,2911)))),(13996,(3985,14899))))))),(4590,(1226,8568))))),(14424,(4025,6145))))),((863,(615,10577)),(((5632,(11056,15680)),((1480,(12839,(8208,8639))),(6019,13212))),(1915,11437))))))))),(3449,(10332,(2641,(8437,((8119,(2182,(6913,10642))),((8441,13062),((876,15096),((4722,(875,11299)),(2190,3292))))))))))),(10300,10447)));
(12314,(((10036,(2437,(1550,(14271,(5042,11966))))),(4735,((11267,(13362,(((1439,(13019,15521)),((7782,(14828,(2142,(13414,((837,(13014,(2839,(1682,11519)))),((((10662,(((10900,(5187,(8378,10845))),(1695,((2559,4190),(2475,14110)))),(5051,(4186,(3712,(8745,(13677,(2930,3390)))))))),(8792,(6753,9217))),(2516,(1116,15467))),((((310,10839),(5033,(2822,(12731,14823)))),(((7510,(3407,7030)),(12002,13626)),((6125,11646),(((6290,14452),(4434,7897)),(10088,(371,(5262,5627))))))),(244,(6470,(1712,(686,11441))))))))))),(8028,(7326,7910)))),(((8526,14095),((8619,(520,2392)),((4004,13730),((10461,(9501,12434)),(11850,((5984,9694),(4344,11554))))))),(4069,(11016,(995,7395))))))),(10139,(2375,3465))))),((12961,15369),(7849,11772))));
((510,4274),(((5250,(8545,15068)),(7848,11771)),(((3993,15458),(2886,2987)),(14102,(15329,(((5271,9786),(((13812,(10168,14178)),(7045,12347)),((5838,(1800,3931)),((3492,(((2471,8706),(1727,2709)),(12076,(9232,(6726,12858))))),(5117,((15231,(12722,(6108,7457))),(14955,(818,14669)))))))),((8310,(13383,(970,(12417,(10305,(9275,(2779,((3724,(3335,(4552,12474))),(9105,(3782,((1353,(12999,(4301,(6320,7207)))),(((((14260,14564),(6385,(1788,4046))),(6224,(2715,(790,10050)))),(9874,((4849,(1842,(2124,2675))),(13525,(9123,15204))))),(((11397,(3212,10590)),(8030,12138)),((((411,((7496,14097),(5892,15354))),((2729,(9146,10149)),(12004,(704,2815)))),(3263,(2980,13012))),(12392,13287))))))))))))))),((3126,10132),(1184,5578)))))))));
(((8237,((((2499,10923),((((10352,(32,12617)),(10857,14536)),((2301,(10827,(3962,14248))),(7047,7274))),(((12103,((((13001,(1084,(12109,12588))),(929,(942,((9084,13624),((8922,(252,(3200,(3053,(1061,(11109,(5895,14047))))))),(12920,((9713,15099),(13786,(379,(2833,(((7493,(5462,(2510,3424))),((((12963,14772),((238,(11091,(4411,15309))),(11514,((5145,13225),(979,6921))))),(11387,(1260,5380))),((5188,(2698,9199)),(361,(676,12795))))),(3784,14753)))))))))))),(12268,13655)),(15063,((4651,7085),(246,13045))))),(10871,14478)),((9227,13682),(4526,6915))))),(14227,((4343,4556),(8733,9757)))),(4781,5594))),((10041,12478),(7505,11183))),(((8620,(6699,(2327,2679))),(15514,(1684,(2808,6277)))),((566,3654),(14591,(3411,9547)))));
(7196,(((3146,((11821,((7779,(6175,(15257,(4390,(((((11685,(6070,(7823,(10755,15679)))),(((((3922,7839),(14078,((7092,12485),(1272,7556)))),(7277,(957,(2558,11489)))),((6371,10508),((3091,(13974,(348,14506))),(7202,13625)))),((5483,6109),(460,(5005,(13112,(8509,12531))))))),(586,8642)),(1793,7015)),(((2658,(2603,(1528,1875))),(7271,15484)),(5773,7016))))))),(6520,(3040,4092)))),(7176,(12503,(((4416,(4304,15460)),(12265,((13145,(5846,7018)),(7850,11383)))),(((682,(1806,8517)),(1138,(3524,13319))),((1026,(5995,14022)),((3291,9802),(4408,4561))))))))),(8461,(1979,13560))),((8325,(966,(8584,11352))),(((8781,((424,8169),(9632,(14275,(8953,(4804,13333)))))),(1068,(7577,15182))),(14272,(14283,(15275,(4553,13979))))))));
((((((7732,13463),(3393,(10038,13569))),((5519,(((3928,(9837,(467,12302))),(4296,((7235,14628),(((5238,6397),(517,13866)),((8612,11175),(6653,(13016,(1347,2541)))))))),((3886,(3031,7072)),(3115,(13133,((((9032,9640),(((((12296,(4745,(14055,(6164,12279)))),(408,13571)),((539,(3039,9595)),(4538,7216))),(5384,(10110,10883))),(((1159,(6362,15185)),(3904,12112)),((2903,((56,2402),(1278,11372))),(915,(2723,9976)))))),(3982,(13700,(3949,13686)))),(3586,6328))))))),((2897,(9608,(5971,(10329,13716)))),(((2225,(1888,2234)),(4923,(5328,(1423,2005)))),(9539,(3625,8743)))))),(((7077,(4483,7517)),(((2977,(10875,14224)),(8627,(8301,13921))),(277,13187))),(4513,(4432,(3603,8917))))),((4594,6478),(4266,6081))),(1955,6011));
((9952,(9747,((((((3238,7815),(12042,(10384,(8445,12770)))),((5649,(3532,7715)),(1253,(11718,((719,7787),((7269,(5401,15439)),(14147,(9959,10175)))))))),(9022,(6250,(15205,(422,12846))))),(4909,5626)),((740,3306),((6261,((2700,(3026,13440)),(((2318,(10288,11762)),(2799,(14393,(7733,(2366,3633))))),((3639,6577),((1479,10307),((10140,(5617,(13886,(2494,(6748,(4130,(401,(9244,15684)))))))),((((2132,6578),(570,(7759,8503))),(578,1013)),((((((8322,12118),(6532,(14664,(2606,3761)))),(1646,9664)),(98,12737)),((12522,(6336,12245)),((2099,13804),((6568,9318),(1944,14972))))),(470,(((4496,4936),(11782,(1036,(3003,8515)))),(8869,(2379,3803)))))))))))),(289,13836)))))),(12336,((9956,(1535,(7179,15342))),(14141,14357))));
((3383,8755),((8549,((1452,8726),(1441,(3447,13422)))),(((3451,15418),(2504,8403)),((7533,(5273,11190)),(((((4345,6609),((325,1290),(((1838,9007),(((7246,7876),(7708,(11332,15422))),(10242,(((4693,(8563,(9376,(1144,(14881,14950))))),((7687,(13729,(6246,(7723,(6275,(12966,(((((302,5734),((6853,7600),(11425,13873))),((7108,14422),(4786,(11563,(4759,(8007,(3286,12107))))))),(10909,(13568,(8488,12725)))),((4947,11066),(736,7187))))))))),(5113,(1295,7487)))),(14913,(9518,14528)))))),(12610,(12994,(12126,(628,10877))))))),((3342,11668),(7774,(2125,9567)))),(2074,((10681,14983),((2898,(7032,12546)),(13003,(6271,((388,15537),((6503,9593),((722,12800),((5144,(1940,5497)),(5106,14218))))))))))),(990,(12316,(3719,6462))))))));
(((3528,11896),((8312,((7100,((12856,((9009,11116),((8703,(((8942,(7951,(2376,(8369,9584)))),(2648,15061)),(((((2055,4932),(((14699,(13402,(9425,(11747,14975)))),(74,1190)),(5240,9025))),((7605,((14926,14971),(776,10562))),(((1854,1969),(4948,(1544,10408))),((((8158,9113),(3388,4366)),(13924,(965,1044))),(10217,((4206,14526),(2077,14229))))))),((14676,(13610,(4592,13056))),((828,8718),(13350,15011)))),((11781,(13782,((13987,(4891,5558)),(8357,11768)))),(9624,((4857,(4830,7232)),(11719,(8896,(11072,11524))))))))),(2248,7655)))),(7864,(10248,14796)))),((7766,(3092,12903)),((6687,((9674,(((13706,(15167,(1774,(3729,5797)))),((2204,14569),(5555,9215))),(2187,8773))),(260,8394))),(311,496))))),(1947,6122))),(3831,5817));
(((8729,13143),(4247,((2430,((9083,(9021,(5058,(((((811,(3038,3912)),(((((13270,15441),(3463,(8446,10462))),(1046,((1946,10849),(11051,(831,9846))))),(6866,9728)),(3913,(2830,(7615,8728))))),((4986,(5125,9137)),((13141,(1451,10207)),(10694,(10977,14655))))),(4369,(15077,(11025,(603,6215))))),(6660,7051))))),((((13802,15246),(((((1003,1660),(15059,(55,(1600,5390)))),(14105,(6245,8194))),((14318,(8015,13911)),(((1126,13410),(10504,((13590,(3169,13925)),(4895,13738)))),((9930,(3680,(6103,7397))),(1787,7810))))),(2185,5011))),(14039,(2165,2894))),(5766,(15559,(15294,(1243,1966))))))),((6543,(7356,9378)),(3122,(5207,(10728,12730))))))),((((7955,10157),(5028,5744)),((3429,13584),(144,12484))),(1233,(5701,(4127,5960)))));
(((((12415,(1249,4474)),(12366,((((1614,2745),((1754,((198,(3661,12377)),((1913,7308),(905,(10867,13781))))),((13015,(8252,(6603,(3607,(10682,(4725,9722)))))),((2326,(((6946,(15146,(2592,(3731,12699)))),((1408,(9415,9533)),(11551,(3078,(6588,13021))))),((13869,(3160,12448)),(13058,(15420,(7978,15155)))))),((10567,(4582,(2532,9412))),(1709,((((8899,(1189,(5039,5137))),(10991,(2680,12912))),(6469,(5161,(6289,(276,9417))))),((1696,12552),(7189,9268))))))))),(1284,(9327,13191))),((((8326,11614),(927,(1014,8536))),(8038,(7738,15299))),(12225,(8466,11382)))))),(12810,(3531,(6719,(3850,9097))))),((2206,3972),(12607,12736))),((13127,(2806,10736)),((1103,(4265,(2748,12293))),((3192,(4032,13824)),(6356,(437,(5721,12579)))))));
(384,(((15568,(2361,(4666,(3668,11735)))),(11950,((884,14185),(2701,(5101,(6550,15120)))))),((((4238,((3328,14043),((5705,(15337,(11867,(((14746,(5347,10325)),((10042,15469),(5266,7358))),(1411,(6110,11103)))))),(((11318,(5020,11403)),(11539,(11266,(4704,14426)))),(112,10219))))),(14654,((9888,(3865,(((((124,11019),((782,15565),(15142,((9986,15509),(750,5758))))),(12456,(12724,(5002,(11828,(2540,(9720,11887))))))),(2939,((1085,8936),(5714,13291)))),(((4122,5290),(((9077,(3004,6908)),(667,14335)),(14807,14875))),(10951,(10540,(675,5496))))))),((((13937,(3405,15376)),((10838,(6340,14752)),(3251,7233))),(6335,(7103,11739))),((8882,(5585,(8660,11330))),((14088,(11702,(5944,12454))),(9605,10047))))))),(5850,6485)),(6318,12740))));
(14007,((1874,10764),((((1771,8676),((((11182,((14702,(6733,10858)),((1322,9848),(1751,15685)))),((5080,11136),(6834,11130))),((8748,(5268,(5062,8315))),(3992,11900))),(((575,(7638,((10533,(2398,4527)),(12356,(6696,(14811,(1489,3036))))))),(((8609,13963),(7974,(4935,12750))),((4758,(((4534,(3967,7412)),(9626,10470)),(11188,12744))),(5814,14947)))),((1296,13233),(((14108,(11022,11731)),((2354,11341),(5537,(2343,5132)))),(11630,(((2892,(8233,(14967,((8284,14665),(4835,9392))))),(13927,(13766,(((8916,14288),(15330,(6265,(4095,(10931,14040))))),((3980,6560),(8478,11748)))))),(12124,((8723,((9088,(2809,7276)),(321,7073))),(10232,(5261,5628))))))))))),(1281,(10986,15080))),((5568,(10085,(10199,12396))),(6540,(14177,(4940,10506)))))));
(2085,(((((8343,(4024,(((7158,(6410,9122)),((1494,14091),((8886,(4624,9278)),(6373,(416,4962))))),(4833,7743)))),((((11603,13929),((854,((((173,7249),(1434,(13959,(9887,13769)))),((11021,(2485,(8137,12153))),(4767,15078))),((((11459,(5861,(4951,8716))),((6589,(9699,(3185,10712))),(3569,(10777,(2555,(8344,10765)))))),(5965,(12089,(7220,8951)))),(3529,(5311,7598))))),(5360,((4377,(9918,(872,(2699,2775)))),(((6948,8613),(256,9554)),((167,6399),(5014,7932))))))),(1338,7252)),((4435,(11930,((((3219,12179),(382,(1043,2811))),(6709,8687)),(4135,(5787,11500))))),(((2794,((345,6274),(1425,11800))),((14776,14867),(5475,10075))),((937,12428),(488,12312)))))),(10379,11589)),(2229,(13275,(15269,15520)))),(640,5075)));
(4429,(5287,(733,((((552,(3142,10970)),(1193,11754)),(((4002,(3726,((13039,(14004,((((((328,7440),((3437,(9706,(4210,4517))),(8856,(9043,13574)))),(((13418,((346,2336),(11411,14529))),(315,12443)),((6496,11358),(1393,9347)))),(4106,(10899,13059))),(1122,(7112,13116))),(15331,(8554,(822,((1312,10045),(2060,12978)))))))),((2363,(2515,5538)),((13871,(981,1273)),((2770,7728),((9847,14966),(2953,11874)))))))),(2092,8254)),(((14163,((8711,13239),(3608,5350))),(7160,((4793,12802),((2426,15069),(5022,9980))))),((771,(951,8746)),(12280,(14143,(((10766,(3953,13778)),((830,2538),(8034,8990))),(((12432,(5046,15619)),(5764,(14577,((1410,6415),(619,15599))))),(5194,(2590,(1366,(114,(6116,8405))))))))))))),(1356,5877)))));
(((10810,(9691,9964)),(4565,(7387,15092))),((11559,((861,2422),(9517,14658))),((1131,(35,3271)),((10396,(((9658,14041),(13547,((8487,(12201,(2932,13858))),(8586,10027)))),(187,(((2905,11155),(4281,((9705,10542),(5317,13882)))),(2772,8381))))),(9360,((10270,(15124,(13041,(15276,((2019,3164),((1989,6976),((((((3706,15042),((3137,10727),(4176,12959))),((1850,(((2468,12497),(6118,(3086,6825))),(10581,15307))),(((9173,(10259,(11904,(917,5242)))),(4118,14814)),(1,(8450,9187))))),((103,6481),(2497,(8151,10324)))),(10782,((7535,9723),(12369,(9845,(15159,(1769,(975,7952)))))))),((319,(2397,14829)),(3746,(7025,(4246,(2447,5253)))))))))))),(9461,(1849,((3961,((8737,10296),(3527,(3456,(7893,10902))))),(12816,13067))))))))));
(14080,((4020,(8174,9878)),(((307,((2877,((3262,9101),(1214,(5307,(526,((4255,11884),(14777,(3561,((2261,(2043,13257)),((((12363,(4612,6938)),(13023,(1608,15542))),((50,12976),(9094,14487))),((((2259,(10376,15394)),(4988,(1993,5340))),((((10971,(10571,(10651,(9143,12972)))),((12483,(5682,8715)),(12825,(13534,(8561,9211))))),(1941,11482)),((6567,((902,13945),(4329,(1215,2115)))),(((12965,((10731,13186),(12161,(7163,10699)))),((5925,7740),((13549,(4063,(169,(10720,11631)))),(1228,(8481,12720))))),(13278,(1964,5580)))))),(2649,(6837,(9294,14219)))))))))))))),((9111,10790),(6491,(5418,((((7679,(1536,7748)),(7476,((10621,12495),(4633,8075)))),(13891,(2705,3097))),((4580,10076),(2566,5771)))))))),(5449,10331)),(5388,12487))));
(((11360,(13095,13150)),(((11001,(3593,9307)),((((7724,(5209,8449)),((8110,(922,8898)),((((12152,13643),((7461,12940),((((14184,(9636,12472)),(2495,(10158,15498))),(10239,(2406,(8339,11088)))),((3421,(9798,(286,6022))),(2478,8683))))),(6222,11339)),((3299,12310),(((((11581,(10756,12301)),(14704,(15405,(6350,(2490,7809))))),(7102,(5141,7447))),((6479,(10292,(10353,(6322,14146)))),((13550,(14603,(329,8074))),(11,15130)))),((7140,(1119,(6897,8727))),(4893,11676))))))),(((14250,(6745,13918)),(6435,(14540,(5443,6284)))),(((5746,8521),(2880,11275)),((12087,(2795,14770)),((7049,(13776,14391)),((7997,10585),(11565,(9926,(3596,(508,1902)))))))))),(6236,7791))),(7131,((10354,12585),((7668,7784),(5836,(2163,6691))))))),(11080,11657));
(5512,(12982,(((10032,11075),(5782,7847)),((((10901,(7498,(6608,8209))),((3867,5193),(14849,((15029,(2057,2624)),((8485,((2673,(806,3817)),(12971,(12424,12548)))),(((6278,(684,(1508,10967))),(14825,14826)),(8666,8730))))))),((5435,(((((1672,(2503,12450)),(6361,11238)),((3843,(1031,8385)),(14226,(10554,(6575,10897))))),((2850,(2793,(141,13484))),(((5220,(8050,13386)),(11651,11946)),((5451,10545),(13705,(9898,(9944,10940))))))),(11623,((5583,12663),(6811,(390,11209)))))),((((15238,(2933,7640)),((6681,(766,6388)),(2929,7604))),((11476,((3522,10472),(7798,10290))),((3615,15210),(2662,5004)))),((415,1711),(5695,(((((5473,(4788,7583)),(1475,15060)),(5373,6638)),(11873,(10804,(1412,2837)))),(2120,4096))))))),(2527,2728)))));
((6752,(2167,2419)),((4305,(10499,(13254,(518,7094)))),(((1606,14481),((((3215,10516),((8671,14537),(4185,14207))),((2757,(8581,(4996,7259))),(1584,(1181,(1586,((8078,(14970,(1749,(15661,(521,7552))))),((5574,12822),(((2473,5316),(1222,10009)),(10519,11645))))))))),(7695,(((15587,(1484,(3007,8658))),((11099,14165),(5155,(10006,10658)))),(13950,((4850,((1548,(10321,(10033,13674))),((7126,7586),(13325,(10080,11757))))),((11769,(817,3826)),((15015,((4826,13482),(5420,7251))),((3344,((4859,((1636,((7026,(2832,6623)),(4972,(9382,14820)))),(((2139,6107),(6727,10121)),(11501,(9082,(3812,6353)))))),(15250,(318,(2046,(7060,13449)))))),((2166,(5263,13136)),(2278,(5074,(2676,5873))))))))))))),(13669,(3889,(14106,(5258,15464)))))));
(9205,(((11287,(1599,(2840,7663))),(5431,(((15293,(((9157,(11390,(3978,(4511,((((9639,(7135,11853)),(6276,9872)),(3544,(5142,(3287,9724)))),((3968,(6958,8550)),((9128,((10303,(12160,(3450,(6637,((13029,(4597,8559)),((((3110,12133),(((10821,(6823,12159)),(15010,(10773,(9305,13750)))),(3484,(7824,10795)))),(8852,(8251,10358))),((7361,((7389,12514),(12420,14352))),(9087,(((11506,13765),(489,8938)),(7625,(7725,11243))))))))))),((8380,12218),(14111,(10345,(3030,(3713,5634))))))),(10588,13966)))))))),((7631,(6914,15203)),(4436,8858))),((((5129,5774),(12115,12995)),(9859,(2008,11125))),(8341,(2128,9828))))),(955,((189,976),(15107,(13323,(5128,13494)))))),((2357,14780),((13993,14311),(3695,13733)))))),(1010,(12636,(6195,11226)))));
((10475,(618,3361)),(13558,(((14596,((((((9838,10582),(3422,10505)),(5727,(3736,6916))),((15431,(6364,12198)),(7574,(3256,7013)))),(15223,((4997,12468),(7523,11434)))),(8426,(7433,(15385,((6893,(2157,12079)),((((13301,((11076,(4820,8299)),(5849,13221))),(((3700,((3311,(41,5898)),(13450,(6239,10209)))),(312,1738)),(((502,11664),((165,4615),(6918,10203))),(10224,11610)))),((10869,(14193,(2,11229))),((15268,(7777,(8116,8652))),((4607,(2561,(5041,(8289,8912)))),((11616,((262,13763),(9544,12843))),(5361,11345)))))),(((15539,(3391,(11951,14499))),(1541,((12177,13322),(7101,12748)))),((7069,(8791,(8391,15612))),(127,10747)))))))))),((13090,15285),((2710,9954),(8293,(12840,(8279,9965)))))),((14650,(3275,4920)),(8350,15482)))));
(616,((8397,(731,15118)),((3835,5952),(((11369,13622),(8294,11561)),(((15525,(3794,(11945,(12445,13288)))),(7763,((9089,(357,(12809,15323))),(7880,(((1487,8601),(5702,(7313,7491))),((1680,5040),((6035,13830),(1472,(15375,(3468,4361)))))))))),(((8751,14543),(2118,(1678,(13472,((2316,(6849,12979)),(10133,11699)))))),((15100,(((5807,9511),(4395,(1859,13314))),(13617,((8384,(3770,7602)),(((2328,(14900,((1486,(3683,6163)),((5383,13971),(5109,15366))))),((((15207,(9252,(5806,(9515,(4832,(1306,5639)))))),(6072,(3749,(950,(11055,12288))))),(3834,(3267,(8528,9534)))),((1639,10887),(1932,12475)))),(3655,((9804,((11326,((3203,4868),(6078,(3494,9955)))),(2271,9253))),((7309,(7829,11350)),(12701,14994))))))))),(2588,2628))))))));
(14231,((((3129,8547),((447,11530),(3173,14201))),((12050,(9683,13673)),(15322,(2147,(8332,13932))))),(479,((3230,(11092,14954)),((((351,12949),((7508,(3973,12823)),(12803,((((597,10815),((4097,(8141,13842)),(6732,12299))),(((13198,(6324,9996)),(555,((1354,7664),(13758,14008)))),((5554,8210),(3517,9086)))),((4065,7034),(3303,14716)))))),(9660,((1525,(2458,12141)),(1309,13998)))),(1343,((12833,((12732,(8190,(7750,14643))),((10441,(5947,15062)),((5843,(1662,2192)),(3988,9730))))),((5557,(1348,(((((4068,(6701,8039)),(1019,5278)),((6527,(176,14638)),(8855,(2222,8877)))),((2053,8865),(6453,10675))),((5500,(9279,(2436,15256))),(13600,((2760,((3535,4269),(43,14853))),(4548,(7115,(7342,12932))))))))),(4179,14144)))))))));
(6312,((((432,3537),(9718,12349)),(((((5620,(4731,14279)),(((((((15436,(7894,14002)),((8292,(9558,10171)),(14290,(10852,(4202,9647))))),((5614,(5173,9717)),(11791,(8927,11691)))),((9997,13273),((7948,8622),(7213,14598)))),(9519,(5712,(((15104,((14736,(((3940,13720),((9538,(10340,(572,9644))),(5309,(3382,(5406,5881))))),(((1443,(12945,(500,(4654,8438)))),(1688,5338)),(15341,(5332,(1357,(1499,((8815,12964),(3272,10405))))))))),(426,(7843,(1515,(6432,(2835,8156))))))),(4647,(10366,(13486,(7630,10083))))),(13868,(13417,(8667,((1648,5160),(13934,(2778,14641)))))))))),(5425,9751)),(11911,13230))),((2245,11779),(5438,(5391,(10631,(9406,(3506,8372))))))),((3044,9475),(12646,(12743,14868)))),(7088,(4766,13616)))),(11259,13467)));
((773,11989),((6086,(4798,((15389,(4981,(9435,(374,11317)))),(((13711,((6314,(((6357,11123),(1647,((2551,9062),(791,9104)))),(7670,9925))),((1368,12539),(5884,(10123,(((12436,(1717,11666)),((((1505,(8234,13359)),(6113,(9317,(280,(3482,3895))))),((3320,((14132,(6764,(3510,13445))),(11439,12425))),((3591,(838,(2335,2893))),(1141,(10128,12190))))),(((9331,(7375,11033)),(8333,(10098,15073))),(14800,(7206,(15555,(7565,12695))))))),(((12371,(595,4354)),(((60,((12408,(10992,(3562,12781))),(8908,9491))),((2935,(4324,12308)),(8298,8663))),(((5165,6120),(14302,(13139,(4213,4226)))),(37,10267)))),(7314,12866)))))))),(14691,(8495,(9443,(11923,12835))))),(((1896,(2543,14895)),(2831,(2200,13005))),(2370,4251)))))),(11683,15110)));
(12322,((5114,(6101,(4378,10334))),(((12300,(11584,14373)),((6177,7411),(9230,((2674,(9903,(3947,(7918,(((((3955,(15566,(3453,3711))),(5275,8919)),(7991,(7561,((4512,8130),(13636,(4337,(11253,(15123,(12616,(8303,15202)))))))))),((13522,(7888,((6392,10944),(12571,(1671,12541))))),((((15356,((3082,(14924,(4806,5463))),(5256,(9259,14848)))),(9685,11355)),(((13803,14929),((8364,((7757,13433),(8398,12864))),(5158,15172))),((4896,6870),(9262,14383)))),((5246,7557),(((5653,8197),(4036,(11586,14925))),(7645,(12372,(7935,10117)))))))),((4856,(7830,(1268,10979))),(4295,6295))))))),(((9613,(6352,7495)),(5717,(3587,(8467,8677)))),(7205,(((3412,12459),(396,14677)),(3033,((6932,14905),(4640,(2179,9038))))))))))),(14930,(7423,10115)))));
(3277,(((6810,(6565,14437)),(2226,((9226,12859),(8048,11856)))),((13650,(5570,6457)),(4540,(((3906,((1554,(5446,7825)),(1321,(((((5306,(7329,14992)),((4250,(3147,9367)),(((7699,(8100,(13017,(9787,14050)))),(1147,(8641,(1892,2653)))),((7607,7836),(8103,10193))))),(6947,(9185,((9024,11316),(9300,(5931,12927)))))),(((11241,14705),((10874,(2750,5315)),((195,13640),(697,5616)))),(8870,(8016,8502)))),(9623,(12606,(2319,(8965,(7719,15611))))))))),(3378,6642)),(((344,13434),(2960,(3138,5739))),(((6190,8036),(9668,(4398,(4156,11829)))),((7114,10159),((483,12382),(6090,((4987,10535),((7940,(13148,13887)),((5494,12014),(8897,(((14020,((1574,3202),((5891,12709),(3190,3650)))),(1728,(11117,14778))),(10616,11222))))))))))))))));
((((3479,13878),(1766,(7882,10829))),(7601,(11097,(1384,14313)))),(((9881,11727),(((14749,((8188,((1689,10234),(7617,13050))),(1045,10129))),((2194,2683),((11327,((((11869,(1626,5577)),(10507,11078)),((5761,13279),(1263,10039))),(9557,(6192,8638)))),((1994,7845),(1383,11528))))),((3217,(694,5035)),((8061,12519),(2500,(507,(1983,(13190,(4318,(((15409,(12763,((8070,(2565,11135)),(((9763,10435),(((((6922,8542),(3353,4841)),(6376,9042)),(((4521,9690),(5365,(7475,10278))),(4967,5502))),(5533,(594,(8428,11361))))),(((13203,(9330,11122)),((((4684,(288,819)),((1780,(705,12953)),(7672,13740))),(14292,14486)),(3616,6117))),(((1187,7917),(13816,14518)),(5504,5509))))))),(3239,4157)),(7041,9963))))))))))),(5205,(1864,13089))));
(((505,8989),(11194,(((4314,(11273,(14956,(((8950,(5551,(12144,12974))),(8399,((10046,(6519,8860)),(((((((((3253,15483),(4288,5324)),(4171,(8523,10833))),(((8129,11994),((13313,(15043,(2548,3338))),(1591,(10169,12581)))),(14107,(6037,6838)))),(1275,10310)),(781,8222)),((11593,12893),(1497,(4696,8529)))),((8790,(987,2159)),(((2220,(8275,(2534,13052))),(7962,(372,12027))),(12151,(4532,10309))))),((764,4187),(8628,10953)))))),(2692,8932))))),((94,12286),(553,((12195,(4595,(1426,(4044,5926)))),(5775,(7104,7331)))))),(6384,(((8256,(9286,14731)),(((12239,(867,4536)),(660,8824)),(4985,13653))),((13793,(2825,4121)),((4455,10052),(7673,(6716,15474))))))))),((5288,6137),(12564,((7998,(14048,14836)),(6742,(2072,7752))))));
(((4077,(5823,6020)),((6972,(1185,6447)),((11065,13512),(15531,(392,4819))))),((10043,(5929,(7384,15174))),(15590,(((((11624,((59,(4576,4665)),(7091,(4614,15357)))),(9206,((1526,(3620,3991)),(15098,(6200,10131))))),((1986,(1440,14430)),(14323,((4630,14865),(2634,(1314,(241,(5998,13420)))))))),(14961,(10455,(((4504,(6769,11679)),(((1925,4956),((2091,(14121,(3965,9372))),(4382,15668))),(((9223,9939),(10004,((2519,(1470,8183)),(7448,10322)))),(((402,(3117,13876)),((316,12397),(9326,13748))),(725,((4466,9880),(11074,(5366,12324)))))))),(13392,((13743,(6931,(5825,13952))),(1794,(5619,12758)))))))),(14485,(13840,((1242,8053),((8859,14450),(1510,((((4710,8009),((4279,10275),(11508,13943))),(12329,12655)),(6576,8754)))))))))));
(12930,(((15541,(4161,(2738,11905))),((6677,(6017,14155)),(((6374,11602),(559,(5414,7335))),(((235,6082),(((2090,8618),((11490,(2469,9336)),(6744,(11695,12116)))),(2802,((((((3032,(8832,11832)),(3592,13717)),(((15025,(9979,(7611,(3402,9290)))),(15536,(2755,(7947,(13903,(2404,5389)))))),(6297,(6715,(3213,(3998,(9155,9498))))))),(11038,(8647,((868,(7376,15055)),((6429,8959),(3839,(14931,(991,8225)))))))),((((723,(13713,14103)),(8672,11094)),(8955,(826,11277))),(((2691,15221),(7785,14187)),((175,(1012,(2135,(13020,(12618,(2643,5098)))))),((5143,(11419,14645)),((13621,(3837,11787)),((4879,6308),(1732,12298)))))))),(478,4743))))),(((9884,13496),(3945,7989)),(6736,(3154,(949,14025)))))))),(13327,(6492,(11251,14619)))));
(2928,(((4153,(((714,((4235,(6597,7516)),(2985,(5088,10752)))),(13577,((((2536,(8358,14329)),(13178,(3366,7585))),((783,(7599,(((12997,(6940,11965)),(6133,(14921,(5344,11320)))),(4961,((11389,((4929,15653),((14542,((3543,5647),(941,1605))),((13044,14982),(6912,(6665,(309,(14454,(5465,((12506,(((4035,14230),(7767,((2741,14839),(14607,(450,10228))))),((11544,(10166,11504)),(((14349,(1076,5345)),((3358,11902),(4998,(14558,(6045,8164))))),((13875,(12200,13556)),(15189,(13261,15604))))))),(6949,7669))))))))))),(2330,9707)))))),(9282,11640))),((1748,(14987,((2097,9234),((5956,(3441,((5305,7790),(5398,15417)))),(611,(6230,(6389,15577))))))),(1149,12394))))),(760,11678))),(5723,12252)),(((282,14652),(7027,11775)),(8089,15635))));
(((13957,((7735,12873),(115,5216))),(12784,((((((7826,(1640,3414)),((((11805,((3113,6299),(3498,8389))),((4119,6311),(1543,7393))),((3623,6268),(6216,(3430,4216)))),(4941,4959))),(14872,(11796,14886))),(13121,(6596,((9093,(8640,14738)),((5068,(367,12049)),(4718,(6724,12318))))))),(14679,((((11698,(11604,13226)),(((3577,14580),(1839,8071)),(5511,7245))),((3563,4982),(13920,(4217,(588,5924))))),(977,(8606,10779))))),(8227,(((((2025,(2001,6864)),((9064,12229),(1188,10456))),((1919,5611),((3093,15186),(5424,11628)))),(((5772,(1137,3502)),(9308,(6669,(2570,8794)))),(((11855,((6243,(522,3135)),(4384,11513))),(7862,(3844,(3145,13592)))),(1089,(3171,8756))))),((12693,13458),((11070,11948),(1962,2062)))))))),(6704,12277));
(11100,(((1194,13835),(10740,((((2821,((1436,4503),(4038,(((9057,(((2044,3157),(6868,13080)),(10478,(8239,10592)))),(11625,((6006,12671),(6614,15358)))),(2713,(13358,15313)))))),((((((8758,(15552,((3153,(14033,(((((4906,(10822,(9203,11193))),((8681,(5291,14247)),((7943,13656),((6026,(4816,6494)),(2856,(13289,(10593,11767))))))),(15143,(1059,6780))),(4083,6821)),((9912,(8272,(4802,8802))),(((313,6306),(4391,7841)),(9149,11262)))))),(12706,(3589,6386))))),((9466,(5313,(3735,14123))),(7055,(222,13851)))),(6100,(5524,(6366,(13603,14600))))),((1291,6493),(8524,((10886,(6734,10514)),(7167,11280))))),(5341,6703)),(217,7188))),((7875,10498),(6454,(5586,5901)))),(14309,14443)))),((13240,(4010,9610)),((742,3017),(1971,12886)))));
((6980,(14852,(4698,(3882,10624)))),((9012,(14857,((9833,13155),(8817,10071)))),((2079,(7996,11766)),(((((2967,(5809,((9486,(2595,6804)),(2511,8271)))),(((14083,(4505,13977)),(12009,(2487,(3374,5123)))),(9739,(2298,11857)))),((2195,6743),((4720,(3252,13788)),(((13222,(2864,(3409,12973))),(((13260,(4352,9949)),(14381,(4543,(5824,15311)))),(885,(6160,7489)))),(13094,(1667,(832,8698))))))),(1399,(((2687,14910),(((11879,((3485,(1666,13097)),(8540,13357))),(((3629,(78,349)),(13637,(3605,8377))),(9483,(14070,15393)))),(5026,(2963,(9807,12383))))),(((1823,5601),((15353,(14386,(997,2916))),((453,14145),(4657,(12205,(8434,12897)))))),((1251,10333),(5886,14864)))))),(4728,((10488,(3377,5061)),((2746,11615),(8460,9988))))))));
((((3568,12249),(3952,5834)),(13862,(436,10015))),(((194,3915),((1313,((718,(3332,5894)),((2996,(12074,(299,(((8749,(14697,((3800,13539),((6369,15395),((6857,(15683,((((4772,6710),(8747,(9136,11149))),(1051,(8806,(15133,(12664,12688))))),((11961,(2360,(442,3670))),((5883,10665),(1463,5899)))))),((((7175,(5118,8988)),(6129,(14116,((8138,(919,15438)),(544,(2571,9049)))))),(10743,(((10553,11693),(2956,8820)),(10683,11054)))),(11268,(31,(9743,9781))))))))),(1082,(9399,13555))),(6973,(1653,(5422,(9391,(5177,6370))))))))),(7578,14462)))),(10974,(4778,((((5076,11813),(5490,(7641,14788))),((13696,(11708,(944,10628))),((8893,11483),(7814,9272)))),(9433,(4585,(7057,(14599,15390))))))))),((11455,12788),(2602,(1239,5152)))));
(((((4518,((2244,(2202,4570)),(5841,((14724,(7671,14276)),(1220,14259))))),((481,851),((((10976,(3772,10544)),(209,((4803,((11595,(6367,6420)),(12867,((10652,(15252,((15321,(816,14850)),(5767,(2193,((6038,(((13348,(9112,((13779,(6865,(9697,(4813,11959)))),(9481,(2826,(1318,11538)))))),((5297,13850),(5709,10999))),(6643,11592))),((5349,((339,15127),(769,2107))),(6401,(4510,(6076,14270)))))))))),(2604,(11010,(1488,(11438,(7870,11509))))))))),((1462,(3758,9383)),(6886,(6,734)))))),((14222,(3598,15363)),(15340,(4690,6675)))),(((4866,(6182,(3723,9618))),(8978,(853,14213))),((5715,8593),(2666,11469)))))),(8044,12841)),(777,(8046,(10805,15129)))),((13580,(4677,14056)),((9934,(10876,(10691,14840))),(14405,(8278,13755)))));
((5286,(13179,(291,14137))),(12653,((((((13464,(808,14743)),(7239,11557)),(4188,11947)),(10606,((9335,(9256,15538)),(13736,(3545,7106))))),(4560,((8006,11239),(4347,14672)))),((6600,(((12216,(3578,(1583,4359))),(((11201,(8845,11899)),(((5808,(2685,11393)),(8324,14096)),((6542,((4604,13006),(278,3933))),(10612,((8311,((13337,(25,9450)),(10724,15249))),((6474,((9510,(2954,5352)),(844,2824))),(4469,(6001,8161)))))))),((1674,(7264,12820)),(9350,11626)))),(9759,((4356,(13219,(2791,4848))),((10603,13396),(6667,7280)))))),(((13276,(((3379,3564),(1437,3111)),(9161,9877))),(9592,((13491,(512,14969)),(8605,(1987,9160))))),((10893,(13354,13741)),(7560,(5000,(((8725,15658),(13442,(9764,11154))),((4081,9503),(5833,14521)))))))))));
((10721,((1985,(5416,8473)),((4966,(792,6901)),(7902,(625,5864))))),((9189,(((10316,(1967,(7255,((14639,(4393,15292)),(14109,(11648,(605,(14406,15079)))))))),(7639,((7857,(7449,((151,380),(((11047,(2631,(2489,(6143,8986)))),((((3669,(14621,(8929,14615))),((((8012,12348),(1795,7347)),(14304,(3061,3899))),(7310,(5860,(4191,(1223,7052)))))),((11129,(3838,6822)),(1556,15071))),(((4554,6771),(9067,(4629,13757))),(10702,(3609,11310))))),((4218,((11045,14475),(6688,(2121,(5259,8954))))),(9134,13131)))))),(4646,4714)))),(((7563,(11386,(1271,8231))),((((8365,14114),(9167,(9830,11940))),(11347,(10304,((8319,9490),((12554,13531),(7357,8019)))))),((8763,14546),(993,7873)))),(11710,(15479,(11359,15302)))))),(10208,(774,10626))));
(3057,(((((((12635,(8983,(4598,((((3236,14968),(6315,6798)),((((548,3295),(5049,(8902,15620))),(7324,11171)),((12583,(2153,7957)),(14449,(7769,13342))))),(2952,(118,4969)))))),(4689,6530)),(960,(9109,12785))),(((12882,(4837,13684)),((10341,(1685,10317)),(1770,(271,13902)))),(15669,(14842,(((((((15187,(543,12757)),(6795,(4524,(1202,(1294,2922))))),(983,15112)),(10388,(4500,8944))),(((15462,((2539,(754,5831)),(1589,10480))),((5190,(347,(80,11474))),((15327,(2109,7203)),((2386,13544),(989,8181))))),(6756,(((5091,(1186,(13423,15036))),(7107,11363)),(2862,14375))))),(6044,8282)),((438,6152),(3225,6426))))))),(5503,9357)),(11725,((465,10223),(14657,(264,14751))))),((1355,(10627,(15219,(2820,14281)))),(14069,15047))));
(1421,(((1669,((6999,15651),(6830,(117,12887)))),(11840,(((3128,6202),((1625,(1773,(12624,(5012,11974)))),(662,(2872,((5760,9785),(9398,(516,((7801,(571,(8444,(8657,(6105,8761))))),(((((10847,(2973,7581)),((7751,13855),(3243,8669))),(((((2787,14754),((855,909),(8295,(7410,10576)))),((11084,(501,(4692,5609))),(1206,(1032,(4729,8390))))),(7287,(11311,((9397,(4388,(13209,15652))),((2189,(788,13511)),((8931,12010),(9929,13024))))))),(6231,(8216,(12323,15529))))),(8822,14496)),(7222,(3467,10895))))))))))),(((15367,(15288,((2291,((3176,(1079,3900)),(((5999,10100),(15645,((888,4674),(5694,(4562,12745))))),(11570,(8031,10163))))),((4442,9124),(7321,10434))))),(2761,10884)),((2300,6288),(1217,4422)))))),(10243,15132)));
(7035,(((1074,3480),(2294,((9669,(690,8265)),(6760,9588)))),((10565,((3348,(((7323,((11152,(420,8907)),(6628,8371))),(((5396,(8468,(6661,7623))),(2805,4267)),(1467,5550))),(((10460,12515),(3976,14235)),(6121,(4984,12741))))),((3854,(3950,(13364,((((((8135,(9365,(8665,9441))),(9289,(10059,(1041,15234)))),(((10537,12297),(((12154,(12549,(2231,12704))),(4871,(8424,10969))),((203,13881),((3197,7062),(8772,(10856,11328)))))),(12295,(6115,9731)))),(((12749,(7312,7665)),(1286,7726)),(7492,(14362,15416)))),((((15592,(13702,(7674,12330))),((12261,(1629,2488)),(9972,(5553,12868)))),(2196,((1097,(3167,14027)),(10318,13523)))),(15306,(6409,11636)))),(13806,(10778,(7360,(3634,15040)))))))),(2774,(7637,(6398,15571)))))),(4054,4189))));
(5592,(7534,((4661,(12026,15346)),(8840,(((((564,(3771,(1952,14051))),(9870,((9766,(735,11198)),((((14464,(2237,6514)),(4323,11491)),(13723,(7379,(11284,(1679,10865))))),(((14232,(4823,13787)),(9578,10735)),((3365,7705),(3109,5637))))))),(10892,(10949,(4253,12565)))),(365,((7662,(15677,(((((7396,((2990,11547),((8113,(7344,(10737,12673))),(2031,7788)))),(6042,(8602,11495))),((5862,(11752,(13147,(4706,7765)))),((9216,(2258,(14321,(2749,14233)))),(5885,7243)))),(692,(3400,(5070,(10102,11737))))),((12095,(5810,9257)),((2175,6281),(5170,(3081,12384))))))),(1777,(13088,13404))))),(11143,(181,(((10672,(4789,(1029,15140))),(9465,(5456,10654))),(((1843,11440),(1381,(9115,(6477,12937)))),(4558,((464,4557),(8459,8803))))))))))));
(((11223,((9204,(7328,9516)),(15524,15636))),(15666,(6594,8697))),((9328,((((((7435,(4286,(204,12335))),(2992,(9209,14305))),((2829,(12146,(5785,(6112,14298)))),((11908,(2573,6063)),(2082,(10760,(4476,11422)))))),((6807,((((8244,(12101,(5954,(12494,(3830,10431))))),(13747,(12936,(6264,(12759,12977))))),((1180,11722),((4232,15153),(13497,(1903,(10191,14308)))))),((9615,11477),(2605,7710)))),((304,(5548,10141)),(3136,15413)))),(2978,(((85,9002),(((2151,(7698,12844)),(206,(9597,12333))),(5493,(386,4747)))),(7890,(((3085,12489),(((14934,(4284,9239)),(3182,(14183,(5970,13197)))),(((8967,14377),(2991,13236)),(7371,(12683,(9281,10954)))))),(11107,(15215,(5937,(4194,7469))))))))),(4486,(10866,13297)))),((963,5134),(9907,10808))));
((10641,((1740,8872),(5010,5640))),((12063,(((671,9493),(13908,((2463,(681,(6570,(8611,(1576,5887))))),(8500,10277)))),((6062,(9839,(2636,(2140,((9184,(3210,5063)),((8176,((((3525,13889),(7300,(6168,7282))),(((15631,((7467,(12666,(910,9361))),((((251,8077),(1171,(1063,4192))),((1015,7050),(8616,(4177,8835)))),(13986,(1030,11956))))),(12358,(11445,(2639,3732)))),(((494,15500),(((((554,2249),(9532,10048)),(5472,(1742,13546))),((8764,(13428,(4448,(8673,11588)))),(9559,(4756,(2138,15139))))),((2293,8253),(((5737,9222),(1456,(13229,13784))),(1760,10233))))),((1638,11274),(12378,13579))))),(((3934,14963),(1289,13754)),(6488,(265,(8408,(10182,11370))))))),(5260,(3687,14732)))))))),(11627,11692)))),(13180,(11471,13084))));
(((4971,((10678,(10623,15178)),((8525,((((8440,(4702,14916)),((((((13028,((7647,11344),(6814,7558))),(((2342,((1700,((5471,(6009,(68,10019))),((2671,5083),(5437,12220)))),(728,7572))),((3542,(5748,13416)),((((5044,11139),(932,12380)),((10650,((8659,13182),(4071,9760))),(1162,4013))),((10657,(6254,14570)),(9871,(743,(3141,4172))))))),(6961,(9276,13117)))),((14712,(12275,(2883,2921))),((5821,10286),(8623,(4222,8118))))),((137,(14125,(5403,13149))),((9192,(2999,14876)),(1307,10512)))),(4514,15643)),(4440,6161))),((11836,(((5986,(12926,13759)),(3590,(6073,12778))),((557,9508),(9992,10854)))),(14801,((8186,10061),(7118,15136))))),((11967,12375),(9733,12611)))),(9814,(8651,15227))))),(239,(5231,9422))),(3809,(2508,3446)));
(((15556,(11174,13857)),(11018,(((15584,(((13096,(695,2796)),(((10574,((3499,(8649,11723)),((897,(1723,(8081,10896))),(((13780,(7891,9329)),(5988,7995)),(3836,9342))))),((5441,7808),(11447,13853))),((2874,14212),(8591,14413)))),((3778,(10738,13954)),((2211,14084),((1719,13118),(383,7404)))))),(((1413,(5973,(11521,(475,12726)))),(13594,(1205,(5399,13318)))),((13409,((3618,((14046,(5327,9175)),(11647,(7458,(900,12070))))),(6766,10611))),(5295,14075)))),(5488,((((4847,10400),((6080,14400),(11176,12711))),((8329,((183,1100),(9875,((1445,(3288,13183)),((3258,6486),(3105,4568)))))),(9812,(2372,4023)))),(((12908,14138),(10359,11642)),((8565,13999),(10007,(13507,(14369,15629)))))))))),((473,14882),((12211,(8828,10449)),(4414,12187))));
(((11817,(((((5093,7338),(3814,6792)),(7409,14648)),(2678,(4114,8933))),((11104,((12874,((15316,(15286,(10677,(2816,5751)))),((8699,(1340,(2205,9287))),(5858,(5888,(14909,(9505,11802))))))),((((13379,(4545,(3610,(8512,(11515,(11458,(6656,14087))))))),(11696,(15364,(542,1390)))),((((293,1218),(2737,9121)),((14423,(22,(3326,(13666,14920)))),(12721,(13382,(3863,12696))))),(12077,(8064,(13634,(4946,(15085,(5943,13760)))))))),(11738,(15567,(2416,3339)))))),(((5769,(2110,15562)),(8090,((7009,(3892,9140)),(((14190,((9879,12223),(15570,(3470,4147)))),(12996,(12437,(4072,4713)))),(3260,(1954,3908)))))),(((2767,(9867,(4762,(1155,1846)))),(182,7063)),((12391,(7058,10870)),(13687,(749,13989)))))))),(9740,10851)),(9704,(8783,12193)));
((421,11765),(((((6621,(1551,11068)),((15573,(13930,(1753,9163))),(7339,((5244,7372),((7119,11794),(4650,(((((297,(12209,(12207,12304))),((5664,10254),((((12793,(5354,(9468,12086))),(9792,(3432,6618))),((4551,6089),(14317,14595))),(14380,(4670,(5852,(5707,15613))))))),((14662,(2096,(((6547,(841,2133)),(1459,12551)),(3509,9447)))),((669,(3519,7122)),(8631,(12505,13517))))),((2951,9671),(537,(7079,12039)))),((6525,(5138,(1729,6799))),(3941,14300))))))))),(((7004,(3841,(1034,5299))),(((((12518,(6181,14808)),(12620,(895,14510))),((1005,(1173,3721)),(5211,(4902,((1102,5367),(119,(3845,8689))))))),(3294,(5501,(9602,14256)))),(12327,(8104,12935)))),(877,((2593,8383),(5776,11833))))),(7988,8199)),(7422,(7693,13380))));
((11549,(2959,13551)),(6134,((((4212,9063),(6695,(15272,(10090,(3730,(3684,11202)))))),(389,((7290,(((12845,14045),(((11578,(11101,(8921,12246))),((7502,7515),(8336,((((4869,(54,9264)),(3312,12865)),(10125,(12578,15523))),((12956,(1409,11221)),(2321,(7086,(2580,6234)))))))),(10597,(4033,((8592,(6555,(3546,(1664,6765)))),(8123,15113)))))),(5622,(1224,((3501,(14892,(2834,15387))),(428,14079)))))),(((4105,13941),(6147,15192)),((5179,((10155,15360),(8228,10492))),((185,6104),(13679,(8448,14139)))))))),((7337,13335),(((11520,(15128,((((459,(12017,13162)),((9315,9890),(7359,14210))),((1372,6010),(1274,(10319,10968)))),(2101,14253)))),(6382,(9794,12251))),(((11036,(9687,11388)),(7753,9267)),((5569,(6024,14175)),(9553,14446))))))));
(((12169,(1970,(((688,2622),(((14492,(3523,(((((2865,(14334,(2491,14687))),(5111,11381)),((8386,(13526,(8537,12761))),((10444,14834),(9716,(8644,8892))))),(3755,(2380,5412))),(125,6360)))),(6862,8504)),((3163,(15308,(485,(12389,13244)))),((3282,(14044,((((661,13184),(5696,6123)),(762,((13864,(12499,(14249,(4311,(10888,(15686,(1422,(4681,5844)))))))),((11919,((4878,(((1419,(14170,15226)),(14519,(3691,6772))),((((3462,6499),(906,10686)),(((10113,(4965,(1577,11039))),((1022,(5581,8769)),(9396,15282))),((2311,5100),(5381,8002)))),(15170,(1522,6793))))),(2215,(6563,12947)))),(6124,11901))))),((7518,(7284,(1120,12031))),(24,15534))))),(13992,(8126,10347)))))),(12890,((3974,11835),(3438,10653)))))),(11744,14856)),(9921,11734));
((6546,(5747,13326)),((10491,(((6856,((8873,(10062,((((9842,14548),((((8603,(10586,10941)),((3107,(12355,(6349,6423))),(1922,12046))),(1988,2150)),(11133,15084))),(1990,7486)),(3072,8970)))),((3014,(6544,15414)),((1699,3926),(9973,(2454,6159)))))),(2962,12401)),(12465,(14179,((((((5643,(5722,(812,3245))),(14576,14681)),(((8679,(3789,((2797,10557),(9031,9749)))),(4199,(1553,((4809,9752),(2586,6458))))),((((((10393,(4824,15270)),(3512,13338)),((4603,8470),(10711,13307))),((2841,3315),((10517,11505),(77,10965)))),(4727,12228)),((412,(7011,15605)),(796,(823,2219)))))),((10687,(15289,(10515,(3805,(12662,(13018,13399)))))),((3702,(1414,(10985,12502))),(15632,(2276,13053))))),(1573,7931)),(12900,(655,10739))))))),(3413,15637)));
(12,((8710,(((5468,(3648,12276)),(1088,((5522,10364),(12264,((((2563,12776),(3180,(((4897,11158),(7649,9060)),(((13051,(9800,(10945,((12256,14703),((4425,((1230,11342),(6686,8439))),(11863,(12423,(3448,3944)))))))),((12801,(6501,7778)),(3868,9241))),((36,(8909,12575)),((((3029,4748),((3861,11067),(5607,(4853,11288)))),(((6612,9817),(12197,(14614,(4944,6229)))),((9966,(3373,(2446,(1444,12052)))),((404,11820),(14074,(7116,14221)))))),(635,13398))))))),(2191,10919)),(4306,(2484,3984))))))),(9667,(13119,((((2852,7700),(12290,(10614,11086))),(1323,(3768,(456,14461)))),((((1247,12237),(8017,(1611,15647))),(((6963,10801),(15188,(6049,14556))),(1540,3325))),((6055,15214),(8853,13152)))))))),((12444,12557),(4919,(1628,11883)))));
(4691,((6174,10327),(10422,(((((8076,(99,1691)),((2505,(1722,3419)),(((((12538,(5584,(7134,9832))),(1692,((26,7944),(9883,15264)))),(1949,(15131,(3354,4668)))),((6218,13708),(13510,(5343,14049)))),(4386,(3743,5478))))),((6655,7281),(14303,(3697,14870)))),(10428,(472,2374))),(((4574,(7390,(15392,(562,14140)))),((6782,(693,(908,(2876,3740)))),(11632,((15344,(4449,(10095,(9095,(9053,15429))))),(14659,((10349,15151),(4174,(13034,(449,7416))))))))),(12603,(((((798,6279),((5942,10330),(13365,(14319,(4102,15198))))),(9292,((7853,11969),(11432,(350,1601))))),((6617,(10093,11909)),(6351,(1386,5625)))),((((15547,(11751,(1693,11818))),((9213,(3435,11062)),(10733,14442))),((2854,8261),(10127,14376))),(4458,(6241,11150))))))))));
(((8255,(4694,((7473,((((((((7353,(8040,(1435,(12163,14356)))),(14277,((2218,10814),(9424,14995)))),((2476,11367),(((12114,(6564,(14345,((4626,10569),((6325,13965),(1069,14680)))))),((4572,(12676,(13471,(13928,15494)))),((8819,(14068,(6986,(5674,11917)))),((746,13608),(5916,(2433,(81,3614))))))),(4482,(12341,(9677,14674)))))),((12345,(8131,(2567,12818))),((8178,15535),((3792,(1739,2345)),(720,1992))))),(7301,(13106,(5009,9698)))),(15082,((968,(9420,11059)),((8940,10424),(2966,(4090,(46,5206))))))),(15280,(10446,(11252,(11556,(327,((6881,12529),(5392,11293)))))))),(131,(7916,(7272,(1098,11653)))))),((12405,(10469,(11410,(15564,(6813,(5135,10294)))))),(8937,14359))))),((2719,13772),(4219,10298))),(12212,(480,(5749,8555))));
(((13607,((10467,(((23,11121),(5358,(2180,11740))),(((614,(6580,6697)),(4276,((((13074,((9346,10146),(12609,(2645,15206)))),(14509,(((6095,(5629,((649,(15403,((7780,(8785,12121)),((2626,(4278,11096)),(2131,15338))))),((((((8143,12098),(11442,(11655,((14473,(9438,12476)),(2441,(11034,((3296,(3733,13177)),(7532,(3177,3876))))))))),(9056,(5671,13513))),(5539,(9550,(4475,(14312,15213))))),(1575,(7352,9129))),(10413,(4252,10552)))))),((4873,7977),(11161,(14387,(9240,(8175,(2438,9293))))))),(12283,(4672,14112))))),((7007,(3408,(4451,10842))),(4930,(1285,9323)))),(((184,15121),(3671,7654)),(448,9054))))),(13499,(2396,(9108,(2783,(5859,14204)))))))),(((2310,10297),(2390,7022)),(6099,9873)))),(1146,14289)),(11815,(9196,11242)));
(((4444,((((4734,(7405,13283)),((8084,12814),(4022,7529))),(10369,(14560,(9753,(((9625,(192,4370)),(6257,((1282,(4061,4881)),(133,((142,12006),(8553,10194)))))),((((((263,((1493,8313),(2286,2612))),((14262,(2858,14119)),(14522,(4817,(2158,9893))))),(7437,(5762,(6518,(1815,10640))))),((6096,9861),(1514,(11564,(624,2429))))),(904,(((2568,10034),(3500,14952)),(1244,(8323,11746))))),((11340,12670),((12954,(8904,(6582,15412))),((15332,(1503,13833)),(6217,(10240,(11313,13870)))))))))))),(12271,(6758,(((5015,12913),(10823,(245,(6167,(3488,7400))))),(((9351,((8290,10584),(8702,(5793,11031)))),(9541,((6186,10500),(14633,((711,934),(2312,6344)))))),(303,(7711,12172)))))))),(6537,(2156,6154))),((3873,12658),(2016,9102)));
((882,7694),(((11285,(1802,9569)),(6809,11278)),(9047,(((7613,((5084,14663),(5436,12894))),(15083,((((12340,(579,620)),((11249,((10594,11938),(2113,12747))),(5149,11102))),((6663,((1819,3970),((6654,11658),(13166,(6418,(5439,(13773,15224))))))),(10937,((12765,(12705,((1389,7147),(4413,7482)))),((((6237,9098),(11934,(4100,13967))),((5230,14922),(5946,11048))),(5575,((6971,10981),(9045,(3406,15401))))))))),(((1615,(14012,15644)),(1887,(5890,(601,12561)))),(((11682,15640),(13492,14786)),((1884,((14735,(3166,3474)),(4220,13413))),(6283,8099))))))),(((7652,14568),((10510,13900),(1817,(4779,6610)))),(((959,(5045,9055)),((3322,11620),((8997,15526),(4516,(1262,11191))))),((974,10204),(7768,((1783,(27,13068)),(6770,12202))))))))));
((((8360,((8469,(9439,13939)),(10167,(7660,(3333,13321))))),((((1392,((10530,(6879,10513)),(10905,(9039,12708)))),(2069,(1506,14117))),(((((4457,((3062,11004),(2524,12680))),((6012,(3948,9727)),((3466,(5440,(11498,12931))),(7068,(87,12217))))),(((3340,5591),(((10355,15616),(3069,9906)),(10843,13535))),((14965,(9409,(2299,10360))),(((2609,(815,7139)),(5729,(5966,14287))),(((6670,8597),(4196,15630)),((2740,3241),(5730,9680))))))),(324,14385)),(7594,(7234,(4537,(7856,11231)))))),(((2480,(6329,6562)),(4825,12438)),(1160,(8067,((3685,(5301,(9312,10247))),((2265,(3760,(4259,4465))),((((10283,12291),(4915,9165)),(3649,11921)),(7919,(8285,(10220,12849))))))))))),(9404,15328)),(9359,(15297,(19,(2083,(3879,(9277,14315)))))));
(3714,((5400,5421),((((6740,7973),(1791,(1871,8610))),((((683,(4746,(14727,(678,10291)))),(12543,15352)),(7614,(5302,(10484,((10809,((9035,((11572,14306),((216,(999,2869)),(407,9052)))),(930,8813))),((5292,((8814,12231),((13043,(14879,(7706,(7262,7334)))),((((11995,((4530,(1457,(2689,6558))),(8596,13042))),(((1219,3068),((3995,9803),((7120,(2968,5139)),(89,10704)))),(6495,(2349,11993)))),((12051,(6199,(1107,11809))),(1929,5085))),((((1442,14085),(10150,((5452,12426),(8359,9670)))),(10948,(3579,(849,13036)))),(1937,(10261,((13363,13976),((((2266,(10566,14161)),(7827,(568,9145))),(1498,(13652,(1565,11733)))),(11307,14326)))))))))),(886,(4445,7040)))))))),(11449,(14602,(1287,4753))))),((7597,10402),(2198,10235)))));
(4754,(((11364,(6698,(8590,13742))),(11532,11587)),(15262,(((870,((4058,((108,(15515,(2498,(4855,14708)))),((4389,15522),(10257,(6607,(4074,10536)))))),((4952,(1377,15691)),(15440,(((8013,10448),((8005,(7981,8412)),((525,(4294,12914)),(6002,15057)))),((((12792,13202),((5102,12560),(8443,8962))),(((10803,13132),(2994,(5077,(10583,(58,8146))))),((1731,(5055,13901)),(1968,(8243,15510))))),((12496,14943),(9984,11488)))))))),(((1610,(2026,14209)),(((6796,((4679,(2037,7000)),(3161,3367))),((1716,13066),((2324,14582),(40,10894)))),(((1580,(1156,13432)),(((5685,(5130,12634)),(14871,((1658,14991),(3511,14844)))),(1568,(883,((11169,15312),(10543,15051)))))),((180,8551),(3703,(4431,10189)))))),(2108,13914))),(9616,(4937,13249))))));
(7884,(7968,((471,7230),(15595,(2521,(((8664,((4018,(13675,14081)),(((((13838,(2230,2325)),(((952,3273),(1471,(14532,(3909,4658)))),(323,3195))),(14192,(8431,(6902,14015)))),(6372,12350)),(1624,13500)))),((3665,((15335,(10632,(5795,12289))),(((14470,(626,7816)),((11963,13077),(2315,6065))),(3781,(14150,(((8347,(8900,((4705,(13170,14993)),(((12640,(((5517,10610),((15138,(6906,12359)),((7295,(3088,((8575,(15326,15560)),(7527,((3285,5031),(15089,(846,10918))))))),((5792,11605),(2651,15229))))),((1157,6950),(3024,7653)))),((1933,(5212,12194)),(233,3075))),(5786,9629))))),(14831,((11245,15551),((6775,12057),(8059,(223,(12439,13384))))))),(2434,6723))))))),(12253,(3504,7439)))),(12257,((5610,(956,1562)),(4918,8335)))))))));
(((1569,(4608,6332)),(((((2255,14000),((12553,(9762,(64,8895))),(14291,15058))),(((765,12870),((10401,(((6754,12698),(1784,11760)),(15339,(((560,(4242,(3013,8148))),((5081,12796),(4876,10818))),(2923,(9953,10445)))))),(4159,15088))),(7964,8531))),(((((((638,8486),(6185,(1027,14476))),(498,2353)),((8264,(2682,13210)),(((15586,(6431,9693)),(12175,13385)),(5534,13360)))),((15423,((3119,6828),((9182,(687,(13642,(5880,(4328,8779))))),(11826,((6052,((3855,(2818,(14134,(2451,3234)))),(12224,(4066,(5411,(2878,(2347,9355))))))),(4392,5027)))))),(4043,4578))),(14901,(((14515,(13151,(1299,11926))),(7914,13218)),(2442,(4757,(6434,9974)))))),((3330,(13670,(12582,13246))),((10409,13294),(1911,7924))))),(7043,10109))),(7990,11470));
((15506,(12353,15581)),(((((1706,(9645,(4721,(197,10819)))),(((139,15371),((3459,(8022,15673)),((5127,8240),(10410,(5172,14946))))),(((5208,10089),(((1564,2292),((14843,(5140,14698)),(72,(3787,(13668,(6735,9485)))))),(5573,13353))),(6593,(947,(509,(4464,10022))))))),(6249,12470)),(((2284,8230),(8653,(4387,((12574,(14420,(2282,4810))),(5249,(7304,(9090,(596,14781)))))))),(11743,(6554,(4168,(13351,(14052,(11591,((3999,(((4360,(13102,((10520,13144),(13109,14307)))),((4555,8994),(6852,(158,7165)))),((320,((8309,11301),(((308,(2352,13895)),(((1415,5300),((15591,(5197,11918)),(8477,9050))),(13437,(2703,10646)))),(3744,(7162,(14885,(3842,13030))))))),(8173,(4484,(6058,12404)))))),(7236,(8742,11269))))))))))),(12213,14579)));
(((7029,(6702,13623)),(13344,(((1737,14398),(434,9790)),((((9643,((11841,(2432,9393)),(7,13263))),((13436,((353,(4882,(15179,(9349,(9818,(6212,6721)))))),(3679,7792))),(10049,(5958,10264)))),(((590,8984),(1649,14775)),((((6762,((5905,13540),(821,11890))),((5985,(14891,15617)),(((4493,7937),((4883,8767),(3015,((3349,12232),(2449,6381))))),(14005,(6650,(8633,9568)))))),(5582,8842)),(5330,11179)))),(((((14535,(6480,(2501,7760))),((11499,(5466,12305)),((3231,(775,9180)),(8717,(1485,10138))))),((7348,9338),(5505,12427))),((2387,10176),(9631,(2672,8569)))),((((2531,8276),(8462,11889)),(12235,(10030,(5148,5410)))),((6162,(10350,(6511,9288))),(856,((8843,12703),((13649,(7293,11914)),(2902,3559))))))))))),(14,10806));
(11196,((3302,8043),(4993,((((923,5447),((8655,8680),(5560,5660))),(8890,(4886,13255))),((((427,8868),((14761,(15232,(6626,(3981,6014)))),((12471,(3647,3969)),(1405,(3009,15119))))),((((((6411,7721),(8105,(1532,3208))),(1607,(7172,(1237,15396)))),((((11937,(2866,9607)),(12812,15233)),(8270,((11638,12226),(15160,15659)))),(((12402,(((5796,10450),((5455,13457),(7522,8572))),(4867,(3822,6894)))),(577,((6995,11984),(7278,(5996,12650))))),((9148,(11351,(8766,10251))),((8218,(3395,12888)),((1241,13893),(((405,(5265,(4892,9416))),(((2412,4611),(6707,15461)),(2784,(6066,9348)))),(7553,7806)))))))),((12690,((11030,(9776,11292)),(2401,7081))),(7584,15411))),(15171,(1208,13877)))),((12021,(11234,(11793,13339))),(2217,6636)))))));
(13907,((1876,2228),((2479,((1461,15454),(254,(2405,11027)))),(((((((((9648,(3047,(9777,13641))),(609,10373)),((7431,((2254,9033),(7591,(3547,4341)))),((11384,(839,2637)),(1720,(5670,9254))))),(2268,4764)),((((12537,13606),(648,(6071,(7071,13000)))),(7152,11178)),(5151,(8532,(9066,(4332,(6183,10599))))))),((((13796,(3580,9263)),((((5528,(10066,11681)),((1641,(5549,7354)),(6569,(6926,14711)))),(((9869,(7066,(4260,((7497,10114),(65,(1476,9017)))))),((6625,(862,4263)),(5633,14474))),((13567,(7551,12660)),(8108,(10961,12479))))),((5334,10797),(4111,(1166,14029))))),((14332,(7539,(6860,7564))),(15012,(7773,9332)))),((12911,13536),(1280,3309)))),(6591,8400)),(12061,(9116,((1654,11300),(5927,9746))))),(5370,11257)))));
(912,((10873,(1939,4760)),(10730,((((13912,(13628,(5318,7985))),(10619,(871,((5277,((2465,(10707,(613,3682))),(9827,(5815,7289)))),((4285,4975),((12143,14409),(8401,11502))))))),(14897,((2119,4787),(5972,(((7311,10908),(5404,12677)),(12090,(12419,((5458,12623),((((482,(8971,(10184,14559))),(9353,11353)),(7755,12958)),((5200,((10922,(9502,(1832,(413,4573)))),((3927,(4763,6954)),(11163,(14709,(294,10079)))))),((13916,(532,(((3728,15097),((2742,(3734,13245)),(1619,2906))),(5922,(1341,(9171,(11162,11246))))))),(11420,12482)))))))))))),((14415,(3357,9843)),((8915,(((255,8797),(1235,(8762,10753))),((3199,(7703,13035)),((8307,(7241,(4367,((9394,13286),(8375,13509))))),(8585,(8850,12773)))))),(4129,(8491,(4520,8825)))))))));
((10427,(7257,14067)),(149,(((745,9407),((((10978,(6343,(8920,11859))),(((2227,4676),(((551,(5693,15583)),(3860,(13774,(11089,13899)))),(9791,13734))),(529,(10179,(3582,9540))))),(3759,14471)),(12855,(3431,10122)))),((((1060,(3360,(7218,13897))),(6220,(((15066,(((9824,11958),(9065,13057)),(672,4050))),((10915,((2517,(2355,(7800,8637))),(11049,(4148,10385)))),(8734,13271))),(3737,8836)))),((14343,14539),((12030,(10983,14366)),(1889,6270)))),((5293,(6666,9822)),((1110,(4241,8423)),((((11707,(((237,14945),((9826,15287),(6819,10060))),((2052,11714),(10112,13065)))),(10509,(10741,(((7368,11789),(9455,12071)),(14917,(3905,7730)))))),(3664,(4741,(7031,15310)))),(((1804,5243),(827,(7436,11435))),(9619,(3045,(2203,13844)))))))))));
(3816,(((2413,11164),(10692,13792)),(2608,(((623,3118),(6197,((((((9319,11560),((12780,14835),(2460,10579))),(8941,14575)),((9197,(14894,15144)),(13456,(2407,5897)))),((11405,(9313,(9172,12007))),(7793,(13216,(4838,10395))))),(1232,(((10268,11302),((11792,((15067,((5604,(9297,10602)),(11964,(4990,(14435,(14228,(11433,(2281,(15580,(3006,5442)))))))))),(((1908,12735),(11214,(284,(15147,(2263,8266))))),(283,(15507,(((12991,(8489,8982)),(147,8501)),(10772,(8004,10825)))))))),(12960,(1482,(10529,((3971,9096),(5571,5656))))))),((4808,(3046,(1891,6777))),(2940,12140))))))),(((4885,8841),(11712,15324)),((((7484,13007),(8566,(2314,(12827,(1841,13292))))),(((440,(8125,(652,14783))),(12113,(330,4468))),(7754,14472))),(136,15408)))))));
((859,(205,8826)),((((((((13235,(15020,(1810,5978))),(10796,15490)),((1052,15211),((7885,(8114,8849)),(2907,9220)))),((5198,(1000,(1853,(4207,10177)))),(4686,((2049,(9131,(1973,13885))),(2758,11812))))),(15244,(2071,4330))),((4542,(12710,(6437,10604))),(((9387,(5430,12950)),(8992,(4075,12975))),((4928,(12339,(486,9876))),(4912,(12215,13527)))))),((((((191,(4995,11156)),((4396,(((13192,(4353,11672)),(12278,15601)),(2346,3540))),(8117,(15237,(4015,12952))))),(9168,((709,(6317,(3864,(13530,14806)))),(9795,12457)))),(3874,12011)),(10572,13552)),(4350,(8069,(7536,(5450,(1560,12652))))))),(((6909,(1855,10282)),(9020,(2642,(10556,(4082,11830))))),((((12075,(4067,11758)),(6662,11713)),(3278,(9144,(4113,7865)))),(249,2453)))));
((5949,(1118,8447)),(((7566,12493),(((((((4280,((5532,(8862,(2027,13548))),((5097,8411),((3398,(8632,10890)),((6128,7042),(8185,9815)))))),((5699,9581),((3090,3410),(5757,(9238,(11552,(2201,4169))))))),(6476,(1305,10848))),((((14667,(4641,15407)),(13374,(9990,11742))),(((8945,10077),(2332,4945)),(2162,3486))),(1912,(6383,(700,13627))))),((9765,14129),(11276,((10560,(4115,(3632,7472))),(12523,(8435,10668)))))),((10164,11924),(14498,15449))),((8604,(1744,6269)),(((61,4244),(4300,11071)),((11197,12244),(3595,5704)))))),(12388,((((14455,15009),(6087,(11431,(3939,15627)))),(5298,10605)),((((((834,4048),(2582,14734)),((2926,(13745,14756)),(8995,(2591,(3443,(6755,13194)))))),(1772,(9013,12320))),(11540,12891)),(13841,15365))))));
(8432,(6640,((1062,10547),((((6338,(592,6253)),(2035,(7720,((((15005,((6694,13181),((8476,11217),(1527,10767)))),(326,(4163,7164))),((5351,13591),((1454,12733),((13206,13731),(3172,10695))))),(14217,(6953,10124)))))),((((15563,(1033,3226)),(1758,(((10629,11108),(2769,12535)),(6191,13645)))),(12477,((7650,13476),(((13099,(11394,12034)),(11650,15056)),(2389,(12562,13789)))))),(((14402,(13454,(11265,(10342,12769)))),(2812,3318)),(4012,(7438,(232,6327)))))),(7247,((210,(15579,(12088,13100))),(840,13737)))))));
(((((((3050,(6763,(6251,12948))),(8753,(8430,(9386,11688)))),(15196,((3810,13693),(6846,14458)))),((1264,8961),((3095,(((((391,((10229,14482),(14729,(1153,4128)))),(6962,14904)),((5023,(11575,(268,15415))),(11377,11977))),(7542,(6979,(11168,(14819,(8829,15657)))))),(10518,(1438,10938)))),(6018,(3530,11427))))),(14460,(425,3824))),((((((((((5811,(4708,13658)),(3049,12421)),(6005,(6301,(1148,3556)))),((5087,13002),((((3255,4508),((1297,10830),(729,2068))),(6959,14092)),((7426,(2754,14978)),((8847,12058),((1293,13618),(1449,2587))))))),(3385,(2081,11494))),((5355,(4462,8722)),(6326,(5987,9530)))),(12528,((2334,13296),(13366,(1396,(10879,11716)))))),(1346,(9224,10474))),(8094,(6339,(4327,12442)))),(7872,12262))),(4719,11298));
((((12536,14984),(((9212,12182),(((160,(8650,10926)),((6400,((641,7442),((9758,((3370,14009),(8153,14939))),((4175,(10526,(12685,(3518,15504)))),(5863,6075))))),((10734,13346),(4546,(12254,(474,11392)))))),(11159,12939))),(7895,(12534,((6935,(4795,9154)),(7067,(9659,10274))))))),(((13199,((((12946,(1936,(7136,7374))),(1478,4136)),((6403,12509),(617,2383))),((11806,((9908,(2927,11157)),(13159,15265))),(((((((11446,(1650,3070)),(5902,(3207,11861))),(4550,(1797,10607))),(11042,13468)),(7692,15442)),((13415,(7606,(1469,8060))),((10630,13032),(14846,(9100,12255))))),(((14350,15471),(1924,12189)),(15689,(2633,(3811,7143)))))))),((10780,((9368,14365),(4669,7138))),((7238,9228),(10503,(1735,(4454,10136)))))),(12895,14866))),(1907,14031));
((2849,(8518,(5245,15427))),(((1597,(4261,7832)),((7656,((((13122,(3023,(12916,(9463,((15317,(5477,15383)),(((15624,(10904,(9428,13533))),(10718,13874)),((3858,((3041,(3515,(67,9243))),(((2762,(8154,11481)),(10928,(4358,8458))),(10344,10783)))),(8975,((10035,(1113,3576)),(3599,(5232,10549))))))))))),((((14923,((1091,12933),(10906,12559))),((364,3248),(443,7256))),((4481,5227),(9858,(561,1546)))),((3175,3935),((11894,(2427,14640)),(8507,10758))))),((12168,(3538,5523)),((14802,(13764,14636)),(3796,6832)))),((2146,8097),(((779,(8608,(3601,(860,13829)))),((14502,(2887,8567)),(3503,(12449,12790)))),((7005,9982),(13167,(13542,(5432,13164)))))))),(3495,3957))),((((2279,10025),(1595,4794)),(7420,8387)),(2032,(10285,15558)))));
(5679,(((((((((9628,(1087,(((1533,(4076,(14483,((11348,(2630,(11005,(10598,12024)))),(10832,(1566,((13845,((1534,12117),(14330,14692))),(((1816,(134,8003)),(((2100,(3471,10538)),(((2986,5789),(4450,12137)),(11795,(10024,(4239,7200))))),(6059,10800))),(((8305,8317),(9819,15378)),((2730,13906),(10789,(14414,(9886,11203))))))))))))),(4577,13328)),(936,12066)))),((2137,8136),((6647,14678),((804,12799),((4571,12507),((3828,(549,(3426,(4134,6248)))),(5054,(3823,5082)))))))),((11426,(5606,(6531,12570))),(2753,7369))),((1825,15260),(3753,14073))),(13114,13462)),(6282,((768,12360),((9943,(13982,15473)),(13978,(1943,8396)))))),((5108,12106),(((1023,11141),(3696,10258)),(7618,(1856,3818))))),(4942,(1115,4427))),(12717,(10497,15370))));
((((((12665,(15384,(978,9200))),((14771,(7151,(4368,(7483,(10078,(6803,12081)))))),((5923,((6841,8732),((2868,12309),(3554,(4821,(10763,(14644,(12120,(3150,(6827,8579)))))))))),(12149,(11582,((((3010,(153,(8455,11060))),((1491,2466),(341,11548))),((2431,(5770,(8874,11085))),(9011,(14762,(4874,8055))))),(724,5907))))))),(1365,((6347,(5572,(5997,15614))),(13867,(11380,12628))))),(3964,(3762,7446))),((((1651,(7297,(14933,(1785,4027)))),(((10323,(6309,9895)),(8557,(4707,8887))),(13083,(7636,7905)))),((3676,9808),((8366,14432),(1448,8724)))),((((5433,12986),(6051,8316)),((13657,(659,1663)),(7909,14156))),(15690,(((8167,14082),(4145,(6983,(4045,13585)))),((7237,10215),(2382,4567))))))),((4682,(4164,13676)),(5636,14494)));
(7365,(6206,(((3497,(6829,13888)),((13777,((15425,(((1910,14525),(5036,(1790,5016))),(4151,5181))),(5950,(((11026,(8548,13827)),(5874,15242)),(10770,(1403,14176)))))),((14113,(4409,(14225,(11207,12385)))),((((266,(1656,12643)),((4152,(2149,14363)),(13387,(5765,12830)))),(5889,((13317,(13013,15039)),(11944,(381,939))))),(5525,(2550,(((10994,11219),(8363,(10070,(10260,15589)))),(((7609,14131),(11837,13352)),(14622,(3098,(3186,(6863,9079)))))))))))),((((1578,(2474,8045)),(4325,(406,940))),(11639,(3196,(12955,(11686,13667))))),(((5047,(6242,(5948,12204))),((2934,5267),((802,9069),(14173,15184)))),((4938,(((317,(677,5185)),(3249,7355)),(12321,(8765,(333,12675))))),((13570,(3364,(356,9495))),((12386,13104),(1862,14511)))))))));
(14392,(((4057,(((13588,(11906,(29,7892))),(9280,(14706,(5184,8844)))),(((2522,12346),((903,10471),(12612,(2564,6102)))),(8196,(9702,(130,1337)))))),((((5394,(((14162,((1863,((1058,4617),((6968,8787),((5057,7291),(2944,12567))))),((994,14320),((11847,(6987,(4627,14890))),(523,3131))))),(3853,(2578,((7421,10301),(14782,(13154,(3514,9110))))))),((7716,8215),(894,1496)))),(((((1633,6043),(2625,4262)),(8492,9987)),(5566,11982)),((5719,(3327,5928)),((8534,((8625,(228,4290)),(3656,(13079,(591,8328))))),(2393,2851))))),((100,((9132,13304),(10973,14237))),(((6776,(4522,(13009,13654))),(10351,(2006,10722))),((15200,(14858,(11297,14745))),(4380,((7462,10891),(3359,11291))))))),(9756,(4086,(2913,8128))))),(1750,11006)));
(759,((715,(((8287,((1114,5663),(7142,(567,(7366,(9676,(565,(15038,(6553,11617))))))))),(((((2456,(8213,(7248,14216))),(12259,(8027,11844))),((2029,((7575,10173),(5678,(5718,15240)))),(1879,2275))),((((5665,(7616,7855)),(10178,13309)),(10792,(5743,13490))),((13753,(2012,15649)),(3801,13411)))),((9251,((6781,(4292,6337)),(14336,(5698,6313)))),((6992,8957),((11126,(1799,15267)),(8127,10014)))))),(6873,((11227,13630),(8675,(13991,(148,((15271,(3757,6156)),(1269,12821))))))))),(((((4173,(691,11895)),(((732,((12550,13631),(9504,12344))),(((9371,(4456,8139)),(4439,5346)),(4888,8914))),(1231,12992))),(9191,(9210,(4085,8259)))),(((3597,9440),(6843,8258)),(11933,(10521,12357)))),((2957,9474),(8867,(1054,(6259,13701)))))));
(14859,((((7659,((12000,((1095,(6836,14013)),((5476,8993),(1567,4270)))),(((8320,8972),(5486,8296)),(6416,(9472,10252))))),((((10222,(5547,(4146,(5781,7153)))),(14346,(1328,(15628,(4201,6974))))),((9579,(((9311,12621),(4480,10817)),((10174,(716,1782)),(1552,(10964,(8496,10775)))))),((12129,(45,(11858,15426))),(5333,(10029,(2004,11566)))))),(12642,(6172,14710)))),((4791,(3893,(4180,(8195,11726)))),(((5356,10550),(7925,(8996,12756))),(((9813,(12145,(8300,14656))),(12598,(8789,14023))),((5204,10943),(11819,15076)))))),(((((((14480,(236,8342)),((4502,14148),(4784,14999))),(12847,(2981,3866))),(14832,(15165,(5716,15398)))),(2915,9207)),((10044,14935),(5745,(4498,5689)))),((12702,(9775,(1172,13699))),(13406,(3477,(4979,5546)))))));
((11250,(2950,11981)),((10160,(11763,(1504,10647))),((((4166,13241),(1006,(2949,(10023,(1501,4621))))),(7427,((13424,15086),(((1861,3193),(6438,15199)),(6210,((8189,12446),(397,(10154,(7006,9509))))))))),(((4309,(((3084,5157),(15351,(8407,13598))),(9190,(8220,(2873,4872))))),(585,9004)),(((((2870,6631),((3630,(4463,14940)),(10134,11669))),(((13069,(10600,12414)),(9849,12110)),((10496,(7899,8782)),(4,5543)))),((5269,(2444,(57,(1428,12158)))),(((11941,(13224,(1024,13985))),((1587,14997),((5763,11180),(9927,10757)))),((3987,(3793,(334,5115))),(14203,(14198,(((3310,3689),(15391,(5203,10265))),(4749,14428)))))))),(12062,(6556,(6228,((7939,(13444,(1279,9484))),(6774,(651,(15116,((331,4091),(14507,(7503,14054)))))))))))))));
(((((6552,11218),((9354,9586),(5736,(11216,(((8946,9458),(4785,(((((7485,(2931,(1199,11132))),((6645,11903),(((12715,((574,12429),(8464,8903))),((593,6711),(7144,(3220,14211)))),((14514,(6008,7479)),(12797,(527,15451)))))),((3334,((1977,(214,6219)),(1904,7039))),((((11052,15447),(8861,13697)),((11444,(4007,8422)),(800,(8480,8544)))),(741,((4273,((9401,14158),(12440,(9536,14057)))),(15399,(2377,5818))))))),((1252,2512),(7799,8736))),((9271,((11323,(3331,5169)),(5830,(6430,6630)))),(12524,(2112,8021)))))),((3799,9448),((2452,13078),((164,((7589,(12038,(634,8807))),(10494,13973))),(3640,7075))))))))),(5565,(1112,(12056,(((6683,6890),(7302,(2807,11721))),(13290,(91,(1334,2036)))))))),(8011,15125)),(6991,9181));
((((((7546,(9400,(3242,(13452,(4446,11479))))),(7159,9650)),(8454,8801)),(((7298,((((12917,((8759,(12351,15169)),(9962,11862))),(6985,12481)),(12943,(607,4297))),(((2420,(3584,11475)),(4478,15603)),(3396,(2844,3946))))),(2047,8630)),(6446,12234))),(((10799,((2023,5408),((6046,6996),(11621,(4761,8740))))),(((((7386,9831),((12065,12222),(3716,(755,3071)))),((90,7385),(4583,(6651,14016)))),(7680,15455)),(1424,13681))),(((((13997,15546),((7190,12263),(3846,4017))),((1676,(12073,(14787,(495,8257)))),(2084,(5668,15162)))),(13922,(2827,12067))),(((15489,((12988,(11254,(3704,(2733,15453)))),(880,(2667,10972)))),(12044,(5726,(10813,(12272,(10348,13589)))))),(6573,((13213,(15183,(13447,15190))),(7083,(3237,11314)))))))),(3678,15180));
((86,7982),((4839,((3638,10878),(10320,13175))),(((4125,(3124,(878,(8416,14631)))),((439,(((1557,10008),(6977,(2296,6151))),((4600,13926),(6233,(5507,(10186,11415)))))),(10145,(6534,15108)))),(((((6557,14550),(6047,(10661,13859))),(((9857,(3888,14142)),(8201,13267)),((4977,7093),(12806,(5641,9194))))),((13913,(13596,(410,11949))),(5060,(1570,3767)))),(((4447,10648),((15530,(7960,7972)),(7727,9738))),((4780,(12639,(7254,(4051,7183)))),(12462,(2836,8327))))))));
((8693,(10934,13048)),((((((8453,((9497,9621),(5112,6285))),(14338,(5708,(3401,11663)))),(5094,(10993,(12156,(12755,13207))))),(984,(1416,(6668,(1852,8750))))),(((8589,(5186,7507)),((6319,7333),(1726,11694))),(10126,((1938,3191),(2356,14451))))),((15397,(15163,(3483,9725))),(6749,(7922,(13905,14744))))));
(11810,((((4060,((((6074,10156),((1561,7253),((10452,(((1207,(6140,(7859,8170))),(3553,8851)),(7020,14898))),(3336,10188)))),(((10437,14186),(5095,12678)),(3571,(1537,9369)))),(12292,12659))),((1236,15348),(((5597,7983),(4589,(13470,(4507,10688)))),((6483,13031),(8686,13215))))),(((((9221,12240),(3347,6032)),(13955,((2114,14824),((10438,(12016,14589)),(((4209,6247),(3619,8054)),(1857,(1763,6184))))))),(10211,(4231,(9945,((14592,(10371,11260)),(5967,(12649,14164))))))),(5104,((8474,(7378,9177)),((5724,9666),(12188,15361)))))),((((11897,(1668,7350)),(14613,14792)),(8587,(((5419,((7417,(1065,7263)),(6633,8042))),(10776,(4405,6548))),((11848,(7317,9423)),(9456,(14855,(1400,11522))))))),((3403,9366),(190,(9919,(1398,13169)))))));
((2777,7399),(((267,9260),(685,10421)),(((1492,((((6266,(2337,9229)),(47,7345)),((6461,13475),(10885,(11511,13138)))),((9130,(10249,(7677,11014))),((342,9598),(13431,15027))))),(((5697,((589,(2918,10998)),(8049,(6359,9662)))),((((((15575,(6616,15044)),(4829,(7148,12407))),(9457,11037)),((6566,7307),(9198,11619))),(53,2768)),(((6818,(5066,5272)),((6502,8809),(2253,(14490,14816)))),(((1374,13272),(6705,14671)),(4321,12069))))),(11450,(3055,(4403,((8871,10482),(((3076,11003),((7173,15259),(6298,10548))),(13949,15452)))))))),(6064,(13135,(((583,4898),(3675,5587)),((14562,((7802,(6741,13063)),(12527,14378))),((3807,(2274,3989)),(9928,10868)))))))));
((3825,9152),((((((((2882,6951),((((4230,14159),(5945,(5865,13093))),(14821,(3672,(824,13749)))),(1686,1826))),(((5303,(109,958)),(11535,(8047,11418))),(2076,2961))),(10664,((12622,14042),(7907,11573)))),(14491,(14620,((10040,(468,5029)),(358,1765))))),(4914,((6808,(2041,14118)),(10056,(6728,7684))))),((((5536,9695),(954,4599)),(4256,13376)),(14588,(680,11002)))),(((1821,(2445,(11286,((3116,3859),(9202,14252))))),((1397,8000),((2470,(5159,(6422,8172))),(11457,((4079,9865),(126,6139)))))),((14789,(1959,(2845,8268))),(5053,((644,11943),(14555,(6214,13586))))))));
(3657,(((((1161,(3194,(1201,14790))),((188,((6806,13501),(7969,11020))),(10097,(8541,10241)))),(2385,15639)),((7642,(13698,(1210,(12413,12787)))),((((((10363,14944),((8122,11750),(2581,3539))),((7838,14694),(10225,12805))),(((219,12435),(9344,12185)),(477,(7818,13794)))),(8770,(((10148,14500),(2267,14721)),(10768,(2732,9270))))),(5910,(10634,(12054,14718)))))),((((1040,(15633,(12452,(2483,5377)))),(3612,(3628,11831))),(10454,((9855,(7003,11876)),((7425,(2303,10314)),(15497,15623))))),(1677,(9799,(4989,12029))))));
((6911,(7541,10055)),(((2965,(12728,(5913,(8374,(11496,(7012,(314,7466))))))),(4822,15148)),(((((864,3051),(6515,6839)),((6413,9285),((121,2526),(1618,(12022,15557))))),((3911,(2414,11673)),((((((9938,(2964,5590)),(9419,(1209,(1350,14038)))),(13071,(4302,(287,10481)))),(3316,((1380,8163),(1918,(3034,5669))))),((5417,(6119,12319)),(4905,7481))),(3637,((14608,(3776,15682)),(15041,(7332,10706))))))),((7549,15072),(7242,9989)))));
(4109,(((((6847,8393),(4402,(9774,(1897,11304)))),((((9968,(13964,14728)),(6204,(11082,(((8051,(13126,(4492,13805))),((462,4643),((12828,((7133,(((((7364,(8085,10523)),(9915,11784)),(11510,(891,1329))),((12656,14374),(9364,15513))),((1798,8235),((4123,((3688,(3028,15247)),((10667,15208),((5103,(13709,(9566,(14742,(2766,10862))))),(14610,(15675,(461,13659))))))),((10374,14503),(5638,13064)))))),(12876,(7877,(8721,14351))))),(6767,10697)))),(5514,((9642,14340),(533,5531))))))),(((8155,(6146,12645)),(11412,(2663,10214))),((7231,11105),(658,(8463,9496))))),(15,642))),((3641,12558),((1191,(4371,((7225,(3690,14827)),(10256,(4126,4635))))),(13375,(2111,8479))))),((2289,3833),((2481,5803),(2562,(250,6294))))));
(((((1642,(9600,(7407,11864))),(874,(((15090,(12130,(13566,13726))),(((6221,(5025,(4026,11113))),((11990,14441),(1246,3977))),(138,11454))),(12853,(14037,(9784,13195)))))),(((8087,11228),((5168,14327),((10501,(7260,9306)),(3425,(3710,11200))))),((8621,8913),(13818,(9885,13160))))),((((8981,12584),(12985,15600)),(943,3371)),(((15533,(5310,(6714,11233))),(5378,11402)),(((2857,(9635,(12718,(1914,10771)))),(((84,7450),(1143,14065)),(((14325,(261,12544)),(15168,(9019,(4094,(1212,10761))))),((8073,(10495,(8752,(1661,9993)))),(4055,(3384,(7945,(887,7154)))))))),(((5845,(((6287,13403),(7121,14242)),(2126,(1254,7250)))),(14817,(2891,14086))),(12365,(7842,9767))))))),(5191,12354));
(9793,((14747,((3112,(7651,13280)),(2095,9388))),(((3643,((4249,(4131,(6316,11090))),((1302,(9663,(1009,12053))),(11466,(3963,(11606,13248)))))),((((2065,2302),(9958,(5983,9653))),(((8035,10073),((((2661,5192),(2415,4723)),(14959,(16,7330))),(((52,12594),(1369,11343)),(6179,13332)))),(4616,(7229,(13388,13919))))),(5535,11870))),(5379,(9805,(4569,((1394,11932),(7341,7950))))))));
(12491,(((1972,(2714,(5241,((7686,(13849,((6029,6198),(9521,13324)))),((7524,(7682,12099)),((8346,15368),(15608,(((((8964,(5612,(2801,14101))),(1198,(((11913,14696),((3394,15241),(3301,4452))),((4160,7224),(3369,6238))))),(((2594,7021),(13477,(1596,7513))),((10716,(14822,(1128,5840))),(14445,((8376,(9673,11083)),(2726,(10412,11357))))))),(8456,15466)),((12313,12904),(3375,(6232,(3534,11319)))))))))))),(13504,(8831,13896))),(2235,(((3975,(10404,(11485,13311))),(2103,7569)),(12593,(1073,2017))))));
(1844,((((2106,4978),(((2122,(10831,(5819,(2350,14223)))),(11898,15650)),((2213,(12682,(((10281,(15134,15217)),(9552,12166)),(921,5226)))),(6761,(5882,8409))))),(((9156,(2224,12791)),((((5337,6213),(12274,(10850,(3677,9902)))),((4005,6586),((3493,13389),(2514,14974)))),((5239,(1801,((10406,(10142,14748)),(9309,10432)))),(((6452,10368),(1433,7776)),(1248,(3457,12294)))))),(444,(9571,12364)))),((((13962,(10237,14980)),((1869,(3720,4019)),(6465,(394,11541)))),(6444,12105)),(14466,(6419,(801,14563))))));
(9868,((((7082,8519),((8219,(11816,(((5090,14553),(1878,(4862,6826))),(1713,(2098,14314))))),(13619,(9426,10362)))),((5201,(300,14629)),(1150,(6889,14154)))),(((10568,(7675,12875)),((((7965,(11715,(8056,(8497,9657)))),((3418,(34,9894)),(14294,(10719,(3560,6989))))),(((9119,14241),(14410,(10306,(2170,9214)))),((((493,9665),(5651,9010)),(3478,(12786,15156))),((6855,11846),(7306,8788))))),(1847,(7934,(9638,11690))))),((((12641,(10403,14236)),((13185,14360),(11759,13372))),((5050,15478),(8214,15480))),(9809,13211)))));
(2172,((((1213,(5820,(7098,(4104,5429)))),((13557,(2064,(4846,(14077,14741)))),(363,(3460,(13562,(13489,(1707,12368))))))),(((337,8910),(7209,(5264,12381))),((11916,15115),((((11325,(6333,12326)),(848,14019)),(10037,15665)),(1075,9413))))),(((((1387,(10982,11331)),(6149,7797)),(7975,(10378,14815))),((((((13331,(14404,(340,4865))),((6092,7008),(15106,(563,(530,4167))))),(2958,12208)),((11550,((14739,(2050,7854)),(6007,11296))),((1099,((890,10751),(972,2731))),((7736,(13575,(7783,8345))),(13724,(6800,(7283,(296,7037)))))))),(1982,(689,(162,6466)))),(1111,9452))),(10835,13791))));
(((((580,((2938,(11043,11309)),(9153,(3269,15543)))),(524,7906)),((9507,(6126,((3473,3840),(10053,(1039,15201))))),((10411,((3270,10534),(4750,6406))),(14919,(6851,(7946,12533)))))),((((5813,(2771,14862)),(5371,(457,5199))),(8811,(5520,13639))),(11230,(14554,(4736,6033))))),(((3917,13259),(1364,4101)),((7624,(12648,(2871,(6194,7197)))),(((12962,(3851,(12707,(4970,15446)))),(10663,(4628,8577))),(((4800,(946,6354)),(5692,8362)),(2788,11453))))));
((((6536,(10072,((654,(15606,(3099,9037))),((6021,(13904,(1974,(4338,7734)))),(5353,12727))))),((8510,9120),(9142,((1710,14661),(9159,9523))))),((((3427,10091),(8083,13865)),(13142,(10715,12214))),(((((1836,6737),(11305,(6517,11577))),(3052,(11263,15137))),(12242,(9560,10828))),((((((5368,(1539,8436)),(3042,4715)),(7266,(3184,15164))),(10947,(9854,(3748,5372)))),(1976,15503)),((3536,13503),(2919,3274)))))),((((2813,(5024,6440)),(15607,(10717,12512))),((2509,4836),((4812,10389),(((9480,((1057,(2184,13689)),(3376,4717))),(10911,(4030,15054))),(13214,(1829,5848)))))),((13860,14675),(13660,(10284,15157)))));
((6783,((4373,11087),((12880,13938),(5214,(10130,15602))))),((((((14060,((1665,7807),(2240,4913))),(((1345,12563),(3346,4011)),(1755,10960))),(12409,(8905,(598,5871)))),((7621,12373),(5445,14508))),((10272,(5828,(8816,(1803,9542)))),(7970,(4644,8351)))),(9719,(14996,(1427,11629)))));
(((8960,((5783,11368),(3645,7201))),((4805,(7150,(3063,6000))),(((3996,9852),(6875,8193)),(5521,(933,13635))))),((((12055,(12504,(3884,7749))),(14720,(423,(3929,(2975,3227))))),(14003,(784,(9773,((11336,14468),(11674,(13915,((5479,(4581,6475)),((6606,(((11208,(11822,(12412,(4342,(7215,13981))))),(4399,(703,(4840,11567)))),((9577,(((9531,14637),(3104,15400)),((9573,(6883,12008)),(5599,11035)))),(8757,(988,7024))))),(((8552,(3797,7866)),(14809,((9446,(15314,(446,11580))),((12040,(152,12925)),(3416,12684))))),(10578,((748,(3165,9750)),(4299,(12306,13834)))))))))))))),(8321,12480)));
((((3297,(8576,12667)),(((14585,(((5409,7343),(9585,(892,14574))),(((12681,(10465,11952)),(631,9091)),((10459,14524),(1529,12689))))),(((9736,12629),(10608,15615)),(12127,14805))),((11660,(1538,4775)),(3304,9957)))),(4827,15593)),(((((2024,5703),(9710,(3627,14399))),((((12734,(6056,8291)),((1635,(13258,(4783,7821))),(4433,13243))),(4112,(12492,14760))),((1240,11236),(15197,(608,8165))))),(1481,(3785,11374))),(5234,(1250,12422))));
((((15274,(10202,14666)),(((12941,14322),(4642,(12969,(385,4098)))),(2727,8694))),(487,(772,(7064,15230)))),(((15248,(5992,(9770,11880))),(1761,(14488,(171,(2086,4531))))),((4233,(961,3932)),((2239,(4362,9236)),(((5935,8417),(6391,13204)),(14152,((6363,6441),((8314,(69,9477)),(2735,((8539,12889),(15091,15470)))))))))));
(((2847,6599),(1277,9432)),((3133,(3181,8684)),(3520,(2059,(((5481,8879),(1714,3368)),((((((8354,(5146,(9316,12901))),(((1708,12644),(1523,5510)),(1127,(4275,10966)))),((((12338,(6982,12568)),(9303,14854)),(7157,(2056,14191))),((11167,15496),(2373,9897)))),((10028,(6871,7896)),(((((11028,(1105,4258)),(4215,9583)),(10308,(3875,7499))),(13807,(12627,14353))),((3565,4470),((7966,8010),(8709,(1406,(3930,12015)))))))),((12619,(12125,(1759,9381))),((5778,15406),(10527,11607)))),(727,6572)))))));
((12850,(13647,(6003,(538,(7819,13370))))),((((338,10685),(12824,(14344,(4289,9362)))),(14647,(2080,((2544,((((5393,((11224,12513),(6068,(11484,(3994,12881))))),(11492,(((1142,11256),(4144,(5382,10477))),(12686,15499)))),((14561,(10639,13823)),(4894,10092))),(((14962,(1325,11886)),(((14763,(212,4264)),(9034,15283)),(3218,(8735,12019)))),(5953,7667)))),((5492,((11986,(3663,5681)),(6812,12614))),(1848,14567)))))),(4477,(4205,(73,3856)))));
(((((8367,(3549,11910)),(5957,(5019,9985))),(((((1238,10671),(2034,(4062,12387))),(10457,13373)),((1298,((9637,(6201,9078)),(7199,13123))),((4037,(5331,(2472,8433))),(14151,14448)))),(2410,(14737,(10746,(12210,15349)))))),((14438,(5467,7191)),(6286,12183))),((4322,(2884,(4049,(10423,10710)))),(9099,9374)));
((((6114,(6790,15094)),(15023,(6984,(2988,6937)))),(9273,12738)),(((5661,9768),(((11379,14234),(2695,5236)),((8991,(5672,(6178,7193))),(13025,((4376,(8943,14908)),(9473,11140)))))),(((1310,15177),(5567,(4120,8425))),((13140,(1016,(920,8415))),((1622,(4140,12638)),(5827,(14167,(6165,13103))))))));
(((7273,7717),((((8370,(12165,14520)),(15253,(4917,12837))),(10463,13935)),(10987,(3293,(96,10669))))),(8494,((5147,(3979,10017)),(6013,((4858,11456),(((2560,(13040,(2168,7603))),(11375,(1391,13461))),(((3920,(3718,15545)),(((10561,(3722,11585)),(13075,13108)),(7635,(6526,14951)))),(((2786,6624),(12861,(2400,(12595,(11838,(5251,10003)))))),(7445,(499,9029))))))))));
(((((4949,(11211,13087)),((6291,(5915,13728)),(2704,(2486,10013)))),((4490,11120),(573,9779))),((7322,((2371,6899),((2250,6412),(11452,(7596,11656))))),(7666,11992))),(((11882,(452,(12084,13629))),(14791,(((5491,9310),(2209,(8149,9513))),((207,6088),(362,4052))))),(((2647,(5857,10011)),((11939,(((9606,11701),((4313,9576),(4675,(2506,(5460,15688))))),(9337,(9789,(1080,5991))))),(13942,(13995,(7198,15674))))),(11184,(15519,(12100,12591))))));
((3505,(5961,((730,(4716,13455)),(11213,(2305,12774))))),((10005,(2600,((((9862,10881),((15141,(761,11146)),(4828,14723))),(((11407,(1894,2395)),((30,6788),(7181,(4994,8286)))),(3025,(4939,(3751,15582))))),((10913,13427),(10226,(1342,13798)))))),((6252,9948),(6848,(((7403,10144),(8839,10996)),(3106,6404))))));
(((11303,(7869,(4014,12661))),((5407,(8419,(7520,(8520,14932)))),((12807,((1775,5740),(8976,(3617,8498)))),(3521,(1620,(9617,(5428,13751))))))),((13553,(((2583,10826),(1182,6944)),(12794,(1899,14395)))),((((2212,10690),((8812,9942),(9946,10187))),((2207,(7871,15278)),(11523,(9302,(4765,7831))))),((6878,((4000,(3433,(11333,(973,11324)))),((3434,(15105,(10655,15318))),(12777,(14530,(1324,14408)))))),(9561,(3276,8888))))));
((3693,(753,9073)),((7070,((546,(702,3101)),(13770,((((7796,8018),(8918,9059)),(2428,(1768,5283))),(((3742,((5804,(6048,7146)),((8704,(5800,14324)),((3916,(((((982,4333),((((4485,13663),(918,11842)),(7576,(6929,12587))),(((((1697,12013),(11590,(4870,11705))),(5038,(1776,(1917,4117)))),(12764,(3752,9780))),(((7415,(6365,10679)),(1225,10666)),(11824,12490))))),((7744,(2955,3959)),(6679,8928))),((752,(14594,(6468,15687))),(9535,14813))),(4950,(2381,(2546,9679))))),(1657,4807))))),((((4667,10673),(531,7632)),(6155,(3021,4282))),(5362,13264))),(1154,11803)))))),((13947,(14285,14296)),(((3372,12700),(8226,(12854,14295))),(2619,5387)))));
((1270,(15166,(6965,(3621,7406)))),((6348,((5136,(5171,12072)),(4008,6509))),(7464,((((3566,(7391,9933)),((9048,14649),((2287,(8968,(12615,(12219,13662)))),(2520,11177)))),((8395,(3686,9651)),(146,12762))),((((8014,(409,5032)),(3454,9103)),((14750,(6682,10026)),(4293,(9564,15572)))),(3246,12970))))));
((((10995,((((12697,(13262,(2655,(8582,(3127,12826))))),((12233,((8948,12783),((14396,((((621,(4472,5618)),((3314,(3130,6138)),(((4752,(8008,(199,(636,2423)))),(6505,(5215,(2751,2974)))),((5195,(7731,(292,10564))),(15319,(9627,(((11801,14976),(3698,11553)),(2780,(4334,6522))))))))),(((9825,((1259,1581),(1631,1865))),((2264,4108),(7851,(4523,8796)))),(9732,((14124,(1096,11525)),(726,8911))))),(295,14467))),(8192,14953)))),(12248,(4374,(3779,4298))))),(13412,(3019,13847))),(1778,6615))),(5576,9377)),(12885,(((9612,10181),(4649,11413)),((1464,10855),(4208,15505))))),((4178,(2632,4132)),(((9296,10958),(4845,(12174,15298))),(4428,7519))));
(((11128,(4029,5976)),(3223,(2776,11399))),(((11258,12767),(2028,8211)),(240,(((873,13315),(7195,(2482,10262))),(((8818,(((674,(1460,3533)),(8527,(4460,5652))),(1385,5713))),(8221,((5294,(168,4631)),(2708,(13347,(1379,(12545,(1547,9526)))))))),(3102,4142))))));
((((12597,((7681,12599),(11487,13767))),(938,1474)),(14794,(8442,15610))),((14036,(12083,(1860,15597))),((519,(6079,6305)),(((((((9453,11804),(4955,5218)),(2439,(7852,12692))),(1090,(12811,(2040,4606)))),(12092,(4958,(11337,(2039,(15277,(((1038,((8522,((7267,(1021,8379)),(9820,14412))),(2214,6368))),(8242,10425)),(15212,(12374,(14341,(11395,(8935,(15672,(2260,13508)))))))))))))),((4312,(2819,(4080,8906))),(8570,11185))),(1092,15033)))));
((2033,(((4064,(3602,11634)),(((13602,(1349,(490,((10365,(15550,(3389,6690))),(((12896,15576),(668,2888)),(11542,((13984,((1382,(6187,15154)),(14011,15303))),(1851,2552)))))))),(6303,6506)),(2199,(1151,1951)))),(8934,(7174,(11081,13506))))),(((7095,(177,8615)),(476,(51,13334))),(3606,4622)));
(((13480,((14617,(11942,13488)),((5133,((6887,(4638,5321)),(5802,11601))),(8200,((5325,13498),(((3910,10587),(227,14257)),(2998,(6981,13274)))))))),(((8241,13725),(10276,12342)),(6927,15225))),(3100,3475));
(((414,(((((713,10451),((13266,(1375,6428)),(10920,(12980,12993)))),(253,3188)),((13312,(1332,((3887,7685),(3355,6292)))),((1001,10729),(4417,15502)))),(8508,12379))),((3174,11546),(1517,11421))),(6142,(((7762,(8558,11127)),(11497,(7771,(7470,14593)))),(8483,14981))));
(((4726,((((6300,10002),(224,(6039,7227))),((15126,(5217,6910)),(9978,(7125,10791)))),((1447,9537),((3442,(5030,5658)),(13004,(5254,11272)))))),((3265,4973),((14115,(665,6402)),((4397,9418),(11860,14100))))),((((9249,((5969,12892),(3283,7504))),(3764,(14286,14434))),((4346,13664),(4790,7455))),((11181,(11170,13933)),(11703,(2339,10372)))));
(((((15145,(9164,(3852,13173))),(15216,(5464,(751,11527)))),(12637,(2756,(3187,13599)))),((14030,(12902,(2462,(8247,11385)))),(3005,7544))),(((8457,(1702,2790)),(14833,15261)),(15528,((10689,(9998,14035)),(5312,14516)))));
((((5326,(((786,1025),(6907,12555)),(3902,(2535,9682)))),(2492,7949)),(((9589,(8607,8668)),(12033,(11114,12467))),((663,5513),(4740,(9882,(5174,10271)))))),((((3232,15508),((12632,14998),((5164,6657),(492,13604)))),(1524,14199)),(2982,((2724,6956),(14439,(9741,(5941,9522)))))));
((10295,((1623,1627),(10493,15585))),((2256,((9811,(435,4317)),(2597,11579))),(((1124,(1267,4243)),(5526,(12343,(12630,(4954,13970))))),(2425,3795))));
((((2523,13441),(3631,9464)),(4183,(2045,6717))),((1513,6390),((10170,(((3937,7992),(8205,(10464,11649))),(((1257,4303),(3159,5405)),(6713,9836)))),(9594,(1588,14265)))));
(((11041,(6876,((5600,8150),(1176,9320)))),(((653,1042),(7511,14630)),(((7758,(12532,14527)),(((7813,(469,3516)),(8516,(2764,11568))),(14830,(4601,9345)))),(2136,(2181,(3204,12580)))))),((4887,(2078,4751)),(2984,8875)));
(((4528,4818),((5856,(7217,7550)),(14394,((13466,14196),(15161,((15638,(1858,7833)),(((14028,(1549,(4459,14740))),(75,15634)),(2654,13293)))))))),((14339,(((13391,(14010,((4047,(6463,13944)),(698,(9823,10311))))),(1378,14714)),(8037,(6533,7048)))),(((4084,5564),(2102,5116)),(901,1807))));
(((1367,((13303,(((1923,7688),(8700,15596)),((5073,8065),(3103,11409)))),(3240,6004))),(4420,6157)),(13156,(6321,(4283,8707))));
((4056,(5732,9937)),((1317,(9476,(((738,6605),((13400,14456),(1690,14977))),(((9265,11093),(4240,12877)),((5728,(1431,1881)),(506,8760)))))),(3820,(2693,9201))));
((2070,(4028,(5777,11780))),((8881,10103),((1204,7381),((14632,(3,13672)),(1132,(12540,(7756,(1200,(15030,(3436,14893))))))))));
((6747,(12001,14877)),((((2610,4769),((1828,8821),(4901,7434))),(13956,14700)),((5229,15258),((140,(3575,6148)),(((6919,((3699,(14282,(4495,13217))),(11451,((3012,6664),(15070,(5065,6975)))))),(7961,14586)),(5919,((4103,14076),(7240,((7683,(1518,7860)),(12631,(13576,14160)))))))))));
((3769,((8274,15251),(12037,(((5105,7745),(9950,(92,4110))),(7132,7868))))),((258,9614),((2262,14018),(7886,11007))));
((((2773,7296),((10442,((10067,11493),(3548,(1140,10990)))),(6884,((6341,8854),(3788,(12817,13563)))))),(10185,(2243,13646))),((11058,(11334,(6613,(1811,13268)))),((980,2093),(6925,12463))));
(((((11814,13520),(3907,7123)),(6408,(6028,(3513,4799)))),((10853,14254),((((2976,(4695,6223)),(3083,5642)),(13223,(9114,13969))),(1956,2720)))),(((6331,((3765,(10522,13238)),(4016,(5624,8493)))),(7610,(1101,10636))),(12566,(14517,(4910,9549)))));
((6712,(8288,(807,6620))),((12461,((13559,(8808,14379)),((((4916,6302),((5178,(10326,15194)),(10713,(10152,10476)))),(9840,9853)),((7661,15301),(6262,14495))))),(4907,11119)));
(((10084,13367),((7986,13265),((4070,5875),(11232,((7346,12170),(7074,(1133,7418))))))),((11885,(7573,((881,9529),((7001,7367),(6549,7373))))),((2073,3139),(10541,11063))));
(8661,((14371,(10486,(((13128,(4438,((9390,11972),(9788,15491)))),(10927,13810)),(11225,(5780,12085))))),(10183,10525)));
((10473,(13615,(5126,(6227,12691)))),(5602,(11689,((1490,(10988,15255)),(375,11732)))));
((((((1483,10959),(4712,13505)),(4964,8202)),(2584,8203)),((12957,(7588,15193)),(11915,((10439,(5700,6508)),(8977,12173))))),(6905,(2094,8101)));
((((10218,(3727,((528,11053),(5812,(1500,9646))))),(306,(3386,4364))),(8643,11534)),(5017,5750));
((7292,(5323,(8066,13298))),((699,6652),((((2251,2810),(12915,(5994,13800))),(4700,5835)),(3780,7570))));
(13231,((2148,(9334,14623)),((((14136,((10051,(15266,15468)),(11892,13972))),(1066,6405)),(1840,8696)),(3857,10016))));
((6030,(5176,(2942,(1429,1715)))),(8337,((14990,(1530,8330)),(1351,(10703,15235)))));
((((5426,13761),(11436,(14444,(3652,14244)))),(8930,10749)),(2455,(9940,15074)));
((14565,((9258,13948),((6903,8714),(6304,12206)))),(12944,(10489,(4053,11428))));
((11279,((1258,7383),(11929,(2910,(8348,15402))))),(11786,((14670,(3001,(8260,10119))),(11160,(4680,15117)))));
(8889,(5,(6310,(9834,(13820,14845)))));
((14907,(13336,13474)),((6604,((5516,11730),(4605,(511,11465)))),(2924,13349)));
((((21,9901),(7149,10231)),(9246,14268)),(15037,(3317,(3871,(2860,12679)))));
((8595,(9431,11954)),(1747,(14053,(1002,11356))));
(1086,(1960,(6802,((2145,11147),(3362,9527)))));
((9070,(1292,6773)),(4059,(15554,(6817,9935))));
(10162,(6173,(7340,15475)));
(((8091,(14126,(8418,15245))),(4587,12918)),(4776,7971));
((1999,(721,3444)),(11464,(9489,(5156,14388))));
((911,6036),(2066,6460));
14769;
