((12740,13115),((((((10905,(((15073,15628),(4201,(10098,(6974,(580,12708))))),(6811,8333))),(10513,(5668,9841))),(4811,6873)),((5567,(1376,3653)),((3554,9849),((((5861,12281),(15216,(4641,12830))),(5220,13869)),((11687,(6429,11868)),(6383,15467)))))),((15348,(4737,5304)),(3509,(11956,(14562,(9682,12434)))))),((1510,(9823,13745)),(14741,((3926,(6869,13160)),(1213,8621))))));
((((6687,12635),((12971,(2325,(3097,3199))),(4624,(5497,10592)))),(8671,(9030,(14291,15058)))),(((10442,(((426,(14065,(1573,11962))),(9182,12960)),(((11493,(5213,(9887,(7580,8004)))),(1058,((5688,(5542,12567)),(2503,7125)))),(10897,13884)))),((667,8377),(1839,9288))),(((((3056,(2313,(2535,10595))),(5672,(8725,9599))),(4160,7224)),(5787,12498)),(9864,(1425,4338)))));
(((1452,14137),(4031,5245)),((((873,14543),(2482,4569)),((((11812,14800),(10536,(3198,5781))),(6461,(11466,(11511,13138)))),((6660,(12970,(13015,(1914,(4359,7630))))),((6287,13403),((15691,(7471,(2368,5160))),((2520,11177),(8384,12615))))))),((6909,(14670,(((6006,10621),(7748,(1774,3729))),(9557,(5348,10445))))),((((1525,2255),(7766,14832)),(300,7865)),(2915,9207)))));
((1450,11174),(((2693,14279),((5241,(5540,((14642,((((9531,(5472,7333)),(4275,(214,(10639,13823)))),(((6140,(4895,11918)),(8382,(2541,3440))),((748,(5443,9670)),(10948,(12801,(9613,11000)))))),(4581,5479))),(1690,14244)))),(8891,12055))),((6747,(8302,14555)),(((((2301,(557,9508)),((1637,10670),(7491,(9256,11486)))),(5040,(6073,(11373,13582)))),(7274,9772)),(4079,11557)))));
((((((7484,(15037,(1841,13292))),((8125,(652,14783)),(2093,(1429,1715)))),(6419,(10510,13900))),(4322,(3978,((((2365,(10631,(12920,(3153,(2585,((1329,2776),((621,6643),(5709,((((3698,(10593,11767)),(5414,(6823,7380))),(7415,10679)),(8681,(5291,6929))))))))))),(6956,8975)),(4937,(3408,(4451,10842)))),(11105,14648))))),((11780,(9479,14415)),((476,9733),(51,13334)))),(4570,12890));
(((((6871,8467),(6857,9029)),(4470,(13807,(1015,7050)))),((((((5275,(11329,(2867,(10515,14646)))),((3717,(3585,8951)),((11551,(9898,12238)),(3267,9991)))),(4616,(((324,((10225,14385),(12805,15516))),((10363,14944),((8122,11750),(2581,3539)))),((5009,9698),(477,13106))))),(13296,(2060,12978))),(14004,(((8395,13199),(3686,9651)),(146,12762)))),(7378,(12188,(2239,7812))))),(4056,9377));
((5152,(10427,(11183,13792))),(((2256,4779),((435,3317),(1828,6925))),(((((4314,6554),(9321,10364)),(299,((14438,(7191,11336)),((6292,(10943,(1289,6895))),(((3587,7571),((2786,8806),((5223,10020),(14161,(1619,2266))))),((((15487,(3256,(9401,(5707,(5436,15613))))),(7459,((5354,(919,15438)),(4967,5502)))),(6892,15108)),(36,1596))))))),(4544,(11974,14344))),((4566,6621),(7100,8713)))));
(11717,((9186,15132),((((3603,14122),(4432,4637)),(((1461,5449),(5782,15454)),(2405,(8590,(7088,8777))))),((215,13622),(1125,((13375,(7298,(5156,((15096,(10478,13206)),(8666,14553))))),(9427,((((3431,(5621,7246)),(12347,((795,2960),(1271,2351)))),((3659,5838),((363,(1707,(2040,4606))),((5116,12042),(443,(6190,(10501,(7260,9306)))))))),((12536,14984),((2593,8383),(4909,14587)))))))))));
((5271,(6778,((3777,4170),(((4386,8520),(3743,11347)),(3521,((1005,1949),(((1829,5848),(4112,12538)),((551,(2838,3376)),((1102,(2640,8152)),(4134,6248)))))))))),((5578,(9090,10996)),(((6652,(8751,9134)),(7670,(6370,15564))),(5551,(5,((562,(2096,((665,6402),(1658,(8851,12166))))),((5664,12568),(((6307,(703,4399)),(5393,11434)),((5630,(2446,(3373,4007))),(1169,4448))))))))));
((9189,(((3929,(10575,(2600,(12199,(((10913,13427),(((5909,(11365,(179,15692))),(11362,(3622,6739))),(((12151,((3191,((8757,13697),(7175,8861))),((1858,(404,5365)),(1358,3995)))),(15500,15571)),(((((6111,11672),(8129,13437)),((6323,7705),((910,7000),(1660,4216)))),(15631,15683)),(8614,14051))))),(4650,4785)))))),(2073,3139)),(7064,((3080,(7106,(1472,9524))),(4790,15019))))),(13422,(8726,14465)));
((((15203,15505),(14623,(6790,15094))),((((12000,(13142,(10715,12214))),(((1195,6196),(7238,(1735,(5486,(997,13479))))),(2526,(1618,7461)))),((((15041,(4382,9666)),(13088,13404)),(2091,((11600,15682),(6744,(799,2123))))),((7206,(6879,(10781,12821))),((12033,14012),((12639,(4051,7183)),(8327,10373)))))),(((2138,6376),((6922,8542),(6089,(5118,13428)))),(6129,((800,12686),(9792,15499)))))),(1901,6457));
(15585,(((6580,(4440,9937)),(325,((10522,((4610,4738),(2225,7444))),((12182,(5264,12381)),(12867,(12783,(9713,(((5490,(8290,(8085,(1038,1445)))),((6853,12656),(13653,(1322,1865)))),((15213,(((13297,14274),(10821,(5792,6374))),(7240,((7745,(15560,(1318,11039))),(5214,((7466,9697),(846,1035))))))),(906,(3959,(1571,2955)))))))))))),(14568,((7768,(27,2314)),((980,(2942,7754)),(6465,8396))))));
(((2710,9954),(8279,9965)),((((((765,2619),((611,(11217,13526)),(4159,9729))),(5745,(4498,5689))),(9567,(10423,((((8524,(10329,13716)),(8463,9496)),(2663,7409)),((((2064,(4398,(4156,11829))),(7632,(6544,13693))),(1642,((4546,12130),((2813,((3107,(7452,10344)),(2645,(612,5127)))),(5879,15084))))),(5523,(434,6620))))))),(481,(2622,8525))),(((714,8361),(4942,(250,(3974,4709)))),(1613,12257))));
(14264,(6086,(((842,1621),(13187,13669)),(9328,((1960,((4974,10293),((((12467,((11858,15426),(5890,7871))),(5333,(2004,11566))),((1345,((11664,12804),(502,14704))),((9597,12333),(206,10481)))),(((4500,8944),(8770,10388)),((10148,(530,563)),(10600,11241)))))),(((9600,13841),((11159,(3313,8970)),((3858,10703),(160,(1990,11867))))),((13557,(1090,14077)),(((10274,(9659,13975)),(1250,6024)),(5298,13818)))))))));
((1290,8707),((((10366,15201),(((((8869,((8899,(3546,13969)),(2530,9455))),(6990,15462)),(11460,(((13338,(746,((1363,13608),(2972,6731)))),(2991,3388)),(7889,14523)))),(13578,(1244,11746))),((14931,(1912,5691)),((5451,9863),(12502,(5187,11253)))))),(6147,((15360,(2013,(4775,10492))),(9985,(3359,(61,4244)))))),((2654,(5717,13293)),(((6766,(1667,(2668,7764))),(11188,(15478,(527,11565)))),(5330,6684)))));
(11196,(550,((13500,((4843,(6662,(9762,14480))),(2453,10532))),(4528,((10835,((6692,((((10520,(15606,((4697,4718),(2082,(395,1974))))),((13266,((5661,9768),(499,2106))),(((3579,11016),(849,995)),(((10150,14540),(7495,10451)),((12306,13834),(4299,(1442,14085))))))),(1556,3838)),(5813,14030))),(9258,(5244,(3262,7367))))),((6538,(12543,(15352,(3884,(9700,(3332,(6602,(7749,7863)))))))),(5894,(7898,12504))))))));
((9196,(10236,10531)),(4109,(8840,((3772,(783,14803)),((((15598,(15222,(5000,13345))),(((7629,(4072,11154)),(885,3716)),(7038,(8511,(3553,13313))))),(10028,(7896,8677))),(365,((((((1908,12735),((12777,(8266,10093)),(5368,(5625,(1386,6682))))),((11433,14134),(3454,4000))),(5319,(4328,7931))),(((1224,6326),(227,(195,2851))),(((1633,6043),(1607,2166)),(835,(8870,12208))))),(9178,(7621,(4362,9236))))))))));
(12464,((((553,((91,8401),(7304,(7750,13151)))),(3932,10316)),(5522,(2711,((((8176,(680,(((10072,(13250,(10922,(6779,(1889,7052))))),(8354,(10092,(8790,10966)))),((15395,(9999,15071)),((4301,((5561,(2512,6320)),(11158,14130))),(3214,(7706,8216))))))),(7709,(1082,(2631,12068)))),(1513,6157)),(2059,4318))))),(((757,901),(3935,(12811,(2427,14640)))),((14932,(14282,((13531,14698),(12620,(3141,6541))))),(3420,9245)))));
(((2035,(9020,(9426,((8219,14534),((8394,(1181,(12803,13821))),(((((5081,7164),(4876,8537)),(560,(4562,(13706,15173)))),(9593,14968)),(7158,11528))))))),((1597,(10516,11368)),((12167,(11479,13452)),((11758,12903),(3645,4067))))),((13294,((12582,(10749,11692)),(10280,11778))),(((94,1517),(10132,10248)),(4644,(((3635,5967),((3940,(15126,(10289,14890))),(1499,(4066,((1031,9297),(5411,15078)))))),(5822,(9452,(9638,13213))))))));
((((1007,(8454,8801)),(258,(((13768,14217),(((10163,12796),((8148,(1527,1626)),(2153,6614))),(6985,12481))),(2047,8630)))),(((13121,(6596,(1526,4640))),(8472,((3989,13016),(13222,(11759,(1028,4264)))))),(((((12408,(8296,13790)),(2406,12215)),(12472,(4042,(383,12339)))),((11032,(4903,(4213,4226))),(4657,9368))),(((10232,(3566,7290)),(8417,(2712,5935))),((2302,(9958,(7377,9975))),(4370,(50,7584))))))),(4608,13623));
(479,((((5798,15690),((3283,7504),(13585,(14082,(8167,13298))))),(1136,12944)),(((5063,(4212,8937)),(6973,9461)),(((12242,(2261,(7111,8723))),((12976,((12946,(9776,(8883,(9653,14896)))),(3766,(1268,1608)))),(((12217,(((2113,12747),(10567,11938)),(10361,13724))),(11417,(5073,((10798,15101),(1541,(12177,(11597,14589))))))),((2958,8492),(4695,(3362,7899)))))),((13630,14815),(8675,((10530,(5547,(4146,5417))),(3048,10257))))))));
((10055,11285),((((2111,14794),((1713,3001),(5555,(5554,6373)))),(2607,14207)),(((1370,(1180,((6797,11863),(3807,8924)))),(6874,(3165,6352))),(9091,(4095,(((((4896,6870),((((5673,8455),(5902,9343)),((6474,13281),(8158,((9255,(7757,9045)),(8967,10569))))),(10178,10849))),(962,9731)),((12186,(824,13985)),(((12016,(80,2948)),(1572,15612)),(12959,(1857,(((5682,13402),(7199,14975)),(4494,5161))))))),(2672,(1671,11737))))))));
(10054,((12490,12896),((622,(7857,(13791,((9448,(4218,(9805,(11410,(2869,11732))))),(8346,(1694,((3194,6475),((((13914,15095),(1957,((13432,13776),(13986,((4543,(11921,(3065,15617))),(9831,((1171,14097),(10151,14661)))))))),((9743,14631),((8253,(((1457,13981),(2689,4342)),(4532,(4840,10553)))),(((4365,9042),(15447,(2549,12027))),(1547,(9532,12008)))))),(764,1170))))))))),(3174,((9379,(2465,10707)),((4285,10441),(5775,9974)))))));
(12625,((2238,(731,7387)),((((13090,13961),(2985,(14537,((10710,14268),(((9702,(2005,4923)),(8995,((12233,14913),(((1533,(10302,10303)),(15125,(11046,(6758,(((((4568,7641),(10523,13518)),(4450,(677,4711))),(15446,(6548,(1065,6633)))),((1364,((8487,14369),(12201,(3488,13507)))),((4035,4989),(5062,8315)))))))),((8563,(6775,10888)),(13126,(10328,13864))))))),(184,7268)))))),(6535,(2370,13814))),((1511,12717),(15346,(861,12887))))));
(11080,((4444,(((15639,((12598,(6806,8300)),(4417,8541))),(15083,(((7733,(13654,(4424,11197))),(5538,(1754,11762))),((3144,(2019,3639)),(9834,((4856,11276),((10411,((2918,7721),(4750,6092))),(((12118,(6118,14798)),((957,1493),(((10112,(334,13065)),(6926,(7354,13967))),((2139,13309),(14526,15249))))),(2253,12340))))))))),((7986,((12357,(6962,11859)),((6979,12655),((7961,13148),(4014,7869))))),(9645,14838)))),(3815,(15109,15129))));
(10115,(((15432,(((8001,15290),(5693,(3845,(3828,3860)))),(3354,(1173,1240)))),((4586,11388),(9858,(10673,(8445,14458))))),((7430,((((((2393,4167),(6785,6795)),(9530,14705)),((8178,(12259,(8744,13901))),((6860,((3694,9384),(14848,(5893,7202)))),(12489,((1892,(5230,10070)),((729,(6863,9079)),(10121,10596))))))),(10634,(3770,15677))),(2090,((3986,14121),(12832,(2874,7464)))))),(699,((13472,(634,6105)),(10551,(5422,14475)))))));
((7131,11559),(((11449,(3856,4205)),(10005,((11591,((7661,15301),(12039,(((12901,(8929,15545)),((((1206,4125),(9961,12051)),(1107,8390)),(494,4692))),((415,11424),(1126,((1565,(12953,(1025,5050))),(411,7997)))))))),(2547,(42,(6812,(6357,(5171,9062)))))))),((((2632,(10323,12445)),(10295,14213)),((9618,(6182,7618)),(15525,(3818,9808)))),(((10215,(2382,4567)),(454,3918)),((8000,11120),((126,(3526,4346)),(5631,13476)))))));
((859,10208),((210,(5061,(6994,7516))),((((1204,7381),(4511,(12566,((8037,(5367,7065)),(14150,((((1295,6236),(14396,((7723,((12587,((((10160,11605),(1776,(2094,8101))),(6494,12764)),(1225,10666))),(11130,(1933,14613)))),(((9629,13029),(5767,10832)),((4597,5786),(2833,8559)))))),(15008,(7977,(1605,(12057,(681,(6386,11109))))))),(9128,(5804,14528)))))))),(3366,(4885,(11304,(7774,12028))))),(2821,((9489,(2923,8638)),(7259,7762))))));
(6272,((((((((2194,5193),((1748,1855),(4024,9431))),((229,(7546,(9400,(4784,8895)))),(7498,14749))),(1317,(12539,((14135,(((15381,((2862,(13202,13859)),(4829,(14974,(7853,(11969,14739)))))),((12279,(6164,9220)),((856,12637),(9172,(6183,10599))))),(2338,(8283,10793)))),(15385,15437))))),(8312,(4971,11194))),(((1830,10377),(13611,15359)),(419,10407))),(12353,12607)),(2969,((7958,(12768,(2367,2748))),(11734,((11290,11583),(10786,13054)))))));
((((5024,6440),((4047,12046),(11811,(1133,10526)))),((696,3419),((4812,12799),(4173,5478)))),(((654,(5350,9486)),(821,((8687,(4939,11028)),(1030,14115)))),((8094,(6339,7343)),((15280,(10446,(10813,(2647,8894)))),((((6403,10674),(9094,(12509,14487))),((7887,14188),(6466,15542))),((1416,((5089,(10197,(((3741,(14233,(34,14529))),(346,4118)),(14151,(9216,13418))))),((1589,(5831,13680)),((12748,13322),(989,1900))))),(2691,15221)))))));
(((12115,(13288,(2371,13083))),(4845,(9296,10958))),((801,(((2597,4769),(440,(4019,(330,4468)))),(((11058,12202),(11265,(12769,12827))),(3318,(12694,13797))))),(3769,((((5821,10286),(1002,5696)),(10473,(2921,(8330,(1530,2883))))),(((((719,(6333,12326)),((9440,10229),(391,6343))),(2904,(8754,(10926,10938)))),(15365,(11864,(3532,8961)))),(((14923,(4704,(1734,14389))),(5386,(4667,(1546,6846)))),(3175,((11894,12368),(3460,(8507,10758))))))))));
((392,3250),(((11143,(12503,(((3461,5456),(2825,(9433,(9366,10460)))),((5080,(14792,15212)),((((12829,15647),(2554,(302,333))),(12237,15528)),(3286,8776)))))),((3541,(12545,(3268,13052))),((15171,(11450,(4808,(663,5513)))),((((11682,14726),(12703,(9976,13207))),(((12537,13606),((13413,(4220,7793)),(6071,13876))),(8071,(5224,11178)))),((1743,4122),(((3605,13637),((1209,(3346,4011)),(6918,9419))),((10174,10964),(3547,5708)))))))),(13857,(774,9304))));
(10805,((((5064,(12152,(3051,12866))),((((((913,4335),(6569,((2052,4100),(2321,11851)))),(((10330,(9100,15327)),((4496,(8123,(6184,7730))),(9238,(11789,15681)))),(6301,14096))),((2259,(15471,(11638,12226))),(4988,12749))),(8788,((14830,(234,5616)),(2914,8314)))),(837,(8369,14507)))),(((12936,(4995,11162)),((4177,14891),((7770,8077),(14440,(1710,13442))))),(4828,5200))),((((7239,(3613,11457)),(2389,(12562,13789))),(17,2727)),(487,(10338,15230)))));
(((((4729,(6526,14951)),(11084,(2056,7157))),((((8234,(4765,7831)),((10029,12235),(4982,5410))),(((4195,11405),(9208,14060)),(15130,15586))),(((((6394,8201),(12266,(3281,8131))),(12345,(2609,6978))),(15535,(2029,7401))),(2633,(10376,12189))))),(7176,(((11136,((8794,15604),(134,(6690,(5654,13721))))),((5419,(8488,(2303,7425))),((9456,(4029,(1400,11522))),((7317,9423),(1132,11848))))),((4585,(450,(6772,10228))),((5320,14235),(3094,12515)))))),(1991,4682));
((2719,13772),(((((((3746,3832),(7531,(5690,((7374,7472),(3634,5206))))),((((1532,3208),(13141,(3270,10705))),(2998,(2145,13274))),(14219,((8672,12240),(2649,11094))))),(13825,(7051,(817,7627)))),((10056,(9363,9511)),(2773,14094))),(((13241,(4166,13351)),(1006,(2949,(10023,12957)))),(7573,(11915,(11689,(((1861,3193),(15199,(6438,13761))),(8977,((8189,12446),(397,(10154,(9509,(5426,7006)))))))))))),(6783,(5103,(6334,(15030,(5031,(9620,(3285,14893)))))))));
(((((9315,9890),(1246,2724)),(3443,(6110,11325))),((7520,11895),(9480,9617))),(((10963,((2366,6014),(((2343,11920),(1717,9190)),(1405,2071)))),((1542,(6451,(13662,(14180,14718)))),(((((4210,(3391,11951)),(8181,(8406,(3090,3410)))),(8572,(9955,15655))),((3948,12184),(5272,(7283,8025)))),(((1769,15236),(12869,14042)),(7907,14404))))),(((2992,11637),(3350,9622)),(((14696,(6178,15658)),(1460,(9788,14028))),(((90,2729),(5833,12010)),(9225,(13925,14016)))))));
((3972,13084),((((10254,(635,11793)),((1032,6199),(14149,(2217,8416)))),(6355,((10333,(8083,(5886,13865))),(((5697,(((4308,7858),(10726,(10874,(1294,5615)))),(5987,(4292,6337)))),((5722,(1305,4237)),(((12676,((2472,(8772,9309)),(6960,(8470,14945)))),(7553,7806)),((6042,(1709,7278)),((5699,9581),((2810,(3672,(1941,14821))),(6750,(1298,2415)))))))),(1847,(5007,7934)))))),((((5090,8210),(11816,(260,5418))),((4129,(4689,11127)),(2761,4996))),(4185,10129))));
(((1733,((1766,(5202,9150)),(1103,10190))),((587,1074),(5680,10135))),((441,15482),((((((4380,14290),((3633,3981),(11071,14139))),(((6241,(2069,7408)),((12681,(15554,(631,14560))),((1529,3225),(6152,(1859,13314))))),(((3397,9336),(1777,7226)),(1554,1925)))),((12371,((8434,(11653,12897)),(10239,(1221,4912)))),((10568,15291),(864,7675)))),(((1867,3308),(14234,((7489,(3224,5373)),(841,5892)))),(9862,(512,(4174,(449,12453)))))),(8091,(4587,(2396,6749))))));
(((2777,7644),(4634,((2198,(5431,9006)),(((661,13184),(6712,((8623,9901),(21,4222)))),((3906,(((((2278,((5322,15091),(10763,(4130,(5315,(225,9244)))))),(((6855,12879),(11846,15111)),(5754,(7306,8580)))),(((2550,11019),((3812,5743),(15589,(5242,(917,5528))))),((3792,(1739,2345)),((8027,(7883,(1485,12407))),(2456,((6213,8213),(7248,14216))))))),((1836,4743),((586,11305),(6517,11577)))),(10853,14254))),((7001,7340),(9101,14379))))))),(7752,(11775,13333)));
((2840,13616),((((8230,(2284,5565)),(12056,(3988,((9827,10144),(8190,(11721,(4595,6708))))))),((1786,11218),(10846,(1935,(3897,(2080,((306,11436),(12020,(5458,(((3102,11189),(((10713,(8714,10476)),(1834,(2544,11790))),(3005,9067))),((7110,11269),(10046,((12145,13501),(3355,11370)))))))))))))),(4721,((((529,(3294,10563)),(1722,5748)),((1231,(2537,13353)),((5044,8706),(14760,(8976,(10911,(15054,(4030,4902)))))))),((10035,(1113,3576)),(11131,(15235,(2591,7787))))))));
(7365,((9740,(11905,(6226,(11883,15152)))),(((4503,(12546,14987)),(5659,(4028,13406))),(((1375,6428),((((((4015,13081),(13723,((12794,(1931,3951)),(152,12925)))),(12101,12682)),((398,((4823,(8741,10831)),(3953,10191))),((40,(5637,8194)),(4770,(13936,14105))))),(4630,(15455,(6117,(4959,5710))))),((2896,11122),(5814,13719)))),((7076,(3969,14880)),(((11214,(15053,(4712,6910))),(9156,(3149,(9854,(3748,5372))))),(((3160,13159),(8979,(3298,10555))),(751,11527))))))));
((421,11765),(((465,4307),(6154,(10497,14571))),((4427,13323),((((642,5017),((7518,((4886,12289),(3753,5795))),(((9314,10783),(6124,(6767,(13729,(((9056,((13513,15138),(5671,13171))),((15208,((5913,(8374,(12547,(314,730)))),(92,12476))),(((2856,8514),(4486,11602)),(2020,(559,15419))))),(245,15629)))))),(6148,11906)))),(1999,8881)),((((14789,(1959,6417)),(2128,8593)),(8341,10493)),(((1651,(7297,(14933,(1785,4027)))),(11125,(8006,8978))),(5129,5774)))))));
((3130,(((4487,(3399,(3829,(715,(((7954,((((4897,7989),(11013,13889)),((13681,(((4994,9034),(2395,(14236,(3760,(75,9929))))),((3394,15097),(5473,14962)))),((((10435,13108),(501,5609)),(878,6636)),(((8376,(9673,11083)),(2787,(10412,11357))),((5510,14615),(1977,3718)))))),(1729,6630))),(7119,(7718,13308))),(11406,(13813,((163,8737),((164,9391),(8807,(12085,(3684,5780)))))))))))),(3378,(7550,(5279,(1753,4289))))),(4753,(1313,4731)))),(15018,(3678,5122)));
(((2913,12766),((8063,(((7025,13366),(162,5420)),(((7946,12533),(14152,(((2643,5098),(4675,12618)),((4313,9576),(2135,6070))))),(((((6047,((15424,(176,3300)),(7156,10010))),(1980,14550)),(((9180,(11844,(378,2740))),(11499,(4196,15630))),((7760,(14142,(3888,8306))),(11015,(2567,14287))))),(((11201,(2768,7888)),(3385,(3500,14952))),((4106,13522),(1512,14541)))),(6794,(6947,(3038,5066))))))),(((11490,14354),(8591,(8474,12116))),(4956,5104)))),(292,(8925,11764)));
((2849,(3156,6379)),(15443,(((4235,9609),(((6597,10653),(3438,11467)),(2686,5586))),(((((2250,11239),(11656,(4707,8887))),(3696,(7322,10258))),(1623,((1402,11943),(5715,(7258,13586))))),(4751,(15074,((3287,12031),((((8550,8889),(3127,12826)),((7610,(1101,10636)),(2315,6065))),((13371,(1417,((8786,14810),(4375,12992)))),((1422,6693),((5837,7487),(5629,((2264,(8911,(726,4287))),((6038,8852),(((6505,9080),(11892,(5961,(4716,12631)))),(14312,(9203,11193)))))))))))))))));
(336,((13119,(((4408,13568),((9464,14949),(15687,(3631,13152)))),(((6306,(11091,15309)),(9149,(1945,8824))),((1100,11155),(2100,11399))))),((1967,((((((3510,13445),(4332,7208)),(12112,13226)),(2402,(915,(3559,(6431,13649))))),(2907,13140)),(((9845,(401,(12473,15684))),(12369,14241)),((868,((3805,(5383,13987)),(8959,13844))),(1674,(((9699,(4337,(2755,3487))),(10985,(950,(9533,(1629,4224))))),(3213,(15146,(2149,(2592,15410)))))))))),(4379,(8321,(13504,(2086,4531)))))));
((10043,(2413,(6911,10625))),(7597,((((((10325,11392),(14729,(5266,14482))),((3206,7912),((14049,(10580,14985)),((9490,11451),(4439,((5065,5140),(6254,12554))))))),(13070,(1706,6655))),((11344,15422),(472,14684))),(12366,(((1424,(2545,(3685,(((4534,15311),(6189,(7261,13245))),(3557,(4960,15435)))))),(575,(13146,(1846,11205)))),(5435,(1020,((11791,(1340,(((4913,(13492,(56,9738))),(8532,9066)),(((11560,(349,7698)),(10579,15618)),((8812,9942),(4341,13407)))))),(13643,(8576,12205))))))))));
((733,(3850,(((13441,(2788,15623)),((2435,6243),(10542,((11525,13183),(13882,14973))))),((5778,(6232,(5199,12125))),((6600,12603),(15013,(((9876,(6347,9636)),((1055,10267),(6622,(14145,(11881,(9798,14302)))))),(((((10485,((((3380,12660),(15461,(8108,(6707,9782)))),(5770,7901)),((9173,(2155,10259)),(2653,7010)))),((15243,(7897,(8040,13974))),(2744,5262))),((7307,(3493,13389)),(6480,(6528,12818)))),((5543,(428,(697,2267))),(107,11235))),(13752,(6737,(4700,13447))))))))))),(1927,6101));
((11371,13460),((15148,(2965,(15303,(12880,13938)))),(((5600,(8860,(6519,10550))),(7969,(265,7178))),(((8249,(4120,10415)),((((((87,6818),((14730,(805,8509)),(3466,13291))),(2532,9412)),(((11004,(7707,8412)),(525,(4294,12914))),(4457,7046))),((((15575,((5055,15044),(775,6616))),(9857,(647,(5966,11893)))),((6015,(3344,(13423,15036))),(6527,11472))),((8323,9631),(103,8845)))),((((826,11277),(6837,14417)),((7229,9294),(13388,13919))),(9537,(723,9221))))),(10288,(9847,14902))))));
((13430,(((((7578,9586),(15593,(((9381,(5155,11353)),((6619,14025),((((((7529,9573),(4645,9690)),((14317,15139),((4841,(1197,3201)),(2331,5914)))),(15463,((8596,(289,4530)),((5607,6364),(1590,(2956,(4273,11614))))))),(31,5085)),((12358,(2639,3732)),(2026,((10147,(1498,3498)),(((442,(3161,3367)),(8523,(55,(7866,12666)))),(9283,14682)))))))),((2452,13078),(1950,6348))))),(9373,12624)),(3820,(3217,5035))),(14938,((8335,15492),((8308,10297),(753,(3142,13494))))))),(3657,7399));
(3537,((4363,(1628,(12162,14578))),(8347,(((7016,((5583,(4339,8905)),(15316,(10982,11331)))),(((((2735,(4601,8049)),(9580,14257)),(9477,10977)),(57,(((13027,15042),(((1041,13303),(5903,11398)),(5796,7440))),((3551,7692),(11934,14711))))),(8287,(567,(14164,(5029,15453)))))),((((4360,(2595,3564)),((11641,(3472,10299)),(1788,(4762,12842)))),(3036,(12030,(11800,(367,3991))))),(5756,(((12664,((3511,5563),(8477,9050))),(3675,(4898,15237))),((4679,(3864,(2837,5071))),(9117,9436)))))))));
(5134,((((6491,8479),(4021,(4038,8983))),((6862,(960,12558)),(11991,13516))),(((10706,(14413,(3776,5446))),((14491,(12108,(13949,(3704,13564)))),(((10903,12845),((((10645,((((10142,15391),(4603,(7305,7739))),(9815,(1293,13618))),(5405,14448))),(12522,(1544,11574))),(15481,(1984,9664))),((((14925,(9014,12071)),(1514,(6201,6934))),(5240,(5942,9514))),(1469,2031)))),(3081,(5617,((15187,(9662,15470)),(9119,(7221,7477)))))))),(13553,((2265,(3338,15283)),((10461,15491),(7412,(3967,12291))))))));
((1458,14859),((((1579,((3468,((1004,4124),(3116,(2598,13408)))),(10854,(7313,15538)))),(10489,((13099,(11650,15056)),(9865,(32,6139))))),(8349,10107)),((((((11523,(13359,15644)),(6113,((601,12561),(2436,(15256,15278))))),(((165,4615),(4269,7809)),((13071,(312,1738)),(2637,10756)))),(((4647,15175),(2940,9561)),((9882,10086),(6617,(6351,(9538,14408)))))),(2092,2628)),((4296,((11825,(10646,11379)),((4425,((11342,(1230,9145)),(8439,15570))),(7622,12849)))),(9241,(9596,(6501,13918)))))));
(13644,((((6976,(((2334,10045),(10078,(46,(7136,13910)))),(((1116,9350),(10907,(11888,((11832,15632),(5993,8202))))),(1563,(((4316,8715),((3003,8515),(13534,(1189,8065)))),((7615,10581),((((10432,12227),(10114,14860)),((12058,12865),((6128,7042),(7509,(1228,14762))))),(1409,(1641,9281))))))))),((5997,12628),(1098,(2221,(37,4669))))),((8038,8599),(3422,13229))),((10656,13845),((10663,(2790,6055)),((4183,15188),((15685,((7582,(4523,8796)),(2304,13873))),((9470,(1495,3458)),(7976,9041))))))));
(274,(9170,(13124,(((3351,11092),(((8519,(11160,(13003,(((9124,(1235,11533)),(2057,2624)),((323,((4722,12733),(5144,13591))),(8485,(7552,15577))))))),(2074,3641)),((6161,(3282,(4064,((7005,(3601,7085)),((9428,((11374,(8052,(2505,9540))),(13751,((8165,15131),(12883,((5054,10650),(9883,10859))))))),(8948,(490,((10358,((14053,(10113,((7527,(10130,13336)),(9924,11087)))),(2311,13064))),((10400,12204),((11544,(2025,12711)),(2698,13438))))))))))),(7717,(13178,13300))))),(354,(4919,(14239,14683)))))));
((9718,(13377,(11711,14948))),(11264,((((4800,(14136,((7711,8457),(1718,(10909,12172))))),(13120,(1581,((12430,(12321,14026)),(9364,(8164,15513)))))),((2474,(13793,15460)),(13858,(7673,7767)))),((((4914,7655),(3673,(6714,11233))),((10947,(15067,((3855,(4094,(11021,(224,2485)))),((12224,14782),(1443,((((4767,8385),(2347,9355)),((973,13076),(4773,11324))),(8438,(4654,6345)))))))),((2514,(6566,15006)),((1587,14484),(11941,(2677,((10557,10737),(1686,1826)))))))),((4306,(6210,12173)),(13424,15086))))));
(6738,((7519,9859),(((((6961,13648),((((10717,(12512,(641,3847))),((((10928,12170),(3550,8009)),(12355,(68,8866))),((((67,7192),(10941,13001)),(3370,8603)),(4279,(9758,10275))))),(728,14714)),((9830,(4464,10022)),(((((7821,13774),(5740,(7270,(1727,9250)))),(4013,12492)),(2471,15197)),((2024,5703),(4495,13217)))))),(((8274,15251),(3538,14990)),(11356,14398))),((4283,6321),(10976,13156))),(((((7631,10855),(2988,6937)),(8469,15023)),(10167,((6740,10728),(4649,7660)))),(6543,(8360,9378))))));
((5105,((11534,(961,(14796,(11911,12286)))),(3520,((((((((10420,((593,8735),(6028,8286))),(6130,12684)),(5194,(6514,12712))),(((14232,((3797,(6521,9369)),(13530,13778))),(1898,3623)),(5095,10116))),(4978,8818)),(9781,(((7613,(15399,((4670,(5818,9850)),(8466,11382)))),(12198,(3736,(11567,(10440,10582))))),(((9803,14116),((4144,7837),(15574,(63,12086)))),(8544,(2708,(5186,9692))))))),((10226,(1342,13798)),(5868,10152))),(7427,((2484,10439),(5700,(3984,6508)))))))),((2083,3825),(13179,14315)));
((((((2105,12236),(2144,14372)),((5370,12520),((5423,(639,6454)),(((2984,8875),(3665,(((923,5447),(448,5920)),((6531,12570),(((((3823,5082),((3012,3787),(4685,4782))),((3542,10179),(504,5219))),(7048,10101)),((((14033,(((9679,(13170,14351)),(4705,4950)),(((3462,6499),(668,(10051,(4334,6522)))),((5267,14352),(802,9069))))),(7795,(4474,5296))),(1144,12499)),(9642,(12066,14112)))))))),((2845,8268),((3883,6443),(4428,9828))))))),((3658,8356),(3835,7663))),(10810,(640,1070))),(10475,12277));
((12736,(11744,(4488,8461))),(10235,((10667,(14907,(6865,((15089,(3709,5921)),(3436,4813))))),(11208,((((4105,(7213,(427,13304))),((5179,((10155,(1721,7099)),(11874,(11776,12436)))),(5019,12642))),(13414,((8282,(6228,(13951,14774))),((9028,((6841,8732),(13640,(3501,(2834,5810))))),((273,5060),(((6179,((2539,(7606,8060)),(12594,(328,10059)))),(((10630,13537),(8391,(127,3321))),((3803,12742),(9025,12255)))),(2099,((5799,6986),((9247,11681),((8161,(5549,11548)),(6234,14685))))))))))),(235,(3211,5209)))))));
((((4477,9482),(10017,(2872,((7686,(13849,((9521,(12262,13324)),(6198,(6029,7872))))),(((13131,14359),(571,(2089,(15272,(14306,((11111,11598),(11843,13973))))))),(12895,(((12313,(12904,13855)),(((4736,14165),(10184,14554)),(10527,11607))),((((4600,14191),((7475,(1219,13801)),(1760,(11224,13836)))),(10916,(((4259,(3220,14211)),((2583,14360),(30,8170))),((4922,7789),(10838,11850))))),(1072,6867))))))))),((5270,7993),((14981,((14018,(2641,4082)),(3195,((1454,(5305,7225)),(3292,6826))))),(7822,13947)))),(239,4760));
(((447,4890),(((8169,(161,(1997,14652))),((290,11408),(3816,15182))),(2650,6540))),(9181,((6017,(11001,13037)),((((8359,(10920,(7287,7445))),(((8775,(11008,(14343,(7347,13401)))),(5189,(650,6385))),(1832,(1842,4849)))),(10841,(8351,(((9507,(6126,(9635,(10914,12210)))),((15220,((3433,(10554,(712,(409,15580)))),((14750,((3184,7772),(2263,15147))),((887,7154),(5057,(2944,12450)))))),(4409,(1516,(894,1496))))),((2720,(3052,(11263,13316))),(4025,(4138,11611))))))),(((29,13614),(4312,13581)),(2753,5645))))));
(7035,((13483,(4904,(2804,9683))),(((9375,10774),(((((13998,(1309,(4113,14629))),(5783,((4261,7832),(3215,9660)))),(8504,8664)),((3449,(2885,13176)),(10790,12611))),(((2341,5556),(((((6285,(1720,(287,(5670,9254)))),(3401,11663)),(((3047,(7115,9777)),(9648,(7342,12932))),((609,2846),(9311,12621)))),(((3316,8116),((4745,12296),(638,8486))),(498,(4801,8798)))),(((4879,6308),(1732,12298)),((13621,14919),(3837,11787))))),((3941,(6525,(6430,(6799,9695)))),(12524,(2112,7242)))))),((1281,5231),(13089,13143)))));
((8693,(((6770,((8821,(4901,7434)),(1869,(12113,13917)))),(6847,8393)),((8738,(10183,(11063,12276))),(((6627,(338,10685)),(10487,(718,14489))),(5339,(15135,(((12776,(((((((7013,(13042,(11822,(6558,12412)))),((1701,(((7319,13347),(11035,13295)),(554,7424))),(7405,12197))),((8221,12021),(6977,(6151,(2296,11234))))),(9688,14725)),((1347,(2906,3025)),(10921,((8931,9051),(382,15634))))),(2901,(4248,9671))),((9353,(8669,8971)),(1391,11375)))),(11308,(10895,(12148,(6143,(6988,(4552,12144))))))),(2779,12099)))))))),(5363,14619));
(9591,((((12063,13601),(((8494,(12480,((14565,15031),(171,2924)))),((8475,(3914,(8804,(7460,(((9579,((11581,(839,13450)),((4884,(10203,14421)),((9938,15405),(78,6634))))),(2,((9880,(1052,7777)),((4607,(8912,9595)),(5669,(12324,(408,13571))))))),(12701,(6995,((9441,(15345,(7829,(6458,9365)))),(11596,13469))))))))),(1184,7302))),(14471,((14256,(13631,(5124,8659))),(1988,(12329,(4070,(4374,15657)))))))),(4661,((13380,((3345,7693),(12585,15651))),(((6691,9833),(7019,9931)),(264,(8232,11966)))))),(4305,(3714,12094))));
(10956,(((5803,5901),(5610,7022)),((14916,((5732,9555),((519,6305),(((929,(11082,((((3916,(14850,(7133,(((12359,((11763,(466,11590)),(7295,(11542,((1518,2826),(15295,(11496,(12589,(6187,7532))))))))),(4906,5100)),((9732,11031),(6969,(3471,10538))))))),(462,(8495,12415))),((8059,11438),(671,8922))),(533,13624)))),(6506,14636)),((6734,(2887,(8567,13045))),((13167,(6205,13164)),(5971,(9608,12337)))))))),(((12949,14769),(5387,(1584,(8437,((9278,(3517,(3900,9086))),((3946,4097),((2705,11475),(2420,8505)))))))),(12416,14935)))));
((247,(3903,(2348,9878))),((7968,((7657,(5768,14133)),(9266,12982))),((11257,((6891,((14394,((5119,((1484,(2168,(3609,14559))),(7282,(((((14250,(1199,(9003,11132))),(2931,6745)),((713,(6284,9750)),(4069,6435))),(((916,(10735,(13057,14308))),(7162,12457)),((((2517,(2355,(7800,8637))),(446,5236)),(11169,(207,6088))),(4323,13747)))),((((5599,(11256,12814)),(10126,(13429,(13283,14451)))),(13784,(14261,(12834,12882)))),(11809,(2774,7635))))))),(8400,8932))),(5147,8061))),(12593,((3975,(6177,12343)),(2103,12630))))),(1599,11270))));
(7959,(2247,(6500,(((((((7814,(8803,10776)),(303,2523)),(10414,(1260,15550))),(12779,(3976,8045))),(181,8058)),((11002,((7549,15072),(13376,14300))),(((4131,(((7807,(2903,5978)),(((12007,12397),(1159,6764)),(11604,12425))),((4764,(2268,14328)),(((9483,(5648,(6165,8607))),(13456,(2407,2611))),(((1622,12563),(9319,(9077,(6093,12844)))),(8941,14575)))))),(653,(10386,12127))),((((2495,15498),(10503,(14386,(4733,(8339,11088))))),((9387,(5430,12950)),(8992,(4075,9472)))),((10738,(7314,13392)),(13495,(6515,6839))))))),(471,2886)))));
(4798,(((8831,(4827,((3210,(2118,(1678,(1647,(((1394,5681),(9104,11202)),(407,11699)))))),(8822,(6903,(((11671,(14577,((15671,(7458,(3071,10220))),((8612,10868),(6299,((632,(1453,11733)),(3552,8389))))))),(4973,7667)),((1128,(8295,(7410,8981))),(((((988,(2359,(8988,10649))),(2356,15304)),((2688,(7562,14595)),(7962,11854))),(((2249,(1379,(9526,11865))),(3104,15400)),((8138,9138),((1142,14221),(9049,12793))))),((8428,(271,(4602,6672))),((1877,9222),(1685,(5034,(6590,9838))))))))))))),((3024,15143),(1059,6780))),(6332,6702)));
(4529,((((8897,(9195,(10175,10588))),(138,13355)),(((((6664,(8139,15149)),((15070,(12399,(4888,14403))),(10231,(9232,11788)))),(804,12344)),(12060,(5208,5343))),(6647,(2814,13605)))),((((444,12364),(854,(((((6713,(8035,14671)),((5483,(2088,2939)),((1280,3309),(6012,(958,(11316,12852)))))),(((((3677,(8717,9680)),(11550,(6670,(370,8597)))),(1019,(815,7139))),((9409,15364),(3496,(8877,8962)))),(9607,(3811,7143)))),(2161,(5698,(7008,(2676,6359))))),(4231,((14592,14967),(12649,(1765,11077))))))),(870,5884)),(3067,(6642,14371)))));
(7414,(((9047,(12169,13439)),(((15584,((((6104,(3827,9647)),((10867,13679),(8292,15200))),((1042,(3774,12629)),((7642,(13698,(1210,(12413,12787)))),((9903,(6666,12900)),(11402,(6808,14118)))))),(((3427,10091),((8993,10604),(1567,4270))),((3183,10392),((5828,6931),(10272,(10252,12975))))))),(((10261,((5685,(3251,7233)),(12070,15241))),(12280,((6807,10087),(1640,3414)))),(15559,(10382,11330)))),(((11463,(1120,2999)),(6940,(8918,((5560,12994),(9059,11965))))),(9872,13255)))),(13957,(12924,(((13551,(756,10238)),(9152,9277)),((1018,1724),(9649,11549)))))));
(((13275,(2437,(11545,(15458,(540,9672))))),(13607,(((((8795,((4368,10778),(((8205,(4320,((2750,(975,12120)),((4290,15159),(228,7813))))),(2781,15087)),((((12114,(8364,9141)),(((15374,(5933,14345)),((6325,15401),(3266,(7092,9510)))),(6971,(10068,10981)))),(15000,(13881,(13567,13722)))),(10850,((6007,11296),(350,780))))))),(2248,((5058,5310),(12100,12591)))),(1756,6260)),(((1521,4052),(6304,7937)),((2801,14101),(3583,(2480,8964))))),(((12697,(13262,(12612,(2655,14470)))),(14517,(13588,(11426,(7892,(3575,5606)))))),(1291,4057))))),(13467,13907));
((2206,(948,4683)),(((3994,12881),(3222,(1612,((((7117,(((6041,8425),(4040,(4952,5977))),(3788,(3204,12817)))),((14498,(9994,15421)),(5845,(5608,(2809,(7276,11924)))))),(((14225,15503),(10959,((8771,10301),(4990,(14435,(14228,(6560,12153))))))),(2410,(15567,(3473,3840))))),((12442,13480),(9585,(892,14574))))))),(3604,((2757,8558),(15367,(6271,(((2952,(4442,15537)),(118,(2097,9234))),((5412,(6503,10124)),((952,((1354,2865),(10009,(13758,(12351,14827))))),((11570,(12761,13279)),((2129,5999),(13181,(8476,((4635,4674),(5694,(8075,11869))))))))))))))));
(2085,((3244,9359),((5342,6516),((1064,2200),((5299,(7288,(7114,(11933,((14123,(12109,13943)),(10616,13391)))))),(13515,(14416,((14144,(12155,(11134,(((6459,(1793,(3936,(670,4236)))),((((3529,(6433,8280)),((4945,10318),(13382,(3185,5470)))),(7107,(((6336,13073),((6564,7556),((14068,(2208,2832)),(4824,(11839,(8632,(3715,10890))))))),(5862,(3970,((4280,5002),(3086,4806))))))),(7028,(6523,13642)))),((4504,(7948,8622)),(5957,9717)))))),((1986,(5695,(13299,(1051,((11647,(288,755)),(9928,((7023,8214),(8943,14908)))))))),(4350,(2576,(2487,8640))))))))))));
((4247,(((11119,(7724,(((7594,9444),(((9103,(6300,(12945,13154))),(1863,(1672,7291))),(8233,((7545,11260),(2319,((12988,15611),((7366,7719),(4678,(7503,14054))))))))),(((2006,4309),(3304,(11660,(2953,11691)))),(15192,(9004,13573)))))),(1972,(13163,(7429,(758,13930))))),((((10384,(5020,11403)),(4481,(5564,(4084,11318)))),((12692,(2454,6159)),((7194,12592),(9885,12422)))),(((2982,14450),(10159,(5649,6382))),(10062,(1253,((((11303,12661),(4298,(7920,(5941,(6755,13194))))),((7358,10037),((8258,(14904,15665)),(6843,15469)))),(10535,(2101,7180))))))))),(15389,(4981,12669)));
(12491,((((5481,6591),(6286,12183)),(((((2687,(7728,(2770,3009))),(8220,(198,3299))),((4575,14002),((9558,(1273,10171)),(185,7462)))),(13096,(14237,(585,6769)))),(((((7561,15674),(((7987,(15001,(2404,(5389,10845)))),(2927,13636)),(744,(3402,7915)))),(12954,(3592,(6083,12089)))),(12203,((11137,(141,15289)),(8357,(556,(381,(298,13554))))))),((((1324,(10340,(6987,9644))),(5309,(5881,(5406,14320)))),(10495,(1434,2618))),(8478,10700))))),((((768,15526),(4516,(1262,11191))),(((8685,(4797,(11579,15473))),(15253,(4917,12837))),(10463,13978))),(1817,(6610,14563)))));
(((((3960,11228),(13367,(11431,14998))),(((7852,14199),(4104,7098)),((18,(1524,3238)),(1699,14175)))),((3530,(12320,(((14734,15317),(834,10143)),((1372,(474,12254)),(3459,((7149,14946),(6463,(66,5471)))))))),(5705,(13122,14339)))),(((13912,(13628,(5318,9948))),(4387,((2282,6404),(8211,8684)))),(8310,((2119,7446),((380,414),((7801,(14181,(9925,(2646,(9052,(10494,12877)))))),((1652,(6488,(5851,13312))),((((5146,6606),((855,7039),(10576,12584))),((6534,(3997,10145)),(11167,(2373,9897)))),(9837,(10665,(((6624,8147),(1591,12688)),(12015,(8010,15312)))))))))))));
((1844,((12998,15328),((6346,(5425,(((5880,(((4241,6878),(1330,2835)),((5571,8156),(5656,8423)))),((5464,(13717,(2162,4257))),((984,(10057,13596)),(((6096,(1553,12247)),(10509,(((7965,13415),(3452,8324)),(4867,(2990,5579))))),(((12647,(4817,5352)),(((1407,(7590,15172)),(10066,11652)),(341,(4461,10954)))),(3418,(9239,14972))))))),((12668,(1506,5667)),(((((13827,(3956,5988)),(3836,6019)),(2205,13396)),(11227,13593)),(12383,(15457,(1910,2900)))))))),((((4651,13829),(779,10214)),((12645,(6146,7338)),(3503,12449))),((7369,8570),(5184,(2678,8844))))))),(6980,(6057,(6872,12968))));
(5457,((1194,13835),(3230,(((((7880,15563),(1680,((10629,13657),(3962,7691)))),((7650,15136),(8172,(5159,11957)))),(5053,(2629,(1175,14873)))),(((8653,(10619,(14109,(11502,(4757,4810))))),(7985,11421)),(9734,(((((12677,13315),(13067,(9035,(3527,(6955,10294))))),((8749,((((2771,(1759,4916)),(8811,(5520,13639))),(12958,13757)),((12999,15333),((((5294,(8820,(11288,13739))),(8275,8589)),(3371,(12985,15600))),((((2496,9405),(1683,13046)),((3728,(3301,4452)),((9460,(3169,6408)),(4397,(15217,15601))))),((13036,14197),(12426,(3868,5452)))))))),(7222,13555))),(9275,9773)),(3762,14647))))))));
(510,(((2308,15656),(((15021,(2191,5260)),(((((2725,3132),((8791,(8864,13473)),(10546,14626))),(10971,(3437,13032))),((11698,((12175,13385),(400,(7972,13251)))),(11076,(14038,((10960,(41,5898)),(3700,(4780,15279))))))),(9888,(389,14679)))),(4805,((14492,(9614,10681)),((311,496),((9674,((((((10039,(4163,13342)),(14449,(10818,(5761,8031)))),((7476,(9716,(1645,3013))),(14834,(10444,15358)))),(((3273,10519),(2204,11381)),((15417,(11299,14532)),(5049,(1222,8902))))),(2380,10980)),((2713,(7034,8880)),((125,(7321,10076)),((7845,11760),(6649,12626)))))),(15088,(2262,11830)))))))),(4054,8624)));
(11823,(14392,(374,(8676,((((12165,14520),(3871,(2860,12679))),(136,15408)),(2877,(14757,(3118,((7779,(3026,((3726,14512),((((2132,((11984,(15532,(74,(6469,(12483,14699))))),((8433,(13811,(3985,7699))),(6452,(9082,12965))))),(((5965,(8792,(((9380,12643),(71,9742)),(1932,((266,(2276,15420)),(6582,15412)))))),(((7480,((2555,(335,3738)),(4512,8731))),(5646,(10240,(13021,(4497,15202))))),(11459,(14690,(13833,(13378,(8896,9990))))))),((1886,2461),(5311,(11944,(2793,9970)))))),(3246,(14737,(9851,(1039,10053))))),(4850,(14176,(1676,((2938,10399),(11043,11309))))))))),(15521,(1284,2674)))))))))));
((((4837,(5727,(10309,15299))),(13950,((14524,(5807,12689)),((1232,(((11792,(((3384,(4617,((6004,8787),(9564,15572)))),(13505,(173,(4627,(572,2038))))),((7421,10002),(11964,(431,(6342,6575)))))),(1976,(12385,(7716,8215)))),(10011,11870))),(12665,(13868,((8667,(1377,((2287,(5261,10170)),((8023,(5835,8642)),(6391,13204))))),(6145,(12782,(5153,(4541,14034))))))))))),((13265,((3072,(99,15115)),((((4026,11113),((9346,(15206,(3202,14939))),((4175,5021),(15231,(1922,4710))))),(10904,(1411,6533))),(13195,(2582,4987))))),((15414,((6155,10742),(15196,(3021,(3014,4282))))),(12933,15627)))),(7257,9179));
(8617,(((7505,11250),(((8900,(1704,((12150,((8646,(2638,11729)),((((8448,(6626,13781)),(3661,(1538,(6791,8927)))),(10021,(((7818,13794),(((1148,((10651,15334),(4176,9637))),((1008,(12724,(2908,9148))),((7502,8218),((3197,(203,15565)),(5725,13236))))),(10000,(15416,(4741,14362))))),(9933,13923)))),(7593,14066)))),(((2023,(5839,12139)),((2426,9162),(1781,10253))),((771,6335),((13135,(9312,14770)),((4460,(4376,6653)),(5130,(12634,14809))))))))),(9357,(6485,12646))),(1011,6188))),(6904,((6901,((8564,(7027,9632)),(10511,(1165,11667)))),((3894,14141),(((8473,(2409,8159)),(480,1868)),(10001,15428)))))));
((1569,(((2244,9873),(10488,10752)),((((6703,(5341,11640)),(12103,((6493,((5432,9982),(860,10886))),((6832,(5126,(6227,12691))),(6204,((2048,(11161,(11245,15551))),(11919,((11348,(816,9001)),(14454,(((8003,14169),((233,15386),((187,5349),(7350,8935)))),(6793,((10374,(4333,10610)),(((6365,(11824,15576)),(((7132,(13289,14976)),(12159,(1504,1519))),(5195,((4816,7731),(1602,3752))))),(918,12540)))))))))))))),((1270,((6965,(3621,7406)),(13970,(4310,7569)))),(1073,2017))),((644,(2666,11469)),(((3794,11141),((6412,(8557,14672)),(2008,7636))),((8366,(8724,11992)),(1856,(10137,12995)))))))),(11251,12193));
(773,(((10714,(8293,(7875,(((((14536,(1397,10857)),((4053,13205),(7455,(10732,14601)))),((13087,(2899,7047)),((8768,(2769,10827)),(10202,14666)))),(217,((13770,((15377,((5514,(14953,(15252,(((14173,(7323,14414)),(7624,11831)),(((9396,(8769,13656)),(11655,((14473,(14610,(9438,(461,3356)))),(15326,(7683,13750))))),(8235,(1575,12133))))))),(1087,10242))),(((8018,(3544,12997)),(9724,(7184,13718))),((12362,(5403,13149)),(1093,(137,2428)))))),((13572,(2169,9070)),(614,8126))))),(9843,(7095,7150)))))),((10889,(4161,14930)),(5836,((3667,8817),((9545,(11931,14271)),(3993,9218)))))),(15369,(15553,(8432,10627)))));
(5512,(((11164,13425),(5205,6174)),((12400,(6097,14928)),((6275,((((503,(1741,(11504,(5948,(11243,15186))))),(15254,(5919,(6194,7197)))),(((3775,(1816,6401)),(2570,(343,9308))),(10425,(((867,14516),((3145,13592),(7267,14633))),(4985,14558))))),((8586,(1398,(11686,15390))),(10614,(2852,12486))))),(15325,((9184,((5492,(3254,(11572,(7950,(11932,(5135,12979)))))),(506,1849))),(12838,((((1278,(2902,13550)),(2682,(5474,10128))),(((2490,2964),(14835,(10224,11610))),((7431,7591),(7254,(2212,14070))))),(((578,(10391,12716)),(1428,10034)),((2501,(4005,(720,1992))),((7348,10615),((2299,12427),(1617,14375)))))))))))));
(((291,6882),((6719,14155),((((1227,15191),(((3637,(5445,14508)),((((2531,5924),(1505,5500)),(2941,(1016,8712))),(((6149,10127),((1119,10684),(1470,5751))),(13431,13674)))),((3594,3778),((12940,13633),((6120,9916),((13201,14071),(4324,12308))))))),((7949,(((4203,8708),(5900,6804)),(4501,14686))),(((1139,2605),(((13306,(3439,15059)),(4288,14988)),((((5587,8117),(866,12040)),(1385,10188)),(12977,(6116,14318))))),(11978,(7835,13478))))),((5626,11710),((((139,11454),(4535,7269)),((10978,13346),(5347,(12542,14746)))),((7256,((9687,11539),((3710,11200),(492,13604)))),((12534,13264),(3050,9453)))))))),(6011,13632));
((((14058,14293),(5508,15180)),(((((4343,4556),(2289,13852)),(((9158,(8193,10836)),((11947,(14322,(12969,(385,4098)))),((9157,12083),(11390,((4114,((13602,((129,((379,1106),(6246,(((10052,15338),(4325,(368,10244))),((13980,(3638,10878)),(5618,(3314,((3028,(10860,10866)),(1752,(199,(636,(2423,7943)))))))))))),(14831,(5369,(14950,(1576,8372)))))),((((2374,3138),(15205,(7708,(8231,10787)))),((4326,11332),(344,(13434,13840)))),((3328,14246),(7876,(13047,14178)))))),((8739,15534),(3019,14876))))))),(851,(10467,13577)))),(1062,14309)),(1078,((2154,3120),((13848,(2391,2527)),(9075,15239)))))),((4819,15388),(5701,5964)));
((((7608,(9835,10539)),((2235,15166),((8238,10429),((15573,(1675,9362)),(2714,((7182,(8629,(15578,(14956,((15368,(15608,((10182,(14495,(10097,15502))),((((((10075,(3508,(9126,(2983,5785)))),(1135,(5123,7078))),(11871,((1966,10096),(2124,2573)))),(13276,((2063,(693,(3134,(6388,6442)))),((1928,2721),(10962,13594))))),(((((8080,(9159,12861)),(7919,((5018,11913),(8952,(4119,14353))))),((4431,6710),(2237,11195))),(5301,5930)),(14841,(15562,(3136,4200))))),((2696,6736),(7262,(8947,(1252,2565)))))))),(4420,6390)))))),(8388,14462))))))),(10201,14688)),((4666,(3228,(2067,5834))),(5461,((4966,8662),(14836,(4453,(14048,15635)))))));
((((((7925,(3800,8150)),(1176,9320)),(((6262,6700),((79,12398),(211,1001))),(6789,(10898,(3887,7685))))),(((((6432,13927),((2451,9783),((8073,(13959,15105)),((14530,15347),(5217,7266))))),(6330,15423)),(11701,((6406,(3516,(4524,15465))),(9723,(15145,(5742,8782)))))),((4458,9759),(7345,(((6316,15522),(2658,(11770,14547))),((390,15555),((7565,13885),((14787,(1973,12695)),(495,8257))))))))),((((((11514,((5793,(11335,13225)),(979,6921))),(8522,(10801,(6186,(5312,6049))))),(8329,(10800,(4938,(1076,12963))))),((15189,(4023,13104)),(356,2613))),(10789,(8848,(11628,(5047,6729))))),(4947,(7057,14607)))),(13746,(5949,11455)));
((((1725,(9797,11352)),(7443,15052)),((9467,13361),(11815,((14906,(690,10788)),(8414,8535))))),((((11225,(791,(3640,8444))),(((((((((12455,13387),(((5765,8987),(1053,11313)),(3078,8923))),(3863,11524)),((14551,15265),(1639,1656))),(6208,9735)),(((((10508,14937),(15605,(8720,(377,3307)))),(((2273,6568),((((3398,13549),(8100,9826)),(405,3463)),(7740,8874))),(4859,(3381,7456)))),((3103,5137),((9143,12972),(10747,14795)))),((8151,((812,9984),(12541,13831))),((14576,(4592,13056)),(6476,15450))))),(3578,12718)),(4372,9761)),(5293,10739))),((((3258,6733),((238,8556),(3249,7355))),((13261,14511),(4699,13556))),(106,15633))),(9907,15637)));
(((4153,((3652,(12856,((((2309,((((9939,15425),(4999,9223)),(((4151,11447),(581,13853)),(7448,(1509,5441)))),(12663,((5385,(3435,14708)),(1392,14442))))),(5196,((((11419,(11685,14645)),(5143,6851)),((9935,(6411,13188)),((4844,10464),(543,14079)))),((84,643),(((10067,(15330,(9978,(1140,10990)))),(3853,((5332,15168),(9019,(1212,(3272,(803,8815))))))),(13766,(2403,14113))))))),(1348,3077)),(6034,9083)))),((((1023,4178),(6309,9895)),(7658,(3723,7666))),(((4188,5529),((10483,(6407,9089)),(12617,13664))),((12508,(11108,(659,3859))),(4949,7911)))))),((4719,15556),((5191,(10213,11773)),(5596,11298)))),((9547,(11709,(1164,13320))),(7577,(305,9226))));
(((11006,13485),((4404,14102),((6171,12784),(((1048,(6722,((((3763,(7701,9641)),((3947,((2022,5107),((((7991,(9908,(8528,(8133,14240)))),(15306,(2203,6409))),((((((219,12435),(7301,7742)),((3581,12185),(9344,15440))),(7785,(6850,(7838,14694)))),((1012,9606),((2506,13020),(5460,15688)))),((13713,14103),(6032,8955)))),(545,(8026,(((8284,(2317,(1279,3476))),(651,(15259,(9434,9584)))),(11785,14620))))))),(6416,(11562,(4255,8816))))),(33,3586)),(637,10205)))),((7544,(4629,(2973,3007))),((2560,7751),(10702,(11310,(2462,6033)))))),((((13619,(4680,15117)),(12350,(6798,(8078,(8141,15661))))),(14285,(351,8531))),(3092,(2665,12847))))))),(4691,11240));
((5216,(7735,15427)),(((7815,(5569,6251)),(13880,((2188,((6056,(5006,12734)),(549,(6209,13565)))),((6726,10657),(3588,6735))))),((((1415,13730),((3533,8835),((1459,(6460,(9926,12555))),(((3470,4147),(2274,6686)),(4215,9583))))),((253,8994),(59,(1203,7166)))),(7473,(((7109,(((8081,(2297,6427)),(6266,10080)),(108,(7190,12839)))),((2408,2577),((9487,9918),(2816,(7677,(11014,13330)))))),(((10457,(2792,(2332,(11946,12192)))),(((410,7492),(10675,11396)),(((11586,(5811,(1696,12317))),(14959,(16,7330))),(4437,(11051,((((3801,13411),(5097,11404)),(11017,12479)),((5037,(2754,5916)),(5589,13270)))))))),(11738,(10746,(269,(9274,(6225,10771)))))))))));
((1384,7080),(9793,((15329,(9404,10740)),((12088,(2562,(990,11338))),((11665,(3357,11121)),((6773,(6615,((((14509,(12092,((1657,((6095,12036),(11700,((5488,10246),(((((14422,(660,1540)),((((11563,12137),(711,8574)),(6344,(2312,14412))),(4759,8007))),(1247,((11513,(1259,11677)),(3135,5734)))),(752,(14833,((6354,9802),(946,8459))))),((14230,(13145,(5268,6448))),((14461,(406,14493)),(12501,(12282,14936))))))))),(((4681,8175),(3589,5895)),(2245,12218))))),((8920,10042),(6010,(5023,12128)))),(8493,(8743,12346))),(13412,(1462,9383))))),(((5323,7237),(12250,(3943,14434))),((1487,15512),(13645,(6035,((8355,(14252,(3590,12535))),((7746,14248),(3611,13728)))))))))))));
(13528,((3447,((8800,9556),(8549,12873))),((9769,(11561,(3044,(8191,13685)))),(((8070,(104,(7079,(6168,6358)))),(12093,((4406,8682),(((((100,8604),(2318,3911)),((14108,14598),(2414,11673))),(((2354,(1913,14761)),((981,(5623,14858)),(15232,(4202,11291)))),(3647,(13086,(5614,9957))))),(((12528,((4826,7830),((5657,(10668,14635)),(8553,15040)))),((14336,((3852,11138),(4865,10306))),((((827,(10887,((14027,(12448,12739)),(3486,6571)))),(9121,(13435,(1361,15003)))),((3998,(9534,(2930,11064))),((5855,(1792,(5553,(1306,5639)))),(15025,(3125,10765))))),(8647,(8919,(4062,((4946,5603),(3683,6378)))))))),((7811,14086),(7250,(2126,9395)))))))),(10678,(5273,13733))))));
(11810,(((1287,4143),((12264,(11098,(((14469,(13539,((11135,(7207,14429)),((((7467,(9324,10833)),(1835,2538)),(12432,(14871,((10403,12019),(12715,(574,3409)))))),(((9316,13394),((4894,(14822,(1127,5840))),(14621,(987,3920)))),((((13339,(13075,13398)),(13926,(5507,(10186,11415)))),(10561,(3722,11585))),(2277,3124))))))),(4445,10210)),(3799,(5379,(10469,(11878,(10133,(6849,7521))))))))),((683,13703),(4746,(7168,(1388,(3227,4204))))))),(((1191,(6372,((((597,14295),(8226,13062)),(6732,(6389,(1749,3817)))),(6192,((876,13198),((555,11645),(875,9962))))))),(8442,15610)),(249,((7201,((14999,(4502,14148)),(6889,7617))),((14000,15165),(15398,(5716,(2458,12141)))))))));
(19,(((((6782,(14163,((3445,4046),(1167,12260)))),(3600,(9349,(1632,13448)))),((5686,(3360,9339)),((7253,7397),((8633,12713),(((517,(10283,(9058,13174))),(674,6547)),(1549,(13890,14278))))))),(((9623,((5896,(7939,(2733,11271))),(10972,15061))),((10664,((2910,9270),(589,(9164,(10496,13173))))),(((10751,(8005,(7828,(1099,7981)))),((((12911,13536),(9300,9727)),(13575,(7783,8345))),(620,(7758,14490)))),((3400,(6050,13535)),(((5337,((5730,(7148,13955)),((3241,13529),(3231,10709)))),(((2010,11432),(5718,15240)),(3938,13132))),((6235,((5525,9449),(1390,5505))),(6756,9338))))))),(((5284,13475),(3490,(167,15242))),(5181,(10880,(4848,14376)))))),(9968,(13964,14728))));
(((13558,((((13005,(((35,4540),(3271,10946)),(13613,15418))),(13953,(8403,(1930,13168)))),(15048,((1045,11713),(1292,((((3053,(538,9376)),((6637,(2215,10598)),((((1096,11784),(4141,14788)),(4267,(934,(682,7841)))),(2780,(4965,((11034,((14160,(1382,3177)),(10862,14742))),(1762,9950))))))),(((5227,(561,(531,3810))),(2513,((8036,11036),((12632,(1091,11266)),(10906,12559))))),((8053,(13117,(9276,11973))),((8867,(1177,3697)),(1054,(10819,13660)))))),((1285,13341),(1840,9007))))))),(13898,(5402,11753)))),(((7186,(8124,(513,14382))),(6447,((3179,(9737,(2210,(7363,13983)))),(2327,10876)))),(((5864,5982),((4032,9492),(3037,5101))),((7084,8828),(5747,7926))))),(11100,14080));
(6784,((14719,(((10122,(6859,(6856,8338))),((3597,10734),((((10419,14114),(6593,8365)),(14678,(898,8719))),(((6267,14808),(4456,(895,8969))),(((13899,(11089,15158)),(3617,(8498,11953))),(10104,11988)))))),(((10852,(6776,((9040,(10722,12244)),(7228,10351)))),((4245,6136),((((8539,(12757,15106)),(4,13331)),((3745,14433),(((263,(3407,5885)),(11601,(8674,((3186,7163),(14934,(4284,10724)))))),(13224,((7069,(13658,((347,10741),(8353,15539)))),(14087,(977,6601))))))),((6273,13014),(6044,(12062,14701)))))),(((12652,(3099,9037)),(1236,10799)),((6816,(1216,13609)),(((11890,14703),(((2548,(212,7859)),(7144,(10431,15017))),((1568,3727),(1520,7966)))),(3260,(8551,13271)))))))),((7423,10851),(7494,(6537,9517)))));
(10764,((7884,9370),(7690,(5388,(((5952,(6698,10875)),(11587,15488)),((4009,8223),(14337,((((11268,(1929,15496)),((439,13310),(6398,(6233,9763)))),(14961,((((1387,(7808,(4539,(615,1420)))),(((2694,(10603,(11062,13780))),((2584,6667),((6943,11723),(7280,11461)))),(11437,(1915,6611)))),(2285,14117)),(12605,((11690,15183),(((9251,((13820,(((3870,6748),(7210,8625)),(15228,(2922,8328)))),(7535,(11975,(8062,10917))))),(1882,8200)),((((((14929,(12704,(865,2749))),((13924,(11446,(6375,7371))),(14522,(4626,(2158,(5759,13960)))))),(7243,(1,11489))),(5087,7011)),(((582,9289),((((2055,6005),(5865,14824)),(9801,12532)),(6894,9032))),(11294,(1609,9752)))),((8120,10102),(7097,14943))))))))),(2684,(7695,9230))))))))));
(4274,(4777,((11609,(((((2300,(6338,12394)),(((((5956,12800),(9996,(4862,((3172,9394),(2491,4367))))),((14970,(2673,(15641,((8441,13842),(521,12424))))),(13891,14388))),((8762,(4065,6902)),(3303,14804))),(7470,(11487,13767)))),((15308,(7273,(7439,9227))),(((9192,(15335,(3671,7654))),(((13238,(903,4154)),(8196,(1337,(130,3968)))),(((14918,((13510,((1331,7540),(5955,13708))),((((732,2292),(9504,12550)),((11283,(72,743)),(12518,14843))),((10398,14399),(5541,10304))))),((12014,(7554,13162)),((14441,(2926,(2150,14210))),(1574,(11971,((15504,(8154,14778)),(6108,7418))))))),(6249,6250)))),(3495,3957)))),(14227,((6067,(3833,15227)),(6294,(11754,15579))))),((11190,13993),(2521,15178)))),(2987,(3302,(1550,7668))))));
((15434,15648),((9896,(4189,6031)),((((4728,(955,(5741,6471))),((13282,(8651,(6970,(15558,(4980,10285))))),((2310,15107),((1595,8733),(14276,(6462,10970)))))),(((1267,4887),((14120,(8793,13462)),(14921,(((8939,(5501,(1692,(1775,4864)))),(3742,((4672,(6723,(9084,15552))),(4958,(11337,(14483,((309,(((5076,6045),(9541,((4786,9998),(4411,10024)))),((4252,(4839,(10413,15170))),((((((1308,(15468,(9780,15266))),(((1697,12013),(7335,10647)),(4103,8143))),(869,4752)),((6138,(4485,13663)),(13348,(7576,14247)))),((5638,13850),(7824,(5539,14503)))),(7653,(3110,7744)))))),(679,(2630,6665))))))))),((11963,13077),((1423,8166),(7980,11166))))))),((13231,(1172,11740)),(3063,6000)))),((7474,(8465,9696)),(14780,(4781,12441))))));
((((7384,10692),((9590,(6680,15181)),((8670,(149,11369)),(1917,(((5048,(8449,10433)),(14842,(5257,((12191,((9132,((14710,(4522,13009)),(8228,12471))),((13039,(7662,(174,15065))),(5712,(5962,(3155,((7450,10529),((((11651,11704),((15045,(2946,14363)),(13705,(6217,(5444,9410))))),(5889,7453)),((((14971,(1833,14926)),((2606,(6532,(3082,7765))),(9332,(2046,14267)))),(((4550,((2580,9098),(5115,7501))),(13352,(12705,14229))),(7036,9262))),(5413,5678)))))))))),(13405,14090))))),((6743,(15246,(5011,((5652,((2015,7583),(7672,12797))),(1043,12641))))),((9206,(9093,(664,1604))),(14707,(10335,((4286,7900),(2388,14260))))))))))),((((3235,(4924,8250)),(5335,6439)),(13638,(430,2233))),(4677,(13846,(14882,15049))))),(2419,10925));
((12322,(1134,(1955,5752))),((((((8358,(2536,(4402,8440))),(((6444,10204),((2812,13007),(10342,(13068,13454)))),(721,6030))),(535,(((4921,(6706,10698)),(8245,(10099,(((((4582,9185),((5876,7303),(13369,((2612,(4976,8313)),(12488,15442))))),((((8082,(13000,(5496,7071))),(6283,7152)),(3904,9326)),(7447,((2117,2836),((5897,(14807,15393)),(9621,(3311,12301))))))),(14361,((2861,10192),(5870,8635)))),((4150,(9744,(922,(8898,(8784,9021))))),(3573,9009)))))),(((2164,((4521,14074),(2571,(544,7116)))),((44,12052),(1726,11694))),(6495,(13715,14614)))))),(10337,(1606,14481))),((10032,11075),((11027,11287),((5258,(5675,13742)),(14106,(5635,14061)))))),(9704,((11771,14069),((4565,((8545,(7849,10418)),(2664,12636))),(2011,13254))))));
((6492,(5075,(359,12658))),((7643,(((6380,(((7493,13547),((13999,(13259,15403)),(3917,4506))),(((2131,4789),((2626,4426),(15140,(11096,(1029,4278))))),(14692,(9919,(4101,13667)))))),(((((6864,(2934,(2001,13906))),(3507,9139)),(12648,14400)),((6644,10166),((6628,(1381,8317)),(676,((7725,14606),(9819,12937)))))),(7003,(944,15214)))),((6759,(((((9313,10951),(6362,14132)),((15640,(1665,13235)),(7727,11372))),((10690,(4182,8453)),(4548,7265))),(276,(8606,(5757,13545))))),((((4438,(1207,13372)),(14326,((4713,7802),(11972,(4355,14740))))),(1301,1440)),((5809,((7435,9867),(9161,(3821,(766,9166))))),((11476,(6852,(5353,10983))),((10069,(1413,6112)),(4527,12672)))))))),(((14657,(2163,5421)),(12026,(5042,5650))),(6999,10223))));
((12336,12396),((10491,((6079,10871),((5981,(((5516,(((((8016,(7172,8502)),((5566,15396),(1237,11982))),(5263,13136)),(6781,(69,(11272,13116)))),(((9902,((1968,9457),(8243,15510))),(2275,(2994,(5077,(5641,9194))))),((((14262,14767),(6959,(((77,13337),((25,15477),(5321,9450))),(3182,12569)))),(9187,11073)),(11578,((1393,6648),(13945,(10251,15307)))))))),((7916,(4419,(2478,14986))),(((1234,(8320,8972)),(5001,(12395,12781))),((836,(8663,10524)),(4928,(15614,(2935,6296))))))),(14812,(5307,13929)))),((13354,((((82,(9712,14806)),((4883,7123),(857,11838))),((4941,5711),((13012,13994),(2295,3616)))),(4720,4963))),(6536,(((1430,13525),(15344,15429)),(15294,((6632,15179),(9038,10760))))))))),((11471,(1146,1979)),(10626,(5570,(2399,10861))))));
(10986,(((((((12462,(4480,5499)),((9946,13103),(1552,(8496,10775)))),(5290,13940)),((8264,((3591,(838,11040)),(9352,(281,13210)))),(7960,(155,11112)))),(((((5174,((5604,(500,10271)),(12361,(261,12544)))),((4055,(3548,7945)),(14288,(13720,(10772,(15318,((12991,(8489,8982)),(147,8501)))))))),(3280,((7843,(1143,6512)),(1482,13228)))),(15104,(10268,11302))),((3046,(1891,6777)),(8252,(14713,(3123,(3921,(13486,((4725,10083),(1583,9722)))))))))),((((((458,13866),(9949,11480)),(14381,(6561,(14752,(3649,5824))))),(8285,(4684,12222))),((2130,(1679,15134)),((7592,8149),(3219,(704,13420))))),(11882,(4555,(14653,(3624,(10255,(3412,10264)))))))),(((2445,(3059,(6191,((3806,5986),(2502,8837))))),(13493,(9249,(5969,(10939,12892))))),(4132,(853,6730)))));
(616,((10806,(1845,(11912,(11470,(7169,(14,4378)))))),(((9747,(9307,12898)),(((((3925,12025),((2978,7696),((13426,((1321,(1404,((((9836,((7890,(5303,(5931,9024))),(2134,8809))),((3337,11949),(((2222,8443),(9403,(11363,(542,(1186,14638))))),((12305,(10138,12274)),(14535,(13267,(1948,5729))))))),((2870,14172),(12110,(5918,(4771,(6827,15387)))))),(7391,10589)))),((13248,(514,7500)),((13991,(2084,(1853,15642))),(2758,(2049,(9131,12073))))))),(12079,(7468,8297))))),(((1109,(8140,14039)),(14171,(2185,((((6311,13587),((4039,12065),(7393,12423))),((5067,13652),(6008,14514))),(7049,(6762,7810)))))),(10892,(8069,((10356,(10079,11908)),(14693,(1163,(2270,6676)))))))),(11827,13711)),(((1448,4866),(7596,7905)),((15114,(6214,12106)),(12157,(1627,12174)))))),(277,8627))));
(8179,(((((((7247,((5088,15176),(13737,(3719,8460)))),((((1764,(9992,(4107,(2627,11199)))),(4875,(7118,(9779,(14743,(808,8186)))))),((7971,((8890,((6,9107),(7796,(628,656)))),(2095,((9628,(6048,(((8380,11779),(1488,(1349,(14047,(9630,13370))))),(11923,(6912,(3450,(8011,(2193,((((((13659,15675),(2441,(13779,(9566,(3296,(3733,13177)))))),((2651,15229),(15002,15319))),(10822,(4475,5381))),(1157,6679)),((8893,10314),(4405,8362))))))))))),(10718,((2509,(645,9210)),(((11236,(608,13734)),(((26,13182),(1057,2184)),(2789,4571))),(7846,(3627,11376))))))))),((8160,(924,11712)),(485,2599)))),(4656,(10558,12375)))),(5395,(15285,(5594,10547)))),((9233,14634),(3393,(6040,13569)))),(1047,4254)),(2479,(2172,(2977,14224)))),(5114,(1746,((5250,(4659,5974)),(14333,14852))))));
((4093,(((12001,14877),((((2470,15664),(12809,(11394,(573,4234)))),(14801,(12325,12477))),((((5433,(10013,14367)),(2704,6051)),(5915,(9202,(2223,15375)))),(11836,(7292,11211))))),(((13481,(7104,(((5815,6683),(5249,13218)),((14781,(596,605)),(613,(1299,11926)))))),(7433,(((((((5873,7112),(2170,(12984,14655))),(14062,((3642,12384),((10622,12047),(8127,10782))))),(((9259,15224),(4250,(((((11042,(6727,7147)),(9318,14321)),(11837,(4508,(14131,(7609,11505))))),(1248,(1046,3315))),(1288,(9995,14674))))),(6557,(8855,12560)))),(5816,(1310,6215))),(9753,15384)),(5289,(((((2440,(11056,11751)),(8613,(1009,(5043,8421)))),(15547,15680)),(10885,(11606,(3963,6091)))),(1548,((342,(5026,15027)),(((14525,15286),(6897,8727)),((2775,12284),(646,7140)))))))))),((3128,6202),(5602,(7924,15248)))))),(3889,12064));
(1876,(6592,(9097,((4930,(13280,(13249,(3112,11267)))),((((((((7879,8399),(3180,((((5769,(6641,(4696,15413))),(14869,(((11898,(3253,(13363,13976))),((4221,6539),(11468,(2360,5819)))),((((((9248,(6238,(15133,15625))),(921,5226)),((3152,10504),(4396,5932))),(3565,(5764,9821))),(5912,13540)),(6761,(191,1366)))))),((14445,(2726,3669)),(((((7833,8084),(10278,((2534,5382),(10477,13189)))),((8780,(2220,15548)),(3068,6618))),((1938,8764),(5975,(8673,(8142,11736))))),(10743,((12919,(6450,11866)),((168,11067),(12465,(7215,12513)))))))),(13043,((537,7300),(6369,12323)))))),(886,((7747,(9703,(8946,(727,(4157,8600))))),(14052,(38,11662))))),(14567,(1653,(5136,((4116,8657),(10262,11093)))))),(6829,(355,13888))),(2889,(2500,4787))),(7056,(10063,(10227,(14727,(7451,(2975,11118))))))),(5620,(8823,14602)))))));
((13650,(3363,6318)),((((1193,9814),(5086,11835)),(((((4598,((12583,(12495,(888,4633))),((2473,((10967,(1508,4658)),(3295,13731))),(2190,3441)))),(3523,8915)),(1436,8581)),(9109,12785)),(((2125,(8841,12253)),(2828,6915)),((14036,(1860,6609)),(4276,(209,((((13533,(((5428,6218),((((2709,(7944,9760)),(8291,13689)),(13214,(5584,(7134,9832)))),(12380,(932,9791)))),(691,6510))),(8758,((2434,(4929,5531)),((10652,((4076,(12828,((12196,(4878,((((1522,10552),(6821,12640)),((3484,10795),(((8575,(785,9305)),(13984,(7012,7817))),(11553,11801)))),((4281,5317),(8517,((10500,(4239,7200)),(4391,12239))))))),(12947,14993)))),(7791,(1249,(9443,(5113,9951)))))),(2604,(252,(12850,(5391,(223,(1061,(8111,(1767,12439)))))))))))),(11185,(2819,5515))),(2879,(10877,(12610,(734,15260))))))))))),(10623,(760,3695))));
(14316,(((117,(14857,15370)),(8199,((5078,((14561,(3334,13128)),((1368,11306),(3572,(1981,((7326,(2617,4225)),((4002,10082),((7488,(((15082,(4136,12690)),(((((493,9665),(5651,9010)),(9322,(3478,(12786,15156)))),(15112,((14500,(2494,((14644,14892),(8579,11576)))),(2477,12309)))),((((4199,(1961,9861)),(7688,((1763,6289),((10991,((2680,12912),(7953,8592))),(1190,8512))))),((((14452,15012),(11633,(9891,(6127,11658)))),(1192,(13006,(9574,13166)))),((14878,(1969,4931)),(11707,(3159,(((3043,(9011,15142)),(750,13753)),(((4653,11697),(2601,9869)),(4749,((7137,14358),(237,5079)))))))))),(2323,(3069,(10355,14355)))))),(12044,((1989,3826),(5857,(11293,(4578,5392))))))),(((6098,7797),(6802,(4249,(6119,13061)))),(5530,7729)))))))))),((6282,(7652,14466)),((8997,(11620,13956)),((394,(1943,12463)),(2610,13982))))))),(4020,(1965,11259))));
(6312,((8301,(3146,(((2146,8097),(((2199,(7167,(8608,11280))),((14502,(3814,6792)),(8155,10514))),(658,(5448,7231)))),((((213,(6933,(13227,(1201,14790)))),(8996,12756)),(11726,(5453,(2385,8742)))),((11720,(1926,13233)),((7223,15209),(((((5580,(2681,10537)),((3010,11048),((3922,(5237,8424)),(6887,11501)))),((6659,(371,5627)),(13147,(((5762,(4003,14277)),(13002,(12246,(9356,13502)))),((2218,9044),(2848,(4564,6290))))))),(((8568,(5149,10745)),((8936,(6800,10594)),(5005,(11249,12931)))),((6502,(579,2961)),(2076,7214)))),(((((2723,9693),(8843,15530)),(10993,15020)),((10350,(6511,(6805,12190))),(10540,(((3166,4838),(3474,10395)),(675,10353))))),(((4466,(218,8652)),(((5361,11345),(11616,((3034,14476),(1027,(262,13763))))),((2561,3707),(8163,(920,8415))))),(2353,11229)))))))))),((10499,(6195,(3469,(810,11772)))),(2016,9691))));
((14611,(8518,(5286,15297))),((((((((4693,9746),(5438,8500)),((4311,5927),(3030,10277))),(13990,(9562,(6003,(13328,(3506,(5844,11509))))))),(1643,11010)),(4492,13805)),(((((5597,(475,(4351,11976))),(2765,((749,1056),(1489,9160)))),(11624,((15238,(790,(5683,15357))),(13102,(8041,(10620,(4041,11702))))))),(2195,(9800,((11580,15314),((4788,(11140,15582)),(5985,(8616,13038))))))),((((4058,(3643,9633)),((6399,(7995,9213)),((2963,9807),((10322,13219),(5790,10677))))),(7015,((4089,(12934,(11730,(5359,((1592,(7951,(6553,11617))),(468,14665)))))),(14187,((5070,10944),(((12673,13223),(((2386,(14846,(3096,13544))),((7203,8856),(2379,(9657,10727)))),(5190,5990))),((4329,(11351,(2830,6496))),(((7510,14383),((7030,10937),(10612,(12443,(2286,2558))))),(((14922,(153,1401)),(3207,5110)),(8398,14089)))))))))),(2588,4179)))),(8710,(2608,7988))));
((12487,((10934,13048),((2481,13100),((((8934,(7174,(3857,10016))),(1277,(24,((((3765,13026),(626,7816)),(3625,(2522,9539))),((((3232,15508),((3939,5164),((14455,15009),(364,3248)))),((8763,14546),((9386,9973),(5820,8207)))),(6831,(942,(((4807,(((((4984,(12602,(7018,8998))),((14599,(14330,(12955,13169))),(6167,11070))),((((8371,10744),(3628,(8907,12045))),(11473,((1843,(6080,(2483,5377))),(5784,9886)))),((((3364,13875),(5550,(9495,11387))),(1137,3502)),((((8017,(14609,(9506,9848))),(((4998,7851),(11425,11855)),(1751,11813))),(((2986,5789),(1021,12107)),(2045,(4536,(6963,11795))))),((6059,8242),(14349,(11526,(1089,9018)))))))),(1566,15277)),(11005,12458))),(5647,(12706,13647))),(936,12283))))))))),((3795,((1464,13939),(6914,(1791,2425)))),(7356,12738))),(((11181,(11170,13933)),(11703,(2339,10372))),(10315,((9603,15298),(5108,(772,11079))))))))),(9675,10613));
((8755,9205),(((10071,(7230,12557)),(((6579,11018),(2375,(1256,3151))),(((143,(13362,14189)),(833,(((8212,12586),(13477,13612)),((11349,14179),((9076,(4149,7913)),(((15668,(2469,12373)),((1352,(8805,(9941,13200))),(13707,(8966,(((13373,((1229,(6297,(6715,(4467,(14793,(896,13677)))))),((10777,(14667,(7170,11055))),(9252,(1872,(12820,(4880,(10712,(128,14920))))))))),((692,((53,10899),(11494,11899))),((((3054,((((12269,(7539,(5463,(7402,(12163,12572))))),(11887,(10640,11960))),(4434,4604)),(3570,(278,15296)))),(6567,7605)),(((9728,12981),(6866,14427)),((((5559,(5239,14203)),(3312,11631)),((2412,4611),(6066,(4158,15523)))),((2231,11411),((111,2336),(4871,6353)))))),((2586,8602),(470,(((310,11343),(7033,((2661,5192),(3556,15263)))),(2271,8679))))))),(10211,(10371,((9676,15116),(4006,(6888,10040)))))))))),(11366,(1123,5274)))))))),(13682,(5176,8370))))),(3924,15110)));
(((1864,10808),((((3567,((1501,(15193,(4621,(1916,7588)))),(14866,(11674,(2859,(15076,(((10949,(7310,(13837,(4191,(2298,((4340,6211),(413,11857))))))),(2970,(935,(204,13109)))),((4435,((8510,(7794,11593)),(28,(8529,9408)))),(13203,(6436,(2695,((((1475,(497,9646)),(6709,10566)),((5812,12551),(3907,8767))),(2189,(528,6340)))))))))))))),((871,((12143,14409),(2442,13290))),(12767,(7781,11258)))),(((((((8305,((3093,4847),(11506,13765))),(((7389,12514),(2730,11176)),(5188,12420))),((((2372,14270),(6669,10365)),((5380,12200),(3389,(1978,13570)))),((226,2772),((((9778,14425),(10952,(522,12675))),(1611,(2007,(4384,(1631,11997))))),(7697,(183,2905)))))),(((11086,(5015,12290)),((9465,12029),(2875,5846))),(5462,(((7187,(3424,(940,3768))),(4304,14170)),((11900,(1419,4416)),(736,1578)))))),(12506,12966)),(10396,(3784,14753))),(6384,(4852,(12271,(8778,14032)))))),(7996,11766))),((2943,10601),(1684,(882,7478))));
((1421,2320),(((((13819,(2422,6830)),(7775,15269)),(7422,12104)),((1131,((8546,15404),((12300,(3915,(1371,4525))),(8350,(1356,11706))))),(((623,12763),(8426,(((((3421,(10780,11416)),((5619,(6022,10591)),(1320,1794))),(1365,(7138,7272))),(((5572,(7141,15353)),((4623,14184),(7404,8298))),((60,(8691,9358)),((14887,(8908,9491)),(13527,(4454,(2916,10136))))))),(5738,(10417,(5562,((((((2841,10792),(1944,(2507,3255))),((48,3178),(10193,15544))),(((4229,((7773,11101),(2115,(2290,14572)))),(796,2468)),(657,6371))),(((754,1369),(13332,(3789,11326))),(((14255,(14917,(7087,(3905,4936)))),((11409,12825),((11782,(5039,9611)),((6765,8054),(1036,(11515,(4036,7368))))))),(7645,((9114,(624,2429)),(5808,13795)))))),(14689,(15527,15689))))))))),(((4317,(959,10987)),(232,(14402,(11334,(6613,(1811,13268)))))),(7188,(14329,(9774,(3504,4702)))))))),(5287,(13095,((3528,6081),(((4754,13150),(12,4266)),(5679,11153)))))));
(2808,((15590,((((877,10370),((4238,15302),(2962,(9219,9407)))),((((12017,(((((7346,(4358,8458)),(2762,(6349,11481))),(11232,(3781,(5863,14147)))),((9243,(10586,12556)),(((818,14669),(9707,(7634,15439))),(3650,12220)))),(14756,15673))),((9191,((1481,9167),(3492,4085))),((((9754,12858),(6181,14570)),((9371,9485),(9871,12076))),((13541,(3869,4668)),((3666,12507),((4717,15583),((1635,(9169,(3426,(4071,(4783,9971))))),((119,4433),(536,(8689,13243)))))))))),((2957,3931),((10284,15157),(7089,(10812,(2657,11192)))))),((3841,11386),(4625,6635)))),((12519,(1625,(5856,(5012,6507)))),(((((7598,(13995,(847,13419))),((((965,1797),((1297,12154),(5970,10368))),(315,7277)),(8206,(890,(972,2731))))),(9977,(2892,(((2919,3274),(2529,(7537,((358,(3898,(11124,(7173,(4394,9442))))),(11254,(8942,(13444,(1745,6053)))))))),(6556,9945))))),((11731,(6269,11679)),((3595,6172),(13871,14605)))),(3854,5687))))),((1907,(6169,13519)),(2280,(14215,15581)))));
(7054,((15047,(13125,(4698,(7990,10243)))),((8917,(10331,(1315,1750))),(((((4490,((11206,11321),(2160,(1304,11428)))),((3226,14531),((12921,(7874,12778)),(13759,(6158,13736))))),((3676,14432),((11945,(4560,6899)),(4347,11452)))),((3701,((595,12022),(13617,(9767,(((14829,15411),((10424,11030),(11059,13482))),(((2497,((2823,4863),(8157,15011))),(((12456,(((1616,14332),(14924,(13773,(7469,(2018,14356))))),(318,7299))),((1964,(2051,8093)),((13626,((9499,(2061,13368)),(4111,7607))),(((12549,(2283,6107)),(1433,(7776,10517))),(7839,14092))))),(3203,(((10571,(7189,9268)),(14499,((11474,15622),(10438,(4517,11715))))),((((4209,6247),(2685,6555)),((6656,11552),(4169,(1664,2201)))),(8197,(8810,(5653,(9425,(11747,(8636,10779))))))))))),(((4519,5325),(6223,(12889,13886))),(2625,4262)))))))),(((((5281,(4155,(6645,(3263,11148)))),((7386,(8991,12627)),((9552,(1410,11407)),((8464,14763),(4799,8024))))),(320,1359)),((5509,8631),(11599,14430))),(((452,8882),(13629,(12727,(158,10468)))),(1205,2767))))),((194,2504),(992,5850))))));
((618,3361),((6945,(8174,11683)),(12349,((11532,((254,15464),(6153,12332))),(((((1655,4968),(9360,((((10394,(3290,12041)),(4927,6197)),(3074,(3115,(3261,(((((3982,(8490,10195)),((((((402,(10292,(14735,(6322,14146)))),(3320,(316,11439))),(((9497,11384),(14167,(1782,10187))),(820,13221))),((1693,4991),(5552,7126))),(5173,15351)),((12875,(6513,13954)),((5601,9520),(((2173,8683),((13465,(12758,13139)),(453,5165))),((13867,(6473,(3750,10992))),(7979,(12500,14407)))))))),(2621,5980)),(9708,(12119,12406))),(13133,(1895,15373))))))),((15075,((15433,((9877,(2763,((2876,(150,1155)),((11011,(8583,(964,9393))),(11841,(4761,12111)))))),(7061,(10120,((9605,(998,3205)),(13854,(1083,13239))))))),(9592,((3033,(13436,((3679,10870),(2179,13904)))),((7867,(13863,(4449,(5475,(6524,(10383,(9053,15210))))))),(2242,5004)))))),(((13051,(12392,13802)),(8067,((((2400,4459),((12851,(6638,7193)),(7130,12273))),(3744,(1463,4732))),(9397,(4388,11903))))),(((669,1187),(12872,13897)),(9127,11397))))))),((9639,10632),(14125,(3758,12267)))),(14954,(4473,11817))),((10617,((8392,12176),(301,9106))),(7129,9500)))))));
((759,(307,(((((5212,14695),((3075,(11897,12374)),(14341,(8256,(((769,2107),(1668,15672)),(13508,(2260,5247))))))),(((8379,(3844,9820)),(5185,7108)),(9912,10108))),(3992,13458)),(((((((((15233,((3798,(1570,7665)),(2866,7312))),((6470,8270),((15160,15659),(7031,(686,11441))))),((3822,((5489,(2109,(4545,8056))),(7101,14764))),((((8177,((3060,3689),(14927,(81,3614)))),(10720,15270)),(12862,((7219,(1491,(6176,(3987,7086)))),(5158,8641)))),(6115,9347)))),((((13058,(4636,15281)),(7619,10077)),(((15536,(22,(6244,(13903,(1804,12868))))),(8130,(12261,(7611,(8344,12288))))),(2979,(3158,8716)))),((1238,13484),(6150,13971)))),(10031,(12216,(3607,(10682,(2416,3276)))))),(9389,(10932,(4211,8273)))),(13777,(((2670,11090),(4905,9039)),(4017,(13212,15546))))),(4591,11104)),(((532,(((3908,6037),(5046,(((3369,((7181,10826),(3218,(4465,6711)))),(4613,13410)),((1406,8709),(883,4214))))),((1687,((2350,(10,3890)),((2362,(1600,10263)),(5390,9068)))),((6268,(11558,(5794,11873))),(2122,10074))))),(9330,14095)),(12318,((157,(6180,(1266,(7394,14677)))),(15069,(10095,10273))))))))),(436,3446));
(7398,(((9435,(6640,7029)),((11354,(3531,3593)),((1343,(((((7782,(((121,1823),((((5027,12929),(((6658,(2281,8137)),(5940,(1357,4227))),((1688,5338),(3843,9110)))),(2326,((9217,(1097,14273)),((7198,(6396,8745)),((3569,(4742,9415)),(15207,(10900,(12616,(6588,9515))))))))),(12376,(2759,9421)))),((558,(526,5951)),(10118,10153)))),(10123,((3264,5482),(3089,14625)))),(15669,(12573,(5731,7072)))),(((10397,((1468,(10310,(3892,(((879,10081),(7680,9140)),(793,1344))))),(((14618,((8263,11255),(8863,10766))),((6245,12433),((9168,13066),(707,14628)))),(((4197,((6415,((3513,13185),(1314,11860))),(101,14898))),(1787,15619)),((7878,(6264,9171)),((5922,10189),((8015,13911),(1245,4772)))))))),((1711,(1060,(7974,(5504,14791)))),((951,13816),(7218,11346)))),((((2432,9528),((14307,(3740,14021)),(120,7741))),(((10050,(8012,8711)),(1813,(9325,9829))),(5408,(5175,(14539,(11635,11761)))))),(((4573,10750),(12802,(1223,1812))),(7792,11521))))),(673,7538))),(((9549,(4961,14706)),(4080,8906)),(((5624,8582),(6102,(1888,2234))),(1814,6331)))))),(14284,(((5210,12178),(3882,(10624,15068))),((5939,10287),(10334,15092))))));
(5817,(15118,(((1970,(12230,(((3188,(7638,(12084,(6274,(9634,(345,10336)))))),((((3027,(2392,(12258,13209))),(((((14582,(3109,11979)),(12678,(5883,12752))),(10437,(1716,5899))),(((3849,15153),(4232,(5008,(672,(1003,9795))))),(((3842,13030),(1903,9824)),(15024,(1360,8885))))),((2459,((10156,12759),(114,(2352,14401)))),((((9488,12952),(3877,14486)),((10748,11994),(3416,((1899,14395),(9447,11289))))),(5905,(1156,(2213,2669))))))),(((1942,11275),(12082,14755)),((1937,14323),(781,2880)))),((8030,(5938,8609)),((11852,(5221,6467)),(13517,13552))))),((6896,(((((725,10869),(((3039,5041),((1380,11074),(7216,7885))),(6023,(10883,(10110,15268))))),((8452,10030),(((113,11114),(588,8688)),(280,(9279,(8462,13920)))))),(3901,(10997,((15489,((((1682,(8871,(10482,(5866,8965)))),((6774,((9392,(565,(11519,(2376,(6298,10548))))),(3076,11003))),(9118,(15452,15549)))),((3108,7142),(2839,6936))),(2648,5663))),(366,((14736,(((6265,(4293,14040)),((8645,(10026,11755)),(7249,11909))),(6052,((8267,(3514,3708)),(6529,((3980,7227),(2241,8562))))))),(687,(1515,(3971,9096))))))))),(1614,9726))),(9027,12775))))),(9385,9881)),(15541,(7938,(5400,6122))))));
(((((6546,(((8560,(5288,7633)),(12577,(10721,12285))),(8095,11186))),(3739,(4593,8325))),(((10018,(1558,(3660,(1081,5416)))),(7955,(10157,11618))),(((13172,(8340,(4940,8281))),(282,(8269,12517))),(1068,(11891,(606,12005)))))),((777,(584,1906)),(((2717,6689),(((7568,9678),(70,12043)),(3423,(220,6941)))),(8255,((9852,((10556,(8595,(((4580,(1586,(8797,10642))),(12698,13358)),((((607,1079),(3176,12822)),((11171,((3690,(8759,15620)),(1471,7790))),(6324,8307))),((3396,(1494,2844)),(3584,12854)))))),(7964,14296))),(14889,((740,12451),((((7528,(((((3563,5148),(13097,(8540,11889))),(14193,((539,10635),(1446,(534,5366))))),(((8634,(15015,(192,2397))),(((4090,8318),(8435,8940)),(1312,(689,4612)))),(7547,7856))),(2000,(8838,(4430,13686))))),(7910,(7904,(12596,(360,10455))))),(1399,(4092,9299))),((((7325,12505),(14775,(231,12138))),((6141,(((((3113,3596),(6381,9523)),(15451,(3455,5984))),(((9146,10149),(2811,10281)),(3540,(2346,9503)))),(4443,4758))),(11179,11930))),((11659,(242,(2967,((((11621,13318),(4576,8833)),(13263,(4796,(3899,15093)))),(4559,14153))))),(((8901,(4198,(3008,9701))),(12131,(5958,15141))),(12391,(353,11422))))))))))))),((2697,14799),(2246,13735)));
(((12293,(((424,(4423,13584)),(2072,(12187,12729))),(8999,(9956,(8089,15531))))),((((11741,14313),(3173,8584)),(417,2030)),(3654,5640))),(((8826,14856),((2803,10447),(6166,14031))),((((3133,(1112,(14901,((14639,(9730,(4393,6434))),(2807,12732))))),((110,7614),((11273,(2996,(7449,(12417,((10305,14251),(9235,(2140,((1490,8508),((5869,((10200,((8134,(14732,(3724,11622))),((3239,(6964,((5285,(10919,(12974,(6898,(7320,(6572,10802)))))),(12474,(3467,9458))))),(4547,(809,13712))))),(5854,11794))),(13915,((((((3928,5953),(7390,(467,15392))),((13409,(9870,13916)),(((3015,((1902,2449),(12232,(508,3349)))),(1325,11886)),((6944,(13192,15022)),(14844,(2815,14014)))))),(((7513,(11821,12575)),((12207,12304),(11274,12209))),(((9303,14854),(6982,12338)),((((6916,(12894,12910)),(4631,10233)),((2293,10924),(4748,(3029,5533)))),(((10416,14128),((6229,(11993,(372,11052))),(((4908,7382),(3353,4734)),(15035,(11512,11588))))),((11444,((1742,9577),(1444,(6319,8422)))),(((369,7507),(10794,(1071,11172))),(3432,8480)))))))),(((7334,(13496,15529)),(1507,9884)),(15466,(2863,6231)))),((((954,3331),(5138,(5536,5830))),(4256,(9271,14912))),(14588,(8021,9989)))))))))))))),(1465,(6062,9354))))),(7135,(12122,(8655,8680)))),(10422,15300))));
(((13580,(8697,((10085,(3411,3480)),(4127,12135)))),(15322,(610,(10644,13878)))),((((14126,(2783,(5859,14204))),(8471,((9188,((423,(9023,10291)),(10466,14720))),(662,((507,(15670,(996,(((12090,(12419,(9105,(((((7603,11099),(482,(3243,15406))),(12902,(8247,11385))),(((4554,6771),(10847,15587)),(7581,8658))),((9060,((14104,(7171,11834)),((949,9469),(3999,(1353,3154))))),(((5612,(9809,(3558,(11445,(9478,13211))))),((((2417,(7928,9615)),(1610,((7710,13988),(1198,(9766,(11391,(735,(8032,(11198,11922))))))))),(((10003,(2133,9501)),((11175,12942),((1780,2634),(3734,9879)))),(1561,(1300,6103)))),((7826,14785),(8090,14418)))),((297,((12378,13579),(7566,(1638,(10638,12687))))),((((((1168,(10704,11462)),(89,(3011,9468))),(7120,((5139,11820),((2968,3555),(3064,5545))))),(10048,(4022,6883))),(((4756,6612),(9559,9817)),((11492,(2349,(4944,7024))),(4551,5755)))),(((8536,11361),((11484,(594,14166)),(3861,6068))),(741,14380)))))))))),((10809,13390),((12405,(12816,(7929,((10090,(3456,(7341,(8954,(5177,7893))))),(9231,(10296,11045)))))),(1431,8760)))),((7339,9719),((516,14996),(1427,11629))))))),(784,4646)))))),((5314,13688),((((7362,(10109,12213)),(666,13130)),(2728,(3275,(604,14895)))),(1634,(2831,8044))))),((1939,14494),(9016,11278))));
(11845,((116,6752),((((4471,(((742,6972),(12091,12096)),((14206,14283),((7053,14513),(8571,(10691,14733)))))),(((4336,10479),((5749,15342),(7328,(((4414,6387),(5791,13512)),(3885,9176))))),((((2003,9721),(3464,(12511,(569,1582)))),(12922,((8088,(14463,(13011,(884,8830)))),(10955,(4673,6671))))),(10206,(1049,(12484,(13932,14177))))))),(((7942,10094),(14566,(9745,14591))),(5163,9072))),(((8046,(12354,13560)),(6786,(6997,15506))),(((((5777,9111),((1897,((7599,((((11389,((7146,14340),((((7877,(6563,(12024,15321))),((((11639,((7400,11948),(1534,2932))),(3403,(5613,12693))),(((4510,(9812,11555)),(((2214,(((3358,7862),(2805,7316)),(11902,(317,11262)))),((9351,9875),((3288,(10584,(7623,14124))),(((4664,(11510,12059)),(3105,13319)),(5145,10984))))),(5345,14772))),((3983,((2871,9064),(2141,(11440,12452)))),(1919,(5424,(15378,(7625,(420,12795)))))))),(7669,13340))),(4643,15099)),(9116,(10345,(11300,(9293,(9406,((5180,8611),(5634,11684)))))))))),(((7563,12470),(12431,13812)),(1034,12855))),((7007,13603),(5524,8068))),((1768,(6133,(8884,15121))),(6144,(5660,10512))))),(9260,10421))),(((((3545,4361),(1873,3958)),(11286,15016)),(135,1758)),((8694,(4145,(4045,6983))),(14457,(3764,12941)))))),(((12316,(7420,8387)),((2279,3189),(2746,11615))),(976,(2032,9575)))),(953,(7533,12840))),(2079,11840))))));
((((((((7753,((5168,14327),((6087,10528),(3425,6657)))),(((8430,(1531,(5429,11688))),(8753,11998)),(((12935,(6935,(4795,(4955,9154)))),((12948,((7067,7873),(4401,(3491,7370)))),(993,6763))),(9553,11804)))),(((1264,(7407,15676)),(6367,6420)),(((6018,12382),(3023,(483,14059))),(11520,(874,((((11575,(268,(9842,15415))),((10319,13726),((4899,11977),(13566,14548)))),((((7055,((1084,5437),(9892,(8240,13851)))),(12609,(5083,5313))),(8022,11990)),(459,(5494,15626)))),(((6576,9784),(1075,9548)),(11718,(1438,9413))))))))),(12388,15660)),((4818,(9770,11880)),((3964,(5459,(10486,(((15409,(14697,(((10953,(3525,4187)),((((1975,3252),(((9771,10585),(14107,((4410,(6074,(10490,11745))),((2590,11594),(1341,8734))))),(((8698,(11477,13937)),(10611,((10696,14209),((270,4135),(832,(2457,10279)))))),(11423,(3405,11516))))),(((7122,(3771,((230,7908),(1649,11907)))),(11739,(7103,7917))),(4935,(3212,10590)))),(7205,(6490,(12312,(4415,13144)))))),(8408,((10241,14963),(11819,(445,5204))))))),((11237,11478),(2620,3966))),(13466,(8808,15255)))))),(1773,(678,9163))))),((((10038,14584),(12080,(1934,11589))),(6016,12743)),(9151,(7732,13828)))),(10643,(12252,12788))),((399,((12469,(4479,(11530,(5823,7994)))),((3568,10736),(2747,5222)))),(186,(((6998,(5598,6880)),((14612,(4804,8953)),(2895,13824))),(14202,15514)))));
((((4491,6677),((((6845,(((3824,5739),(6814,14043)),(7558,12846))),((197,14303),((((((3735,(2671,9466)),(5401,((7676,12588),(222,12751)))),((1728,13944),(698,(5172,12722)))),(243,(7359,15607))),(15371,(2342,6445))),(((8419,(2227,11261)),(3699,(((13668,(14510,(5346,8019))),((6975,12142),(8484,(5072,10573)))),(1564,10389)))),(13416,(947,(509,(3582,9602)))))))),(15479,((11359,(745,5776)),(7337,9786)))),(13111,((4907,(7252,((2058,3865),((15103,(((3965,(9177,9372)),(11695,14608)),(14212,(451,7332)))),((9061,14883),(((((4932,((332,8497),(9706,(4708,5906)))),((11646,((5937,(902,14992)),(2614,(13843,(1646,6542))))),((((((13421,((169,9986),(4063,15287))),((13815,((15649,(2587,8055)),(1449,9787))),(5265,(8481,(4869,(2012,13017)))))),(((5633,14474),(4263,7426)),(((10856,(10406,13307)),(387,10265)),(14820,(9382,14428))))),((10719,(1650,(10357,13101))),(1147,(1362,14294)))),((5334,6598),(7930,8499))),((1196,2476),(4727,7559))))),((14350,15310),(1286,(3664,3767)))),(((285,2850),((2328,(11038,11781)),(2516,((2034,(5506,(12387,12633))),(13317,(15039,(5558,13521))))))),(((2528,12699),((9445,(7232,8420)),(2475,4190))),(4992,8904)))),(3055,(1319,(14957,(8985,(15038,(789,4835)))))))))))),(7217,7454))))),(((4164,13676),(14067,(1118,1239))),(7541,(3413,5636)))),((2147,(4099,6277)),(1477,(3952,((9714,14447),(6646,11735))))));
((384,914),(((((5056,(((9947,14194),(6920,(11295,(((((4893,(9598,(863,10033))),(((6084,(10321,(829,5016))),(2791,9130)),((2699,(8183,13232)),(872,9525)))),(((3846,(47,1480)),((10896,(6942,((2337,9287),(1723,10733)))),(11757,(897,9229)))),(((256,(14668,(5632,10770))),(5858,9554)),(8649,14909)))),(13060,(12067,(7840,13922)))),(8703,(8774,(((((13913,(12331,(1712,15394))),((7726,(1993,12812)),(6453,(244,(7044,11937))))),((((3245,(5872,11488)),(14045,(2568,13350))),(2340,(8503,(5643,7759)))),((6673,13727),(14851,(14208,(5276,5591)))))),((2524,(6705,10073)),(11569,(6939,14903)))),(11333,((2818,14226),(5442,10405)))))))))),((((2377,10683),(7523,11054)),(12225,13684)),(((12440,(9536,(10505,14057))),((5737,7738),((14158,14663),(10341,11693)))),((13902,(927,(1014,15431))),(7574,(4853,(1770,8326)))))))),((3477,(4979,5546)),(((4833,7743),(2937,((((722,8585),((5574,8850),(4297,4962))),((5106,14218),(((3909,(8375,13509)),(7664,13080)),(1878,9215)))),((12299,((12548,(2098,14314)),(806,6230))),((10815,(8260,10119)),(4478,15603)))))),(4018,(11786,(13675,14081)))))),(123,4584)),(9952,(6991,7982))),((((13326,(4983,9866)),(((4861,(437,(15636,(8555,12211)))),(10449,((5427,13755),(8278,8648)))),(2508,3479))),((9934,(15275,(1805,5154))),(7526,13085))),((14168,(((3809,7601),(473,5568)),((10864,12136),(966,15081)))),(1233,(10065,12243))))));
(5592,(((((((3170,(6082,7820)),((2802,(((((7437,(491,7329)),((12245,(11367,11582)),((((((10711,14651),((1094,14978),(12608,14748))),(((7497,(65,(14979,(1801,5674)))),(7066,(7026,8819))),(5487,8956))),(3808,9348)),((4366,(10637,12032)),((((13134,13965),((2954,14680),(1069,14377))),(5644,(5532,12485))),(2824,(8862,(2027,13092)))))),(11798,((13893,(1995,4831)),(8103,13756)))))),((10173,(7854,9494)),(4068,11619))),(9987,(10769,(6817,(541,(469,13079)))))),(15485,(((9484,13503),(331,4091)),(880,((1114,2667),(3289,4403))))))),(((((7932,12409),(8208,8639)),((8699,15515),(11026,(598,2498)))),(7481,(6607,((12319,(9046,15162)),(6156,(4441,15014)))))),(1492,12874)))),(((((6224,8182),(4926,8271)),(8180,((3016,12335),(6996,9681)))),(11632,((13113,(14366,14723)),((3615,4139),(12863,14776))))),(((((8405,(1954,11246)),(3703,13022)),(1500,(5238,6397))),(10725,(3874,12011))),((7967,(11543,(6058,9120))),(11796,(4060,9899)))))),((5465,10387),((((11066,((((10672,(2741,14839)),(10027,(2062,7780))),(12121,(1962,(3196,8785)))),(12117,(4455,(5308,14519))))),(11383,(12908,14138))),(((14731,(1808,9286)),(11395,(339,15127))),(((11453,11483),(3291,5692)),(13696,(12707,(4970,5976)))))),(8227,(6949,10312))))),(159,10402)),((13196,((2418,4513),(13393,14942))),(10676,((7847,8701),(4766,9183))))),((7848,9102),(15219,(3873,((((5934,11985),(2820,7094)),(518,9036)),(9689,14281)))))));
(((10375,10570),((((((11065,11856),((3881,13862),(12328,((6742,9551),(4596,(7179,13532)))))),((14185,((4563,9911),(7694,10015))),((3216,5166),(6924,9921)))),(((10829,(2443,14272)),((2659,6061),((4265,13673),(12564,13979)))),(1779,2294))),((2806,(((3668,6565),(13253,(6725,8573))),(2424,6594))),(6810,13240))),((505,15174),((6842,14989),(((9284,(3783,10379)),(((8096,(1896,2232)),(2543,2743)),(6877,14093))),(((((7204,(5280,9751)),((4223,13165),((12003,14504),((3392,13826),(((11630,(429,(7392,10458))),(166,(9135,((9048,14649),((((7736,(8047,11535)),((296,(1085,11498)),(460,5714))),(((12402,(4193,7396)),(9640,((52,10839),(2251,(4230,14159))))),((12650,(2822,2882)),(10757,13538)))),(5125,((2464,7992),(6981,(4821,(14874,(3656,(7952,(591,2798))))))))))))),(5092,((9655,((1528,(1269,1875)),(4074,11507))),((12263,(418,5014)),(4357,(4855,13997)))))))))),((10881,((967,((5735,(294,3140)),(1593,(1243,(1560,14969))))),(11928,(15098,(6270,13034))))),((12404,((4877,5295),(8173,10141))),(((2980,8836),((9175,(13740,(4344,11805))),((11722,15650),(830,9936)))),(6220,14884))))),(5519,(3352,3919))),(((((1800,9474),(13860,(3759,14870))),((((4836,5662),(3785,12221)),(5407,(((((13258,15264),(10443,10872)),(1162,5211)),((11139,12807),(1336,3721))),(1620,10089)))),((5117,13381),(14439,(10165,11168))))),((13028,(7004,10824)),((6824,(7647,9022)),(14384,(850,7045))))),(6581,11833)))))))),(6678,8626));
(14231,(((845,15654),((1771,10730),((11678,(14311,14443)),(((((23,10923),((2070,3606),(4034,5788))),((((((3342,11668),(4526,7585)),(3862,(12389,13244))),(7070,(3163,4744))),(((10995,15643),(7656,(((7457,(11571,((((4873,9493),((14249,(3200,(941,((9240,(1654,(6840,(2438,((5887,(4577,13384)),(7819,14881)))))),(2463,14387))))),(13908,14111))),(((14691,14847),(14982,(11901,(12835,13044)))),(12160,(7687,(((12876,((2546,8721),(2381,3725))),(13107,((((((12229,(9199,11203)),(1188,10456)),(7361,15184)),(1040,8246)),((361,((102,12078),(9115,(489,((1455,7646),(3612,8938)))))),(5611,9087))),(((8251,13175),(7834,9340)),(((4123,((7756,((2552,(4373,10957)),(12728,(13709,((11213,(13576,(10918,15154))),(2766,11959)))))),(6905,9627))),((5297,5517),(8002,(9550,10999)))),(4472,11592)))))),(4694,13786)))))),(6464,(9518,15653))))),(((6100,14747),(9616,13839)),((9323,(12268,(1838,9388))),(13655,(7651,14600))))),(((2542,6276),(11853,14073)),(((6886,9054),(7927,12181)),(((5142,7284),(2178,13847)),(12126,(1307,1825)))))))),(6697,9374))),(7763,(((1033,1821),(((8316,13055),(2486,12986)),(13830,((6291,7909),(1663,(8109,(858,13968))))))),(12905,(((13464,15323),(357,(10061,12034))),(6422,10352))))))),(15293,(688,14758))),(((4918,((7428,10498),(11248,(189,6099)))),(840,(((5128,7671),((552,14724),(1115,9073))),(14259,(1220,4794))))),(4518,5131)))))),((1885,3129),((971,2226),((5397,12819),(3058,(11849,(912,14405))))))));
(((3383,3831),(1559,11756)),((10873,(4219,(8447,(2950,11981)))),(8237,((3162,(((5557,(9587,((((((((905,10891),(4300,14745)),(7308,(4726,15102))),(14966,(8367,(2873,(4872,5132))))),(2363,(4268,11022))),((4663,(6952,(9519,14777))),(7244,((737,5910),((((((13574,(3137,9043)),((12372,((7935,15596),(3049,10117))),(1923,13365))),(7522,10701)),((((3580,(3395,14557)),(11145,(9367,(4948,7626)))),((((3512,(5758,8847)),((8446,((4874,14050),(6819,9416))),(8185,(54,9264)))),((7551,9755),(2784,10172))),((8311,(10217,12765)),((5120,(7616,(2068,7855))),((2800,9846),(10731,13186)))))),(((8692,15250),((3091,6518),(((739,13671),(627,6654)),(5256,5518)))),(6125,(1850,12737))))),(((8718,(828,(6578,10324))),((10848,(2329,(1852,8750))),(6392,15616))),(1013,11012))),((((3032,(15663,(8945,9624))),(4964,(293,(9411,(13386,14590))))),(10662,((3834,((4186,(2378,4652)),(10910,(15592,(5243,(9601,(11719,(4951,(11072,13702))))))))),((1408,(3749,(8678,(5099,14423)))),(1594,(2785,(76,(1414,((8378,(7947,12134)),(5677,13870)))))))))),(14900,(((15566,(3453,3839)),(3341,11029)),(2890,(14127,(10687,(5979,15055)))))))))))),(2817,7844)),(6587,(11312,13946))))),(8254,(1296,4315))),(((6329,6562),(4825,12438)),(8526,((((2596,7499),(13025,(4493,(6907,6957)))),(1681,(1182,(12278,14521)))),(7009,8619)))))),((((5521,(11967,(933,13635))),(3996,6875)),((177,8615),(1736,2499))),(1183,((12075,(3866,((3242,(64,8188)),(4446,13050)))),(1880,(3278,5201)))))))));
(((((2716,4418),(11024,13237)),(2183,3942)),(13356,(11608,(1179,4133)))),(8451,((15080,((((433,14348),((5847,13049),(8594,(2176,3079)))),(3168,(193,1630))),((4251,((4412,(5842,(14098,14650))),(1921,9920))),((6425,((5826,6085),((3143,3306),((((97,((10893,14886),(4271,13665))),(11311,(((8846,(3571,6796)),((11281,13895),(12180,((9142,(619,(4583,6651))),(362,1067))))),((10945,(5282,15646)),(14766,(14143,(12600,(5582,(15376,(12164,(14837,(9269,11675)))))))))))),((14390,((12411,(5454,(((9081,14905),(6063,9092)),(2675,6724)))),((6483,(2398,(6967,(9095,(2925,((154,14738),(761,(7315,13977)))))))),((10049,(2829,5022)),(12009,((3374,(12352,(2662,5235))),(9085,13215))))))),(6455,(((14088,(9437,((908,((3087,15273),(3323,(6551,9654)))),(5959,13771)))),(7091,((12447,(((4421,9914),(937,3111)),(2492,(1437,12348)))),(4277,(182,(13683,(1311,7640))))))),(1130,7804))))),(1473,(13137,(9913,(((((12604,13958),(8654,13440)),(83,2700)),(11872,15257)),((6629,((((((13301,(7102,13600)),((386,5655),((3747,13208),(4820,8299)))),(((3004,(6908,12638)),(43,14853)),(13595,(14338,(15144,(2254,9033)))))),(((11,(1810,5534)),(2240,(12156,(11914,(6787,7293))))),(((1884,5511),((13216,(3117,10796)),(648,7245))),((15046,(2893,4447)),(202,6162))))),(((893,10562),((1757,7349),((2466,((3070,10260),(3560,6989))),((2997,15509),(1824,10961))))),(11102,(6109,14816)))),((15518,(1283,(5252,(3705,(2855,5605))))),(9905,(2706,14157))))),(778,9917)))))))))),(1276,((8042,(1702,(2421,(5995,12962)))),(6242,11152))))))),((12212,(5376,8530)),(5498,8781)))));
(14773,(((3277,(2167,(2087,7388))),(2644,(10111,14269))),(14310,((432,2525),((7786,11317),(12907,(((14373,(3465,4920)),(10834,12367)),(((14983,(12870,(14849,(((7211,(8119,15029)),(14192,(1784,14716))),(((12943,(12773,13220)),(((12671,12745),(10507,11078)),(326,5797))),(3236,6315)))))),(1149,(8262,8960))),((2430,(2553,11980)),(((((2894,(13809,(10840,(1497,2881)))),(13808,(5548,(12482,13193)))),(((((4078,(11204,(8842,11500))),(7212,12987)),(1077,13094)),(12223,((241,(12004,(2493,9513))),(4353,7385)))),(6255,(6674,14947)))),(((((9980,13256),(1996,15444)),((12459,15204),(6746,9123))),(5450,((6932,15511),(3927,12049)))),(576,(((3061,9748),(7294,((8112,14564),(5399,6585)))),(2933,(2715,12428)))))),(((((6222,(7659,11339)),(((6928,13799),(7002,(3279,(3164,7127)))),(13620,(3035,(14431,(6573,(((((5719,(3083,(3327,5928))),(14721,(8534,(1202,(3150,(1316,9257)))))),((5355,5917),((4462,8722),(5329,5923)))),((((2081,(12158,15667)),(6930,11529)),(904,13610)),(((7788,(8827,(5364,9749))),(14994,(7309,((798,(11350,13379)),(5763,8665))))),((((((10969,(10390,14759)),(13490,14814)),(((10830,14622),(3098,10699)),(13468,(10965,(2077,9894))))),((1705,(8411,(782,2236))),((13996,(((5925,13471),(13928,15494)),(4272,14616))),(1636,2431)))),((12315,13453),((8482,13278),(3147,(13879,(62,12772)))))),(11355,(((((10933,(7564,(4194,14200))),(2333,9923)),(((1432,12403),(3761,11503)),(((2219,7432),(9860,13695)),(95,12938)))),(9570,11358)),(776,15032))))))),((319,15336),((2065,7090),((6803,12081),(1936,2306))))))))))),(13033,(4701,7714))),(4588,(13041,15100))),(13019,(196,(1439,10064))))))))))))));
(((3662,(11210,13561)),((1818,8229),(6135,14007))),(((((8989,10298),(8729,(10327,(963,9569)))),(((((8695,(12831,(8834,12307))),(272,8187)),(((1659,9656),(3233,9074)),(4291,10762))),((11644,13894),(14505,(2152,10989)))),((1890,4993),((1737,(8118,9790)),((10196,(4815,12311)),(((969,((15124,(((11106,((((9,(6833,(1303,15350))),(4088,4655)),(13700,(1117,(1585,4390)))),(((3084,(7894,11341)),((((13273,13941),(695,8224)),(2796,9997)),(2515,8868))),(2920,(2142,(1158,(9015,(2853,(14624,(((14817,(10474,12798)),(39,((9088,(15122,(2171,13822))),(8171,(321,10426))))),(((((175,9789),(1080,5991)),((7823,9337),(10755,15679))),(13069,(3442,(5030,5658)))),((((9765,12674),((9625,12815),(4295,(6295,15331)))),(10816,13806)),(8554,(7151,((968,(12363,(15077,(2690,6938)))),((1282,(11025,14960)),(4246,((2447,11292),((10194,(3632,14205)),(133,10879)))))))))))))))))))),((2157,(5878,7155)),((2252,8110),(3574,12097)))),((2945,11987),(6175,7579)))),(10270,10369))),((2594,7021),(8909,12493))),(9295,13691))))))),((((1326,1985),(((925,15050),(12923,13157)),((4730,(14357,(2014,6993))),((2679,10784),(5028,(11950,15007)))))),((((12579,((5721,14861),(6449,11142))),(1545,(14182,(5003,(8265,10693))))),(((13692,(12886,14001)),(3417,14301)),(12654,(9669,(1971,15524))))),((((10339,(6760,7902)),((8,(15120,(4549,13082))),(6550,12859))),((6966,(3020,(843,9516))),(((9709,14275),(625,3923)),(14784,(455,4407))))),(2701,9588)))),((((6137,13153),(566,4077)),(((1145,(6020,14099)),((825,5010),(10199,15028))),((((11777,((4632,9684),(4662,13305))),(5960,(1129,8402))),(13704,14673)),(((9610,14201),(5779,8057)),(11097,14437))))),(8115,(15568,15621))))),(((105,(2928,11927)),(2589,(1820,(1874,14370)))),(10106,12930))));
(((((14266,(11247,(2186,12576))),((((1242,((((6919,(2623,4676)),(9710,(8319,((14342,(6487,8914)),(2104,(2993,4172)))))),((3000,8259),(629,11940))),((10012,11133),(5025,(((3515,14010),(3190,(10146,(9796,12709)))),((852,6075),((6009,(10311,10410)),((11117,12685),(3518,6423))))))))),((2177,14460),(7595,10428))),(2752,(((10754,11546),(2028,(((4975,(5947,(12574,15062))),((2036,15292),(5843,((2192,3106),(1662,7331))))),(5277,((7914,(6890,7289)),(12195,(8839,(14515,14643)))))))),((6552,(11743,(7639,14897))),(14003,((5302,13072),(970,(1983,(9839,(((13190,(9476,((((((4768,14297),(5292,14496)),(12623,(3790,13110))),(((3893,11041),(4791,7236)),(((((7560,13788),((((9473,(568,7827)),(4533,10837)),(((11284,14991),(8903,12429)),(1894,(3830,13024)))),(13,((6497,10247),(11301,12048))))),((((10572,14518),(3519,(3692,8746))),(15379,((13963,15588),(1952,11774)))),((590,(8984,12750)),((13714,(12909,12989)),(564,6498))))),(5766,(9874,((13687,((9502,(5860,(8102,(6696,((14064,(7416,(12510,(12102,(13989,14811))))),(1987,6200)))))),(5585,13129))),(9711,((5068,(12726,(8029,(6954,(6106,7798))))),(3489,7165))))))),((((2951,8456),(7799,10367)),((8736,11129),((14879,(6822,14174)),(2572,7649)))),(6077,(200,8628)))))),((3804,((((5666,6025),(7145,(2489,3335))),(9399,(8986,(3257,9005)))),((2652,10430),(10942,(3687,7040))))),(8950,11047))),(13514,((1881,5728),(6695,(3961,(7195,(11123,(13010,((7589,(2121,2551)),(4240,(216,(999,8761)))))))))))))),(275,9398)),(((986,(8543,(12074,(5736,5760)))),(2636,(4168,(12771,13678)))),(9785,(9000,11724))))))))))))),((7702,15594),(12653,(4792,(14299,(2616,7279))))))),((13921,(5936,6377)),((4483,(7517,11364)),(7077,13443)))),(13327,((8397,12961),(633,(11050,(7124,(11023,11226))))))),(4429,11657));
((((2054,(5374,9816)),(1893,(8121,11999))),((6478,(11360,(4594,11896))),(9868,(((((9462,10565),(3451,11749)),((4851,9475),(11518,14579))),((3348,((5853,10974),(4778,(((6121,(7700,9658)),((6844,8565),((6716,15474),(3691,(190,(10007,15064)))))),(((11876,(9535,14813)),((7263,7417),(4561,(12725,15497)))),(11044,(8381,(11182,(3171,8756))))))))),((9661,14654),(((3886,(3040,9327)),(5485,((6545,9242),((9889,(11443,11603)),(9414,((((6293,11623),(((2519,10577),(4377,8203)),((5950,(10212,10574)),((((10380,(1403,2009)),((6948,9582),(11802,12053))),(1302,(3499,(5888,7525)))),((7975,(5874,13325)),(9342,(5871,(8548,(7891,9329))))))))),(12813,((((1110,8779),(11826,((5150,(((5032,(6039,12964)),(8014,10761)),(2288,(10602,(1963,5434))))),(((14258,(8916,((1661,13769),(208,(10655,10825))))),(283,3434)),(3382,(3042,(11847,(1539,8436)))))))),(5726,(327,((4043,(10105,12272)),(7548,(12529,(1208,(6881,(4933,5535))))))))),(((708,15449),(10164,11877)),(978,9200))))),(13247,(2021,8705)))))))),(((13287,((2120,12659),(((((6574,14391),(3680,(1580,9930))),(((((787,(4004,10169)),(5300,7351)),(((9418,15320),(926,10865)),(13590,(12179,(5998,14779))))),((3618,10915),(11401,(10452,13710)))),((10543,15051),(9147,12744)))),((((8747,(7805,8409)),(3848,14364)),(308,(11149,15456))),((180,6395),(6838,8963)))),(((6216,(4171,(3430,(4050,14914)))),(((6317,11958),(8552,(10804,14885))),(6584,(1822,(13497,13787))))),(((3365,7235),(15483,(12410,(11670,14436)))),(8107,(1104,2324))))))),(12884,(5753,13741))),((((((7536,12356),(1261,1883)),((9739,10349),(8660,15151))),((4381,8605),(1333,10131))),((3620,((7983,14709),(11163,12967))),(6021,(10688,(3522,4589))))),(7543,((747,(8740,9563)),((8277,(1809,(11057,(3608,(5706,10047))))),(1909,(2411,2511))))))))))),(373,(4609,5593)))))),(156,1466));
(11989,(((11725,((10354,((6206,8043),(2156,5182))),(7784,(515,13155)))),(((((14485,(12401,13335)),(((10168,10912),(10502,(422,425))),((((((5477,8650),(7486,15383)),((7542,(13887,(1351,6280))),((((8153,(14009,(5891,11508))),((13074,(3041,14955)),(2330,14020))),((12836,13966),(9959,13892))),(6405,(3599,(5232,10549)))))),((6090,(11916,12939)),(1691,9013))),(2127,12891)),(7281,((6259,13701),(4842,14675)))))),((5992,(3330,(8930,(13896,14488)))),(((5484,(10609,((((((((12808,15382),(5225,((1730,11875),(9133,14263)))),(11537,((3626,4165),((1346,(13105,(9224,(2891,6861)))),(((1982,((6257,9420),(10269,13023))),(617,10216)),(((12077,((9619,(2656,8064)),(13782,((3955,(2936,((700,13013),(12023,(8225,(600,12662)))))),(1486,(7376,11768)))))),((14331,(((((88,(2559,9290)),(9979,14110)),(8958,11157)),(6589,(5248,((6858,9972),(11173,(10221,(4830,10940))))))),((1503,5829),(8145,(3712,((11996,(6801,10863)),(3731,(10545,12330)))))))),(2196,(((1218,5375),(14280,(3167,8050))),(14964,(15372,(15155,(13523,(7978,(12475,13053)))))))))),((((13059,(4671,8569)),((6668,12571),(6489,(9715,10176)))),(14676,(8533,(5269,(2143,3340))))),(((2364,((3913,10088),((8766,10058),(2540,(5588,(15034,(348,(12789,14506)))))))),((11613,(1178,(8079,10408))),((12341,(1166,(8336,14722))),((((1339,5946),(1044,(10680,(4319,11060)))),((6001,14583),(93,(11714,15362)))),(7285,(12530,(9298,(11219,15305)))))))),((2797,6482),((14597,(11009,(4724,12552))),(5162,8598))))))))))),((1744,10973),(((12377,(11910,15119)),((5157,15244),(8407,13598))),(15436,(11297,(4660,14393)))))),((279,(9844,12906)),(15486,(11095,15150)))),(5595,(12018,14368))),(376,6893)),(((1670,9546),(5720,14581)),((2322,12370),(1265,9471)))))),(1214,9237)),(11165,(6848,(((1958,7403),(11648,(1426,(4044,5926)))),(1334,(4687,14420)))))))),((10139,13487),((7514,13463),(5503,5877)))),(2002,5805))),(1010,(8783,(9964,10811)))));
(((6704,(11517,12314)),(3057,(2574,4925))),((115,(2959,(3879,(1441,8198)))),((2739,4735),(6134,(((((((1160,8521),(((((((4148,5326),(10385,11414)),(9446,11049)),(((15591,(5197,12494)),(2864,3404)),(7020,12581))),(11491,(14464,((3415,11156),(5882,(9136,(201,7722))))))),(((14186,(15066,(8990,(8034,12871)))),((4911,5324),(630,10894))),(((3670,(709,(1537,13459))),((((9604,(1412,2579)),(2037,14223)),(9065,(9361,13269))),(9578,13694))),(3284,(11961,12147))))),((8309,(10381,12087)),(4096,(2795,12292))))),((1174,2110),(11212,15355))),(((2794,(5973,((4882,(13491,(13470,((9818,(6170,((10472,(4476,6212)),(6721,(6132,10785))))),(13285,(4507,7734)))))),((4763,7058),(6559,13861))))),(4648,((396,(6854,(8686,10533))),((12565,14549),(10245,11654))))),(7903,(7327,((4331,13732),((15218,((1255,((488,4755),(5944,(13597,15445)))),(7,6046))),(1335,((5357,(4614,(3229,(3379,9209)))),(4619,9643))))))))),((8656,((((7096,11116),(12651,(5867,13098))),(6328,9301)),(13277,(14552,(((6595,8618),(5724,(2042,12270))),(((((((2394,(((4857,(14888,(4184,(2488,14545)))),(8092,(9944,(7177,(13666,(4832,4953)))))),(5051,(6946,((4152,12721),(12696,(8926,12878))))))),((7555,8832),(6753,(11435,(6768,(7436,14017)))))),(3045,(11400,((1831,6163),(15085,(1152,(991,(5943,(4891,((4162,(11661,13018)),(13399,(10559,13760)))))))))))),((((2075,(8322,(((2615,4137),(((11322,12497),(9720,11069)),(3754,6418))),(15195,(352,(393,6825)))))),(((1854,9263),(12228,12297)),(((10882,((10994,(3651,14078)),(1272,1673))),((12683,(3891,(9932,(11861,(3786,6237))))),((12899,14501),(11221,(11904,12956))))),(13690,(9677,10797))))),((15430,(11495,((6279,9927),(13832,(7557,8086))))),((3706,(2257,8973)),(11547,(4868,(5945,(13749,(5455,(985,13457))))))))),(((12496,(3066,7506)),(570,2444)),(9193,14681)))),((7081,9008),(1396,7360))),(14424,(7121,(3428,(1837,3646))))),(6472,6577))))))),(3031,13191))),(3002,3387)),(15324,(1905,(3720,14472))))))));
((8168,12723),(((7881,13817),(2989,10950)),(((((((12810,15262),(12303,13344)),(4620,((178,(770,(11727,15595))),(2782,10250)))),((((10807,(3648,10525)),(1761,11627)),((3636,14715),(((3247,(9402,15501)),((9333,(2745,(5059,11925))),((((3773,(3949,4087)),(5228,(2556,10453))),((5773,(11676,(1328,(4389,((7587,9153),((2702,15543),(3269,14453))))))),((3756,(((5233,7956),((322,12035),(14238,15459))),(813,12525))),(3561,(9451,((3343,(11769,(11252,(11556,(13877,(13589,(9686,10348))))))),(((4369,(822,((7483,(10560,((603,11716),(12006,14765)))),(15177,(2401,6094))))),(14129,(170,12516))),(((((340,1418),(10694,(10998,13004))),(8105,(1451,10207))),((((((2175,4986),(2448,14940)),(4463,7113)),((3630,6281),(7512,8957))),((1122,12719),((10134,(6992,13161)),(11669,14419)))),(10014,(((9137,10140),(11126,12990)),(((1799,5170),(13524,15267)),((4349,5622),(6631,12657))))))),(((((3319,9804),(14459,15234)),(11180,(5033,14997))),((((((4572,(11085,14899)),(((15441,(4260,14198)),((6623,7761),(9017,(797,12334)))),(((5331,10929),(14214,15004)),((2911,(3310,11328)),(2433,((5203,14477),(2569,4972))))))),(((3406,6923),(3954,13433)),(844,(3644,12864)))),((((13909,(9565,(724,(7984,14029)))),(4482,7836)),(12860,(5907,13804))),((3878,13329),(12002,(1241,7441))))),(12888,(5963,(13796,(4957,7515))))),((((4739,15356),((1819,11752),((6421,7737),(9981,12295)))),((((4181,4834),((4706,12171),(602,(1435,5439)))),(7353,(7689,11828))),(((9424,14995),(((4499,(1215,11797)),(5306,6193)),(12753,(412,(10814,(814,10844)))))),((13449,(13625,(6757,(7128,11378)))),(7060,((7490,8974),(11110,(8728,8921)))))))),((98,(7465,11107)),(6663,9685))))),(2387,((2995,10843),(1796,15495)))))))))))),(2116,(1037,14243))))),(6520,11531)))),((6288,(1217,(4422,6253))),(11954,(7032,(7648,(((255,9122),((1383,10753),(5771,((2566,8431),(388,14015))))),(((((7957,10100),(((5577,10767),(8892,(8644,(4242,15645)))),(4126,6694))),((7769,(1263,7679)),(1536,(15167,(8386,10256))))),((1940,(5316,(548,(5398,11862)))),(((5111,5351),(12917,14569)),((7241,14825),(7324,9057))))),((4371,6953),((2291,15339),(2187,8773))))))))))),(14220,(4774,(3305,((3896,10633),(2269,8949)))))),((10300,(205,9429)),(1703,(13180,14397)))),((((11936,15343),((((4553,6699),((13583,14911),(8106,(8620,14840)))),(5744,11223)),(14063,(10660,(3872,4385))))),((1535,(6256,11242)),((145,7998),(144,12123)))),(((13856,(2660,9512)),(8872,14072)),(((710,2361),(1017,15666)),(12249,(8410,13242))))))));
((((1603,(((9291,12390),(11584,(14863,(9969,((172,12760),(6639,7530)))))),(((((((304,(14872,(11244,11420))),((2707,(12893,(4484,14075))),(2165,(4854,14573)))),(((3737,((520,(1275,14533)),(14865,15652))),((((9694,(10308,11554)),(3875,7479)),(((3902,12437),((5251,9390),(1121,9764))),(11307,(14046,(4915,9165))))),(7463,((8334,12256),(6240,8244))))),((5746,7413),(8222,14662)))),((7185,(6456,(((4509,((8204,(2344,(7318,11612))),(6681,8162))),(12454,(7604,(((4814,(14304,(5801,(14818,(2929,10975))))),(2909,(1998,(10708,(12928,12951))))),(2635,(4665,15609)))))),(12466,(763,(9572,((15517,(7063,12848)),(15380,(1795,14305))))))))),(7160,(((7963,((1373,(11728,12857)),(8506,(14867,(1502,4073))))),(5183,(9454,(14083,(12146,((4505,8248),(13031,(14298,((706,(11146,14604)),(49,4253)))))))))),(14659,(4793,(1050,6203))))))),((6054,((4489,((((((12755,(14603,(329,8074))),(13360,14786)),(((1141,3018),(15493,(10180,(132,10648)))),(5094,6479))),((((716,9589),((5052,9197),(14875,(5827,14894)))),(((3629,5590),(2460,((5121,10936),(7628,(2151,12780))))),(14335,(2760,15662)))),(5493,(5849,(4747,5141))))),((((((10198,15332),(7712,(13374,(((7674,8373),(3390,11742)),(3702,(9155,(10723,(9498,13158)))))))),((15407,(3326,(15284,(7264,8303)))),(6072,(717,1695)))),((2737,(2736,7220)),(1555,4383))),(((939,(5968,13942)),((11626,(5109,15366)),(11636,(10671,(13627,(3711,14797)))))),(5495,13634))),((11568,15402),(2732,5642)))),(2912,((9341,(14538,14660)),(122,(7161,(3121,11187))))))),(6885,(5544,(8028,8980))))),(1338,6261))),(7059,14596)),(9667,(7921,(11968,(15472,(((((649,(7850,12913)),((10930,(8513,14041)),(10654,(9799,12741)))),((11642,(8748,10618)),(10359,12265))),(4121,((1323,9026),((456,2510),(1677,12526))))),(((((3223,8272),((8802,9825),(8765,(4802,12393)))),(14374,(4108,7600))),((10858,((6486,(891,(9705,12460))),(5396,8702))),((794,1138),(6661,7364)))),((4558,(8587,10454)),(((4400,8577),(11708,(3851,(10628,14855)))),(9272,15261)))))))))))),((2843,(6900,(1802,5929))),((5723,10041),(2602,12478)))),(((((7882,((12050,14195),(5904,(3674,8690)))),(13284,(((5167,(1185,(14006,14717))),(3017,(907,8098))),(2307,6424)))),(8368,(6069,6917))),((((1598,7936),((((6720,(3192,12241)),(10641,(14411,(767,4001)))),(6414,(11448,11970))),(2467,(9204,(8048,10506))))),((1395,9806),(3429,(13931,15026)))),((5733,(792,6820)),(6356,(5480,8332))))),((((((8588,(2842,6207)),(9071,11536)),((5989,9174),(547,(12746,(1827,4010))))),(4348,(11430,14479))),(8547,14056)),((13252,(1740,13127)),(248,4579))))),(14544,(3791,7196)));
((86,((259,6751),(((((8859,11595),(((1772,8076),((12853,(14037,14253)),((9741,((2575,5875),(3779,9522))),(1066,(7572,(1378,6400)))))),(11427,11540))),((14426,(8087,9267)),(2439,(8913,12327)))),((3209,9909),(((13364,((((6363,6441),(4703,9527)),((((8450,(124,3085)),(((5575,((945,13548),((9893,12418),(15315,(4889,9113))))),(3819,4469)),((12161,(5665,10313)),(14627,(6258,13803))))),(((12521,(1815,5336)),(8184,(823,14664))),(3933,15215))),(10661,10820))),((((4881,(257,11215)),(2966,(14497,(142,4115)))),(10979,(7251,11144))),(7286,(2383,14771))))),(1588,6604)),(2066,12379)))),(8217,(8294,12841))))),(2358,3148));
(13872,(7534,((((8429,14751),(14658,(2738,(10036,12444)))),(9012,(2229,(1669,1947)))),((2722,(7043,14868)),(((4233,(8643,(15079,(3682,14406)))),((2518,((7678,(151,3497)),((7524,7682),((2563,7612),(((1870,3945),((((2108,4574),(3265,14768)),(((((13661,(12527,15354)),(6741,13063)),(1953,4352)),(3751,(1105,(3990,4258)))),(3336,(3930,5713)))),((2197,7637),((11061,(9966,13546)),(((5084,5852),(1456,10317)),((4997,12468),(11995,15223))))))),((3813,(5178,10343)),(599,9904))))))),(4714,13383))),(6366,(5255,8696)))))));
(2228,(9810,(((6570,(3543,3713)),(8051,(12061,14542))),(((4142,12613),(9840,9853)),(((14617,(((6835,(12287,15448)),((1648,11942),(11231,13883))),(7234,9856))),(11939,(((6078,(5684,11482)),((9125,(4033,(12421,14319))),((3610,(11393,15113)),(11458,(9211,(3619,8561)))))),(3062,8072)))),(((12710,14864),(1095,(6836,14013))),(1251,6131)))))));
(8857,(2357,(((4622,(5358,((2180,12702),(9775,13699)))),((7620,(10606,(((403,5702),(8601,9335)),((12926,15274),(15540,((2450,14156),(4943,13543))))))),((702,11983),((9922,(762,((7870,15686),(8192,((295,14467),(((2384,(464,9855)),(8853,(6468,14594))),((((8928,10686),((1798,9129),(6950,7352))),((6906,(((3505,7017),(9481,(11680,(7860,(1577,11538))))),(15247,(3688,6026)))),(982,(7336,8404)))),(4083,10320)))))))),((11412,(5093,(246,12790))),(7419,((2897,15063),(10759,13542)))))))),((((1644,3681),(10025,(2390,9757))),(956,(1562,5841))),(3693,(2202,15678))))));
(((6393,((6477,(((1467,5772),(12386,(1862,6076))),((6368,((6717,14556),(10689,14035))),(14702,(463,(8468,9915)))))),(10823,(3114,15226)))),(15161,(((((4538,(9960,(2917,3481))),(1918,((9544,12843),(6185,14055)))),(15211,(5384,13234))),(((1666,(4217,(45,8276))),(1887,(13357,(85,3482)))),((3187,13599),(9002,11879)))),(5394,((11207,((14958,(6361,(8752,(9993,11282)))),(1483,12791))),(8132,(3119,6828))))))),(9422,(6809,(2557,(11315,12714)))));
((((694,9201),((3324,(11279,(((14637,((943,(909,1904)),((1708,12644),(1523,2159)))),(7567,(((12973,(6788,14100)),(9310,(13738,14915))),((5327,(11053,13511)),(10346,11955))))),((((5371,12619),(6302,14862)),(3375,(3534,11319))),(11230,13040))))),(3979,13762))),(((9144,10901),(((236,8342),((8209,10234),(1689,14154))),(1108,(2981,6608)))),((7508,(3973,12823)),((3372,12700),(((6754,15313),((5832,10434),(2182,(4969,(6410,(1994,6913)))))),((((6868,(13286,(684,10695))),(8886,14826)),(416,8730)),(3755,11327))))))),(1327,14289));
(1355,((8304,15520),(((4345,9099),(9940,(2884,(2455,5576)))),(((((1478,(5253,(4061,12523))),((1731,((577,(((4900,5246),(5996,6951)),((12731,(4809,8135)),(6504,14823)))),((9253,10597),(10450,(8113,((8352,13093),(9031,14527))))))),(((3937,11465),(11573,(9214,14410))),(1698,10534)))),(((7073,(9560,14242)),(1254,10828)),(2043,13257))),((2799,5704),((4330,(3549,(5537,14910))),(11666,12310)))),((7311,10908),(((928,((3663,5259),(3730,5469))),(12614,(7075,10266))),(4008,6509)))))));
((13783,(3377,12983)),(((9811,((3293,5045),(96,10669))),(13962,(10237,14980))),((4514,((1778,9432),((((10521,(11377,(1274,14941))),(1153,4128)),((8704,(5800,14324)),(10697,((3524,(313,(1806,3325))),(2888,(15010,((13455,14011),(2305,(3880,12774))))))))),(1151,1951)))),(1747,(9282,14478)))));
(((6142,((1150,8578),(7159,9650))),(10044,(592,8343))),((1789,((5415,(((1803,9542),(12667,(7933,11884))),(5825,13952))),((((((5278,(((6586,9292),(1879,10803)),(9198,(4977,7093)))),((5102,11696),(14965,(5091,12792)))),(5340,(2053,8865))),((811,((11418,12149),(5133,(109,12927)))),((12680,(6002,(2947,15057))),(4321,12069)))),((1447,3347),(12915,(5994,13800)))),(7602,14641)))),((1911,10409),(5468,10541))));
((4117,5038),(((6927,(7372,14456)),((8241,13725),(10276,12342))),(((7941,(5360,(2827,11150))),(((14346,((7375,11033),(6718,9331))),(10222,(148,(((3757,7153),(1920,(11783,(2971,15271)))),(1000,(4207,10177)))))),(1790,10249))),(((13488,(889,15569)),(4537,7999)),((((10360,((3655,11037),((3073,8039),(5069,(10583,(1601,(58,8146))))))),(701,1924)),(((6060,(8013,10448)),(2272,7105)),((1226,((14024,(5440,12531)),((10230,13112),(7037,12132)))),(4860,12012)))),((11806,12670),(9261,((5806,15123),(2369,8413)))))))));
((((5218,(5234,8104)),((13562,(112,(10219,13489))),(4846,9668))),(((13343,15337),(((7442,11222),(11103,(8829,14819))),(3022,4048))),((7209,13395),(337,(8910,9212))))),((15557,((8427,((10791,(6968,10931)),(284,12601))),(4639,11340))),(10290,(7485,(6064,(12980,(484,12993)))))));
((3100,3475),(((((1615,(2756,9302)),((9317,(3895,12129)),(3485,6173))),((4140,(3535,6350)),(10817,13641))),(2136,(((2181,10307),(3802,4515)),(3237,13091)))),(((786,2742),(15043,(4228,5491))),(7778,(7395,10578)))));
(9988,(((1624,(6360,((9953,((3157,14687),(14008,(6278,(8239,15169))))),(2230,(14091,(13838,(7703,13035))))))),(6446,12234)),((685,(3101,13114)),(((5283,14245),(5344,11320)),((((3095,(9463,15128)),(7715,9794)),((1807,(7895,10084)),(5362,(10605,14446)))),((6123,(807,8288)),((14712,(6303,13764)),(3796,13615))))))));
((14632,(3,13672)),((((4740,(2224,(2578,(14325,(2878,8144))))),((6481,(7861,9906)),((((4892,((10393,12720),(10060,10462))),((1476,(7062,(11917,11935))),(862,6625))),(5802,14119)),(7344,(7803,(9078,(9417,13123))))))),(4327,5409)),(7041,(14977,(9529,(2243,11456))))));
((((7379,((4192,(1063,1866)),((819,9626),(6160,(900,10470))))),(12302,14140)),((10659,(5983,((6027,(((2858,(1257,4303)),((((1389,13197),(14183,(4413,7482))),(4206,(1946,4638))),(2258,(3457,12294)))),(7923,(11564,(10935,(8700,15198)))))),(((9345,14845),(2868,2976)),(899,13498))))),((15533,(7296,15519)),(4395,(438,2041))))),((2102,12770),((8873,12251),(12916,(10518,(((13397,14019),(7713,(2137,8136))),(6221,(1700,3977))))))));
(((3221,(738,6605)),((((12606,(20,(3536,6583))),((11748,(15341,(3006,3234))),(2718,14162))),((10161,12124),(13417,(12365,(1111,((7842,(6341,(4688,12219))),(478,15190))))))),((655,3780),(7570,9822)))),(15,5750));
((((6688,(2316,(12038,(9265,10902)))),(930,(2533,8813))),(((10378,(2207,((8099,(3577,14580)),(15185,(5151,(9900,13748)))))),(7825,15361)),((((((1719,6413),(13118,(5527,11380))),(10158,(11799,(486,(221,9228))))),((286,9285),(7275,14365))),((9543,(7970,8876)),(3297,4354))),(4542,(5476,6437))))),(1124,(2078,4243)));
((9246,(((6958,(2564,(10471,(5328,8878)))),((2039,((12037,(6834,(7704,12194))),((11442,((1851,4110),(3876,(13474,(15602,(6815,12590)))))),(12098,14076)))),((2174,(2734,7357)),(848,15624)))),(1092,15033))),(8066,(4642,(4934,14286))));
(13651,((6013,((1714,(3386,4364)),(1848,(11986,12072)))),((3181,7255),(13230,(3126,7864)))));
((12553,((7082,10282),((8491,(938,1474)),(2683,11497)))),((13670,(13246,13349)),(12833,((15276,(6263,11808)),(((2216,(6313,8020)),(4605,(8516,12622))),((11238,(11220,15507)),(15164,(4715,(523,3131)))))))));
(((9273,12885),(((8858,(2148,7973)),(3333,12730)),((1871,8610),(9439,(3122,6984))))),((13400,13559),(((8289,(8114,8849)),(2335,15490)),((831,(10607,(8363,(3793,13451)))),(7068,(3912,4590))))));
((5526,(4954,(10404,(11485,13311)))),(4049,((11081,13506),(546,1086))));
((911,(15288,(10401,((2044,14334),(11625,15005))))),(((((10004,(7271,15484)),((13446,(524,2854)),(4356,8261))),(7586,(9663,(9505,(9430,11818))))),((15137,(11929,13934)),((5466,(4102,(3494,4723))),((10768,12414),(8799,11147))))),((583,14292),(8527,(8033,(5676,(7496,12754)))))));
(((((7906,(14347,(11209,(5198,15561)))),(14585,(3950,((6484,(5378,11115)),(11184,(7684,(6426,6728))))))),(3562,13743)),(10927,13810)),(((3444,9055),(12360,14700)),((1783,8566),(4012,(7438,12105)))));
(((10968,15090),(13874,14586)),(((14805,(7511,14630)),((((511,5254),(2764,5074)),(13272,((1024,(9652,10480)),(5013,10436)))),((8236,12054),(5628,8968)))),(5954,((15060,(12206,(705,15480))),(14378,(5096,12595))))));
(((73,11068),(11885,(10484,((15225,(15475,(6549,7373))),(((2703,(788,(13302,(6650,9568)))),((15638,(1557,10008)),(14754,(6219,10716)))),(10326,15194)))))),((15397,((8418,13499),(9725,(3483,14222)))),(15340,(9108,12918))));
(10103,((5229,15258),((12248,(14022,((1200,13972),(4870,11705)))),(9280,(4803,8933)))));
((4776,10544),((((((9813,(11020,14656)),((188,(8789,14023)),(8814,12231))),(10729,13754)),(1161,6876)),(4180,(3782,8195))),((131,(14084,(2211,(931,11151)))),(((1350,(4302,(1755,(6239,10209)))),(1211,5036)),(6310,(10608,15615))))));
(((13992,15597),(((1154,11803),(((11128,(1026,3329)),(11842,((7868,(7014,10564)),((5581,(1022,8008)),(15282,(5215,(2751,2974))))))),(5573,7940))),(11634,(3602,14044)))),((15245,(15163,(3598,15363))),((4690,6675),(7922,(13905,14744)))));
((7074,10019),((5356,((3934,9967),(1332,13785))),(((2603,4686),(9459,9910)),(((2857,(3339,(5908,8888))),(3240,4392)),(4618,(1956,(8854,(2778,13008))))))));
(((12597,(6036,(7681,12599))),(10362,11007)),(((994,(6603,15349)),(5112,8668)),(2692,(881,5467))));
((((10181,(5207,9612)),(4436,(11413,13321))),(6114,9334)),(((10006,10658),(7755,13461)),((9571,14265),(12140,(6884,(7918,(7083,(11314,(1479,13563)))))))));
(((1551,8331),(1088,(11216,((13948,14196),(10218,(251,11429)))))),(3088,8661));
(((974,6327),(9943,(11541,13935))),((6314,6813),((1367,10465),((12580,13775),((983,(8348,9983)),((4037,(10125,12578)),(2114,15476)))))));
(((4910,(4628,(4822,9112))),(8337,(2847,6599))),((7720,8483),((7771,10332),(10884,(6530,11464)))));
((12824,(12461,((4059,4086),(5404,9063)))),(2898,3867));
(12275,(6252,(5972,((9963,(4858,10185)),((14005,(15599,(3259,(2209,11643)))),(6685,(5169,(4599,11323))))))));
(2033,((9594,(10459,(11952,(1258,7383)))),(8879,(3368,14468))));
(12168,(240,((9736,14828),((1374,(6701,7575)),(12095,(3910,11649))))));
((14593,(4520,8825)),((10587,(2050,12806)),(375,(11807,13744))));
(((8128,9756),(457,((1543,(3448,3944)),(8538,(13520,(11814,14190)))))),(5911,7411));
(3322,(4208,10162));
(4557,(13646,(4081,(12996,13260))));
((10347,(140,10773)),(2642,7886));
(14802,(10988,14444));
(267,4016);
