3573;
14342;
2370;
4130;
2304;
14593;
12068;
227;
651;
1037;
1734;
6795;
(9385,9881);
(5370,12520);
(9402,15501);
6352;
((13273,13941),(695,8224));
(492,13604);
((7350,(8935,(339,15127))),(((769,2107),(1668,15672)),(13508,(2260,5247))));
((13963,15588),(1952,11774));
443;
3827;
7720;
(11996,(6801,10863));
(1076,12963);
15640;
((2896,11122),(5814,13719));
3707;
5407;
12394;
2446;
12577;
(4002,10082);
12079;
252;
9810;
772;
(8997,(768,15526));
1841;
5144;
8773;
9430;
511;
15163;
4700;
1897;
7856;
13703;
7227;
5674;
2455;
(9330,14095);
(8103,13756);
3423;
12013;
14631;
(5994,13800);
10964;
2894;
8622;
7623;
3698;
(3740,14021);
4237;
7095;
3366;
12242;
9392;
4396;
(7334,(13496,15529));
(1613,12257);
359;
13982;
13127;
10347;
4302;
10900;
8850;
6006;
4731;
4314;
1250;
1999;
(5321,(9450,(10178,14627)));
10658;
3145;
14018;
10086;
12420;
8895;
8602;
11507;
9800;
10052;
3203;
807;
5961;
10597;
6409;
7337;
5784;
((9462,10565),(3451,11749));
14802;
11758;
760;
15096;
10290;
10293;
8943;
9574;
4976;
(5589,13270);
3946;
7013;
12998;
12010;
13873;
13583;
2276;
14914;
9332;
12604;
13175;
6774;
(12282,14936);
(15461,(8108,(6707,9782)));
8925;
9658;
15330;
3875;
5903;
7274;
6429;
9946;
11577;
8327;
4443;
4605;
10095;
141;
(2640,8152);
265;
5359;
14945;
3396;
14815;
(5507,(10186,11415));
(32,6139);
(10630,13537);
8338;
(13012,13994);
4268;
3647;
9732;
8911;
10734;
4640;
6971;
13043;
(3005,9067);
11452;
6322;
4352;
3142;
15150;
9079;
2802;
15175;
6894;
10713;
801;
3892;
4533;
13541;
12666;
12725;
1616;
10584;
12568;
13277;
8007;
13767;
14861;
(13768,14217);
10109;
3092;
15674;
4374;
13421;
9237;
(2122,10074);
12556;
13607;
10957;
13337;
11048;
13949;
5103;
12205;
13492;
6135;
1196;
(3542,10179);
4663;
3541;
13971;
15254;
(3594,3778);
3062;
6569;
8308;
(5453,(2385,8742));
13296;
((6597,10653),(3438,11467));
11508;
9422;
3629;
14224;
10908;
7115;
11202;
9368;
2501;
14273;
14082;
2619;
4945;
9811;
10997;
12230;
9335;
(3043,(9011,15142));
753;
3769;
12981;
6099;
2452;
14435;
13650;
3819;
4356;
9291;
11029;
10841;
10153;
8438;
1474;
(2837,5071);
2375;
(10919,(12974,(6898,(7320,(6572,10802)))));
(767,4001);
13829;
3131;
8954;
1078;
13149;
5472;
2582;
13151;
(12001,14877);
12732;
2633;
10700;
1751;
(8726,14465);
14150;
6096;
3940;
1205;
9638;
5642;
1031;
12839;
10530;
11636;
1976;
9783;
(4075,9472);
2996;
1680;
(15455,(6117,(4959,5710)));
10617;
5188;
6005;
11676;
(7048,10101);
14618;
(3912,4590);
13198;
5999;
4905;
9076;
2351;
15338;
10553;
13322;
(8704,(5800,14324));
13673;
1493;
5624;
9299;
12402;
15230;
8317;
14062;
9038;
7790;
10609;
(15104,(10268,11302));
8461;
8937;
(4791,7236);
13219;
786;
1707;
11740;
15246;
2449;
8042;
14934;
14528;
8956;
5544;
6228;
1764;
1085;
7712;
10581;
(8304,15520);
5562;
12239;
8102;
10299;
(1691,9013);
8070;
(11365,(179,15692));
(2414,11673);
5076;
8816;
13194;
4859;
(9995,14674);
11264;
15525;
2796;
6717;
8767;
1728;
9230;
5378;
5810;
11850;
6125;
9715;
1606;
14068;
6642;
(6640,7029);
(10934,13048);
3527;
3957;
1926;
6464;
4607;
70;
8415;
((8189,12446),(397,(10154,(9509,(5426,7006)))));
30;
5644;
14039;
9781;
7189;
5595;
8033;
13482;
4712;
8540;
1801;
13004;
7130;
9127;
14859;
11938;
(2284,5565);
11615;
2588;
13731;
(1139,2605);
9088;
((11484,(3994,12881)),(12151,((594,14166),(168,11067))));
1424;
8455;
3015;
5160;
13950;
(10971,(3437,13032));
4057;
15206;
381;
12202;
1200;
(7580,8004);
5291;
(((9629,13029),(5767,10832)),((4597,5786),(2833,8559)));
11168;
6711;
7724;
(2478,14986);
839;
7377;
2761;
1143;
14880;
6585;
13830;
3348;
10952;
7828;
((4483,(7517,11364)),(7077,13443));
3354;
12717;
12761;
(1954,11246);
15591;
9703;
15497;
1267;
5028;
23;
6887;
520;
10430;
13477;
11901;
9097;
13892;
(9464,14949);
9452;
12210;
2438;
1308;
8782;
7162;
2265;
11245;
2411;
14675;
13659;
(4446,13050);
8215;
9274;
15034;
(413,11857);
12530;
10024;
8669;
12184;
9100;
5817;
14298;
14225;
4746;
15144;
1199;
(1739,2345);
5621;
15252;
4796;
14796;
9160;
(206,10481);
15349;
79;
10034;
787;
4205;
1485;
(900,10470);
4079;
5526;
2089;
(8191,13685);
7603;
(6968,10931);
7914;
4009;
8219;
7123;
11983;
14665;
14074;
7351;
882;
5400;
11188;
6251;
9336;
8286;
7081;
(5393,11434);
(1411,6533);
6142;
6226;
11102;
12154;
14374;
13027;
7594;
6559;
10318;
1910;
14906;
9528;
8349;
7859;
15552;
12077;
7345;
5362;
4604;
3511;
13230;
9555;
6581;
8601;
14386;
7748;
6034;
14590;
6579;
1111;
7847;
6933;
7683;
(10466,14720);
5036;
14612;
5815;
1744;
3608;
10895;
4213;
7984;
7505;
3185;
5356;
7075;
12922;
5668;
(2532,9412);
(8587,10454);
9849;
2909;
4123;
(6090,(11916,12939));
14401;
9552;
7737;
7976;
4934;
7295;
8403;
14430;
(7428,10498);
11784;
3086;
15137;
14414;
13510;
8468;
15341;
(2662,5235);
(1919,(503,9087));
12820;
2784;
(1326,1985);
571;
1848;
2602;
15462;
2586;
(2648,5663);
9857;
(10561,(3722,11585));
9549;
6587;
15458;
14995;
5254;
(6195,(3469,(810,11772)));
6192;
2844;
14684;
8737;
8011;
816;
8299;
9837;
(1873,3958);
12753;
13643;
7353;
5229;
4892;
9765;
((3809,7601),(473,5568));
4626;
3857;
3625;
3428;
11739;
6620;
11570;
4033;
2690;
13914;
2167;
4883;
7157;
7392;
8018;
9351;
6608;
6884;
1217;
9401;
4862;
13244;
7769;
15314;
1939;
13111;
(2592,15410);
12770;
3080;
1678;
6124;
7438;
4993;
4351;
2534;
(5402,11753);
8920;
5979;
6786;
15204;
6248;
1195;
7516;
4698;
(10161,12124);
4233;
13754;
6314;
2476;
7805;
7903;
7744;
15306;
4317;
15362;
5165;
7999;
1457;
7994;
14696;
8560;
4083;
9232;
3779;
10632;
3864;
1661;
(3835,7663);
3407;
9583;
2589;
2537;
1393;
10813;
(165,4615);
11727;
14310;
3033;
36;
14862;
(1712,15394);
(3000,8259);
(7258,13586);
13529;
234;
8747;
1404;
3554;
(666,13130);
(4458,9759);
4260;
1102;
(5286,15297);
7064;
(3649,5824);
(303,2523);
9235;
1432;
8041;
11932;
11469;
8460;
9157;
15639;
9305;
(13796,(4957,7515));
10327;
15069;
8355;
7526;
7381;
11864;
6972;
12193;
(5273,13733);
1147;
5686;
13495;
10242;
7270;
6391;
6273;
5016;
7398;
1187;
6353;
8449;
10738;
10103;
4420;
7324;
(14904,15665);
274;
3770;
(13962,(10237,14980));
13030;
7706;
7529;
10868;
7961;
(9219,9407);
13188;
7757;
6780;
11738;
4298;
4322;
11782;
4531;
(1945,8824);
13934;
1611;
11599;
2889;
9377;
3589;
12201;
5630;
1124;
14602;
3667;
(1331,7540);
(6506,14636);
(11620,13956);
8238;
3443;
9970;
(12511,(569,1582));
(13227,(1201,14790));
(825,5010);
(4441,15014);
4714;
13576;
(7653,(3024,15143));
6397;
15097;
2189;
(3424,(940,3768));
6475;
13019;
13824;
7410;
14690;
1602;
969;
(2213,2669);
10937;
69;
9441;
9838;
5272;
7684;
471;
11040;
15125;
6097;
12478;
15342;
11148;
14441;
12355;
2285;
3065;
3300;
948;
7638;
4798;
6825;
2542;
4185;
4459;
7147;
3962;
1483;
14539;
4242;
6867;
8791;
5520;
11939;
14244;
12553;
13088;
14661;
(7661,15301);
10910;
11363;
14909;
4267;
9966;
14077;
9962;
(1796,15495);
5031;
12376;
(9108,(4587,12918));
(6903,(5,8714));
(259,6751);
((1018,1724),(9649,11549));
10728;
10274;
(1995,4831);
7937;
12261;
(13566,14548);
3899;
8720;
(13675,14081);
11398;
10635;
2145;
6850;
10730;
847;
14207;
3138;
3153;
7697;
14610;
12055;
12056;
(855,(943,7039));
15424;
10271;
8578;
14887;
11085;
5089;
14035;
14891;
5636;
2270;
(4428,9828);
6709;
6154;
11859;
15141;
(13434,(9022,13840));
10590;
5123;
12757;
(10038,14584);
14349;
12721;
12609;
11621;
367;
12532;
(7096,11116);
9062;
14237;
10620;
2388;
9562;
15337;
8504;
8516;
14073;
15276;
12008;
3915;
8985;
1171;
4327;
57;
2056;
5697;
14371;
6532;
6648;
3909;
12206;
12652;
3777;
7059;
8793;
42;
14472;
11833;
10068;
730;
7421;
(3232,15508);
(10909,12172);
6783;
5759;
1066;
13637;
3422;
13155;
7867;
59;
10371;
4281;
2477;
4514;
1024;
(522,12675);
3950;
14425;
1516;
11225;
14493;
1135;
7564;
13118;
13205;
3291;
8575;
6638;
5941;
(3579,11016);
7715;
7176;
14185;
1839;
(5023,12128);
15533;
10690;
(1723,10733);
(8984,12750);
5172;
12596;
1511;
3656;
14728;
(497,9646);
5662;
8176;
11015;
1338;
1543;
2747;
(14455,15009);
11143;
(7707,8412);
4638;
9474;
8563;
11343;
10333;
(10885,(11466,(11511,13138)));
20;
10383;
10367;
(7063,12848);
5072;
11646;
12715;
620;
7868;
4041;
(8155,10514);
475;
6451;
(17,(9249,(7237,10215)));
(640,1070);
565;
9445;
6591;
10080;
(6426,6728);
8028;
12020;
4190;
1614;
12009;
(10412,11357);
11502;
73;
10587;
((7247,(4728,14938)),(4518,5131));
35;
(5661,9768);
(441,15482);
7007;
9676;
11842;
304;
3549;
12334;
11443;
4239;
7822;
9451;
2072;
14238;
12606;
(4480,5499);
9964;
9084;
2340;
11372;
15295;
306;
13687;
(11362,(3622,6739));
9854;
7957;
(9687,11539);
6660;
1369;
428;
12088;
9447;
1155;
12389;
4877;
6874;
(1299,11926);
6042;
3088;
2251;
15443;
4434;
8854;
(9844,12906);
14509;
1327;
2676;
8192;
(6488,(5851,13312));
9588;
4836;
4093;
14316;
4946;
8629;
12143;
8373;
(13446,(524,2854));
1671;
349;
9173;
2815;
10163;
6481;
12887;
10423;
(2594,7021);
13953;
7211;
4734;
5615;
5617;
3516;
10923;
6497;
4387;
12180;
1214;
(4380,14290);
15574;
2604;
3677;
424;
4094;
5685;
991;
6615;
14400;
4938;
14615;
792;
(13259,15403);
14812;
4092;
(12229,((2871,9199),(9886,11203)));
363;
1593;
3306;
7225;
7944;
9596;
6272;
1068;
8655;
9753;
(12673,13223);
12034;
2554;
634;
4118;
430;
7045;
14060;
9066;
(1664,(2201,5073));
(4026,11113);
6215;
5088;
(9537,(723,9221));
11984;
13281;
15290;
10266;
(9077,(6093,12844));
9379;
6788;
(7131,11559);
(3323,(6551,9654));
12098;
11070;
(1160,8521);
2566;
12579;
9957;
12645;
863;
(8790,10966);
11526;
12603;
8396;
3400;
10445;
(6109,14816);
13654;
343;
6084;
2812;
13565;
(2861,10192);
13926;
(7686,(13849,((9521,(12262,13324)),(6198,(6029,7872)))));
459;
(13363,13976);
9321;
(690,10788);
9955;
12867;
980;
2303;
11046;
3106;
10534;
8134;
12999;
3978;
2977;
10446;
(2665,12847);
7445;
11283;
10164;
7329;
3393;
13652;
7423;
10260;
5396;
5175;
(8945,(7220,9624));
1408;
10902;
9771;
2661;
1676;
7963;
12329;
12255;
11397;
2148;
15015;
12251;
13532;
13320;
(9803,14116);
10061;
10523;
12665;
(866,12040);
5056;
861;
6565;
10580;
12957;
1588;
3991;
(8463,9496);
6713;
11288;
4409;
4357;
(8133,14240);
842;
9162;
2564;
3927;
(931,11151);
13382;
(3519,(3692,8746));
2701;
5236;
8724;
9744;
7104;
12729;
5772;
12870;
2935;
1050;
10222;
14261;
11813;
5479;
10023;
13677;
6594;
7520;
12626;
12391;
9693;
763;
9937;
10167;
2979;
14411;
11192;
215;
523;
7535;
2426;
8289;
4254;
((6855,12879),(11846,15111));
(12940,13633);
14470;
4347;
15496;
14423;
10675;
336;
10656;
5616;
7444;
939;
1621;
3256;
13832;
5348;
2843;
1572;
(1032,6199);
3889;
1077;
(5020,11403);
3781;
9677;
4006;
(5039,9611);
15355;
1694;
3048;
13248;
6763;
11625;
((4886,12289),(3753,5795));
13929;
2885;
14912;
9978;
8329;
7754;
(8547,14056);
6086;
12919;
2087;
4745;
8657;
(14330,(12955,13169));
(4499,(9044,(1215,11797)));
10055;
(8958,11157);
12340;
(1987,6200);
323;
13591;
12995;
15134;
3726;
6944;
2942;
3792;
7982;
9780;
4440;
14609;
14402;
442;
10777;
10187;
4586;
11389;
9977;
12258;
(6149,10127);
(3493,13389);
8583;
4682;
7547;
2290;
14350;
11913;
2007;
8823;
1169;
330;
5166;
13684;
7491;
5611;
6305;
4296;
2983;
(8772,9309);
9812;
1850;
2978;
6085;
12866;
(2274,6686);
(7590,15172);
7570;
12481;
13505;
4865;
9328;
(7854,9494);
13762;
14322;
46;
687;
14193;
13074;
15130;
3261;
14220;
2716;
13669;
10338;
((6538,(12543,(15352,(3884,(9700,(3332,(6602,(7749,7863)))))))),(5894,(7898,12504)));
13625;
13774;
11701;
8675;
12373;
12862;
878;
7097;
13876;
5984;
11504;
(317,11262);
3828;
(538,(4681,9406));
2200;
9822;
9727;
11427;
(7642,(14585,(13698,(1210,(12413,12787)))));
5357;
6824;
6810;
(7356,12738);
12503;
6962;
7878;
758;
(7395,10578);
(4023,13104);
12648;
7987;
5591;
(671,8922);
6665;
12050;
401;
2109;
1223;
14897;
4634;
(7366,7719);
(328,10059);
14473;
642;
13614;
(((9081,14905),(6063,9092)),(2675,6724));
10981;
10183;
2540;
12683;
7038;
11834;
11161;
12354;
4881;
10357;
10491;
6106;
11674;
5391;
10313;
7781;
1717;
11718;
4066;
12119;
1765;
11396;
7289;
2067;
13049;
(2377,10683);
9267;
13610;
3858;
14016;
11584;
5342;
2398;
9982;
1966;
7135;
11523;
9028;
6909;
13571;
15033;
10017;
13204;
(6394,8201);
988;
1347;
8153;
12958;
(13135,(9312,14770));
7779;
3902;
5457;
(8996,12756);
8686;
3194;
14876;
5593;
(1429,1715);
9723;
4150;
11550;
10469;
1960;
(6239,10209);
6595;
11249;
(7280,11461);
2019;
(1307,(1825,13412));
12821;
10698;
14713;
8967;
1579;
5758;
5401;
(291,6882);
1337;
11007;
6689;
15431;
15467;
14384;
1970;
7214;
13016;
12284;
14181;
15259;
10352;
((14525,15286),(6897,8727));
13970;
14179;
11044;
8285;
8585;
12943;
5978;
5048;
9834;
13289;
6651;
4089;
15243;
14629;
5698;
11460;
(5006,12734);
1491;
8633;
8146;
9112;
958;
(11301,12048);
12629;
8367;
8144;
10360;
3247;
((714,8361),(2032,(9575,15492)));
9652;
2508;
4014;
(7283,8025);
4104;
7414;
(5541,10304);
1444;
2066;
9948;
(1356,11706);
11328;
14772;
14946;
5602;
13836;
15092;
4864;
4910;
8405;
7598;
2241;
(1275,14533);
8894;
5042;
14756;
11167;
13498;
(54,9264);
2699;
11734;
(2456,((6213,8213),(7248,14216)));
(5966,(12818,14287));
733;
11082;
5074;
(275,9398);
10194;
11791;
11457;
(1838,9388);
6658;
(13827,(11062,(7891,9329)));
8131;
7551;
(6470,8270);
10487;
2862;
9743;
8352;
7949;
3397;
12727;
9573;
13309;
(1362,14294);
10436;
5871;
15285;
(5626,11710);
7762;
(7234,9856);
5469;
3212;
2025;
5959;
1039;
11381;
14833;
12696;
2607;
6022;
12487;
11968;
3989;
10003;
12910;
10661;
((9625,12815),(4295,(6295,15331)));
13773;
747;
14893;
1475;
10600;
(7776,10517);
12317;
14064;
15503;
5100;
11008;
(8482,13278);
((5746,7413),(8222,14662));
14979;
6103;
398;
12179;
9541;
6404;
10592;
6453;
6325;
6778;
(((219,12435),(7301,7742)),((3581,12185),(9344,15440)));
10088;
1138;
(1073,2017);
7869;
4221;
(11518,14579);
8351;
7998;
9884;
2639;
(11995,15223);
2392;
(((4767,8385),(2347,9355)),((973,13076),(4773,11324)));
12044;
4982;
7288;
3149;
8073;
12323;
5855;
14015;
(8292,15200);
5494;
2136;
387;
3490;
14676;
12199;
4211;
10795;
10762;
(7704,12194);
12573;
9873;
(5922,10189);
9292;
5339;
12496;
10026;
3265;
6857;
2789;
(5268,6448);
15472;
2526;
(11703,(2339,10372));
13203;
1478;
2445;
11963;
14499;
13455;
5455;
14096;
9830;
14426;
14957;
1281;
10879;
8717;
4593;
6474;
12916;
5114;
1648;
10476;
9579;
13282;
(4961,14706);
11018;
11860;
15180;
6381;
(8364,9141);
(6037,(180,6395));
12926;
9819;
15365;
4695;
5424;
3907;
5684;
7521;
10231;
9421;
6921;
1842;
15303;
(9341,(14538,14660));
11779;
8995;
(7228,10351);
3328;
15212;
(4830,10940);
8116;
4204;
12183;
6028;
7412;
3394;
13260;
8406;
5053;
12777;
2266;
(11796,(4060,9899));
5080;
9534;
((8015,13911),(1245,4772));
(7975,(5874,13325));
2121;
7346;
1180;
12948;
(1776,(1917,(4117,6905)));
8227;
11174;
1383;
8804;
(8138,9138);
11105;
4442;
13833;
9499;
2814;
9947;
(1899,14395);
8947;
11035;
13862;
4129;
1058;
10021;
11717;
12961;
8743;
14255;
148;
11680;
8030;
11086;
11644;
7472;
(3050,9453);
9071;
9260;
3281;
14976;
(1492,12874);
(602,(1435,5439));
14257;
(8877,8962);
(11286,15016);
12837;
6296;
9363;
2809;
4610;
7424;
307;
13534;
9302;
6303;
(3808,9348);
2674;
10415;
1219;
(12969,(385,4098));
(2471,15197);
(5765,8987);
2257;
(10203,14421);
4280;
11050;
544;
6001;
11284;
9072;
466;
10384;
4022;
15377;
(12024,15321);
2694;
3613;
10287;
5213;
(233,15386);
65;
1011;
6803;
1094;
8973;
5105;
8197;
272;
4475;
(5969,(10939,12892));
9298;
9560;
14561;
2960;
9083;
1346;
13938;
10682;
15149;
8275;
12894;
10273;
4466;
1587;
10485;
13488;
14725;
7072;
10483;
7028;
5148;
9940;
1731;
10096;
9716;
(7317,9423);
10182;
(13221,((386,5849),(5655,(820,(4747,5141)))));
1121;
10899;
15082;
6793;
4844;
8114;
103;
(11448,11970);
(3365,7235);
6525;
7386;
(8514,(10160,10860));
10805;
10256;
11885;
8128;
8847;
(14246,(10428,(7004,10824)));
2976;
7431;
10332;
8650;
10585;
4568;
5735;
1990;
663;
(10883,(10110,15268));
5921;
(4724,12552);
8274;
3794;
4842;
8280;
(4940,(8281,12328));
8593;
2712;
4764;
414;
(504,5219);
10361;
4360;
8798;
(4377,8203);
3124;
(13494,((4427,14276),(6462,10970)));
6069;
6252;
13890;
6455;
7656;
3161;
1142;
11347;
5013;
1733;
13416;
((2938,10399),(11043,11309));
(1716,5899);
(6956,8975);
(3683,6378);
(1120,2999);
12126;
1826;
10985;
3728;
(7958,(12768,(2367,2748)));
12506;
7471;
10588;
6122;
12350;
1231;
10920;
(3398,13549);
3606;
12608;
(7829,(6458,9365));
8919;
(5358,(9111,(51,13334)));
8571;
5477;
8054;
9973;
8762;
12269;
8006;
(5503,5877);
10314;
5861;
(4334,6522);
((552,14724),(1115,9073));
13381;
9863;
(8462,13920);
9487;
427;
10583;
4164;
12286;
6359;
7991;
7983;
13638;
13212;
3274;
12188;
8357;
4726;
9245;
4538;
8647;
7950;
429;
8430;
11637;
11904;
13803;
12880;
4373;
8701;
(4926,8271);
(6790,15094);
12302;
11848;
8983;
5058;
643;
15313;
462;
3562;
13313;
8340;
3174;
10616;
10409;
10185;
2864;
8634;
13688;
9349;
14783;
5419;
2652;
5207;
11383;
11769;
2559;
11533;
7986;
3669;
10558;
2890;
(1810,5534);
2778;
(15219,(3873,((((5934,11985),(2820,7094)),(518,9036)),(9689,14281))));
3147;
(11604,12425);
(5598,6880);
(5868,10152);
9974;
15395;
5185;
8618;
1468;
610;
10764;
6727;
(6182,7618);
2346;
14354;
5737;
5186;
5657;
(11290,11583);
9497;
4625;
251;
(4160,7224);
4811;
14236;
2732;
13366;
12263;
14205;
1284;
1964;
3019;
14173;
8881;
9435;
7979;
12081;
7946;
(9109,12785);
12607;
(199,(636,(2423,7943)));
2184;
12758;
8488;
14011;
11279;
12065;
2326;
12400;
12310;
(311,496);
3780;
9725;
10691;
13841;
7904;
(6858,9972);
5147;
5893;
8335;
13272;
3930;
13835;
6861;
4677;
6633;
7460;
4988;
2517;
2111;
7475;
15484;
14975;
(4812,12799);
(10978,13346);
12149;
4134;
14267;
938;
606;
4850;
6644;
11078;
81;
771;
(1084,5437);
15102;
10554;
(12904,13855);
13454;
11735;
6870;
13173;
(947,(645,13371));
9672;
7671;
5363;
14003;
1719;
(2795,12292);
1059;
5450;
5354;
7533;
3684;
10200;
(2678,8844);
7977;
2451;
8000;
5992;
7166;
10914;
6809;
9121;
1322;
3537;
5728;
(((4241,6878),(1330,2835)),((5571,8156),(5656,8423)));
1253;
8295;
(6549,7373);
1056;
4345;
13738;
9792;
8620;
919;
13114;
11882;
7380;
9726;
7042;
517;
10948;
4147;
11099;
10137;
8544;
9529;
6045;
7035;
13486;
3714;
8794;
8809;
1498;
4510;
14537;
1895;
2472;
(201,7722);
(5350,9486);
2051;
2482;
1162;
11388;
15201;
5120;
2129;
4389;
3735;
14792;
13336;
3298;
14642;
13751;
10414;
12492;
(6949,10312);
10936;
8321;
3865;
(10819,13660);
7839;
10932;
(415,11424);
15225;
242;
((7389,12514),(2730,11176));
(10568,15291);
11252;
(364,3248);
11287;
(181,8058);
(3278,5201);
4153;
(2079,11840);
12285;
6370;
15568;
4020;
(1285,13341);
5495;
14763;
((8800,9556),(8549,12873));
11213;
4393;
1177;
14562;
950;
6432;
13121;
6545;
6340;
10131;
8905;
11522;
12560;
8632;
(6469,(12483,14699));
11639;
((923,5447),(448,5920));
9913;
8417;
8710;
734;
15270;
5257;
15251;
4990;
1287;
11463;
13103;
6578;
7730;
14784;
62;
557;
(9356,13502);
4740;
499;
(119,4433);
(8184,(823,14664));
223;
10817;
6682;
10812;
5791;
14969;
4448;
7171;
2279;
3494;
15567;
7846;
346;
7367;
13724;
6507;
4860;
87;
(736,(1578,9433));
(9177,9372);
9997;
12433;
416;
(3499,(5888,7525));
4306;
8752;
15654;
(1598,7936);
4350;
(6821,12640);
7496;
13115;
1789;
1343;
8839;
(6110,11325);
14806;
4231;
1097;
5600;
5022;
7721;
10148;
2410;
5827;
(2156,5182);
(4595,6708);
(2186,12576);
8723;
2722;
((10672,(2741,14839)),(10027,(2062,7780)));
11248;
15234;
3805;
14536;
5530;
9208;
7651;
1391;
11725;
11957;
2031;
13879;
5154;
4656;
(3109,11979);
(3359,(61,4244));
15293;
10710;
(4690,6675);
12025;
7261;
2739;
13912;
12234;
8456;
13014;
11091;
8486;
3731;
885;
(9754,12858);
(3801,13411);
2074;
8278;
6524;
55;
(193,1630);
10629;
11217;
12713;
14303;
13877;
12934;
11548;
12380;
7124;
10473;
8705;
12810;
4542;
11404;
3843;
8012;
788;
7770;
(12746,(1827,4010));
11869;
15489;
3853;
15494;
12593;
7935;
15389;
7649;
8930;
6929;
(3209,9909);
(1339,5946);
(9597,12333);
13162;
1909;
1918;
3128;
12456;
11051;
2052;
3180;
10369;
(5825,13952);
5696;
14202;
11125;
6908;
11209;
16;
12367;
15162;
1487;
(7652,(14466,14568));
1625;
1974;
7816;
2335;
10114;
6466;
5954;
14145;
11065;
5218;
2931;
2320;
15217;
9311;
15407;
13640;
12000;
4224;
(2386,(14846,(3096,13544)));
(1553,12247);
6582;
(15374,(5933,14345));
7365;
14300;
11760;
3744;
13433;
827;
844;
(8279,9965);
984;
14282;
12283;
3947;
(4599,11323);
5938;
3961;
13380;
12045;
14835;
11154;
7158;
3085;
8172;
15043;
12885;
2975;
(8614,14051);
11867;
9824;
6187;
12080;
15523;
3517;
11375;
3245;
12189;
13915;
7774;
5914;
2632;
555;
4061;
11831;
10144;
1204;
11336;
9724;
10202;
(6666,12900);
1886;
12409;
(1133,10526);
1035;
12819;
12123;
13515;
13501;
10593;
6846;
4069;
11350;
1674;
7116;
131;
4769;
5522;
(45,8276);
10638;
8094;
3695;
979;
11211;
4528;
13682;
10536;
(3598,15363);
4704;
3610;
9890;
1792;
3639;
10002;
7453;
6852;
7559;
(12803,13821);
14093;
11649;
11514;
3628;
13245;
(4474,5296);
9265;
11490;
10191;
8245;
11011;
8469;
8045;
3507;
13091;
8171;
15181;
(1523,2159);
4127;
2811;
6523;
15612;
5930;
14227;
12698;
3838;
7543;
14868;
13124;
1936;
6985;
11123;
14757;
11663;
1450;
9151;
15208;
7798;
578;
10836;
7645;
8194;
4585;
8554;
10308;
11259;
(3057,(2574,4925));
(4492,13805);
15607;
247;
11039;
(8623,9901);
2;
9463;
6656;
1027;
9508;
6456;
6180;
11645;
(13202,13859);
4243;
(570,2444);
(2029,7401);
(6772,10228);
1833;
5620;
7747;
13750;
8627;
(2310,15107);
14844;
4493;
(1837,3646);
9050;
15207;
15247;
6262;
10057;
14360;
3484;
(5263,13136);
3313;
12621;
8354;
(5430,12950);
3666;
5989;
10410;
9020;
13123;
6033;
(11175,12942);
(1380,11074);
8060;
3154;
(5584,(7134,9832));
6014;
(4381,8605);
14306;
204;
12681;
10247;
(2617,4225);
13;
(7120,((5139,11820),((2968,3555),(3064,5545))));
15174;
15017;
1166;
7286;
8751;
15470;
(2373,9897);
(((3293,5045),(96,(10669,(3444,9055)))),(959,10987));
10949;
(529,(3294,10563));
6165;
4584;
4417;
8442;
14447;
8668;
5349;
(11208,(8596,13042));
18;
463;
6744;
((1633,6043),(1607,2166));
7314;
8681;
9389;
4973;
15490;
13257;
1533;
213;
5962;
(4195,11405);
(10,3890);
10596;
15183;
10823;
(2663,7409);
10595;
4362;
12275;
12352;
11748;
356;
9058;
(((4879,6308),(1732,12298)),((13621,14919),(3837,11787)));
15580;
(2469,(2239,7825));
229;
14367;
6889;
3426;
13780;
6050;
8233;
14989;
9774;
10421;
14571;
6628;
10455;
(2229,(1669,1947));
5488;
(5654,(3389,13721));
11994;
3924;
(637,10205);
7860;
8059;
11358;
9628;
3505;
(5537,14910);
249;
(184,(1462,(1768,14125)));
4273;
2733;
12580;
15532;
129;
2798;
5250;
2888;
(10576,12584);
11366;
409;
1644;
11497;
11912;
13339;
7181;
13409;
13321;
11746;
13037;
3213;
13820;
(12165,14520);
7725;
5822;
7985;
10162;
2735;
10014;
(4632,9684);
3774;
13234;
13936;
2177;
6614;
9282;
13816;
13364;
530;
13400;
13262;
15457;
1948;
10460;
(116,6752);
11823;
13172;
9833;
15647;
(14477,(5203,14978));
8843;
(7560,13788);
15441;
(732,2292);
5041;
2010;
14233;
(4312,13581);
12865;
((2643,5098),(4675,12618));
12519;
12586;
6862;
3475;
7553;
217;
15023;
1088;
4760;
4548;
13192;
(7711,8457);
13504;
10837;
12791;
14365;
8687;
(3287,12031);
8934;
1615;
5987;
(7838,14694);
5046;
13392;
11513;
2318;
7387;
6872;
533;
10707;
1230;
1163;
11299;
13358;
(13881,(13567,13722));
67;
8375;
15258;
(2073,3139);
12360;
9285;
13407;
9836;
5451;
((739,13671),(627,6654));
15449;
10429;
13787;
2043;
11281;
(4694,13786);
2106;
3564;
13238;
(3602,14044);
15447;
3312;
15391;
7468;
3175;
10272;
10555;
6747;
14243;
7768;
(10390,14759);
1573;
(3851,(944,(10628,14855)));
8703;
4207;
(2691,15221);
2831;
11356;
14069;
(7251,11144);
9952;
12107;
6576;
1760;
11459;
15249;
12432;
12495;
5244;
7954;
2920;
2488;
3799;
8210;
(1743,4122);
15617;
1161;
2782;
10221;
13207;
10862;
(2590,11594);
14389;
(14544,(3791,7196));
2555;
6782;
14828;
2822;
6649;
2597;
3325;
3227;
2376;
12796;
1266;
(5208,5343);
8118;
10904;
6931;
5972;
4400;
15095;
7572;
915;
5305;
6126;
7865;
11412;
15269;
(10982,11331);
7312;
4749;
7053;
14292;
10689;
8175;
9202;
6592;
12035;
2707;
2093;
13653;
4465;
(3578,12718);
14927;
3977;
6041;
2840;
7281;
7393;
322;
7554;
15557;
9104;
357;
14126;
11438;
9056;
1679;
9047;
7567;
1064;
10099;
1098;
1779;
7061;
9852;
12788;
6599;
14943;
(5968,13942);
11967;
2218;
8024;
10886;
14359;
514;
12474;
13913;
4696;
2538;
5813;
(11024,13237);
12491;
3433;
4212;
11838;
15434;
15602;
13857;
15025;
15432;
5732;
8169;
8939;
(9446,11049);
10015;
5099;
8261;
6548;
(8034,12871);
10112;
2981;
4013;
4889;
29;
3070;
6900;
10214;
2192;
7803;
(11512,11588);
11054;
3568;
740;
13558;
10354;
8397;
(1645,3013);
1956;
5035;
868;
(4031,5245);
10254;
3351;
15614;
3466;
9207;
2028;
10097;
14007;
(2530,9455);
(1780,2634);
128;
14338;
(9938,15405);
3369;
3305;
(1568,3727);
11212;
9233;
6313;
10602;
11489;
(1095,(6836,14013));
11292;
829;
7541;
11771;
13159;
15026;
14830;
11004;
9989;
14968;
13180;
6194;
9095;
6901;
10780;
2117;
14921;
12647;
3501;
(9891,(6127,11658));
3448;
888;
7044;
5297;
12641;
7333;
15535;
(12893,((4484,14075),(1867,3308)));
4316;
9277;
(456,2510);
13844;
4951;
13452;
6983;
2081;
10527;
368;
13612;
6294;
4042;
10979;
12273;
9712;
3543;
13910;
11754;
9128;
12447;
(3786,6237);
(10001,15428);
10815;
3980;
((4078,(11204,(8842,11500))),(7212,12987));
5951;
2021;
13413;
12170;
7910;
5204;
8661;
5353;
12719;
7870;
1454;
1318;
5514;
(3358,7862);
15091;
7806;
3338;
14888;
10307;
10541;
8061;
(12632,(12933,(1091,11266)));
3741;
13105;
2513;
14502;
(4824,(4874,14050));
2341;
15373;
8558;
13292;
10072;
2432;
12835;
13415;
3846;
13726;
14731;
13503;
6369;
(5745,(4498,5689));
(135,1758);
10544;
7463;
10281;
11691;
2387;
13631;
1566;
1774;
479;
84;
4703;
11180;
9563;
(7210,8625);
(3417,14301);
8553;
4664;
12627;
(8646,(2638,11729));
7148;
3304;
6337;
(11135,(7207,14429));
(8330,(1530,2883));
7433;
11047;
11160;
5559;
5757;
4202;
(7336,8404);
2084;
10326;
1907;
9935;
8228;
10676;
3374;
13216;
(1688,5338);
13973;
7524;
14;
(14644,14892);
12488;
9428;
(8918,((5560,12994),(9059,11965)));
(5126,(6227,12691));
5459;
12233;
9196;
6389;
8924;
2220;
156;
9096;
9736;
10921;
9675;
9590;
6049;
3246;
13231;
5152;
13521;
9699;
10244;
15242;
10443;
14107;
1304;
6722;
1149;
15195;
4286;
375;
4105;
6185;
2207;
7925;
14445;
1911;
(6970,(15558,(4980,10285)));
3676;
6750;
154;
2806;
2463;
2595;
7522;
12612;
6758;
8069;
12288;
2364;
11806;
(6116,14318);
7153;
15187;
7416;
8851;
4155;
(3800,8150);
13378;
171;
3506;
9544;
4534;
(6871,8467);
(657,6371);
(2144,14372);
506;
8151;
2090;
11723;
2904;
8305;
369;
15390;
5174;
13927;
11709;
11634;
8426;
14925;
7415;
4722;
13709;
12037;
13419;
(1998,(10708,(12928,12951)));
10207;
3906;
9578;
2892;
6253;
3072;
14038;
(9939,15425);
8282;
10426;
(3523,8915);
6111;
13226;
(7369,8570);
6021;
10606;
9908;
10571;
14774;
(5440,12531);
4249;
3319;
3432;
5949;
9741;
10889;
15360;
6657;
15114;
10339;
6741;
15518;
3604;
4544;
12093;
(4051,7183);
14413;
5475;
4960;
8586;
708;
14608;
(4701,7714);
15643;
653;
2567;
1854;
11333;
6459;
((7826,14785),(8090,14418));
9918;
3372;
5519;
582;
1905;
1246;
14169;
12537;
11872;
11124;
(12316,(7420,8387));
4573;
10151;
5925;
14794;
5117;
5681;
6214;
14693;
722;
12099;
2416;
6035;
10364;
2173;
13540;
14239;
6510;
6385;
3580;
8190;
1181;
11810;
4315;
12711;
10898;
10855;
353;
166;
5538;
(9911,(1971,(15524,15635)));
5915;
1081;
11370;
(4372,9761);
(1341,8734);
13010;
762;
125;
2153;
4121;
3273;
15139;
6773;
288;
(8691,9358);
3110;
1762;
(7137,14358);
6077;
5403;
4759;
(10398,14399);
1079;
(6087,10528);
2287;
5298;
2857;
(8240,13851);
4199;
13414;
14124;
(5792,6374);
4419;
10174;
6792;
7079;
3098;
(6965,(3621,7406));
(1225,10666);
5333;
2046;
11689;
11825;
2557;
10783;
14977;
5816;
6268;
15103;
14083;
9456;
(6935,(4795,(4955,9154)));
12028;
13813;
8764;
15542;
9065;
12218;
(5376,8530);
11889;
14972;
5119;
8693;
15047;
6299;
9091;
3133;
1203;
(1045,11713);
10048;
15035;
3533;
7240;
13094;
2610;
14241;
5217;
7731;
7619;
3333;
8400;
15320;
14247;
((9137,10140),(11126,12990));
4470;
4807;
3123;
8673;
9105;
(41,5898);
334;
9993;
11197;
7755;
3242;
7922;
11862;
836;
761;
(177,8615);
2887;
6071;
12899;
(925,(10018,15050));
9950;
7532;
6209;
10706;
(639,6454);
14705;
8049;
14659;
4991;
2400;
8365;
8768;
5095;
3236;
10335;
6431;
6767;
(6853,12656);
8685;
9017;
(1807,(901,(7895,10084)));
12512;
7879;
(10029,12235);
176;
220;
15231;
3409;
4169;
5183;
12884;
14836;
5266;
9211;
2708;
14807;
949;
5937;
7945;
(7186,(8124,(513,14382)));
2952;
(8428,(271,(4602,6672)));
3772;
7182;
13902;
5209;
11933;
11145;
4326;
13958;
5653;
11961;
618;
10261;
5529;
7076;
12521;
6806;
5601;
9170;
14449;
6961;
5285;
14916;
6229;
(377,3307);
1302;
5842;
14394;
1060;
3607;
11809;
3934;
(5153,(4541,14034));
6966;
14999;
9740;
11870;
1456;
7080;
6834;
(2867,(10515,14646));
10820;
1777;
1574;
9678;
4617;
10107;
101;
13661;
(15160,15659);
(4037,(14899,(3985,(5770,7901))));
12063;
286;
5840;
13374;
5241;
13764;
11610;
11659;
549;
14029;
(8410,13242);
10906;
3911;
15644;
5950;
957;
2927;
(1934,11589);
9400;
7727;
11845;
1399;
4645;
(11510,12059);
11028;
3693;
5412;
8981;
10598;
(14551,15265);
6323;
1589;
14197;
13757;
4099;
3081;
3141;
7476;
5054;
4927;
4197;
11139;
6580;
3672;
8193;
9008;
10006;
8262;
2389;
1096;
12917;
9839;
3567;
((9545,(11931,14271)),(3993,9218));
11775;
9968;
12971;
11055;
3832;
3678;
(4516,(1262,11191));
8419;
5970;
8702;
8420;
(5118,13428);
14138;
(6668,12571);
3391;
6982;
9459;
6436;
7015;
12751;
7756;
5988;
4424;
10342;
14375;
8125;
13064;
8709;
4833;
1885;
6036;
12171;
(841,5892);
11093;
12105;
7887;
(9256,11486);
11079;
9644;
2956;
5238;
9167;
9308;
9225;
15597;
1500;
14653;
5085;
13500;
13306;
5828;
12941;
((8626,(3662,(11210,13561))),((12930,14799),((7786,(((4251,(11561,14928)),(((12366,(2553,11980)),(((4180,(7110,11269)),((12598,(8814,12231)),(8408,(3887,7178)))),((9027,12775),(5556,(((14090,(4223,11603)),(5980,(14135,(((10118,(11134,14512)),(13247,(2817,7844))),((1321,(5712,((4165,((8063,((9767,(14649,(8249,(1376,11231)))),((5845,(4618,(5608,7073))),(7811,11611)))),(3901,(13825,((2919,(13951,((7173,(331,4091)),(3076,11003)))),((1110,13642),(11792,(((11964,(15168,((2818,14226),(2485,10405)))),((12224,14782),(8267,(2288,(2878,3708))))),((7249,(10289,14890)),(3548,(2944,5688))))))))))),(2022,5107)))),((11731,13096),((3661,(2873,4872)),((1913,5957),((14745,(5623,14858)),(185,11291)))))))))),(((1670,9546),(5720,14581)),((2322,12370),(1265,9471)))))))),(((1856,(5774,7658)),((1651,(7297,(14933,(1785,4027)))),(11945,((8557,14672),(2250,11239))))),(7763,(((11836,13087),(12508,(((7691,(6073,12778)),(3859,(3116,(2598,13408)))),(5986,15274)))),((4053,(14743,(8186,(12562,13789)))),(4875,12905))))))),((3168,9500),(6941,(8187,(1830,10377)))))),(1746,(1845,(731,(10334,13254)))))));
(((((3739,8872),(7942,(8584,(1725,6207)))),((((((3816,(8555,12211)),(8662,14182)),(11142,(12005,(5747,7926)))),(5427,(12886,14001))),(((((4032,9492),(3037,5101)),((4423,13584),(8,(15120,(4549,13082))))),(2943,(3923,(1165,11667)))),(5498,8781))),((12091,(3872,4385)),((14283,(4904,(2804,9683))),((8106,(4265,14357)),(4924,6424)))))),(((777,11744),(5596,11773)),(12831,(((3919,((10754,(10619,(14901,((5277,(7304,(4044,5926))),(5775,(1662,7331)))))),(1786,(7614,(11273,(3897,(1983,(2518,((((9184,10809),(1431,(5492,((11878,(15564,(6955,7893))),(3640,12614))))),((12623,(((((7160,((5068,(10760,(11422,13470))),(4648,(((2487,(7394,14677)),(9980,13256)),(12131,(4449,(6112,((7315,13977),(49,14604))))))))),(((9572,(8775,((15380,(11635,13683)),(2715,((3111,(13146,(4421,9914))),(1813,(9325,9829))))))),(2767,(5189,(908,(6388,(766,1788)))))),(1130,7804))),(13801,((8084,12793),(2164,(1168,3268))))),((10953,((5561,(2512,6320)),(4897,7989))),(15071,(2901,5909)))),(7685,(1652,(211,1001))))),(5869,(3804,((10942,(3687,7040)),(15021,(4445,7119))))))),(9275,9773)))))))))),(15148,(11892,(2441,(13779,(6334,(7466,(3285,13474)))))))),((((1896,4412),((2728,6535),(172,12760))),(9075,13622)),(7643,8546)))))),(((9816,10925),(1874,14370)),(2246,10950)));
((914,14231),((((3282,(6425,(9360,((3925,(6896,(((9414,(12003,14504)),((14552,(9,((5870,8635),(5252,(3705,(2855,5605)))))),((5196,((((8395,13199),(3686,9651)),(146,12762)),((((((2539,(310,1469)),(((74,(5137,((3003,8515),(8561,11789)))),(1514,(6201,9078))),((1696,(11597,14589)),((8864,(8391,13473)),(10546,14597))))),((6663,((((4137,((14332,(10933,11887)),((7897,12497),(7539,(12789,(2018,14506)))))),((3761,11578),(((2219,7432),(9860,13695)),(95,12938)))),((5087,8322),(9570,15296))),(3913,(6542,(8692,13843))))),(263,((((1293,13618),(15649,(6819,9416))),(4063,11839)),((6625,(4263,7426)),(10856,(10406,13307))))))),(12749,(1924,(11949,12331)))),(((1447,3347),((6032,8955),((7229,9294),(13388,13919)))),((8672,12240),(2649,11094)))),((12690,((968,(6257,12363)),((8940,14960),(14497,(11716,14765))))),(14771,((6403,10674),(9094,(12509,14487)))))))),(1042,(10608,15615))))),(9301,(12651,(5867,13098)))))),(((14343,((935,(4576,11641)),(12842,(3445,(7900,15273))))),(15559,(4849,(1425,3489)))),(((9870,13916),(8472,((((2350,(6317,8523)),(6584,((4823,15024),(1216,10831)))),((7467,9283),(11558,(5794,11873)))),((4452,4460),((11307,(10461,15491)),(8077,((7629,(2313,5251)),(4192,9501)))))))),((13809,((7835,13478),(4271,13665))),(13193,14872)))))))),((1371,4525),(13848,15239))),((11981,(1239,10625)),(11278,(9907,15637)))),(((10829,12096),((3479,7478),(((2467,(9204,(8048,10506))),((161,12241),(6414,12187))),((455,4407),(10786,13054))))),(5964,(12469,(5823,6725))))));
(1820,(((8697,(12212,14882)),(12517,(2808,(3216,11891)))),((13792,(9179,13460)),(((2198,10235),(159,10402)),(((((11632,((1526,(1243,13861)),(6779,(1333,12102)))),(5809,((1255,8112),(4046,11612)))),((8173,10141),(11179,(((6008,((5473,13302),(2015,(9159,(1453,11733))))),(15283,(1043,14915))),((2026,(2417,(7928,9615))),(1198,(9766,(11391,(735,(8032,(11198,11922))))))))))),(((9889,(1612,11295)),((((6928,13799),(5225,(7002,(3279,(6136,14263))))),(8966,((10011,(7548,(12529,(1208,(6881,(4933,5535)))))),((((((1229,((8145,(6715,(2528,14793))),(1503,5829))),(((12455,13387),(717,14545)),(1594,(7232,(2755,6244))))),((1555,((3167,8050),(10887,(12739,(3486,6571))))),((15003,(3032,13435)),((8832,9217),((3717,(5993,(11832,15632))),(3585,8951)))))),(2328,((3529,(1912,5691)),((556,(5603,11944)),((15566,(5943,(4891,((4162,(11661,13018)),(13399,(10559,13760)))))),(6433,11868)))))),((2524,(525,12914)),((10562,(13147,(6193,(15605,(7490,8974))))),((((((865,2283),(25,15477)),(1944,14929)),(9082,(2841,10792))),(4158,(862,(7761,14198)))),(4250,(4948,(8079,10408))))))),((4090,9975),(162,10269)))))),((5667,7840),((9223,(2408,((7808,((5441,13232),(646,7140))),(1790,10321)))),((9910,11751),((1392,(2205,(2297,6427))),(2498,9342))))))),(196,(1756,3040)))),(((2453,10532),(7159,8209)),(2194,(((6315,(3755,4371)),(((7241,14569),((9394,(1508,4658)),((8239,15169),(1222,(8902,15620))))),(((5577,12671),(14834,15005)),(15167,(1263,4163))))),(6754,(1586,2182))))))))));
(((((14249,(5369,(1349,(6775,(13990,(5895,(14881,((4577,13384),(1144,13370))))))))),((((7390,(7667,(14140,15392))),(2108,4574)),(10725,(1898,((5226,(13590,(4799,10826))),(2703,(10385,(4148,5326))))))),(15083,((7528,((((((10998,11138),(1451,(10768,(3327,5928)))),(2958,8492)),(894,(((6361,(9887,11282)),(284,(5625,9538))),((431,(11433,(3006,6039))),(3514,5411))))),(813,6577)),(((((6316,15522),(2658,(11770,14547))),(2670,11090)),((3198,(1920,(11783,(2971,15271)))),(1269,10781))),(5552,(3963,6091))))),(7155,12406))))),(2608,7988)),((10986,(1991,11315)),(5134,9569))),(1684,(10206,(12484,15388))));
((2085,12314),(11196,(((12213,(149,5850)),(((481,(2622,8525)),(851,(10467,13577))),((((15093,(7604,(488,14260))),(15606,(5958,8248))),(((3771,14775),(7325,(12505,(5504,14791)))),(13051,(13209,((((7583,9928),(4376,15480)),((4039,7919),(6160,(755,5373)))),(4015,12952)))))),(((10394,(10433,12041)),(2628,6260)),(((14710,(12642,14605)),(((((4913,(2240,(7972,13251))),(155,(11682,14726))),((3166,4838),(3474,10395))),((12462,(10373,(609,2846))),((2212,13456),(5708,14894)))),(108,(598,(8699,15515))))),(5064,((3427,10091),((8993,10604),(1567,4270))))))))),(7938,((8232,11883),(5836,9931))))));
(9591,((2849,((12924,(3447,13422)),(3156,6379))),(((9747,15262),((3531,11001),(15595,(10250,(6719,14155))))),(((2277,((8221,12021),(635,(494,6398)))),(5425,((10853,14254),(((((6012,(11316,12852)),(12217,((14730,((10594,14903),(12747,(10230,13112)))),(5149,(5714,11569))))),((6504,(2882,7557)),(9289,((5699,9581),(1686,((2055,(13093,14824)),((824,13749),(6482,14821)))))))),(((9619,(2656,8064)),(3045,(12387,12633))),((8792,((11435,(6768,(7436,14017))),((1361,2737),(11704,(8202,11651))))),((4652,(7198,(12281,15592))),(13705,(2785,((3326,9944),(3487,(8378,(12616,(13903,(13666,(4832,4953))))))))))))),(10031,(10746,(9635,((3473,3840),(5908,8888))))))))),((12346,(8582,(4154,10471))),((13167,(6205,13164)),(9608,12337)))))));
((10692,13644),(((((2985,(210,((5803,5901),(3377,4556)))),(8651,(6067,(2289,13852)))),(5741,6471)),(((14120,(13770,(4511,((((((13070,(7089,9645)),(3659,5838)),(14458,((7873,(6869,13160)),(6159,7852)))),(((4929,6048),(12066,14112)),((12920,((3916,((7877,(9679,(13170,14351))),(7723,((12908,((7493,11066),(190,245))),((((5618,11592),(621,6643)),((5709,(5517,(9203,11193))),(6906,((2965,(12728,(5913,(4716,9697)))),(14274,15419))))),((4839,(10413,15170)),(10320,13980))))))),(9443,(5113,9951)))),((5647,(681,(1767,13647))),(941,3053))))),(2095,((3408,(4451,10842)),(13280,13655)))),((6144,(9192,13847)),(15335,(3671,7654))))))),(((974,(6444,10204)),((3720,4019),(6465,10463))),(136,15408))),(((9859,10295),(10323,12445)),((7519,(14789,(2845,8268))),(10493,15585))))),((5594,12441),(2521,10623))));
(((5570,(205,9304)),(845,3815)),((((970,(15135,((((6232,(5155,11353)),(((8253,((11614,(((1877,9222),(10309,15299)),(1685,(5436,15613)))),(11866,(4670,(5818,9850))))),((13144,(964,3472)),(((4340,6211),(1489,13034)),(4737,13113)))),(4248,9671))),(1082,8950)),(9461,(5379,(1653,(3254,(13472,(7341,10133))))))))),(8891,(423,(5279,11974)))),(4477,11449)),((((2772,((((9778,9848),((9470,(1631,11997)),(1259,11677))),((2264,7600),(11425,11855))),((677,9149),(4391,14516)))),((1816,3775),(3364,13875))),((5047,(((3093,4847),(11506,13765)),((12204,12795),(11243,(12078,15378))))),(1843,9139))),((5320,13845),(3488,(11096,(1029,4278)))))));
(1458,((9438,14907),(((((13038,14752),(411,11863)),(4081,(8735,10431))),(9867,(4555,10750))),(5731,((13630,(4686,(2603,(6119,13061)))),((9507,(4725,9722)),((410,((((80,(2948,11715)),((4936,11747),(3619,12959))),(10480,13224)),((9262,(8313,9187)),(((((13134,(15315,(9893,12418))),(3266,12485)),(4550,10994)),(2991,3388)),(((3010,14922),(11060,14501)),(93,(5110,7010))))))),((11038,11781),((15216,(11551,(1872,(11253,(14920,15001))))),(8904,(3160,(12448,14027))))))))))));
(86,((1125,(13961,15178)),(10025,(((3100,(((((((1054,10284),(3759,13648)),(13117,(9276,11973))),(13265,(11520,(((5347,(10325,12254)),(4546,12130)),(15371,((10311,(4047,12046)),(7359,14210))))))),(10122,(1271,10502))),((6832,(3,13672)),((5821,10286),(4222,6123)))),((1093,(137,2428)),(9054,9427)))),(8418,(2396,6749))),((5777,(9479,14415)),(4622,6875))))));
((4721,((691,((3845,7821),(14049,(5428,6218)))),(5025,(14439,(7920,11131))))),(((4575,((2123,7378),(5409,((15554,(1258,7383)),(12100,(6714,11233)))))),(8576,(5572,(13527,(1234,(8320,8972)))))),((6435,12306),(6240,(528,((6402,(6653,9568)),(6460,8389)))))));
(((4978,(11289,(3830,15601))),(10056,(13417,(((9198,15240),(3452,((13365,14319),(9025,((332,8497),(9657,10727)))))),(1224,(589,2464)))))),((3627,3699),(3597,(9842,15415))));
((5111,(4478,15603)),(6621,(3067,(8977,((5467,6157),(8813,(1647,9035)))))));
(4887,((13069,(4308,11568)),(4059,8932)));
8879;
(9042,10810);
(3206,14974);
(7713,12876);
(9281,12964);
(7552,7668);
(2529,13165);
(1466,((2928,5374),((((2660,9512),(1017,(14566,((8057,(10721,(3173,5960))),((3411,12336),(6020,14099)))))),((((1545,8999),(2233,(5397,7694))),(((10644,13878),(1535,(4336,10479))),(5749,(1395,6742)))),((11936,13085),((11223,((15275,(2650,3660)),((2307,(1766,9150)),(1103,(2327,10876))))),(6540,(742,3674)))))),(((13439,((3162,(((6520,(12150,13191)),(5557,(6054,(2945,((3574,5307),(7782,((13033,(2338,8283)),((((10537,((2099,(7930,10645)),(((9098,(5549,7354)),(1407,5230)),((((13338,(9986,(3512,10890))),(2997,(750,13753))),(5239,(8185,14762))),((1476,7305),(746,(1363,13608))))))),(11355,((3054,(6421,9981)),(((1192,11828),((3754,6418),(14924,(4194,(5336,5876))))),(((9424,11633),(2115,7202)),(4329,12246)))))),((6800,10745),(811,(2134,6502)))),((((6113,12467),(2436,13097)),(9002,13599)),((11076,(7447,13208)),(((5052,9197),(2407,(2611,5897))),((6918,(502,4884)),(2760,15662))))))))))))),(((((2082,(4882,(9818,(6170,(6721,(6132,10785)))))),(3620,12318)),(1781,12453)),(11624,(576,((4501,(12454,(15609,(13597,(4814,(5801,14818)))))),(2023,(4614,(3205,(4559,(5900,6804))))))))),(((6141,(10381,((4994,(241,8149)),((2133,(5096,12754)),(10283,11480))))),((1942,(12082,14755)),(781,1937))),((5548,11244),(1109,(7967,(11543,(6058,9120))))))))),((2915,(1309,((6662,10129),(3866,7201)))),(11954,(2898,(13003,((8119,9122),((2204,(1471,(548,2473))),((326,(10039,13342)),(560,10444)))))))))),((8392,(301,9106)),(3233,9656))),(15556,(11471,(8046,12353)))))));
((11100,14080),((((515,(540,8817)),((7494,9517),(4161,14930))),((7129,(11247,(4291,(6188,9074)))),((8096,((6485,12646),(8350,10834))),((8383,((((((((2150,11990),(391,6343)),(14734,(10926,10938))),(8970,12320)),(3530,11540)),((6367,6420),(2982,8859))),((5234,(1531,14199)),(3810,9858))),((10912,12470),((7708,8231),(3824,5739))))),(2684,((3914,(5484,(((15257,((2252,8110),(7913,15209))),(((13060,(((15680,(11056,(10380,(2009,9663)))),(7126,11606)),((6607,(5547,(1528,12319))),((((15073,15628),(4201,(10098,(580,12708)))),(6811,8333)),(9039,((7375,11033),(6718,9331))))))),(12813,(10417,(3561,(3035,(13707,((14617,((5567,(4537,(2368,11942))),(6835,(12287,15448)))),((((1286,((3664,3767),(2866,10000))),(3811,7143)),((((12489,(7692,(12443,(2286,2558)))),((2858,(5802,14119)),(((10969,((5237,8424),(2336,3922))),(1046,5743)),((10849,(7609,11505)),(9894,(10731,13186)))))),((((2615,(11960,(962,(7402,(7469,12163))))),(352,13006)),(10251,13945)),(6659,(9664,(10508,14937))))),(8679,((((3321,(5190,5990)),(7069,9268)),(((347,10741),(8353,15539)),(10438,(10798,15622)))),(5489,((8856,10330),(4545,(8056,9514)))))))),(11340,((2196,((13869,(13386,14280)),(8979,13717))),(((6589,(4641,(76,((5677,(6588,9515)),(15123,(15202,(12134,(1053,11313)))))))),(4857,(2475,(88,7611)))),(5051,(8413,(2149,(10545,14363))))))))))))))),((1123,10793),(2556,5228)))),(7579,11987)))),(14149,(((2197,7637),(439,13310)),(9763,(11793,(6151,11234))))))))))),(6492,(1355,(12658,(7169,10627))))));
(7388,(((((9737,10190),(5416,14733)),((6998,(6256,((10511,(3885,9806)),(3020,9516)))),(15514,(2226,15322)))),(10094,((9745,14591),(7443,15052)))),((((7043,(2308,15656)),(1256,7530)),((267,8337),((((2807,11721),((2442,13290),(3988,9730))),(11258,12767)),((662,((1465,7578),(12417,((2080,(((9448,13390),(2547,(6695,((8444,9231),(4116,(7589,((5177,5780),(10262,12072)))))))),((886,(((11308,11478),(7222,(4157,10210))),(2631,((3724,11622),(2620,3966))))),(11591,(14697,(((((1870,2696),(1353,(9469,14025))),((1072,(11158,14130)),(1170,1507))),((13897,(3252,((9397,((793,1344),(11903,(13299,(15652,(5000,13345)))))),((((6710,6761),(12936,((3415,(2237,4995)),(3908,6074)))),(((1067,(4052,9821)),((10543,15051),(883,4214))),(15237,(((12794,(1931,3951)),(3509,12684)),(8129,13437))))),(((6816,(1463,9168)),((11722,(8107,(5883,(5637,12752)))),(14582,(1104,2324)))),((5008,6216),(((13530,(1412,2579)),(13694,(7866,9369))),(1822,13459)))))))),(((13629,(3679,7792)),((13837,(6696,(449,(13989,14811)))),(5585,13129))),(((1795,(3229,7640)),((2492,(1437,12348)),(13239,(1928,2721)))),((3134,(8180,(4762,6996))),(12260,(5399,(8833,(14304,(2929,10975)))))))))),((3355,(1332,13785)),(1289,15076)))))))),(2636,3829))))),(7639,11218))))),(1906,2280))));
(8179,((6945,(9878,13467)),(1876,(((((((6148,11906),((6531,12570),(3575,5606))),(2753,5645)),(((7610,(1101,10636)),(2315,6065)),(626,(3127,12826)))),((11421,((6197,10064),(3026,((((7275,(8434,(11653,12897))),((11032,(6120,9916)),((1320,1794),(4903,7916)))),((13867,(11088,(2406,(8908,9491)))),(12472,(5997,(383,15498))))),((8273,(7127,12605)),((3237,7391),((10782,((4519,(5325,14336)),((4320,((4771,(225,1316)),(4524,15465))),(6406,(2764,5030))))),((((3395,((8499,11707),(((((2601,5487),(4653,(4603,7062))),((3689,(2433,15000)),(2972,6731))),(913,(4272,14616))),(10719,((1892,11861),(341,(1641,2321))))))),(9347,(3933,15215))),((5796,5831),((3803,5942),(((8065,15681),(9014,12071)),((7087,(8123,(8636,10779))),(5161,8810)))))),((((2143,3340),(904,(8533,13578))),((4106,13522),(1512,14541))),((1416,(10903,11494)),(10355,14952))))))))))),((3648,10525),(13246,13349)))),(11257,(5431,9006))),((6153,(2172,(1750,4529))),(4432,((3658,8356),(10032,11075))))))));
((((13819,(3345,(465,4307))),((((12856,(6355,(((((7083,(2181,13775)),(1836,8023)),(4138,((1254,10828),(321,7121)))),((4647,(9851,(3339,3921))),(6044,((14620,(7537,((11254,(13564,(6053,(1279,3476)))),(12988,15611)))),(6556,9945))))),(6437,(13142,(10715,12214)))))),((9862,((2242,(706,12672)),(11476,(967,(6954,(158,10079)))))),(14171,(((8527,((14326,((9682,12595),(1063,1866))),(9175,(5327,5985)))),((9136,12759),(3260,(8551,13271)))),(5011,11423))))),((7993,(9775,(1736,2499))),((14981,((14534,(8437,((2291,(((13279,(1536,8386)),(15358,((8476,8892),(4635,(5694,8075))))),(2923,9557))),((14716,(14804,(1994,8797))),(9124,(388,6902)))))),(9426,(4680,15117)))),(13947,14296)))),((10139,13487),(3783,10379)))),(5287,(13095,((3528,6081),(((4754,13150),(12,4266)),(5679,11153)))))),(1421,5592));
((((13601,((((3189,(1595,(14259,(5610,7022)))),((6994,13100),(1193,4343))),((688,14758),((((4866,(3818,9808)),((3696,(7322,10258)),(7596,(6309,9895)))),((644,(2128,(8302,14555))),(1959,6417))),((5017,(((2178,(3544,12997)),(8884,((5283,14245),(5344,11320)))),((13602,((9116,(12499,(10888,(15686,(6840,(6570,(9630,14950))))))),((4076,(12828,(((10396,13119),(((((660,(7108,14422)),(4786,((7267,8379),((934,11563),(6344,(2312,14412)))))),(8164,15513)),(10456,11544)),((10654,13145),(12779,(406,4304))))),(1106,2381)))),(10303,(5837,7487))))),(3796,13615)))),(9378,(6114,(1791,6984))))))),((14780,((2710,9954),(8293,12840))),(953,14309)))),(15464,(11027,(11006,13485)))),(2016,(10499,(4777,15118)))),(773,3383));
(((1965,9370),(5388,(11317,(7597,((10787,((112,(7256,(5168,14327))),(12182,(((11103,12248),((9314,(11971,(698,((10019,10175),(2762,8866))))),((7192,(2645,(9243,9466))),((3650,12220),(9796,9892))))),(13195,(4987,15317)))))),((14961,((((10288,(585,6769)),(100,8604)),(((11666,(11776,12436)),(4330,(11910,15119))),(((4660,13871),(8448,(10867,11341))),(2354,(7894,14002))))),((8287,(11260,(2319,(2317,(1592,(15116,(9442,(4678,9434)))))))),((((15416,(4741,14362)),(10376,11638)),(((124,(3551,5885)),(((((1297,10830),(729,(3186,7163))),(2231,10965)),(8311,(10217,12765))),(((7501,(3793,13451)),(14711,(5158,8641))),(4366,((8158,14522),(1272,6923)))))),(((14823,(4809,8135)),((8665,(4900,5246)),(5996,6951))),(((7330,(7033,14959)),(15263,(4932,(1148,3556)))),(7396,11941))))),((((9411,(1218,5375)),(2736,7555)),(((9252,10712),(14667,(12502,(9410,(8344,9533))))),(3712,(8528,9601)))),((2516,12203),(11400,((1486,(4062,5506)),((8225,(6150,(700,10671))),(2461,5109)))))))))),(13514,(4008,(7670,(5259,8761)))))))))),(6312,13528));
((((1864,13746),(3413,5205)),((194,7732),(((487,9296),((((5702,(1637,10670)),(6158,(12921,(4124,(3059,(2223,15375)))))),(2899,7047)),(4490,(126,((7455,(4790,15019)),(7620,11650)))))),(2086,(7454,((3399,(5302,13072)),(9476,(((7709,(11794,((809,8600),(14732,(7718,13308))))),(((((11310,(8247,11385)),(5778,14030)),(7544,8658)),((15466,(2572,8736)),(((297,((1596,(12378,13579)),(9688,12207))),(2296,(((((10477,(63,(89,(3011,9468)))),(4144,7837)),(1547,11865)),(((8757,13697),(7175,8861)),(13715,(2359,(8988,10649))))),(((12465,(2689,11224)),((11567,(13784,(10505,13229))),((14158,14663),(10341,11693)))),(4748,(741,5533)))))),(10028,(11930,((4758,(6645,8619)),((3571,(4679,(1903,2360))),(((14005,(11429,(1105,14908))),((11554,11805),(7479,11565))),(7622,(13807,(7997,(8952,15658)))))))))))),(14297,(5292,8822)))),((7195,12979),(9063,12677)))))))))),((11815,(5461,11849)),((417,(1384,3480)),(14168,(3654,5640)))));
((4274,(11756,11989)),((9359,(115,(((3244,10956),(3879,(1441,8198))),(756,10238)))),(9307,(((6759,((11679,(((6974,(7206,11812)),(10004,13853)),((631,14560),(15519,(2773,10459))))),((3183,7461),(13743,(4255,(12667,(7933,11884))))))),(4086,9756)),(((658,7005),(5448,7419)),((2522,9539),(6102,(1423,(5328,8878)))))))));
(5288,((12169,((2599,((232,6327),((4901,(13935,13978)),(8370,15473)))),(9201,(11627,(10280,11778))))),(10873,(13425,(2950,6911)))));
(9205,(((14688,15018),(10213,13560)),(6134,(((((((8931,(8170,12973)),(3224,(5676,12434))),(4388,14865)),(11275,(2880,14323))),((7310,(6203,(7052,(1812,1889)))),((5706,(790,15517)),(5839,13102)))),(((((2810,10557),((11474,15101),((1189,11409),(13402,14917)))),((7068,12931),(5133,9185))),(9156,(15067,((3855,(6529,(5940,(14134,(3272,(803,5442)))))),(1443,(9297,15078)))))),(10591,11380))),((10821,11605),(1519,(10647,(5414,10866))))))));
((4247,(((10681,((7508,(3973,5387)),(2262,(8595,((15029,(6913,(5832,10434))),(((7703,13838),((8485,14970),((2098,(8441,(521,12424))),(1749,(1494,6230))))),((((14825,(10519,11171)),((5316,(3172,13286)),(5497,8759))),(876,(5106,14218))),((5090,5574),(5554,6373))))))))),(11780,(4028,13406))),(((10005,((11436,15475),(6692,(15608,((6302,12125),((((((12052,13546),(8480,(9692,15548))),((2331,3353),(4756,(6376,7562)))),(((4837,(6450,15399)),(4399,(13739,(927,6364)))),(10743,(3029,14380)))),((8376,(9673,11083)),(2787,14754))),(13266,((3874,12011),(((4732,(5324,10894)),(6521,(6539,12147))),(((3565,6088),(3557,(11401,(10452,13710)))),((7253,9930),(1561,13776)))))))))))),(4787,6554)),((3126,7864),(3932,10316))))),(3363,5122));
((2777,3657),(((12122,12610),(11853,(2879,8890))),(((3140,5766),(14884,(532,(((4177,8835),(14046,(1953,13174))),(90,(1314,(8464,11759))))))),((((((2893,(3591,6162)),((648,7245),(13000,(7071,14735)))),(12703,14786)),((14328,(2268,13940)),((8453,10756),((667,8941),((1622,3605),(10579,12638)))))),((7271,(13431,13674)),(1211,2791))),(9985,13679)))));
(633,(((7875,(4942,15176)),(((((1033,14531),((2486,12986),(2450,(14248,(1472,9524))))),(15056,(2160,11557))),((4402,8440),((614,14036),(((6734,(3814,7338)),(8608,11280)),(((942,(9293,((6236,(1249,8495)),((8900,12036),(14467,((9875,(11902,(4411,15188))),((3638,10878),(((3959,(1571,2955)),((6679,10686),(3462,6499))),((((13513,15138),(5671,13171)),(7132,(4965,((6865,(15030,(4813,(11959,12590)))),(1851,3356))))),(4333,(9550,10999))))))))))),(728,(6405,(3599,(5232,10549))))),((5255,8696),(14600,(13249,(3112,11267))))))))),(5270,(3996,(3449,12375))))),(8465,11190)));
(11765,((((((202,(6805,(10180,(132,10648)))),(856,12637)),((3187,11879),(4217,11114))),(478,13752)),(9809,(11671,(1300,(207,((9142,(10504,12664)),(619,3218))))))),((6823,11590),(1504,7335))));
((11119,(6013,((9963,13646),((623,3118),(((4215,(9473,11140)),(2548,(10403,(2395,12166)))),(1929,(2726,(15545,(987,3920))))))))),((2227,(11451,12344)),((15235,(2591,7787)),(6333,12326))));
(((3871,(2860,12679)),(13007,(11058,((27,13068),(6613,(1811,13268)))))),((13559,(6927,(7372,14456))),(((826,11277),(6837,14417)),((3747,((2490,14704),((716,8607),(7254,13595)))),(((9880,(5384,7777)),((12324,(14476,(12279,(6164,9220)))),((1016,8712),(7216,7885)))),((725,10869),(498,2941)))))));
(4958,((3181,((1403,9505),(((5880,((3240,(1140,10990)),(2224,10947))),(3046,4808)),(15384,((5935,6517),(5628,7602)))))),(4753,6891)));
(((((4937,(1840,9007)),(15469,(12783,(2039,(2630,(11128,(8928,(5381,((3028,(6494,12764)),(14337,((11034,((2766,3733),(1382,3709))),(785,10773)))))))))))),(6703,10871)),((5798,15690),((11206,12617),(5631,13476)))),(840,10297));
((7746,(2382,13585)),((2847,3101),(4930,((6280,13874),((((9627,11767),(7014,(292,15468))),(918,3130)),((464,7003),(8853,13152)))))));
(((((14491,15485),((572,(6617,15147)),(10495,15105))),((3047,11581),(2756,13359))),((3941,(5830,6430)),(2112,14588))),((7743,(7259,(7470,11487))),(4113,(7766,14832))));
((((4581,(9813,11819)),(3782,8195)),(2953,(11177,(195,(10457,(335,9290)))))),(7017,(12631,12774)));
(2780,(((737,14180),((8652,(539,8849)),(7152,(1159,3904)))),(10486,(1006,(13241,(4166,13351))))));
(12157,((7174,((21,434),((11155,(4183,(5312,10500))),(15010,(3688,6026))))),(8091,15397)));
((8664,(765,13375)),((11265,12827),((12113,13917),(440,5176))));
((2235,(13311,15166)),(13294,(7168,(3497,((3262,15255),(13539,(10892,(14211,(4788,12861)))))))));
(8858,(12655,(10663,15214)));
(2045,7266);
(7422,9327);
(12398,13755);
((4310,7569),(1280,3309));
(554,(2930,11064));
(4522,12902);
(712,13516);
(659,1564);
(3350,8432);
(676,10089);
(12935,(3710,11200));
(4141,14341);
(8883,12457);
(2677,13555);
(574,15154);
(2803,10233);
(3834,13808);
(784,15287);
(821,1981);
(8599,9526);
(559,4781);
(((616,12322),(6011,13632)),((12736,15506),(((1659,((433,14348),(((3896,10633),(2269,8949)),(4735,(2105,12236))))),(6842,10989)),((((1655,5078),((12539,((4406,12838),(8656,(((11312,13946),(15013,(13041,15100))),((12018,14368),((((1793,(7956,(8805,(3164,(9519,14777))))),(11537,((3055,(12062,14701)),((2870,(8788,(9987,(835,(8870,12208))))),((3798,((13596,14689),(686,11441))),(((52,6179),((12372,(624,10117)),((2725,(10747,14795)),(7101,12016)))),((((5963,12772),(4931,(9728,12888))),((((((9045,9255),(11219,15305)),(2824,((7285,(945,13548)),(3651,14078)))),(10882,(5725,13236))),((1650,11446),((13967,(8161,11934)),(3987,10954)))),(((10797,12341),(1288,12002)),(13909,(13690,(7889,14523)))))),(((776,15032),(((2848,14572),(7060,9384)),(((8040,13974),(1815,(796,15224))),(6518,7689)))),(6567,9685))))))))),(((15436,(7462,(981,1273))),(5614,(14902,(10155,11660)))),(13573,(1754,13304)))),((2000,2706),(13686,(558,1585))))))))),((4547,(5666,6025)),(727,3257)))),(9667,(((((((12386,15189),(15604,(1862,6076))),(5380,(1978,13570))),((8381,(11182,(3171,8756))),(((9912,(1247,4108)),(((8765,(2435,6243)),(302,9506)),(1865,(1495,(1581,3458))))),((15309,(6963,11795)),(14633,(711,8574)))))),((((489,((1455,7646),(3612,8938))),(12937,(8907,10400))),(1741,8371)),(((5919,9064),(2483,6080)),(8246,(1040,3983))))),(((2131,(4426,8487)),(1364,13667)),(14461,(1323,9026)))),(6275,7921)))),(13168,(((7514,13828),(2391,2527)),((2232,7362),((4540,4920),(14098,14650)))))))));
((6678,(13356,(1179,11608))),((105,10106),((((3058,(3446,((8564,(7027,9632)),(6387,(3429,(9709,14275)))))),(4471,(3235,11618))),((1740,(1477,8325)),((((1129,14437),(1164,(4479,15049))),(4666,(13846,14479))),(6546,(6137,13153))))),((9896,(11164,(239,11250))),((1930,(2743,11369)),((((((8763,(10605,14446)),((8036,11036),((10501,(7260,9306)),(11431,14998)))),((14059,(13343,((((15626,(5879,15084)),((6221,(5024,6440)),((((3041,9758),(2330,14020)),((2671,(3202,14939)),(((5891,(7634,15439)),(222,14669)),(3370,14009)))),(((12836,(6108,9823)),(9959,10928)),(7452,(6075,14147)))))),(15090,((12542,14746),((474,11392),(4899,(11377,(1274,14941))))))),(2101,(1075,9548))))),(5705,(13122,14339)))),((((6859,11332),(344,11386)),(((795,12846),(6856,15205)),((850,6250),(1034,2374)))),(3431,(7246,12431)))),((4238,15302),(5271,12536))),(4815,((((11311,(2185,((((665,7827),(4344,15451)),(3071,8991)),(7049,7397)))),(((231,(230,(1649,11907))),(669,1301)),(1986,(4935,(13517,13552))))),((11928,((4174,6270),(1832,(4793,11330)))),(4828,(8029,12726)))),((9888,11349),(8980,(6604,((1730,(3144,14883)),((545,(11785,(1745,15453))),(((((10058,(348,2468)),(((((13996,((13928,(7740,8874)),(4335,(7699,12676)))),((797,11697),(8177,(3614,4972)))),(2580,(12956,(13101,(10070,11221))))),(9565,(1757,7349))),((2681,6866),(12297,12522)))),(11596,(((11458,(4036,7368)),(4176,9637)),(5240,(7203,15327))))),(14851,(10324,(3069,6930)))),(12670,(4639,(6297,(13702,(8926,12878)))))))))))))))))));
(((8783,((5974,11023),((8545,(7849,10418)),(2664,12636)))),((((((((5015,12290),(8315,10614)),((7018,8998),(12486,(6380,12029)))),((13999,(3917,4506)),(11686,12121))),((((5490,14702),(726,((6661,8085),(1038,1445)))),(6969,(183,2905))),(7814,11453))),((3701,((((9317,((15256,15278),(588,15426))),(7831,8234)),((15020,((2902,15586),(13550,15530))),(9326,13748))),((273,8865),((6047,((1980,14550),(3496,(5102,11696)))),((5729,(14142,(3888,8306))),(6701,(4005,(3938,6586)))))))),(((562,14768),((((748,(6284,8359)),(7778,14250)),(((13553,(6064,7287)),(12980,(484,12993))),((2654,(5717,13293)),(1375,6428)))),((5612,12358),(6329,6562)))),(2195,(7908,15379))))),(((8217,(1921,9920)),(550,6877)),(1131,(9375,10774)))),(10875,(13616,(4766,9183))))),(11080,(4691,11240)));
(12625,((1010,15132),(5936,((13993,((((2536,(2828,13300)),((2169,8126),(((8739,15534),(7927,(5142,(6940,(5660,10512))))),(((6831,(12092,(((11919,(3450,((2215,(11005,12458)),(7133,(((((9396,(5215,(2751,2974))),(11442,(15326,(8374,(846,14160))))),(15213,(7824,(5539,14503)))),(8235,(1575,12133))),(14606,(7323,(106,15633)))))))),(7791,11923)),(10328,(1654,6003))))),((((2439,9386),(5569,(3238,12592))),((2064,(4398,(4156,11829))),(9668,14741))),(8867,14471))),(4016,(3765,13026)))))),(4422,((3867,4996),(12635,((6271,(((2713,(15537,(6360,7034))),(2057,3303)),((9593,(2380,(2187,11327))),(611,14091)))),(11816,(260,5418))))))),(13737,(5061,15048)))),(7996,11766)))));
((4453,4804),((505,14494),(11817,((12766,((14004,(((4856,7830),(617,10216)),((2740,(14484,((2271,9640),(1298,7344)))),(3910,(9527,15145))))),(9585,(892,14574)))),(((((2575,(9522,14819)),(((5863,10344),(66,5471)),(14955,(10941,((9707,(7676,12588)),(3190,8603)))))),(((2174,9710),(((5140,14843),(4439,6541)),(9504,10389))),(4386,(6919,(2623,4676))))),((5299,12855),(12347,15422))),(5776,15479))))));
(((10223,11905),(189,((6847,(10976,((((11571,(13624,(8380,((12160,(14396,(5629,(((7364,(7641,10858)),(333,4985)),(5038,(7576,12587)))))),(1295,9713))))),(10717,11222)),(1888,2234)),(656,12267)))),(10044,(12597,(11830,((2097,5771),(((3690,((14687,(2044,14334)),(4624,12733))),((3729,5761),((13706,15173),(4562,4633)))),(10124,10980))))))))),(10806,(9102,9691)));
(19,(((8694,(15512,((7909,14252),(6191,(8837,13736))))),(11141,(1023,4178))),(4907,(3964,(7857,(12264,((2059,4318),(((873,14543),(4218,(9925,(9391,(3456,(9052,(5171,6813))))))),(12090,((680,((4256,9271),(5138,(954,5169)))),(((713,(5223,(2209,(75,3553)))),(12209,(((4521,(9531,12545)),(10924,((4342,(7215,13981)),(11361,(1014,6307))))),(13075,13398)))),(764,(2951,15333)))))))))))));
((11683,13907),(2228,((4805,(476,9733)),(2103,(14478,((13603,((1087,(461,(12693,((9799,12741),(649,5062))))),(14019,(848,15624)))),(246,12790)))))));
(6784,((472,((8207,15414),(((9794,14450),(10159,(5649,6382))),(483,(8076,(((7542,(2137,8136)),((8897,14714),(9922,(3518,10146)))),(7180,8754))))))),(((9488,(12019,(8477,(6140,13372)))),(2576,15511)),(((1496,(((14258,(8916,(10655,10825))),(1324,1908)),(9103,(224,6560)))),(7051,(7627,(4043,(12272,(6976,10105)))))),((15493,((10540,(4220,7793)),(3117,10796))),(15211,((638,8912),((11616,((262,13763),(3034,12296))),(5361,11345)))))))));
(((((8968,(12615,(10170,13662))),((10917,(11147,15402)),((12259,(3231,15575)),(10197,(14203,(10720,15509)))))),(3225,11402)),(8589,13189)),(((10234,(236,7617)),(14291,15058)),(8581,8638)));
(((11726,((6519,10550),(10729,(8789,14023)))),(((6764,11178),(5648,(15618,(43,14853)))),((12450,(14325,(500,1963))),(10083,12970)))),(9855,(2698,5377)));
((6390,(((997,(6347,(10158,11799))),(4226,(37,7272))),((1989,3826),((((5405,(1433,12704)),(7036,8450)),((2910,4292),(4,9214))),(4368,(2060,(11025,(7531,8435)))))))),(1150,2180));
(3538,(((7842,10232),(1350,5366)),(9840,9853)));
(((1714,7191),(15041,(12817,(2520,13316)))),(9439,11413));
((1551,(3979,(10835,(5510,((8241,13725),(8808,14379)))))),(11136,(3105,10801)));
(((1623,12174),(6407,9779)),(11118,(2049,6131)));
(1988,((10575,(9101,13466)),(553,10248)));
((3652,14103),((8003,15550),(2372,6669)));
(14737,(1505,5500));
(8716,13992);
(197,13619);
(6511,13013);
(9041,10305);
(14773,(((11186,(7633,((11777,(4662,13305)),(13704,14673)))),((12923,13979),((13483,(4596,7328)),(14177,((4673,6671),(436,437)))))),(((6680,(12307,(1603,8695))),(8199,(((8738,(11063,12276)),(((14727,(7451,(7550,(1753,(718,9163))))),(6627,(338,10685))),(2714,(4646,(7449,(((986,(8543,(12074,(5736,5760)))),(2711,14251)),(996,(((((4650,4785),((((((1557,10008),((15463,(((703,(3736,8038)),(8820,12198)),((4997,12468),(12834,12882)))),(((11444,(3373,4007)),(3104,15400)),(4365,(12197,(2356,(13283,14451))))))),(8909,12493)),((12280,((2980,(4630,7009)),(((4684,(4119,6311)),(6304,(14161,(3751,5050)))),(6624,8147)))),(14841,(8529,(97,14573))))),(14879,(11013,(2863,6231)))),((10913,13427),(10226,(1342,13798))))),(5854,(9399,(9005,(12148,(3467,9458)))))),(6348,(9805,(11572,(10494,11598))))),(7678,(6829,(355,13888))))))))))),(((3357,11665),(3477,(4979,5546))),(1748,(14987,((((806,4097),((2325,(8226,13062)),(2705,(8505,14295)))),((5956,(4297,9953)),((952,8886),(2491,(684,10695))))),((14192,(118,4580)),(10753,(8431,11528)))))))))),(10298,11371))));
(1134,((13327,(7848,(7990,((4378,9186),(2011,4659))))),(9868,(((((10132,(94,1517)),(1967,(1112,(11165,(((10441,(4975,(5947,(12574,15062)))),(4687,((4757,4810),(2036,15292)))),(7403,(7750,(14515,14643)))))))),(2140,((8346,(8749,(11189,(((((15487,(4631,(3861,6068))),(((((7833,9690),(11061,(1358,3995))),(13052,(10278,(10704,11462)))),(3068,(1071,11172))),(12027,(5975,11492)))),(10716,((909,1904),(214,6219)))),(((12801,(849,995)),((3165,9750),(9241,13834))),((10397,(4720,4963)),(3027,((((13520,(11814,14190)),(2541,12223)),((674,6547),(14440,(4072,14097)))),(1835,(7705,14105))))))),(1556,(1252,3945)))))),(3210,(2118,((8807,12038),(999,4240))))))),(10974,(4778,((((1398,(1962,(3196,8785))),(7673,7767)),((3461,14230),(12602,(2875,5846)))),((4558,(((14022,(4029,(4970,5976))),(4628,8577)),((8803,15261),(4561,(7417,(7263,13568)))))),((((5145,10984),(14788,((3258,6733),(11335,13225)))),(794,(14973,(3288,11525)))),(2214,(8522,(1021,(12137,13592)))))))))),(10422,15300)))));
(5512,((5939,12968),((10331,(1599,11270)),(3146,(((1183,(((1525,2255),((14000,15165),(15398,(5716,(2458,12141))))),(12903,(1689,(64,4502))))),((7681,12599),(((6798,6953),((8730,(3195,12822)),((10100,12583),(8031,(5081,7164))))),(8880,(7321,10076))))),(535,((((((6483,((10245,11654),(6967,(3624,(1413,12459))))),(10049,(9093,(12863,14776)))),(9711,(9622,(5454,7165)))),(10799,15348)),((1957,(2096,(((3251,7233),(5130,(12634,14809))),((8725,12849),((4939,8382),(12797,(527,8080))))))),(12872,(564,(13714,(12909,12989)))))),(8254,(((8898,(8784,9021)),(8654,13440)),(2116,(((1506,13922),(((((2337,8081),(3836,5385)),(((256,(14668,(5632,10770))),(5858,9554)),(14176,(1693,8649)))),(1915,6611)),((10033,(5026,15027)),((1509,(2775,8183)),(6098,7797))))),((10959,(9110,(6342,6575))),(((1186,3344),((6015,6235),(7156,10010))),(6990,(((6765,14087),(1857,(4496,(9425,(1763,7199))))),(5811,(1541,(12177,14764))))))))))))))))));
(421,(((((10752,(2244,(2202,15678))),(((12700,((14827,(3292,(2190,6826))),(3817,(8078,14388)))),(6446,7082)),((5576,(12103,(((6366,9323),((14586,((14918,(13880,14256)),((5346,8019),(1240,(13214,((3823,5082),(5367,8976))))))),(8758,((8948,(10652,(8347,((13107,(13340,(((2825,(((3094,4325),(12515,12526)),(11900,14235))),((2626,14369),((7400,11948),(2932,4789)))),(((5212,(11130,(1933,14613))),(8256,(3075,(11897,12374)))),((12460,(9915,13120)),(9998,(867,(313,6306)))))))),(3725,14993))))),(936,5531))))),((5432,(8524,(10329,13716))),(6493,(2146,8097)))))),(8160,(3163,4744))))),(11678,(7474,9696))),(10714,(2154,3120))),(6999,(1550,(2163,5421)))));
((6318,9429),((6017,6677),(6914,(673,(11098,((12419,(((13802,((((362,((212,926),((1591,(4004,10169)),(7020,13730)))),((14391,(1787,15619)),(8244,(3680,12256)))),((14464,((12977,(191,1366)),(8409,(3848,14364)))),(4431,13747))),(((3253,13066),(630,830)),((((709,9324),(3367,3670)),(916,(3842,3953))),(((4050,(672,(1003,9795))),(4232,(8863,10766))),(3849,15153)))))),(((15294,(10870,12049)),(10922,(5860,15098))),(((2992,(998,13401)),(9877,(693,(2635,4415)))),(4331,13732)))),(11020,12145))),((11807,13744),(12405,(12877,(2316,6105))))))))));
((5216,13957),((((1313,(8713,11068)),(((5687,15584),((((((2994,9194),(4068,11619)),(11294,(((13574,(3137,9043)),(8181,8869)),(1923,(9125,15596))))),(((6781,(8105,11241)),(10306,(3937,11465))),((5355,5917),((4462,8722),(5329,5923))))),(10634,14641)),((((2687,(7728,12377)),((2013,(4775,10492)),(9847,14966))),((9040,(10722,12244)),(3595,6172))),((10963,(6147,7213)),(2363,4504))))),(4285,(8211,8684)))),((13077,(4923,10522)),((13588,(7892,(4080,8906))),(4114,(5184,14517))))),(3151,6040)));
((15590,(((((4107,(3611,(6291,14156))),(14666,(2704,6051))),(3918,(3283,7504))),((7636,14213),(11992,(8366,14432)))),(((7205,(13436,(4763,6632))),(((9460,(5998,13420)),(2130,(12278,(7385,10149)))),(6957,(1565,3349)))),((1232,((((((10138,13901),(11037,(1968,9457))),(815,7139)),(((1248,((5665,(2068,7855)),(6107,(34,14529)))),(13471,(169,((5265,6128),(2587,9787))))),(((4181,5588),(11322,(12572,14200))),(7773,11101)))),(((293,(14964,(15281,(266,(15372,(15155,(13523,(7978,(12475,13053))))))))),(14331,(((5806,(7177,(11173,15284))),(1695,(4184,5444))),((10198,15332),(4186,(2946,(5243,((9990,(3390,11742)),(3158,10907))))))))),(5889,(5275,((2203,(11137,11687)),(3839,13627)))))),(4115,7025))),(((15244,(9717,15351)),(8220,(6791,8927))),(14761,((10852,14393),(4300,(3633,3981))))))))),(4683,14856));
((6997,15129),((((13959,(((((470,3706),((9031,9749),(6301,8324))),((7309,(13379,15345)),(12701,14994))),(1401,13924)),(((15527,15689),(701,2053)),(5060,(9607,(11937,(1570,7665))))))),(((8298,(221,(4324,12308))),(5001,10503)),((1365,4657),((11881,(9798,14302)),(5619,13139))))),((446,(705,(14381,(1015,7050)))),(1236,(5200,(13594,(7435,(650,13263))))))),((14985,(2024,13353)),((2427,14640),(5227,8087)))));
(((8494,(4818,(9770,11880))),((5578,8643),(((13404,(451,7332)),(3986,(11695,(8474,12116)))),((5007,11305),(((6363,6441),(899,(1532,9270))),(((((8027,12274),(8243,15510)),(7093,(6566,15006))),(2323,(8569,10843))),((7783,13575),(((6705,8005),(2947,6002)),(4321,12069))))))))),((628,(7284,13718)),(12362,15121)));
((5523,14990),(((7924,15248),(3330,12480)),(5318,(((113,280),(5511,(838,2682))),((8539,(7221,7477)),((10662,((7674,12699),(8303,9415))),((11329,11626),((2793,15055),(298,13554)))))))));
((((9535,(2384,11876)),((7197,((7361,15184),(11440,12452))),(11628,(9115,(7624,15186))))),(3403,(4035,(4984,5456)))),(((14956,((6652,13315),(6876,((11890,((1126,(1658,2583)),(3336,12015))),(6596,14709))))),(683,(5012,9362))),(2693,(7100,9482))));
(((2757,(7964,(351,8531))),((9144,13998),(12075,(8188,14148)))),((699,(188,((5953,((3587,7571),(4825,(3558,(11445,(9478,13211)))))),(((9316,12901),(8929,12985)),((1107,(6636,(2774,7635))),(12338,15638)))))),(2924,12582)));
(10958,((13499,(13905,(2783,(5859,14204)))),(5750,(11595,(((668,12490),(10667,(15675,(12589,(7817,(3876,10918)))))),(2570,6401))))));
(((1597,(1007,9650)),(5193,8491)),(((9444,((5464,(6163,15289)),(3083,12869))),(5781,6879)),(11002,(5536,9695))));
(((2305,3880),(9620,14742)),(6789,((8083,14864),(((6603,10366),(2718,(12601,15053))),(3802,11690)))));
(((((9511,11184),(3401,(2836,9777))),((7238,10252),(12152,13954))),((2771,12619),(482,10702))),(4885,(4797,(1783,12769))));
(4283,(13948,((12364,14265),(5394,(5466,11499)))));
((5911,6177),(8831,((5293,10739),((14152,(7112,13116)),(4359,7630)))));
((7682,12379),(9865,(14286,(13493,14457))));
(3495,((12710,((2874,10465),(5173,9190))),(1490,8508)));
(10664,(2776,6186));
(4187,5352);
(6574,11895);
(8811,(2519,10577));
(309,5386);
(5167,5543);
(9354,11999);
(((((9357,12300),(13613,15418)),((9661,((6552,((15578,((9785,(4168,(12771,13678))),(13190,(13791,(((12776,((445,6895),(((7300,(104,12039)),(3214,7262)),(((8390,11268),((1590,(11822,(289,5294))),(((9559,(7962,10416)),(6089,(4551,5755))),(44,((5382,(1858,(404,5365))),(9049,15438)))))),((2545,(7710,(((1681,6415),(5833,9051)),((13740,(3113,13025)),(3301,5652))))),((12426,(3868,5452)),(5443,9670))))))),(38,(5260,8946))),(930,(6357,(2869,(5135,10294))))))))),(3762,14647))),(3636,(8230,13628)))),((5465,10387),(12966,(((((8290,13183),(3524,10542)),(6368,(7200,(3249,7355)))),(((4405,(6354,9802)),(8893,(1065,4408))),(12707,13696))),((13793,(1677,15226)),(4101,(15140,(12117,(4455,13858)))))))))),(8447,(9016,12714))),((((3192,(843,8953)),(10449,12654)),(6917,(1805,1868))),(399,(15666,(6904,((8588,(5779,11097)),(14313,(547,15028))))))));
((12094,((((((7056,(5856,(12624,12824))),(3520,(15670,(3324,((7311,(4569,(407,(1394,11111)))),(2191,((4301,((((7566,12304),(7513,(11821,12575))),((9303,(4692,5609)),(6495,(4532,(5084,5852))))),((8526,((5281,(10310,(879,(7680,9140)))),((15060,(1030,11956)),(593,13222)))),((5769,(8140,(5753,13741))),((3136,(1174,2110)),(12404,15562)))))),(7242,(3331,(7549,15072)))))))))),((4143,4566),(3217,(694,3856)))),(15008,(9493,(10345,(12057,(9240,(1061,(12439,(5844,11509))))))))),((7702,15594),(4792,15329))),(7784,(7230,(6537,(14658,(2738,(10036,12444)))))))),(7054,11517));
((8857,((123,10337),(((9751,(((1859,13314),(2248,(2041,14118))),((4293,7291),(((12927,(6818,(8568,(11498,(296,(7037,12132)))))),(10073,(8035,(8072,14671)))),(((7726,15233),(7031,(12226,15471))),((3655,(4977,7307)),(5505,(11472,15364)))))))),(((1711,(5756,(9339,(12138,14518)))),((3737,(((11491,((10490,11745),((114,6514),(2352,(6264,12712))))),((4264,(4353,15599)),((11580,14234),(2695,11414)))),((4911,6245),(9604,14682)))),(5695,8067))),((((15444,(9085,(4198,11728))),(4527,(13031,((3412,10264),((10255,11146),(4253,15429)))))),(654,9037)),(2967,(((14686,(12139,13318)),(4509,((6681,8162),(8204,(13109,(9748,11702)))))),(10120,((4203,8708),(6224,8182)))))))),(12327,(((3588,(6735,9485)),(12142,(10573,12554))),(1775,10650)))))),(13872,(1955,5752)));
(((7968,((7657,(5768,14133)),(9266,12982))),((13430,(((4974,((8667,((13806,(7360,9958)),((6383,(13995,(((13870,(7264,(1804,12868))),(9898,12830)),(3738,7170)))),((5070,14355),((8572,(((2379,(3090,3410)),(5162,8598)),(11552,(3905,(8606,13545))))),((1,(((4469,(11652,(5673,10066))),(7219,(9343,(4461,(6176,(6234,14685)))))),((9216,13418),(3159,14448)))),(278,3970))))))),(9387,12975))),((5301,(((11149,11162),(4410,9171)),(((5018,13587),(12851,14353)),((568,1619),(8538,8612))))),((13276,((8277,(1809,(182,11761))),((6442,(7318,14307)),(1167,8740)))),((12565,(3615,14549)),(3036,4191))))),(11700,((7850,12913),(11395,(1026,4557)))))),((5635,14061),(277,13187)))),(3903,(10613,(2348,14264))));
(5231,(13090,((((1436,(4689,11127)),((4082,15088),(2624,((5555,13758),((7679,8537),(4674,13181)))))),((((7118,(11428,13664)),(14801,(12325,12477))),(3226,((8316,13055),(3545,(858,1663))))),(11334,12694))),(5423,(11338,((2481,9814),(4235,9609)))))));
(((13176,(2070,5521)),(1172,13699)),((8360,(((1464,13939),(1871,4208)),(7973,12730))),(11390,(9432,(7599,(11426,(1546,(9518,((10302,12415),(6095,(13729,((1540,4711),((15266,(4103,(11763,(4870,11705)))),(5581,(8769,13656)))))))))))))));
(((((1542,5910),(((14151,(7086,(1409,(965,6375)))),(2299,12427)),(((2506,13020),(5460,15688)),((4313,9576),(2135,6070))))),(5289,((14800,(13991,(1000,10177))),(9130,(615,1420))))),((3675,(9626,(3470,5812))),(13250,((4476,10472),(13285,(7734,10688)))))),(13083,((9772,(2502,5040)),(10489,13099))));
((10988,((((12112,(316,(4332,7208))),(4447,((9288,12190),(1141,3018)))),((((3700,(4780,15279)),(1720,(287,(5670,9254)))),(14335,((3004,5121),(5590,(78,7698))))),(4820,5290))),((3276,5513),((426,(5319,14065)),(3748,(14958,(11238,13720))))))),(8341,(11120,(5323,(454,13298)))));
((13635,(1191,14983)),((1881,(928,11986)),((4893,(9287,11437)),((14219,(6480,11535)),(11263,11929)))));
((((10012,13355),(8022,(13391,(641,3847)))),((7357,8969),(4495,13217))),(((4956,(7621,14212)),(8137,(3204,4515))),(3820,8331)));
((1270,(7411,10404)),(2884,(519,(13651,(4643,((6365,10679),(1577,(7012,7527))))))));
(((6416,((12186,14459),(5220,(13021,13636)))),(10092,14822)),(10362,(8394,(8141,15661))));
(((10291,(1388,(1675,14489))),(12594,(4765,(7591,10960)))),(4822,(4110,9924)));
(12630,(13383,(7427,(7969,(7896,8677)))));
((3795,(9334,14623)),(9477,(5873,9662)));
(4642,8534);
(7971,15308);
(1537,10851);
(6484,(283,3434));
(14031,(1665,13235));
(14712,15435);
(8284,13200);
(13691,14530);
(12408,(2936,14172));
(10420,12546);
(9206,14678);
(7625,8519);
(990,14289);
(10253,(10927,13810));
(13519,14492);
(2454,13267);
(2651,10665);
(3207,4947);
(12332,13866);
(((((((12653,14954),((2430,(((3886,(235,15669)),(9587,(15385,((12097,(83,2700)),(2621,((((1352,(5233,(4245,(670,15065)))),(1158,(2853,(7244,(((((15450,(5269,14576)),((3066,(1563,12158)),(15616,(53,(4863,9906))))),(((14997,(5763,(6279,9752))),(4193,((7440,(5192,15476)),(2990,5579)))),(((13369,((3380,(11631,(2012,7509))),(5575,((3644,12864),(3954,(1673,2954)))))),(11613,14878)),((2908,9148),((4229,6290),(12403,(3091,14798))))))),(((6841,(1698,3270)),((3362,(3852,10496)),(7907,8314))),(2625,((8016,(7172,8502)),(11982,15396))))),(10211,(5516,(8026,((((3898,(11519,(789,4835))),(10040,(5029,12649))),(2839,7142)),(880,(2667,3289))))))))))),(((((2702,3269),(7587,9153)),(12073,(13885,(1973,14787)))),((13997,(3435,14708)),(5014,7190))),(7941,(5360,(2827,11150))))),((122,(3982,5274)),((526,3949),(2912,3773))))))))),((((((2742,(14028,(3967,12291))),(6838,(13895,(15456,(308,11195))))),((6766,(1667,2668)),((8698,(11477,13937)),(10611,(10696,(4135,10279)))))),(320,1359)),((8510,14886),(12482,13354))),(15075,(((2511,8711),(14088,(120,2763))),((10468,(512,7058)),((1502,7078),(6746,9123)))))))),((12115,(2371,(6412,8887))),(((10827,13728),(7880,15563)),(1397,(6422,7239)))))),(373,(8594,12907))),(6031,11285)),((((710,2361),(447,14201)),(4579,13252)),(((((7084,13692),(290,8089)),(4819,6356)),(4414,(305,(6760,7902)))),(6439,(((13284,14206),(12293,(6699,(1558,2679)))),(10660,(7955,14063))))))),((2644,2989),(3277,(2419,10570)))),(3942,4133));
((((13894,(((6079,11640),(14654,((10846,(507,((9000,11724),(715,((((4768,14496),(((3534,11319),(7581,(4629,(2973,3007)))),(((12687,(1977,(1127,1128))),((2480,12438),((5711,15222),(8963,(15241,((2906,3025),(1025,7023))))))),((3525,6619),(537,(6358,6822)))))),(14052,((6964,8986),(7145,(2489,3335))))),(11406,((12816,(6812,(2551,6849))),(2533,13078)))))))),(3378,(15573,(10227,(678,(3929,13930)))))))),(9284,((10946,(9969,(604,3465))),(1634,13463))))),(1703,1979)),((7882,((11242,(7752,8269)),((8828,(9956,15531)),(145,(5480,8332))))),(12243,(10736,(9610,(10085,(9174,9547))))))),(13735,13817));
(((((((13028,(7876,10168)),((((9784,(14037,14253)),(7486,15383)),((3420,(3419,(1722,5748))),((((4571,(2188,12507)),((4717,(1057,8291)),((2709,(9169,13258)),(3617,(8498,11953))))),(((8165,12807),(5044,8706)),(1173,3721))),((5065,(14810,(15070,(12399,(4888,14403))))),(6664,(9871,12076)))))),((6259,(13860,14870)),(3931,(1706,1800))))),((240,((1368,11306),(((13700,((5738,((837,((1114,4403),((3108,6936),((468,9484),(11077,(7951,(10548,(15038,(7503,14054))))))))),(((((7861,(2823,10176)),(7506,15667)),(((5278,(11893,(647,12266))),((6007,13132),((2050,11432),(5678,5718)))),(6756,(6527,9409)))),(5303,((1099,7981),(4457,7046)))),((11419,(11685,14645)),(5143,6851))))),(5773,(((4151,11447),(4848,(1119,10684))),((5284,6461),(7500,(6943,(6948,9582)))))))),((2058,10123),((3264,5482),(3089,14625)))),(7430,10270)))),(2877,14189))),((8670,12390),(9769,13569))),((354,9012),((5650,10071),((117,(14857,15370)),(10497,(6830,15346)))))),((15553,((11226,11470),(4565,((5210,12178),(3882,(10624,15068)))))),(14284,(14619,14852)))),(10475,12277));
((13580,(11856,(3881,(7179,13931)))),((8255,((((14285,14769),(8483,(7886,(((5156,(597,(3097,3584))),(6732,12299)),(13220,(9215,((1354,6868),(10967,15417)))))))),((9030,(4784,(8671,14154))),(1880,10901))),((151,(2600,(15409,((((200,2565),(7799,14174)),(((3685,(((8552,11468),(14308,(5390,9068))),(1051,(((4583,(2493,6408)),(382,10865)),(7379,14871))))),((7794,10893),(28,4854))),(14191,((5607,(8466,11382)),(((2549,11736),((2688,14595),(10126,11854))),((14637,(13295,13347)),(7507,10794))))))),(((4554,6771),(10847,15587)),((13040,(3609,14559)),(9353,12313))))))),(961,(13481,(871,(((7302,14109),((9090,10996),(15079,(3682,14406)))),(2282,5843)))))))),((2399,10300),(1901,14215))));
(9181,(8840,(((((9099,(4064,(209,((((6204,(15653,(((13126,14831),((3200,(1605,(14387,(11300,12706)))),(13908,14111))),((10697,((9001,11348),(6246,((((6038,8852),(7834,9340)),(10610,((6138,(4485,13663)),(2552,(11496,(314,12547)))))),((13518,(9705,11031)),(12829,((15528,15685),((7582,(4523,8796)),(4998,7851))))))))),(15099,(14691,14847)))))),(13533,(((629,11940),(9540,13605)),((3521,(1620,((5955,13708),(1417,9617)))),((5703,(4375,12992)),((8319,9490),(2734,(6181,(4685,4782))))))))),(((7980,11166),(2225,8166)),(8196,12697))),((13255,(24,9872)),(7184,(6886,(12181,(6,7518))))))))),((2425,3122),(10181,(6740,7660)))),(7150,(4034,5788))),((3833,15227),((2390,9757),(8733,(1220,4794))))),(10547,(1062,2357)))));
((9189,(490,(((6261,14679),(((12875,(864,11808)),((4644,12371),(8992,11562))),((((15668,(2042,12270)),(799,(7226,9178))),((14453,15543),(((((1884,13606),(10292,(14146,(675,10353)))),((5224,8099),(402,8071))),((5151,(3320,(9900,11698))),((6183,10599),(6362,15185)))),(((1052,6023),(((3039,9595),(9960,(2917,3481))),(2907,(5669,12843)))),(2353,4801))))),(11022,(11762,(14108,14598)))))),((7974,((8010,15312),((6189,7789),(10220,12070)))),(9605,((12802,(2298,12510)),(8901,(9454,(4505,15210))))))))),(10043,(2413,13676)));
((12303,((4918,(12983,15579)),(((3665,((((6100,14747),(9616,13839)),(((10521,(11977,(10319,10968))),((8258,(6843,10042)),(7358,(9440,(1153,4128))))),(((1488,((6693,14047),(13328,((5180,8611),(5634,11684))))),(2048,4873)),(295,(15277,(((((5267,14352),(1188,10789)),(6729,(5948,(102,(420,8848))))),(((8517,(7841,14556)),(10425,(5345,9018))),(11555,((4699,13556),(1260,1467))))),((1276,6121),(5613,12501)))))))),(2199,5971))),(((3342,11668),(4526,7585)),((2125,7717),(7188,8841)))),(2821,((6687,(2047,8630)),(8825,(6530,11464))))))),(859,(584,774)));
(14333,((((14715,(12833,(613,14420))),((1501,(15193,(4621,(1916,7588)))),((11732,(6973,7801)),(4364,7041)))),(((15687,(1132,(1718,3329))),((6690,(134,5550)),(1808,9286))),(6844,(450,(5308,14519))))),((7088,13921),((3603,14122),(11587,15488)))));
(((((((366,(7716,(((1863,(9564,(2503,7125))),(14288,(1434,2618))),(2578,(1212,(8815,12153)))))),(1319,(6583,(5967,(4394,(6553,11617)))))),(((8812,9589),(9648,(7342,12932))),((2531,5924),(5410,(2004,11566))))),(870,8682)),((13681,(10020,(3169,14100))),(12084,(2765,(749,3600))))),(5659,(258,(12823,((2641,2642),(14849,(15339,((1626,4126),(1940,(9278,13509)))))))))),(8518,9152));
(5191,((((11874,(4309,13009)),(5261,((((6785,(12120,(1294,(2922,15236)))),(4750,15106)),(4262,(1237,5566))),(7492,(((6959,(11042,(831,2749))),((2832,2911),(6066,10125))),(5033,(4102,8512))))))),(467,(3797,(5905,13723)))),(((4667,(5116,7632)),(((8753,11998),(12692,(5429,11688))),(7194,(4401,6024)))),((7407,15676),((3023,(6018,12382)),(15128,(4048,((7940,12661),(1372,6010)))))))));
((6174,8729),((9883,(7753,13367)),(((3893,11041),((6292,(14495,(9967,(8541,10241)))),(8860,(1176,9320)))),((((12395,(1735,4733)),(2495,(9636,(8663,10524)))),(7138,8683)),((7117,(6341,((4120,13883),(889,15569)))),((6777,(269,(1583,1914))),((14736,(12929,(12735,(15164,(5368,(4627,8436)))))),(6512,7931))))))));
((1802,15080),(((1972,(4289,9373)),((5476,(595,3297)),((7464,8591),(((11229,(218,14055)),((14132,(12007,12397)),((7807,11112),(3559,12156)))),(10257,(8257,9131)))))),((1154,11803),(12566,(2819,5515)))));
((4530,(3673,((6938,10045),((543,13141),((780,10850),(6258,(6989,13065))))))),((11321,(11199,(5433,10013))),(10315,(3883,6443))));
(((13639,(2462,11607)),((6263,6513),(11059,((4616,12915),(7561,13484))))),(13297,15229));
((14488,(12461,((9258,14196),(5458,((6700,8300),(12524,((3813,(5178,10343)),(1834,10218)))))))),(6505,(14053,(9080,(869,4752)))));
((5128,10488),((((2420,(13080,(10478,14008))),(4159,9729)),(6288,8343)),((1277,((7819,(12196,(187,(4252,(3314,(15560,(9566,13177))))))),(1002,1737))),(10016,11081))));
(15,(2544,(6310,(14965,(7818,13794)))));
(13964,(11911,(14444,((6641,15600),(599,9904)))));
(((4000,(4601,(7785,14187))),(5063,5404)),((15037,(6925,12463)),(1817,4779)));
(((1943,7434),(10995,(12168,(6477,(13348,(8008,((5195,10051),(11801,(2094,8101))))))))),(4707,9618));
((15340,(3483,14222)),(4858,(8021,15194)));
((11560,15393),(11991,(8479,(4018,11786))));
(10340,(3223,8272));
(2659,(1012,9606));
(4363,7231);
(5740,(8398,14089));
(4210,6129);
(10881,(2333,9923));
(7425,(5509,8631));
(14431,15131);
(10646,14278);
(12895,15179);
(6647,12551);
(2653,8052);
(5865,9704);
(8774,9999);
(7055,14153);
(8163,10556);
(2937,11743);
(10009,11129);
(358,1604);
(561,7446);
(3375,7374);
(3315,(285,2850));
(5734,13448);
(4588,5902);
(12800,(4623,14184));
(1004,6558);
(15367,(9361,13269));
(3361,(14392,(((2717,(6516,(7568,((2002,5805),(8834,12043))))),(((13864,((((4693,9746),(5438,8500)),((4311,5927),(3030,10277))),(11109,(6386,10631)))),(14889,(((((1227,15191),(9242,((13405,(7223,(33,3586))),(11106,((((13620,(9015,(3155,(3626,((((4257,(13058,(15412,15420))),(2394,(((5248,(4337,(5187,(4880,(5553,(1306,5639)))))),(6072,(8130,(14110,(10765,(4742,8678)))))),(2378,(2369,(15045,(3998,(12330,(3863,11524))))))))),(6208,(14900,((1116,(15039,(5383,(12023,(14931,(14797,(600,3711))))))),(2034,11768))))),((5150,((5332,(9019,(8014,(11021,(2281,10897))))),(8478,8771))),(14162,(((173,4715),(2263,8266)),(14040,(887,7154)))))))))),(11630,(174,(3936,(6472,9941))))),((12668,(14117,(6241,(2069,7408)))),(((1387,5181),(7677,10880)),((418,6399),(7109,7586))))),((10453,13826),(4087,(1117,4390)))))))),(3211,14194)),(((9874,((2794,((1560,(1632,11976)),(2573,6932))),((664,10075),(2829,(((3008,(9701,(1430,13525))),(5004,(10533,12857))),(6854,(8506,(4073,14867)))))))),(7185,(14707,(7327,((15238,(5683,(2970,10050))),(9437,((4665,(4755,14564)),(7741,(6046,(2876,(2344,9681))))))))))),((((1610,(5787,12498)),(((4288,14988),(40,12678)),((819,10346),((632,9926),(2596,7499))))),(1370,12392)),((11852,(5221,6467)),((7218,11346),(7122,(951,8609))))))),(833,12451)))),((14299,(9404,10740)),(11092,(4971,11194))))),(10115,(264,3302)))));
((1818,(8168,12723)),(((2054,(10111,14269)),(1893,(2697,10375))),((7884,7959),(7690,(((((1086,(3387,((((((((6807,10087),(1640,3414)),(5330,6684)),((3263,8836),((((9694,10838),(3440,4258)),(5672,11647)),(8990,15066)))),(11593,11978)),(((10069,(5785,(6676,8640))),(4697,(13904,(9634,(345,10336))))),((12428,(5408,(10047,(1311,7347)))),(10520,(7,(1846,11205)))))),(8475,(3222,(((2745,6893),(376,2157)),(6629,((12191,(8490,10195)),((444,9571),(((11450,(10442,(11730,(9118,(567,(3704,(11271,13444))))))),((((3745,8845),(14045,(2568,13350))),((((10839,(13457,(10737,11417))),(4867,(3822,9032))),((1961,9861),(11495,(7278,13469)))),((((((77,2077),(14526,(4284,(4206,9239)))),(111,(4871,12965))),(((((5037,(2569,10265)),(3060,(2754,5916))),(14820,(14428,14651))),(9869,((6623,8470),(7739,(11917,11935))))),((1705,4611),((1824,(8411,10172)),(5097,(782,(203,15565))))))),((4727,(8218,(12245,14557))),(7502,(11367,11582)))),(((((2606,11503),(3082,(4706,(11069,14356)))),(((11110,(8728,13002)),(3694,5762)),(5002,(412,(10814,(814,10844)))))),(15250,((1984,(2614,2744)),(1646,12724)))),(7437,11107))))),(10411,((9345,(14042,(9845,(541,((10874,(1769,(15228,(2834,(11576,(15684,(8579,12473))))))),((3870,6748),((4290,15159),(228,7813)))))))),(2278,6326))))),((4236,(2759,9061)),(12808,15382)))))))))),(10196,14596)))),(3044,(6016,12743))),(12176,(4609,15359))),(8917,((5952,8301),(8777,(8590,(5258,(5675,13742))))))),(6500,(9718,(13377,(11711,14948)))))))));
(4418,(384,((((((3681,(2746,13323)),(2686,5586)),(((((((929,(((2245,((12850,15551),(1422,9376))),((7795,14982),(14483,(14033,((679,(2546,(6563,14850))),(2193,(7669,(((7700,9465),(9366,(3992,13458))),((((8776,(2805,7316)),(3286,4450)),(12237,(4384,((4802,12393),(8802,9825))))),((752,(6468,14594)),(11708,15446))))))))))),((2365,9642),(6723,14913)))),((((9553,11804),(8104,13818)),(3935,(12811,13562))),(6655,(8053,14838)))),(5524,8068)),(1291,((((860,4651),(779,7085)),((3503,12449),((5093,6146),(8567,13045)))),((2897,15063),(10759,13542))))),(685,13462)),(7070,((7273,9567),(7439,15324)))),((592,8960),(12949,(15288,((6503,(((12745,(8644,15645)),(4876,(10818,13526))),((2865,(3157,4367)),(1878,3441)))),((255,1784),((4969,7845),(9234,10642))))))))),(((12898,(178,(770,4491))),(4620,10539)),(7608,13344))),(10208,13084)),(((10065,14072),((2030,(2969,(3668,((1145,13253),(11530,(8573,9714)))))),(566,4077))),(((5335,(3894,14141)),((14272,(9467,13361)),((6447,13157),((14513,((12564,(2210,(7363,13983))),(11950,15007))),(2014,14911))))),((((6449,(8088,(14463,(13011,(884,8830))))),(9921,15636)),(6820,14048)),(((1997,10601),(6720,10641)),((9551,(13333,13512)),(5864,5982)))))))));
((510,1559),(7534,(((5314,(13005,(14373,(3275,(2543,14895))))),((976,5086),((3862,((1092,(((3758,6133),(9107,15260)),(((13887,(((11376,(804,(((6487,8914),(14808,(8484,14570))),(72,(2104,13668))))),(4173,5478)),(((9210,(4464,10022)),(898,8719)),(9191,11374)))),((8111,(11337,((6637,(4705,4950)),(4878,(((8251,(1522,10552)),((906,((1798,9129),(6950,7352))),(((12896,15576),(10113,(11655,(9481,(13984,((3177,15089),(3436,(3296,10130)))))))),((2311,4906),(10822,(5638,13850)))))),((10776,(5692,8362)),(11483,15623))))))),(4672,14340))),(8550,(903,2005))))),(9070,(6697,12083)))),(((1624,(6372,((((5351,(14532,(5049,12351))),(6324,8307)),((3176,8666),((607,12773),(3900,9086)))),((1713,13035),(2673,((12548,15577),(14314,15641))))))),(15610,(4024,9431))),(12416,14935))))),((6332,6702),(374,(4981,12669))))));
(4429,((((4444,11609),(((((5485,(15124,(9333,(9905,((121,1823),(6952,(((((10705,12110),(13886,(1202,15387))),((((493,9665),(5651,9010)),(9322,(3478,(12786,15156)))),(5754,(7306,8580)))),((8345,(3038,5066)),(((989,1900),((12421,(5808,13795)),(11564,(10935,(8700,15198))))),((7606,13680),(13332,(3789,11326)))))),(12108,((1682,(8871,(10482,(5866,8965)))),(5896,9584)))))))))),(7820,13233)),((8971,(10184,14554)),((5199,5371),(1759,9381)))),(11827,(2752,3352))),((14984,(2593,(745,2962))),(((14043,(7647,14460)),(13812,(7563,7595))),((((1264,7114),(1642,(9600,(3532,8961)))),((3095,((((138,12017),(9315,(1700,((10275,(((14123,(5083,5313)),(7269,13001)),((818,12709),(9346,12109)))),(((6009,(7418,7457)),(6349,11481)),(8009,(4358,8458))))))),(1351,13397)),(10518,12853))),(2127,12891))),((1524,8913),(3960,(3425,3939)))))))),(4608,13623)),(6057,(5075,10243))));
(((4473,(((6282,(10510,13900)),(4012,(1828,8821))),(((6082,(1439,3031)),(((5493,(((9419,(1209,(3346,4011))),((3535,6350),(2964,6634))),((1782,(1552,14167)),(14875,(3547,4341))))),(((10993,(11,2903)),(((13649,(11914,(6787,7293))),(2723,12755)),(14603,(329,8074)))),((5094,6479),(9352,(281,13210))))),((((((2258,(11501,13490)),(((10699,(3182,12569)),((6452,13197),(14183,(4413,7482)))),(1946,(2507,3255)))),(10193,((4482,7836),(4111,7607)))),((6336,9263),(9367,(8093,11574)))),((371,5627),(((893,3570),(318,(2830,6496))),(491,(13449,(7303,8921)))))),((14490,(2961,(2088,2939))),((460,12012),((6939,10567),(1226,5005))))))),(8760,(13067,((10551,11045),(11410,(3730,11699)))))))),(2422,2437)),(2238,11251));
(2247,((3850,(((2035,(4038,(7648,(4962,(5797,(10621,(1527,10767))))))),(300,(1108,(12167,(9762,(8342,11479)))))),(((7696,(365,6600)),((854,(((4025,(9224,10474)),(39,((6287,13403),(12782,(7276,11924))))),((((2334,4826),((133,(2306,(7136,14896))),(1396,12978))),((2397,7584),(319,14129))),(((6489,((812,9984),(5872,11488))),((4868,(((4517,(11009,(9706,(4708,5906)))),((9143,12972),(10651,15334))),(((3103,12825),((4209,6247),(2685,6555))),((977,6601),(15113,(6289,11393)))))),(((9731,15307),(2075,14971)),(((5115,(8363,(3891,(6926,11714)))),(((15004,((10142,14748),(237,5079))),(14860,(2208,3197))),(12058,(13815,((10393,12720),(10060,10462)))))),(48,3178))))),((5719,(8062,12984)),(1122,(5125,(1882,8200)))))))),(6873,((2816,7906),(((4339,13396),(11026,(7995,9213))),(5583,10378)))))),((575,(452,(12411,(395,4589)))),(13287,(11516,((((3284,3623),(((82,10833),((2362,(1600,10263)),((10735,13057),(2037,14223)))),((13609,14232),(1360,13497)))),((10116,11898),((15483,(8846,(12410,(11670,14436)))),(707,14628)))),((4323,(11156,(5882,10156))),(((2786,((3152,12688),(14898,(921,5300)))),((9147,12744),(11169,(1520,7966)))),((1580,8334),(6762,7810))))))))))),(2405,(254,6698))));
(((14481,(((((7912,(509,1481)),((8520,14932),((((1635,((26,9760),(4071,9971))),(8689,13243)),(5211,5848)),(608,(1336,(10104,11988)))))),((10703,(5875,(6755,10165))),(13943,((3107,(68,7074)),(13944,(1922,4710)))))),(13701,(1242,3697))),(((1296,11531),(((((5527,(13790,(8339,12781))),(10239,(1221,4912))),((9876,15353),(14407,(7404,12500)))),((6196,(453,6622)),(2221,4669))),((((((4896,11073),((10724,((1389,11411),(7616,(9318,14321)))),((4100,(3560,(2155,10259))),((12114,(10637,12032)),(((10569,(7092,9510)),(4817,15401)),(8862,(2027,13092))))))),((10450,(7788,7965)),(12748,(6934,11586)))),(2259,(244,(15381,(1993,12812))))),((10977,(2914,14404)),(11272,11975))),(8236,14718)))),((6255,(4096,(((9831,((1710,12437),(9764,(2535,9390)))),(13511,(4543,8616))),(((3404,13185),(9034,14991)),(3220,8511))))),((253,(2179,4507)),(4277,(12312,(3821,9161)))))))),(10808,(4189,(13089,14067)))),((5222,(966,15081)),(8473,((4983,13326),(9226,(6550,12859))))));
((12557,(8043,12585)),(8237,(((((5783,11368),((4261,7832),(3215,9660))),(3645,4067)),((911,7771),(6491,10282))),(((7255,(6848,((9827,(12195,(2465,11648))),(14639,(1334,(91,8401)))))),(7473,((((3051,7675),(6515,6839)),(((4354,12022),(9520,10392)),(((4928,((13201,14071),(9228,12339))),(60,(6473,(5486,(2916,10136))))),(1055,10267)))),((((7343,13480),(1367,(14094,(4395,(438,6808))))),((5104,(3637,(1554,1925))),((3965,(15682,(11600,14121))),((7812,12832),(9236,15361))))),(11071,14139))))),(1761,5468)))));
(((((7252,((1251,(5886,13865)),(12365,((15336,(2065,(1268,5420))),(((5009,9698),(477,13106)),(((7030,(2550,11019)),((11601,(1257,4303)),(6564,(14680,(3406,7556))))),(6557,8855))))))),(((((6796,(8263,11255)),(13778,(1687,11958))),(4770,14186)),(((10748,(6130,(7800,8637))),((13081,((5587,8117),(3877,14486))),(583,4898))),(12101,12682))),(3583,(2801,14101)))),((2984,8875),(2078,4751))),(4054,(4219,8989))),(6277,((10864,12136),(4890,(10199,12135)))));
(((((((3563,12033),(((3485,6173),(601,11858)),(1887,9279))),(13641,(4140,(11664,12804)))),(((13423,15036),((1019,(5413,6528)),(((10709,(3241,9902)),(5730,9680)),(6670,(370,8597))))),(10944,12845))),((((458,10147),((4713,13063),(14378,(12527,15354)))),(12494,(4259,7144))),(((9613,11000),(6501,13918)),(4299,(1442,14085))))),((2629,5715),((4045,(12250,(3943,14434))),((403,9992),((3806,13645),(7106,(2627,(2769,7874)))))))),(2959,(1452,14137)));
(759,(((((1290,(783,14803)),((7442,(1657,(((1534,13547),(((1089,(4536,8017)),(9495,(10365,(13261,14511)))),(361,1381))),(379,2585)))),(9280,(4803,8933)))),(1860,13572)),(6419,(3318,(721,(435,3317))))),((11181,(11170,13933)),(2666,(9603,(4845,15298))))));
(7644,((10807,((13163,(7429,14344)),((299,(((11662,(3239,5551)),((14963,(((11274,((((14128,(13429,(1938,7459))),(12086,(1726,11694))),(2293,(6590,12513))),(6977,(15500,15571)))),(9029,(((1028,1207),(11643,(704,5563))),(12996,(11972,(4355,14740)))))),(8628,(9060,(6168,7282))))),(2859,7612))),(7340,(10276,12342)))),(8388,14462)))),((7032,14670),(9158,(12611,(3063,6000))))));
(11455,(((7573,(11915,((13424,15086),((2484,10439),((1861,3193),(15199,(6438,13761))))))),((((8264,10128),(9172,(9313,10951))),((9319,14575),(((8496,10775),(9483,9942)),(12639,14070)))),((8205,9580),(2750,12369)))),(((3723,7666),(11656,(853,6730))),((10857,(((2470,15664),(5159,9089)),((13464,15323),(11394,(573,4234))))),(4949,(4943,13543))))));
((1194,6991),((9734,(((((2868,(14721,(2393,2851))),(2170,12095)),((10363,14944),((8122,11750),(2581,3539)))),((12385,((4392,5027),((5032,13884),(4654,12945)))),(6330,15423))),((9004,(7948,15192)),((3969,((3084,5157),(8407,13598))),(2799,(5704,6776)))))),(1022,1752)));
(12464,((4954,(3975,(11485,12343))),(((((((7843,(1515,(3971,4328))),(9182,12960)),(13766,(12361,(5057,(6351,14750))))),(13015,(6225,10771))),(2401,(1310,4246))),((15547,(8613,(11802,12053))),(1328,(15642,(1875,9841))))),((6685,6799),(1729,6630)))));
(((12763,((((13373,(13634,(((1238,8959),(3453,12662)),(1831,14127)))),((((3073,8039),(58,(2514,(1992,5069)))),(6616,9180)),((((2412,10961),(5799,12660)),(8433,(5633,14474))),(14092,(2139,14622))))),(4688,8384)),(7511,14630))),(14695,(10538,(13319,13882)))),(6457,15109));
(1844,(((10749,11692),(1935,((380,5540),((14866,(8399,(15161,(14104,(((11084,(5664,14854)),(((3371,3718),(4275,4894)),(13394,(5146,6606)))),(3732,((4438,7592),(13986,(1325,11886))))))))),(6509,13131))))),((6726,(1949,(14760,((1692,9480),(10859,(8659,13182)))))),(6190,(((6155,10742),(15196,(3021,(3014,4282)))),(4481,(5564,(4084,11318))))))));
((((((3259,14779),(4895,9146)),(1549,9949)),(3188,9502)),(((9655,14347),(11757,(897,9229))),(((7483,12946),((15663,((22,(3749,7915)),(3267,4152))),(((754,9801),(1709,12731)),(((6986,7497),(1636,2431)),(1797,(13960,13965)))))),(978,9200)))),((874,((4070,15657),(2926,(243,15673)))),((1699,7815),(757,(2102,12042)))));
(2033,(14279,(1773,(9586,((7001,((4142,12613),((6233,((15499,(7319,9532)),(7405,14614))),(7485,(1156,(152,2355)))))),(4827,15593))))));
(9843,(((1778,(11185,((13044,(12947,(13441,(4472,(982,((10564,11764),(2856,(1697,15319)))))))),(10037,11575)))),(4776,13506)),(8167,11947)));
(2921,(((13086,(1340,((5112,(3311,12301)),(10350,11439)))),(6413,(3750,8296))),(738,6605)));
(1400,(11216,(9666,(((2998,6411),(720,7760)),(13213,(7934,15190))))));
(((((3052,12219),(12140,(3343,(5726,(327,11556))))),(10896,(1853,4131))),(11843,12085)),(8454,10516));
(6030,(15031,((11534,11546),((5310,14012),(4454,13479)))));
((4056,6609),(3601,(8829,13972)));
((2119,(2913,((4916,13461),((6922,8542),(13925,14115))))),(6161,15074));
(546,(8288,8493));
(1747,3056);
(11072,11541);
(5092,(3790,13110));
(4435,10077);
(2162,(5700,(3984,6508)));
(6646,(8899,(3546,13969)));
(5884,15325);
(2509,13376);
(6027,15581);
((11256,12814),(4269,7809));
(6266,6960);
(4598,(7899,12222));
(4200,14826);
(9057,9133);
(13507,15366);
(12550,14262);
(9702,(5264,12381));
(696,(2126,9395));
(8439,10992);
(11095,(778,9917));
(4139,14014);
(7489,(8051,(12061,14542)));
(4591,11261);
((2183,8229),((8121,8617),((((5163,(1233,(10236,10531))),((587,(5680,10135)),(11430,((2842,11536),(5834,11741))))),((5904,((10784,(4553,8250)),(1185,8098))),((971,9866),((912,(8414,8535)),(((4966,10955),(9721,10693)),(11408,(8648,9669))))))),((8826,(14058,14293)),(((10407,14505),(4774,(13611,(13898,14266)))),((8312,(8223,(2616,3230))),(((12253,((8358,9227),(924,3504))),((3322,14700),(11579,(652,1869)))),(5826,((7538,14416),((((15433,((7294,(11841,(12111,15445))),(1335,(937,(11057,14305))))),(((15344,(12146,(2925,14738))),(157,(1996,13215))),(7536,(10349,15151)))),(((((7802,(12555,14962)),((9117,(1660,3430)),((10804,14885),(8885,(3439,15059))))),((3405,(13988,(15646,(14143,(12600,(5582,12164)))))),(832,7764))),(1683,13046)),(11420,(2165,(9408,15413))))),(389,((13133,((9708,(4149,(5059,11925))),((14157,(((4655,7161),(1303,15350)),(3763,14361))),((7016,(((1548,4999),((2577,15316),(14376,(7448,10322)))),(((2440,(8421,11818)),(167,(4017,7932))),(10212,10574)))),((12525,(10458,15459)),(14624,((9623,(15061,((15452,15549),(6888,14164)))),((((((9403,(7107,(542,12792))),(2222,(7348,10615))),(15630,(7575,(5077,12806)))),((((4592,13056),(9193,14681)),(1013,6476)),((8503,(7888,11201)),(3385,(10848,(5722,(1852,11737))))))),(((1374,12680),(972,2731)),(6060,(8013,10448)))),((7376,(3955,(13987,(1152,5558)))),((((896,11719),(9498,10723)),((15536,(5646,((4497,(5389,10845)),(3078,8923)))),(4512,6217))),(5965,(12954,(4964,9261))))))))))))),(12155,13137)))))))))))));
((8755,(3831,11657)),(((((4404,(2176,3079)),(419,2152)),((1771,8676),((1704,(9295,((((9592,(((396,1373),(3508,(9126,13863))),(11871,(5973,((3522,(13491,(4338,6274))),(5304,(11908,((4718,(294,2124)),(11163,12967))))))))),(((((3061,(3016,12335)),(3087,(150,9166))),(9393,(4761,5944))),(2063,15218)),(7091,((13854,(1083,15357)),(3379,10962))))),(((590,6498),((3360,10572),(7103,7917))),((((14209,(270,2457)),((5282,10945),(14766,(15376,(14837,(9269,11675)))))),((((1459,(3498,(508,3552))),(8214,(15478,15582))),(11053,(6561,11921))),(5764,(1385,10188)))),(14869,(6220,(6674,14947)))))),((14842,(3115,(6175,((4489,((((((6673,(11012,13727)),(12716,(14208,(692,5276)))),((((13059,14433),(2672,(828,4671))),(8718,9631)),(2768,(5643,7759)))),(((1617,(1390,14638)),(8443,9338)),((5337,((15044,(8744,11844)),((4829,7883),(12407,13955)))),(14535,(12345,(2609,6978)))))),(((((8377,12563),(10224,(2151,7628))),((13071,(312,1738)),(2637,13450))),(7102,13600)),(((2402,(1278,9738)),(13385,(400,7960))),(8532,(3510,13445))))),((8838,13426),((4088,(3121,11187)),(1283,6833))))),((6885,(360,5878)),(6328,(7326,9009))))))),(5981,(3170,11720)))))),((6384,(4852,(8778,12271))),((10246,(((((4287,5317),(6486,(891,1329))),(3135,(12430,(12321,14026)))),(3631,(12962,(2790,6055)))),((((10930,(8513,14041)),(2852,4989)),((8748,10618),(10359,12265))),(5462,((2474,(1419,4416)),(7187,14170)))))),(6393,(5853,(3784,14753)))))))),(4661,(2886,15541))),(6478,(11360,(4594,11896)))));
(6704,((14611,(((13551,(13179,14315)),(2083,3825)),(7735,15427))),((1047,(5847,14102)),(((3002,((143,(4968,13362)),(3143,((3572,(15437,((922,(1020,8297)),((((4058,(3643,9633)),((((15546,(3956,10603)),((47,1480),(8208,8639))),((1009,5043),(2584,6667))),((4539,(((2900,(11014,13330)),(872,9525)),(10677,((1470,5751),(5790,10249))))),(2963,(9807,12383))))),((3756,(13039,(7662,(7488,11875)))),(2142,(9135,(((13782,((9350,(13317,(3341,15085))),(5311,10687))),(((((9380,12643),(4383,(71,9742))),(1639,1656)),(11888,(2792,(2332,(11946,12192))))),(((8092,(12238,(10240,(2404,7947)))),(3569,(7480,(744,(1629,3125))))),(6946,((8745,9991),(3702,(9155,13158))))))),(15220,(((11214,(5309,(6910,(3184,7772)))),(11493,(10067,((15318,((12991,(8489,8982)),(147,8501))),(208,10772))))),(6052,(((1357,4227),((1499,10761),(8562,14228))),(5604,(13154,(5434,6345)))))))))))),((4430,(7593,14066)),(7701,9641)))))),(1484,((2560,7751),((4736,14165),(3243,15406)))))))),((1643,11010),(3713,(5887,(1576,8372))))),(11354,(3593,9835))))));
(((((5508,10861),(2206,(3972,14397))),((13814,(2504,15404)),((12311,(((5280,(1473,(5435,7204))),(6920,(((279,15486),(((4914,7655),((1529,(5807,12689)),(7296,12591))),(13617,(((((((1799,5170),(13524,15267)),((4349,5622),(6631,12657))),(((3642,12384),(8127,(10622,12047))),(2161,(2781,15087)))),((((10134,(6992,13161)),(11669,14419)),(107,11235)),((((2175,4986),(2448,14940)),(4463,7113)),((3630,6281),(7512,8957))))),(9251,(((9164,10769),(2918,7992)),(6817,(5918,9119))))),((8132,(3119,6828)),((3280,((1482,13228),(10529,(8779,11962)))),((11826,(2403,14113)),(5372,(((994,(10093,11909)),(5881,(5406,14320))),(8645,(6987,15347))))))))))),(1348,3077)))),(1849,(7929,((164,(791,3663)),(163,(5422,14475))))))),((4486,11602),(2020,15002))))),(((((282,14652),(625,3250)),((5721,((2003,7577),(6924,(5003,8265)))),(1049,13932))),((2294,15343),(((14195,(8690,9934)),(10157,(186,2443))),(((3179,(2409,8159)),((14840,(14006,14717)),(3017,(907,6993)))),(480,6061))))),((13240,(248,8115)),(((4348,8095),((3952,12396),(8402,(3228,(9797,11352))))),(1074,3129))))),(2358,3148));
((7881,11927),((6980,((15369,(6101,10811)),(6738,13125))),((((6377,14106),((1461,5449),(5782,15454))),(4637,(((2418,4513),(13393,14942)),(11532,13196)))),((((((4179,6706),((((14242,(7250,(13822,15122))),(14817,(9994,14086))),(((((2216,8020),((6981,13274),(6092,7008))),(8944,(8770,10388))),(((((11752,(4739,15356)),(((5306,(4564,9259)),(((6757,(7128,11378)),(14277,14452)),(7011,(5256,5518)))),(((6860,(5463,9720)),(7765,(4834,10640))),(6118,13166)))),(7605,12737)),((((((8336,14722),(11798,(724,(2061,13368)))),(12860,(5907,13804))),((7441,(5334,6598)),(3878,13329))),(((9932,11851),((1044,(10680,(4319,9247))),(917,5242))),(10607,(1069,(2158,9113))))),((13073,(1544,(7626,14427))),(12228,(4437,5580))))),(890,(4294,(6794,(8206,15057)))))),(((2302,7090),(15077,(4612,(689,3746)))),(10816,(14829,(15411,(192,12516))))))),(((7308,((7733,(6626,13781)),(9647,10891))),(((2770,3009),(1405,2071)),((2343,(1538,5132)),(1721,12471)))),(6269,10973)))),((6743,((2496,9405),((15598,(2295,10081)),((5194,(3703,13022)),(((6907,(3596,(1902,(9523,12232)))),((3734,15570),(3807,6650))),(((6797,9599),(11955,(6178,7193))),(3944,12423))))))),((14390,((10382,((12356,(1261,1883)),(8660,9739))),(11521,(10983,(14366,14723))))),(9209,(2933,(4619,9643)))))),(8471,13711)),(((1448,5129),((13288,(4132,8978)),(2008,7905))),((((13759,(15540,((11108,(8109,13968)),(3468,(3590,12535))))),(2301,(10854,(7313,15538)))),(7292,7911)),(4188,(7650,(808,(10732,14601))))))),(992,(6639,14863))))));
(8451,((((2424,(5701,12249)),(13856,15621)),((8368,(5744,(4730,5202))),(15648,(((4861,(3464,15182)),(4563,5733)),(2147,14405))))),((10643,((10427,11183),(5929,7384))),((((1855,(((13842,(11475,(3199,12854))),(14553,(9996,(7664,(875,(3295,13206)))))),(6410,(1235,4065)))),(2300,6338)),(7695,(((15521,(2092,(1048,(3290,14144)))),(3074,(3392,((12742,(7688,(9114,(2429,3049)))),(((8452,10030),((12129,(3895,13357)),((5890,7871),(12561,(1666,8688))))),(13301,(7265,((2254,9033),((1755,11384),(4182,6285)))))))))),(((1975,(((2120,12659),(8309,12087)),((((8741,(5819,(910,7000))),(4171,(4216,9436))),(10437,(9936,15650))),(2459,(((((1415,(9248,(6238,(15133,15625)))),((5197,(9310,15022)),(9503,9513))),((3618,10915),(4613,13410))),(1406,5713)),(13432,(5912,14703))))))),(1440,6335)),((9053,(3099,8882)),(12466,(6490,13771))))))),(7279,15328)))));
(((12349,(432,2525)),(((3271,(4851,9475)),((((130,3968),((2655,6958),(1814,6331))),(7167,14648)),((11104,((1618,14084),(((((13538,(((11951,13658),(14626,(127,3132))),((4494,(6184,(9417,(276,8715)))),((10991,((2680,12912),(7953,8592))),(1036,11515))))),(((98,(5862,7465)),((14926,(1819,12295)),((7615,14848),(8766,(902,6115))))),((1178,((1969,13453),(3381,7456))),((((3715,(8100,9826)),((1228,9815),(8481,(4869,13017)))),(((14214,(5331,10929)),(9382,10711)),(7066,(7026,8819)))),((3812,8674),(3418,((4508,14131),(11837,13352)))))))),(10391,(((1244,(2995,8323)),(2132,2497)),(((2329,(8750,10102)),(12541,13831)),(1305,(3500,(8157,15011))))))),(4500,((((6223,9983),(4167,12889)),(3442,12622)),(8732,(983,15112))))),((14592,14967),((3536,(7939,8942)),(6298,(8369,14507))))))),(((5295,(10840,(1497,2881))),((((9788,(4915,9165)),(857,13442)),(((5491,(2729,11918)),(1182,9418)),(3219,12004))),(3616,4941))),(14163,((8994,9864),(12030,(5597,10356)))))))),(2987,((4919,12104),(7693,(6206,15651)))))),(8174,15110));
(((963,1118),((((((((((3785,6593),(12221,(10419,14114))),((5501,(2505,3582)),(3492,4085))),(3743,(12060,((11236,(13734,(3869,4668))),(((10911,(15054,(4030,4902))),(551,(6056,13689))),(5124,(8001,12883))))))),(((2342,6445),(12014,(11133,(139,11454)))),((((852,11232),((3550,(4175,5021)),(9195,((11811,(15504,(8154,14778))),(12685,(7149,13966)))))),(4279,((4535,10586),(3515,14010)))),(1378,6400)))),(2957,(2657,15157))),((11344,((7558,(3841,(422,425))),(6249,6814))),(6635,(13047,14178)))),((11359,(4909,(12388,15660))),(877,10370))),((8653,((1184,(6434,14409)),(((1958,(6683,6890)),(5249,13218)),(1426,(14781,(596,605)))))),(8310,(2500,(((7339,9719),((516,14996),(1427,11629))),((15368,((2563,14469),(11790,((8216,(3999,(6736,13889))),(((1638,8212),((10435,13108),((((((1197,3201),(4841,(4908,7382))),((11993,(372,11052)),(2349,(4944,7024)))),((2138,6612),(9817,14317))),(((5599,6883),(1379,2249)),(((1742,9577),(6319,8422)),(4967,5502)))),(12412,(7738,(9536,(10440,10582))))))),((((10150,14540),(7495,10451)),((6745,13036),(9003,11132))),((12581,((4922,((9145,11342),(12953,(3990,10566)))),(1460,15311))),(15631,15683)))))))),(6286,(14438,(881,5481))))))))),((8044,14634),(8294,12841)))),((144,392),(2895,9176)));
((14719,((14032,((11642,(8565,((6716,15474),((10007,15064),((9919,14599),(7057,14607)))))),(((10166,(10744,(6242,11152))),(11473,(13438,(2141,(802,9069))))),((14270,(11387,(1137,3502))),(((226,10800),(6059,8242)),((10108,(9364,14558)),(682,((2986,5789),(3844,9820))))))))),((3854,(((15171,(15280,(10659,((13589,(9686,10348)),(5857,(11293,(4578,5392))))))),((((10751,((((12911,13536),((3948,(4582,9024)),(9300,(109,5931)))),(7890,(8047,11418))),(2253,(2076,5483)))),(((8178,(378,(775,5055))),(5091,(5525,9449))),(13535,(1428,11899)))),((5742,10694),(5658,(4821,(10763,(2494,(14874,(5315,(3150,(469,8328)))))))))),((12674,(4370,(170,12976))),(4369,(822,(((10424,12523),(2966,(2447,((5690,10560),(8318,14188))))),(13023,(6094,11276)))))))),(13777,((342,9598),(7481,((3757,6156),(9046,15561))))))),((6536,(6212,11800)),(8818,10916))))),(13772,(5723,7257)));
(((1890,(((((4049,(325,(((6845,((9885,((7067,(12422,(3491,7370))),(993,14175))),(((((((9371,12620),(4456,8139)),(3012,3787)),(743,895)),((8786,12518),(10657,(6254,11788)))),((1005,(932,9791)),(((15264,(4783,(13899,(11089,15158)))),((5693,15583),(2838,3376))),(1829,(4112,12538))))),(4170,9602)))),(14632,((661,13184),(6712,9790)))),(9383,(7796,10877))))),((6543,9273),(((8610,15505),(2988,6937)),(9612,(4436,4649))))),(11121,12702)),(955,((4570,12890),((11835,13783),(250,(3974,4709)))))),((5395,10678),(14311,14443)))),(13275,((7019,(6691,14657)),(15152,(12162,14578))))),(1927,4305));
((1146,10447),((6171,12784),((8680,(9639,(6276,7268))),((8964,(((4397,11672),(8903,12429)),(14514,(3455,7672)))),(4921,((6222,(7659,11339)),(9048,((((13291,((2113,8936),(8509,(805,14024)))),(579,7758)),(((((2800,9846),(6863,12161)),((5532,14377),((5528,(7371,11681)),(2466,14583)))),(((315,7277),(7243,(7510,14383))),(15442,(2612,10612)))),(5262,((12118,(7299,15481)),(4003,15012))))),(12533,(((175,9789),(1080,5991)),((7823,9337),(10755,15679))))))))))));
(9793,((((9786,14587),(14485,(12401,13335))),(((((160,(834,(10143,10535))),(((3459,13745),((612,5127),(6463,(11117,12722)))),(10718,(8037,11303)))),((1510,1772),(99,15115))),((7209,13395),(337,(8910,9212)))),(((13557,(1090,4846)),((12368,(10219,13489)),(3460,(8507,10758)))),((5820,7098),(3926,(9659,13975)))))),(((11115,(6152,14524)),((((((577,(6995,((798,(9927,10757)),(8086,12650)))),((9804,(10509,15042)),((((1041,13303),(7923,10701)),(1941,11482)),(9253,11547)))),((12315,(((12549,14229),(14814,(3457,12294))),(((2236,9755),(11017,12479)),((405,3463),(8446,(1449,8055)))))),(11351,(393,(1008,4806))))),(15310,(3337,5340))),(9735,(((6396,(8896,15146)),(1414,(8731,(3402,5470)))),(4992,(1932,(4636,(3592,(6083,12089)))))))),((586,8642),(4743,6737)))),(3928,((3513,(11407,(9929,13024))),(15671,(3716,7458)))))));
((((9614,(10401,(9674,((5398,6278),((2230,13891),(8260,10119)))))),(3641,(960,12558))),((14567,((5136,15272),(6688,10090))),((14805,(10386,12127)),((9882,(3454,(261,12544))),((((1609,15430),((2114,15655),(14159,14527))),(14992,((1241,(13626,15544)),(12705,(10121,(10368,(2273,6568))))))),(8120,(6392,11529))))))),(7399,10054));
((((((2571,14221),((800,12686),(1701,6618))),(3191,8142)),(((2211,(9543,(7970,8876))),(5415,(1803,9542))),(7099,(((9621,(1345,(2460,12780))),(13140,((534,(408,1446)),(920,2561)))),((10905,14346),(4074,4146)))))),(((4468,(15253,(4917,9943))),((7484,13797),(2314,(6770,8566)))),(6915,(485,13178)))),(7775,((11545,(8429,14751)),(11966,14683))));
(((2562,((3719,9988),(956,(1562,5841)))),((((4276,((1151,1951),(12268,((3742,((6912,(7687,(8721,(14454,(((5793,((1100,3471),(2100,11399))),((2788,(9272,(4800,(946,8459)))),(1702,(2421,5995)))),((3976,(3114,15460)),((3691,14692),(6167,15629)))))))),(2434,5804))),(13148,(((10872,(1727,9250)),(536,3860)),((7065,(2993,4172)),(13531,(6267,14698))))))))),(13156,(6321,8707))),(8393,(14329,(11304,11712)))),((4560,6899),(1627,(12106,(1175,14873)))))),((4719,12740),(6166,6169)));
(4109,(((((581,(13475,((6942,14442),(6019,(4855,8548))))),((2309,12067),(7729,(6293,11623)))),(((7450,(8427,((15126,(1386,11847)),(3384,(6265,(4095,((6004,8787),(15572,(5542,12567))))))))),(2940,10053)),(13868,((8795,((3788,(13563,(9933,13923))),((4040,(4952,5977)),(1377,(3653,8425))))),((2171,11877),((7111,15421),(12798,14498))))))),((((1206,4125),(9961,12051)),(31,(4729,(6526,14951)))),(4600,((3997,10145),(6534,6892))))),(8143,14076)));
((8624,10041),((933,(2683,(3001,(10507,(6694,8148))))),(6202,((622,(10484,(((10046,(((((7613,(7523,12225)),((8536,((4853,(1770,8326)),(6346,7574))),((5034,(5707,14057)),(5727,6916)))),(8780,15304)),(2217,8416)),((4425,5067),(3540,(15634,(4228,14521)))))),(13712,(11237,(6143,(6988,(4552,12144)))))),(2243,11456)))),(9188,(10063,(7217,9023)))))));
((((8873,(10062,(11159,(((719,6979),((268,12357),(14729,(10229,14482)))),(3022,(1438,9413)))))),((11228,(14923,(12559,15627))),((12534,13264),(1213,8621)))),(((((12215,12628),(486,7141)),(13465,(3421,11416))),(((1982,((1282,(257,11215)),(5253,((142,12006),(603,9653))))),(50,2383)),((11207,((3234,(6300,10301)),((13769,(11220,15507)),(3382,(3042,(1539,11755)))))),(1891,9561)))),(1521,(5932,(8806,14577))))),(2719,13143));
((2479,(1315,12064)),(((457,(2168,11230)),((6339,12442),(((15691,(1479,(7290,11314))),(14424,(2261,(2891,6145)))),((8252,12216),(4055,(2038,14408)))))),(5108,((1821,(1136,(13657,(4361,(11373,13582))))),(12809,(3526,4346))))));
(((((4520,(4503,10884)),(1584,9489)),(4843,(7498,14749))),(1690,((6573,((((3208,(9530,12414)),((975,(591,9257)),(10464,(697,2267)))),((((2275,(1879,10803)),(10173,(7853,(11969,14739)))),(4196,12305)),(13893,((12578,(3310,(10432,12227))),(153,15589))))),(12528,((11030,(3634,9776)),(15177,(1608,10778)))))),(((5179,(11920,(198,3299))),(5019,((10171,11297),(6104,15232)))),(8868,9132))))),(1628,12026));
((4488,11298),(((2949,(6210,12173)),((((324,((10225,14385),(12805,15516))),((5322,12309),(14500,(10726,((6827,9244),(7952,13079)))))),(13008,15677)),(2515,(2006,(905,(2366,9558)))))),(7631,15203)));
((10201,10626),(((((1847,5835),((((6947,7736),(2272,7105)),((2415,(5945,8827)),(5682,(1190,9238)))),((7858,8799),(14410,(340,1418))))),((2091,(3776,5446)),(5724,(4382,(5445,14508))))),(10317,12440)),(10374,(8002,14312))));
(12252,(((((12663,(11227,13593)),((5198,(5417,10513)),(2758,(6802,((390,15555),(7565,(495,12695))))))),(7918,((3766,((5206,(3632,15040)),(10668,14635))),(((11296,(5641,(350,1601))),(4723,(4230,5364))),((14655,(11573,13331)),(14845,(563,14079))))))),(11379,(1894,3760))),((14136,14813),(6864,(2934,(2001,13906))))));
(1569,((4379,((110,4487),(((3368,14468),((10943,15502),((4840,((3334,13128),(14621,(1708,12644)))),(9879,(3416,12925))))),(2872,6062)))),((6423,(10035,(1113,3576))),((5164,((531,(6544,13693)),(8445,10673))),(11894,(2040,4606))))));
((3102,(9594,(((7151,((5983,10078),(1312,9420))),((6753,(4467,9979)),((14767,(4572,13811)),(6078,((2797,8113),(985,13985)))))),(817,2647)))),(10790,(8801,(7546,14480))));
(2826,(13896,(3386,(14656,(1410,((10639,13823),(501,15108)))))));
(((13670,14565),(11952,(12054,(8348,13468)))),((1806,(238,8556)),(2613,12200)));
((4021,7298),(1317,(2779,(1950,(10296,(216,2646))))));
((4702,(1292,(14398,(7146,(14953,(10358,(1157,(11824,12359)))))))),(15136,(4567,(8066,(2727,4145)))));
((394,(6610,14563)),((1513,3221),((655,9903),(4136,(2720,(3566,10589))))));
((9134,(((7545,10972),(1672,10791)),((85,3482),((5474,(5496,8082)),((56,13360),(9976,12175)))))),((92,12476),(5214,6815)));
((3764,12944),(5341,(140,((5573,(6975,14510)),(15282,(11542,(11087,(7745,11538))))))));
((2692,(13447,(3316,(15046,(6283,(3577,14580)))))),(14546,(2724,2813)));
(((702,((12540,((3752,4816),(11553,12159))),(4738,8889))),(14744,15245)),(1402,11943));
(2256,(1518,(9246,14268)));
(9374,(3635,(13713,(751,11527))));
