(1559,((6492,((12193,(10624,(10418,12636))),(7387,9036))),((((9183,12332),(9810,11027)),(15488,(3658,8356))),((((1047,4254),(5805,(8594,8695))),(13894,(10989,14505))),(((1062,14311),(((15107,(753,(1115,(4427,6462)))),(4570,8361)),(8525,(((6543,(15094,(7631,15505))),((6161,6609),(209,(((12697,((1888,4738),(903,10471))),((10311,10410),(12092,((((12876,(6637,14351)),((2193,((((15170,(10358,13175)),(10552,12640)),(6643,((7824,(8002,15213)),(4123,((5792,8143),(3688,15247)))))),(752,(946,6354)))),(5786,9629))),(14847,14982)),(2604,(13805,(1349,(11109,(9293,(6570,(4577,5634))))))))))),((1093,(1768,6133)),(9059,10512)))))),(((1623,1627),(14555,15114)),((3818,11992),(1023,(4347,7636)))))))),(9284,((5850,8217),(666,11749))))))));
(((((4593,(13846,(10721,13305))),((14206,14513),((1598,(5498,5598)),((606,(1582,5003)),(290,13755))))),((4219,(2950,5723)),(5847,(123,(((10429,(4566,14279)),((12833,(6683,(15062,(9974,(1184,14420))))),(12025,(6600,(9471,(((7461,((4245,12605),((14424,(2043,12798)),(1310,(((((9804,(985,3556)),(9752,11495)),((14427,((((10357,11681),(3891,15362)),(7042,(3512,8100))),(10485,(3178,13368)))),(371,(8766,11351)))),(3245,9193)),(8502,((5543,11138),(1451,8732)))))))),((2556,9905),(1585,(4087,5951)))),(376,(2745,5544)))))))),(((((((3093,9115),(12795,15186)),(8305,10744)),(15254,(14414,(9199,12229)))),(356,(8381,((8379,9998),(8272,14609))))),((7850,10614),(4506,(1364,(1029,12201))))),(3784,10396))))))),(1820,11927)),(1818,13356));
(2085,((12,13150),((((3044,5877),((8471,((((4696,(8510,14886)),(14171,((793,13012),(15097,(14763,15320))))),(13121,((9711,(11521,(4351,7058))),((6180,9085),(1163,4139))))),(4591,(6175,((9726,(9009,11443)),(10195,(((9223,(829,6149)),(14176,((3435,9213),(897,9287)))),((((((14331,((4224,9290),((2378,7712),(13158,15592)))),(9217,(71,4257))),(2461,(14127,(556,11768)))),((((((34,(4413,(3741,10596))),((5230,(1044,(7590,10680))),(13236,(7757,9893)))),(12245,(13796,13879))),(7605,((7432,11110),(10562,14937)))),((((5161,13545),(2530,9455)),(11564,12372)),(2990,9253))),(5872,(692,1013)))),(14491,(9945,(11730,(6936,(9676,11003)))))),(3756,(3164,12808)))))))))),(2552,(5031,5921)))),(4735,13611)),(11532,(13187,(8301,10331))))));
((2358,((7690,(7657,((4661,((14657,(7784,8232)),((10354,13380),(4307,8304)))),((((143,(((((((6539,(3571,11255)),((11955,13807),(7412,(8033,9949)))),((6766,7928),(735,5582))),(11179,(3414,6807))),((13552,(3212,12909)),(7908,(11346,13897)))),(10072,(576,((693,(7294,((8740,8833),(10299,(488,4755))))),(7091,(8711,(15380,(5706,14539)))))))),(4974,(((13929,13958),(11872,15257)),(14243,(((15486,(11187,(9,1303))),(10153,14512)),((((11826,((8073,(1661,8489)),(1483,10959))),(13642,(9096,(6432,7931)))),(3274,(1682,(7951,11077)))),(((3577,7245),(14726,(7960,9693))),((1887,13920),(11858,12561)))))))))),(4472,(7653,(1798,3110)))),((14863,(1064,(604,3465))),(11518,13685))),(220,(2269,3305)))))),(11683,14310))),(11608,(6678,11024)));
(13237,(8617,(((2186,(((1277,3602),((4968,12311),(13691,((((6129,6883),(404,(2534,3011))),((14128,14317),(6922,(4841,11736)))),(9751,((3261,15501),((9917,(7782,((5870,7701),(((670,3936),(7244,(6660,((14829,(15082,(822,(15077,(2447,(7472,10560)))))),(((((8503,(13350,(11529,15011))),(5591,14676)),(((1485,9457),(2501,12818)),(3496,8962))),(2272,2939)),((9010,12786),(13141,(9983,14500)))))))),(((2577,(15286,(646,(2775,2816)))),((6399,(418,7932)),(5552,6091))),(7729,(2827,7840))))))),(7326,9708)))))))),((4851,10714),(13168,(9357,(6016,12646)))))),(10643,13089)),(((1074,(4127,(14591,(6904,14479)))),(12243,15568)),(((971,15322),((2072,(10479,10601)),(3446,4549))),(6069,((8690,9467),((9150,(2014,2650)),(8124,14382)))))))));
(((116,6752),(((((15342,(12859,15120)),(1733,(5721,13011))),(((13284,14283),((2367,10691),(2327,(3179,5202)))),(186,4385))),(15666,(8560,(7994,(8573,15049))))),(((((21,661),((3352,9661),((7639,((4487,7614),(4714,(4168,(6013,(((3239,(4157,10802)),(((2296,((7903,((1335,(4614,(790,1813))),((3134,(908,(6388,(4046,11205)))),(12260,15609)))),((10356,(1632,4763)),((12131,(8248,(8640,(2983,14738)))),(8901,(1373,3008)))))),(7079,(1353,9469))),((4256,6430),(2112,8021)))),(13315,(13067,(11111,(9265,10902)))))))))),(14715,((14639,(4757,(6434,7331))),(10144,(11721,(596,(4044,(9090,15079)))))))))),(10038,(1256,(4920,(2543,14895))))),((9500,11644),(3423,(14348,(8187,(3896,8949)))))),(3678,13084)))),(13561,(4133,(1466,2716))));
(11845,(14080,(((10427,(2602,13746)),(((1930,((1896,(3151,14650)),(3120,11369))),(13964,(11827,(4827,((6545,((2700,8980),(1037,(3982,(((7906,(1910,5036)),(10574,((5858,11818),(4339,(5385,10603))))),((429,7956),(((((4741,6470),(((3281,7139),(378,7883)),(12560,(12427,14638)))),((811,(7783,((5931,9412),(5303,12184)))),(4321,(6794,8412)))),((5691,(2936,(6150,(5943,11661)))),(((11459,(9601,(11996,12281))),((13636,(9252,(5187,12616))),(14888,(9979,(2555,5444))))),((9261,(1555,9742)),(6753,6768))))),(10442,(7537,(5866,(12988,(10548,11617)))))))))))),(1296,(9947,10064))))))),(14220,(8392,(6751,15181))))),(((14195,14357),((10641,(8,6256)),((6901,(4563,6820)),(4819,7998)))),((2806,10135),((3668,(1384,13253)),(3228,4632)))))));
((((((1771,((12506,(((7673,15140),((3114,3424),(5320,9026))),(6059,(1026,9423)))),(5056,(((7013,(14158,(10553,12440))),(7613,(11866,(7523,11434)))),(10369,(6054,((14504,(10082,((((((2407,13456),(502,(9938,(5590,6350)))),((1743,4122),(5141,14328))),(8452,(2004,11566))),((6556,(2667,(7142,((6888,13444),(15259,(8369,9434)))))),((15220,(((6265,(2944,3548)),(2618,14258)),((14134,(224,712)),((5434,10271),(5411,15078))))),(687,7450)))),(13247,(279,2706))))),((2157,11729),(33,4149))))))))),(6516,(193,10407))),(1118,10041)),(((11223,((1103,(2210,7363)),(13673,(6993,13583)))),(((884,(4861,(569,9921))),(8278,9911)),((9551,13172),(424,13584)))),((10065,15621),(7942,(9174,(9547,9714)))))),(12930,14799)),(3662,(3942,8626)));
((((((8223,8312),(((7247,(3681,(976,6067))),(2622,((((8418,15163),(2396,(4690,6675))),(13572,((325,783),((923,(628,10877)),((2234,(2005,5328)),((762,((11923,(6912,(13786,(3450,((309,(10387,(6949,(10246,((((10618,12265),((8513,9799),(4035,5268))),(7493,((6167,(11948,(5308,14519))),(450,14607)))),(((6644,(11628,(3628,(8938,11506)))),(802,11176)),(3075,(2260,15127)))))))),(4950,(12458,15321))))))),(15008,((1605,3053),(12057,(9240,(5180,8372))))))),(9428,((((9167,13605),(898,11940)),(9191,10563)),(14932,(3699,(12344,((13531,(5065,6975)),(6541,(3012,15432)))))))))))))),((2666,(6747,(1175,2629))),(8978,(7618,14432)))))),(13961,(9954,15285)))),(3168,(4634,5342))),(8627,10676)),(4305,(3714,(10811,15369)))),(11717,13632));
(8168,(13735,((8397,(11912,(7124,9689))),((1947,((3667,11545),(2738,11905))),(9590,(((((12093,(8682,(9402,(637,(12651,((11134,11366),(((5667,12067),((863,(5016,(1509,7808))),(1915,(3846,8649)))),(5738,(9761,(2287,(((2259,(3767,7044)),(((((5579,10597),((5831,6990),(1298,8324))),(9289,(582,7396))),(7309,((10757,14823),(5763,9441)))),(((((4280,(4329,13502)),(6118,(962,9731))),(3913,13843)),(98,9685)),((14523,(((2601,(9382,14214)),(5097,12660)),((8161,(6234,10954)),(1407,10066)))),(2476,7626))))),((((13386,14551),(8945,(11946,12192))),((9410,12261),(12238,(5806,(11253,13870))))),(285,(9619,((15366,(5383,(600,4891))),(5506,6378)))))))))))))))),(5578,(7750,10707))),(8831,13504)),(14916,(2828,7585))),(3593,4620)))))));
(2183,(((((((5864,(4804,13512)),(2895,10339)),(7084,(10206,(14177,15388)))),(7526,((13157,(10784,15007)),(3872,14272)))),((710,14056),(417,((5834,12135),(5779,(6594,9797)))))),(((((12303,(12810,15262)),(3531,15443)),((2073,(((3378,(6538,7863)),(12824,(5012,(718,11974)))),(13072,(8629,(970,(6829,(((5854,(11308,(8600,13555))),(7879,(14656,((((15433,(1130,((14088,(4501,(204,1846))),((12348,(13854,(1928,2411))),(11057,(1311,3608)))))),(9864,(9206,((2829,11728),(5785,13863))))),((8376,(11357,14754)),(4275,(3334,13128)))),(12323,(6168,(2572,12039))))))),(14181,(7670,(11572,(5469,(11202,12085)))))))))))),((2256,14563),((1262,14700),(2093,(9943,12837)))))),(2717,(70,(272,5593)))),(9304,14397))),((10111,14269),(1893,(2697,10764)))));
(9591,(11765,((7597,(((11991,(2915,(1525,(1045,8671)))),(4028,5546)),((2877,5826),(7538,((((4963,(((3301,12222),((4171,9117),(1537,(5071,12666)))),(12498,(9766,(6436,11675))))),(8984,(8030,8614))),((11624,((15238,(4277,5175)),(2063,(6490,(4814,13597))))),((8506,(12146,(4505,(2270,4253)))),((7734,10688),(3620,14709))))),((11720,(196,12041)),(((((2019,6577),(4372,(((((1731,4829),(8201,11893)),((6542,((739,14848),((7765,((348,796),(6532,7897))),(13006,(3086,(393,11578)))))),((8311,((1288,6598),(7889,12860))),(1544,11574)))),((10134,(2781,(9137,14172))),((589,7992),((12369,14241),(2834,(11576,12473)))))),(6835,(4120,8249))))),(10780,(13479,13867))),(12906,(2861,4088))),(7155,11116)))))))),((13485,14106),(13393,14942)))));
((((((3816,(2233,3417)),((4336,(11448,(161,6720))),(6550,9492))),((11950,(5154,12293)),(7882,(10660,10829)))),(5222,(14099,(8057,12285)))),(((1830,2002),((13953,(3393,12080)),((2684,(((((4435,13193),(1109,2165)),(15246,(6141,((((1954,11195),((2355,3951),((241,11643),(1314,4264)))),(11979,(6216,(6317,6584)))),(8619,(5000,15652)))))),((4555,(13436,(6212,7792))),((9161,(8204,9654)),(2992,9643)))),((7820,(1284,4315)),(3865,(5595,((3763,15150),(((3594,15291),((12940,(595,3297)),((8434,(4657,4669)),(11799,(3562,8972))))),((4357,(2658,(3757,10513))),(8927,11920))))))))),(((10122,13047),(7558,(1034,2351))),((10284,14471),(8859,((9548,10535),(15469,(7149,((3650,(8240,15439)),(8153,12556))))))))))),(4054,12788))),(2419,8121));
(5817,(((301,((((5318,(7255,(13151,(1334,15292)))),(9354,(14251,(13190,(516,((((3724,13308),(4547,(5551,10919))),((((4248,(7989,14429)),((15075,((7160,((10922,(11928,(12356,(413,6200)))),(2124,(3991,(10290,12049))))),((59,(9393,11841)),(6224,(14343,(10962,13683)))))),(((14755,(781,2880)),((14766,(10696,14209)),(((13174,(4072,5676)),((497,1475),(4376,14908))),(12147,(13497,(55,14308)))))),(11774,(10590,(6467,11852)))))),(14588,(9695,14912))),(4768,5292))),(1950,(10551,((6357,10090),(11410,(7893,11986))))))))))),(9667,(14753,(12503,(((9366,(2510,5613)),(10228,11639)),(((9139,11473),(9087,(1381,(1455,6242)))),(9286,(11395,(7350,(769,5247)))))))))),(9920,(441,6485)))),(((9833,14239),(7668,15458)),(861,13819))),(5388,12982)));
(1179,(384,((6081,11896),((((1371,10109),((2553,((870,(11987,((2058,5482),(((((14216,(13529,(9680,(10138,12407)))),(11296,(2514,5641))),(3745,10355)),((7342,((5670,11581),(2254,(5052,9197)))),((3482,(1666,3485)),(2756,9302)))),((1117,4390),(2338,3705)))))),(((((13525,(2487,14693)),(7867,(14083,(6967,15204)))),(13129,(14659,(1050,(2298,13989))))),(((13102,(4041,10620)),(5350,(14305,(3379,11761)))),(2967,7804))),(590,(1683,(((6238,15625),((14190,(2634,(2274,6686))),(14381,(1460,8835)))),(5281,(14533,14865)))))))),(3348,(181,(((1578,3768),((8586,12121),(1534,14369))),((13556,(3171,(((4287,6661),(4664,13225)),(1581,14026)))),(5948,(11544,12420)))))))),((9678,(373,(4291,6941))),(419,6689))),((6226,11966),(12887,15346))))));
(12723,((105,2589),((((15404,(12760,(2527,7732))),(((3247,((122,6833),((9633,(((3499,(7975,10896)),(5950,6611)),(4356,(5751,(615,9130))))),(5962,((5516,(5663,(6583,(789,14054)))),((((10755,(11787,13621)),(3581,(10225,15516))),(9294,11094)),((2850,(9735,((2890,13554),(13317,(2867,15566))))),((2737,(7220,11888)),(((1872,(7947,(5765,10712))),(3402,14545)),(4652,(3390,13374))))))))))),(((6455,(1909,12454)),(((3140,4718),(1593,3679)),(9701,(10075,(6524,10255))))),(14051,(10397,((10945,11204),((4431,(5326,(10504,(2811,10865)))),(14436,(8885,11873)))))))),(6275,((13508,(8756,(8824,(3223,(7976,8802))))),(10052,(4101,15390)))))),(6457,(10805,12354))),((1740,(825,5964)),((5904,(2659,7053)),((14612,(2467,13878)),(7080,13326)))))));
(914,(((((8999,(8265,10788)),(610,11290)),(8098,12768)),(5680,(5960,(7633,10199)))),((8046,(1703,14031)),(((3850,13037),((6085,(9295,((1368,(13133,((9076,13098),(12003,((5252,7593),(((7213,(9004,9997)),(4424,(3633,6626))),((((4138,(7111,13257)),(5845,(4618,15122))),(((11276,(257,7360)),(170,14487)),(((8178,(5077,12806)),(4230,((7189,(4517,11715)),(8515,8606)))),(((3554,(4320,(975,3150))),(2464,3852)),(5125,(6631,12657)))))),(1730,(2759,14238))))))))),(13293,((1640,(7826,11930)),(2096,((((6574,(7049,12256)),((1591,(1207,(4081,(6408,14014)))),(1126,14809))),(13747,(2590,(3415,14401)))),(((398,5008),((3670,14232),(10,2837))),(6816,14105))))))))),((6114,14623),(8469,(2988,6937))))),(1630,(6188,(2739,8834)))))));
(13528,(((4919,14683),((2144,12307),(((8670,(9475,14579)),(215,13828)),((15178,(2710,10547)),(((933,(1172,5358)),(((((2502,(6035,((3545,3590),(1663,13968)))),(2445,(7313,7491))),(7911,11836)),(14801,((2470,11957),(357,10061)))),((13178,(8358,9774)),((7599,(((2428,11320),(1307,11463)),((4803,9280),((3742,(((13864,(14249,(3030,(5391,(10631,(8111,(3506,9630))))))),((5113,13044),(12160,(5629,(7723,((((4450,4759),(14516,(6306,10024))),((10523,13518),(3524,6486))),((3638,10413),((5381,(13171,((11542,((11087,14907),(13984,(13576,14160)))),(2094,(1917,4117))))),(7744,9129))))))))),(7146,12283))),(3459,11990))))),(3857,10976))))),((639,5088),(8387,(13323,(1644,(552,9073)))))))))),(5114,(9704,(14069,((8432,10287),(6738,7849)))))));
(11210,((((((7150,(11497,(10753,(((7748,14449),(607,14553)),(2187,3236))))),(3919,(((8254,(2674,6197)),((1612,8654),(13277,(((13617,(166,(9767,((((((9981,(((2333,4834),(3307,5937)),(14995,(7128,8728)))),((4118,(6564,(9298,12647))),(1854,(2051,6866)))),(2257,((8561,9637),(2379,8869)))),(14689,(4988,7726))),(((1414,(15123,(3185,4953))),(4186,(5243,(8528,9990)))),(3529,((4062,5979),(10515,(12023,(991,14797))))))),((50,6403),(3832,(11292,13910))))))),(8691,(11380,(997,4454)))),(8635,(3949,13686)))))),(2771,6302)))),(10250,(6677,9385))),(845,(3363,5191))),((((13824,((4940,(3885,(6387,7179))),(843,9516))),(8828,(7577,14182))),(13979,(480,12923))),(4579,(4666,(1725,(3480,13320)))))),(10925,(2167,(2087,7388)))));
(14773,(11100,(((5974,(4659,(810,6195))),(4565,(3882,15068))),((11075,(2977,(12064,(3835,6153)))),((((1778,6615),((11880,(11778,14488)),(2284,((2628,(4092,8449)),(1227,(9587,((((4223,14812),(9414,(4002,(((((((((6757,(7011,12246)),(9044,(814,2290))),(14798,(2615,12789))),(1833,(11752,12295))),(5862,7437)),(((7515,(8079,10408)),(3381,14557)),((12002,(4111,11798)),(((2991,(10882,13281)),(5644,(1069,(6923,13960)))),(((6986,8819),(15004,(12608,14748))),(12479,(13881,15523))))))),(12132,(620,8809))),((11879,((8462,12129),(588,(7871,15256)))),(((3747,9579),(4747,13221)),((4051,(6165,13103)),(3605,4140))))),(15350,(2912,(13426,13700))))))),(5257,15373)),(7579,10609)))))))),(6017,9747)),(((4774,9074),(1603,11247)),(2152,6842)))))));
(((8872,(4077,(6207,9684))),((3894,(10876,(10001,12091))),(((1971,9956),(2003,(12511,15182))),(12187,((9632,13483),(5791,10786)))))),((6166,(4683,6318)),(2176,(((11194,(12998,14954)),(10740,(3351,4473))),((13850,14503),(14889,((673,9360),((6771,8247),((6722,(((10453,(5605,7161)),((14354,(2239,12373)),((5225,(3144,14777)),(11537,(10021,(((((((6659,(15012,(1192,((602,6860),(5588,10933))))),(7465,12456)),(((((11652,14922),(1892,(2653,6569))),(12114,(8158,13548))),(1166,9677)),(4931,(10537,11145)))),(4977,(5337,(3231,8027)))),(5917,((983,6841),(2976,((7477,8534),(1202,4290)))))),(((8435,(5206,(8553,14896))),(4612,11059)),(4295,9765))),(6145,(9088,11877)))))))),((9889,(11295,13165)),(9301,11603)))),(3886,(2092,13233)))))))))));
(6135,(((5363,(8783,11251)),(((((15325,((11119,((15385,(((6328,7096),(4489,(((((((14800,(6802,(390,8257))),(2084,((15642,(2971,3198)),(9841,(10781,13061))))),(((155,(2240,8843)),(9900,13748)),((5148,10030),(6113,(11889,13357))))),((7226,(8474,8591)),((7332,10706),(12188,13088)))),(8224,(2363,8604))),((12710,(10333,12000)),((931,4644),(((7138,14986),((453,3421),(6196,13139))),((15353,(12500,(4623,14407))),(60,(13118,(11088,(4733,12408))))))))),(2000,((9641,15518),(10192,11095)))))),(1895,9913))),(1473,5425))),(13762,(7454,(9700,(14720,(1388,(7217,14489)))))))),(8559,(13029,(5767,10832)))),(7702,(4971,(4792,14299)))),(14989,((9106,(14102,(3079,12043))),(10617,10762)))),((264,(5042,5650)),(10223,(8043,15651))))),(2928,9816)));
(10375,((2525,((8255,((1343,((3906,(9546,((4430,13826),((4058,((11606,(514,9910)),((6607,11507),(495,2049)))),((2142,(1404,(((15336,(7151,7377)),(((904,((10102,(3069,9715)),(2340,11201))),(((9148,15250),((12522,(1969,14878)),((((3651,10981),(14345,(3266,15315))),((9815,(5559,15270)),(2431,7740))),(5907,13909)))),(11941,(10557,(1148,9955))))),((7598,13971),(((10985,(10900,(10240,(8378,(4830,4880))))),(10910,(2946,3267))),(2736,15281))))),(15280,(7548,13877))))),(10932,(7392,8273))))))),(((5295,(11796,(28,11543))),(13287,((3892,11903),((3734,15582),((2346,9503),(10149,15601)))))),(9862,(((367,13448),(9634,13285)),(14776,(5958,(10095,(761,7315))))))))),((1856,3696),(4079,(13055,(3059,7106)))))),(1599,2172))),(9675,10613)));
(7196,((((13638,((4423,6760),(14275,(8340,12328)))),(6540,((14717,15275),(1558,1766)))),((5376,13704),(5701,12249))),((1939,(1239,8447)),(((7356,(11413,(9439,15023))),(13515,(14757,(((11312,((15533,((6459,13039),((737,14180),((((2114,((2109,12255),(6934,(15113,(5653,13402))))),((15356,((6654,(2848,6290)),(7564,12572))),(((1636,((3197,14945),(10142,10432))),(13490,(11837,(7855,(5970,11411))))),((3147,12772),(4437,7502))))),(15450,(1416,3385))),(((12110,14705),(8782,13004)),(5622,13161)))))),(12191,(3121,14538)))),(5981,(4921,9327))),((((10840,(4060,7835)),(11420,14039)),(9405,((2392,9140),((3056,(900,10585)),(14236,(8170,(6028,13185))))))),(15348,(9874,((1812,1832),((6483,(2398,11654)),(14867,(1430,1996))))))))))),(4251,15482)))));
(((13623,((6171,(((3139,10541),((3762,(15578,((9398,((12262,13324),(1960,(((2859,14496),(((((11659,(7327,(13276,((763,((1795,7347),(12848,(8012,15517)))),((6046,(6551,12335)),(9563,10975)))))),((12391,(395,(4507,(6170,10472)))),((12672,(4449,(9123,(10383,13977)))),(13215,(2662,5004))))),((11614,(6307,(271,6672))),(5294,11224))),((3838,6358),((4301,(3945,8628)),(2512,14130)))),(5851,(12398,(211,1001))))),(10200,((38,3966),(15021,(9399,(5260,12148))))))))),(10305,(8543,13678))))),(9188,(7749,(4746,(1753,10487)))))),(((7274,(9335,(13830,(10827,11199)))),(12477,((7118,(7650,15136)),(5159,15664)))),((1651,(6899,(11239,11656))),(8724,12115))))),(3233,(259,1011)))),(13125,((4378,9186),(2011,(2820,3873))))),(8755,(510,11080)));
(((14611,(13957,((3447,5216),(1441,(3244,13551))))),((1659,7568),((13487,(172,(2154,(6877,(2391,8044))))),((((13852,(5423,7428)),(5061,11754)),(((4422,6288),(10332,((10401,(((2713,(1235,8119)),(1586,2097)),(((876,((7324,(5351,14569)),(12733,(9962,15417)))),(323,5348)),(3584,(12424,(2098,14314)))))),(9729,11830)))),(((4276,((((8739,8890),(9639,13255)),((7796,(1120,12031)),(5447,(12181,15260)))),(((9758,(13001,((5401,7055),(10146,13851)))),(((2039,(2833,(14454,(((11070,14599),(2474,(13458,(10460,12693)))),((((6026,(3505,10667)),(4475,9203)),(7352,(3959,6780))),(10320,13980)))))),(12061,(9116,(1643,(5647,(1061,(6840,(1767,12439)))))))),(533,15653))),(3112,13603)))),(5576,9377)),(8393,9567)))),(3695,14780))))),(7054,10475));
(11240,(6086,((5936,13669),(15594,((14587,((13812,(10502,12855)),(((5116,5386),((5569,7873),(8430,9386))),((6018,((7048,((7676,9892),(13892,(10019,15504)))),(2582,14253))),(10159,11595))))),((14179,(5484,(14581,((3574,8110),((8705,(13033,14066)),((10155,(9985,12642)),(8703,((((((827,14027),(7555,11651)),(3863,(1594,11173))),(2516,((939,7376),(2203,11029)))),(((9927,(4932,(824,2251))),((2364,(776,((377,(6418,(4806,15224))),(5893,(11378,14277))))),((4831,((12032,(3644,(7556,12530))),((14198,(14978,(387,15000))),(3043,(54,6128))))),(1196,12888)))),((828,4671),(6489,11737)))),(7545,(3635,13503)))))))))),(((4415,(11011,(2929,5944))),(3600,((6106,14969),(14366,(6932,10983))))),(1424,(1610,(3113,(8931,(3169,12004))))))))))));
(3791,(((9745,(5823,14673)),((430,(7694,(690,3216))),(4904,(3674,13361)))),((12907,(14928,(((2177,5299),(13701,((10022,(804,(12883,((3426,4783),(2838,8291))))),(15235,(((67,5083),(3190,12220)),(14147,(1133,6423))))))),(3387,((9027,(7779,(13137,((6629,(((4850,((13446,(10322,10677)),((10212,11437),((1403,(5888,7525)),((47,12263),(8699,(6019,9329))))))),((10268,((2034,((3717,9411),(((10221,10940),(4512,(3738,7170))),(15332,(13382,(2592,11072)))))),((2323,(1671,8750)),((9749,(7688,(14764,(1696,4708)))),((6125,((2218,(7615,9332)),(1008,(7402,14200)))),(((5120,12569),((13092,(13134,13965)),(3793,(3560,5528)))),(4976,11073))))))),(8805,(9061,15459)))),(1283,4701))),(4150,7468))))),(8142,(1547,8780))))))),(14293,15109))));
(8451,(((15018,(205,2399)),(14266,(((5519,(3567,((1338,11349),((((6595,((1777,14121),(451,12270))),((13707,(((((((6336,9263),(((4366,(4817,(4550,(844,7285)))),((4063,14203),(862,(7137,10929)))),(10645,13690))),(7737,(6648,(((11322,12269),(1616,11887)),(12938,(2606,15243)))))),(1709,((8406,8856),((4209,9014),(12483,(6289,7730)))))),(984,(1993,9607))),((((13058,15420),(847,3160)),((1503,(2979,(3158,(13677,(2149,15146))))),((2785,(1804,3326)),(7611,10777)))),((1886,(4162,(3453,5558))),(381,4946)))),(1847,5935))),(4236,9389))),(2817,10793)),(4588,13041))))),(1291,((2564,3765),(2678,6531)))),(12063,13601)))),((2030,((5989,14882),(1129,2842))),((12050,(513,8159)),((15026,(7936,(3192,14411))),(14001,(6449,11891)))))));
((((9964,14284),(7990,(5939,11023))),((10032,(7517,13616)),(((10946,(194,6579)),(((15165,(8578,(12553,(4502,8188)))),(8581,(14018,((((7476,(6006,(5694,8075))),(10163,(7164,12796))),(2044,(3909,11862))),(125,12626))))),(((((771,((1952,(7218,14430)),(1440,11739))),((13409,14785),(12082,(1975,14947)))),((4331,((2767,12312),(7061,(3205,8775)))),((157,(6676,9454)),(4849,10079)))),(12539,(5557,((7910,(5307,(922,10455))),((558,14552),(((174,(6472,(6952,9421))),(14624,(((8423,(((3855,(2818,15580)),(3514,4767)),((4617,(887,(7291,15572))),(2263,6910)))),(2857,5513)),(7250,((9856,(8425,12287)),(13752,(7602,12219))))))),((14365,(1195,14145)),((9876,12308),(8320,(8296,8339)))))))))),(7059,9909)))),(12576,15359)))),(4274,11657));
(10950,(((2105,(8237,((((12451,((((12750,(1301,(230,7122))),(1937,((1468,(3616,10310)),((1898,(8263,12457)),(((11565,(5984,10308)),(665,(786,8214))),(885,8725)))))),((14707,((7640,(12447,(9914,13146))),(8041,(3061,(747,(4796,11612)))))),(8994,(512,967)))),(10270,(3074,((5980,(((2009,(4017,(7891,15546))),(9939,(8261,(10880,15457)))),(4211,(5712,(9451,((((11465,(2851,15106)),(4500,10388)),(7785,(219,13794))),(1583,7630))))))),(1614,(2617,4225))))))),(10196,14596)),(3002,6425)),(9407,((6845,((2960,5739),(9022,15422))),((2957,(14303,(13860,14675))),((3939,6657),(8913,10605)))))))),(14494,(1864,6911))),(((3739,5163),(4348,(1145,12396))),(((7186,(6061,15050)),(1779,15343)),((12517,(6966,(4407,13333))),(10449,12211))))));
(((4488,15506),(9328,((833,((12856,((8838,(((2799,(3299,(11660,15360))),(4504,(6147,11762))),(4663,((((2633,15310),(((8692,((15195,(14924,(4194,5336))),(318,15481))),(2681,((13928,(11017,(782,7551))),((6568,14627),(3812,8674))))),(13469,((13795,15198),((1857,(9417,13123)),(2685,(4036,9611))))))),((11781,(2793,3683)),((1639,13053),((5829,13378),(14110,(9944,(2755,(128,1792)))))))),(1479,10307))))),(8646,14090))),(((10047,(5399,9867)),(((345,1974),(12967,(294,1425))),(2765,4573))),(1986,(8521,((2185,(8032,15376)),((13911,((((7351,(4438,10281)),(5130,10915)),(3727,10188)),(5912,6240))),((10665,(3365,3744)),(5794,(9068,13057)))))))))),(14789,((4934,14322),(12778,(2704,5433))))))),(8547,((1326,6917),(2943,(10693,12005)))));
((2054,10570),(((12236,((9769,(9151,(2728,9462))),((14654,((3861,11484),((15124,(3264,((((13799,((322,7127),(9941,13200))),(2022,((15503,(((1140,1672),((1386,10340),(6617,10093))),((12945,(500,973)),(15341,(4227,(2451,5032)))))),((((107,(6281,7512)),(1882,10140)),((835,15396),(3478,(9028,12879)))),(((12435,(324,(2581,11750))),((1732,11419),((2135,2506),(9337,(175,9789))))),(2649,13388)))))),((4324,(4912,(5486,5527))),((1794,(4903,13465)),(7275,9368)))),(8283,14157)))),(1399,7072)))),(((6730,8006),(9808,(5774,6182))),(((1033,14531),((5702,9256),((858,2223),(5040,(1680,6191))))),(4790,11206)))))),(9896,(5152,12478))),((10864,(2067,3952)),(((1068,14836),(9204,(11775,(455,9176)))),(11618,(2409,(4265,14006)))))));
(14007,(7035,(((((6471,((8335,(2202,(8651,10498))),(((5803,5901),(1193,(6597,11467))),(11338,11835)))),(12230,(((7252,14679),(12406,(12018,(7460,((6622,((14386,14887),((6296,13201),(8298,14184)))),(14263,(9015,((3626,14431),(((((9367,13073),((10797,(7349,8103)),((8364,9510),((7699,7901),((8632,8847),(9264,10393)))))),(((10581,(10251,13945)),((9384,(13449,13625)),((11633,11658),(10814,10844)))),(2614,5262))),(7156,10360)),(15507,(8982,13959))))))))))),(3210,(3961,(15272,(13472,(7950,(634,2121))))))))),(149,(12743,(6040,7043)))),((2719,6900),(4760,10692))),((((8368,14141),(2443,(5028,(1081,(1185,8106))))),(((5749,(625,11583)),(8269,(767,15434))),((10955,12579),(12886,(9669,14048))))),((2361,(11709,(4479,14313))),(8115,13252))))));
((1955,13872),(((11771,14852),(5075,5250)),((6702,11317),(((((13675,(10362,(((7211,(6754,8880)),(7845,(1784,(7321,14716)))),(10124,(((5761,10818),(6614,(1626,3013))),((1222,8759),(13509,14532))))))),((11713,(4784,7617)),(3278,(9144,10901)))),((((7543,(((8180,(1155,4762)),(13318,14260)),(7063,10120))),(((10870,13861),(2082,(4882,13904))),(2426,(6854,7078)))),((7974,(7917,(14775,15379))),(14323,(((5883,12678),((3944,(9626,(12070,(6160,10470)))),(13740,14962))),(5011,(10611,11477)))))),((3170,(3211,10394)),(5720,((6885,9021),((((((218,8652),(14476,(638,8712))),((8377,12804),(7254,(8812,9589)))),(9655,(9131,14787))),(13598,(2071,(2770,4330)))),((3778,10568),((7970,(1618,5601)),(10272,11562))))))))),(8191,11584)),(7129,14372)))));
(5752,(9878,(6784,((((6154,7938),(14930,(7494,13275))),(354,11725)),(13049,((9881,11001),(((2453,((4113,13998),(236,(1150,6662)))),(4129,(3523,(((((12481,15096),((7225,((4658,10967),(875,9394))),(5111,(3273,11645)))),(8666,(3900,12773))),((1749,(521,2844)),(3097,(5156,14388)))),((5832,(118,(4969,(6649,9234)))),(11528,(7158,15313))))))),(11980,((((6329,9478),((484,(2106,10028)),(4299,(6874,(6284,8359))))),(((6641,(6058,15413)),(304,10141)),(2195,9339))),((1048,3031),(8804,(3115,(((((((5094,(3018,(6511,6805))),((3320,5151),(14060,(9066,10599)))),(1615,(3187,13599))),(((14965,(2862,11472)),(7248,15535)),(12716,((1244,2995),((1305,14355),(9906,10899)))))),(7844,(9341,14660))),(7904,8784)),(12155,15437))))))))))))));
((((9189,((12840,((1125,11190),(760,5395))),((((9479,11780),((4622,5788),(6875,13176))),(2078,(((((15231,(4047,12046)),((12233,(5514,13624)),((12920,((6767,(12828,((1106,9679),((((5638,(3484,10610)),((((6494,(4816,10564)),((11767,(7132,(13289,(7868,11801)))),(10647,(11590,15229)))),((2974,(6505,9396)),(4752,8008))),(13348,(12587,14247)))),(15143,(1059,1575))),(14936,(13259,15403)))))),(1657,4807))),((2245,(671,8922)),(3200,(5438,(2463,((223,3713),(1654,15686))))))))),(3968,(11166,(7816,8550)))),((2879,7268),((5920,(9427,(6,734))),(11965,((5142,7284),(3287,(13718,13847))))))),(5017,5750)))),(4518,((9575,(15678,(4980,15558))),(7420,(14724,(8733,(1220,4794))))))))),(6680,9656)),((13650,14289),(1906,15180))),(11756,11989));
(5592,(((12176,((5314,((10565,(14098,(35,2743))),((2200,9233),(13622,14634)))),(((7977,11779),(4693,(681,8059))),(4815,(14416,(((((((((9324,15024),((910,10263),(1687,8523))),(672,3430)),(11898,(4732,(14186,15066)))),(((5932,(8851,(4353,14521))),(583,4898)),(5922,(6514,12759)))),(5301,12087)),(5814,9330)),(6562,8964)),(6896,(9242,(2322,((2621,((1123,4655),((6484,7684),(9133,(((((4896,((2412,9782),(4272,11085))),((((12403,14664),(1815,14356)),(7490,(14267,(412,14572)))),((2908,9664),(657,10088)))),((6060,7105),(7037,12931))),(((3630,4986),(8127,8200)),(1532,(2393,(9845,(541,(15465,(15228,(591,(2798,8579)))))))))),(3237,(9933,13563))))))),(3573,5867))))))))))),(2229,(14857,(6999,12585)))),(12658,(731,11772))));
(12277,((6332,(((3306,(((((9397,(13299,15222)),(((10003,13063),(7261,(11175,13520))),(7162,14885))),(13517,(1649,11907))),((4286,(2715,4926)),((4589,8029),(13687,(4793,13837))))),(6261,(5430,((11785,(14957,((3476,14164),(4678,14507)))),((11038,(((10765,(3078,(4832,5639))),(8145,(7674,9863))),(7619,8832))),(((((7353,(352,4434)),(5002,14452)),((1178,1964),((((4603,8470),(1363,2569)),(9986,13338)),((1046,(2841,10792)),(2077,((10830,14622),(729,9079))))))),(7923,((3003,11789),((12317,(12016,12748)),(3132,10747))))),(2497,7861)))))))),(((7647,14178),(6259,(((((11988,(8706,15131)),(5124,(5211,7134))),((743,4172),((14403,14810),(6267,12142)))),((8052,9830),(6593,14918))),(8650,12853)))),(2593,5271))),(2232,10834))),(11259,15110)));
(8229,(3277,(((((4099,12123),((1997,11970),(3923,14784))),(907,8473)),(1017,9071)),((433,((3271,4412),((((((998,13594),(9437,(8112,14304))),((13031,(12352,13256)),(2794,(5450,(10468,(5068,11976)))))),((12280,(((12600,12987),(10279,13937)),((3224,(857,10595)),(2815,8464)))),(11593,13741))),(3701,((6136,(9135,(13213,(((812,14952),(((1984,(1432,(13671,15605))),(62,(14029,(1641,(3380,((6731,12227),(7066,(7761,(11917,14979))))))))),(6894,(4545,(1763,(3546,6765)))))),((2328,(6429,8357)),((5965,(2196,3486)),((5099,(4641,(76,1306))),(6715,(4951,9991))))))))),(2309,((5026,13674),(4389,10257)))))),(10370,((((5501,(8520,(15070,(5346,8969)))),(5879,(6110,7787))),(1177,8053)),((10824,12470),(422,11332))))))),(3815,12740)))));
(4418,(14231,((11711,((1669,(10036,(465,(117,14571)))),((4609,10633),(14719,(((10974,(12966,(((11086,(4984,12741)),(14461,(1323,4416))),(((1040,(3507,12711)),(5611,(5424,(12078,(6477,8848))))),((3389,6401),((11182,14772),(((((4802,9778),(5734,(3135,9848))),(1495,11997)),((4108,12656),(7582,(11425,13873)))),(14702,(8911,(1445,(10584,14973))))))))))),(11700,14032)),((4753,(4731,8823)),((((5485,14842),((8028,12097),((((1273,13679),(6104,14393)),((((6241,(13922,14117)),(9759,12668)),((3225,6426),(6808,14118))),(8618,((7464,7621),(2091,(7378,12116)))))),(((13743,(5825,9542)),((1221,(6473,12395)),(4928,(15498,(486,7141))))),(6515,12152))))),(1439,3040)),((10441,(3106,8401)),((7302,12195),(13218,(6890,7289))))))))))),(3903,7884))));
(10106,(((8095,10736),((5335,(4924,6447)),((12729,(9226,(8169,9196))),(13692,(436,14906))))),(((2504,(12400,13130)),((6393,(((11686,13507),(2825,(4325,13793))),(((14270,15550),(11044,((1631,12430),(11563,(4239,6186))))),(6628,(3983,12648))))),(2430,((1214,((((4244,13781),((2687,12377),(4872,10492))),(854,(3155,((12361,(431,(6342,(10897,(803,13884))))),((((10391,(13522,13727)),(1428,12845)),((((7760,9857),(5729,14287)),(5466,6213)),(1186,9449))),((6705,8072),(12927,(6109,12340)))))))),(83,8297))),(((5756,6498),(5330,(((11670,14628),((1580,(3565,(9460,(2864,8903)))),(8734,(6838,8963)))),(1198,9269)))),(((11871,(10096,(4640,10785))),(5475,(14653,(2242,12857)))),(242,(5900,(12111,(3821,6385)))))))))),(859,(11174,11298)))));
((((792,(3429,7902)),(4471,(2804,(6699,(2748,3017))))),(14072,(6020,8584))),((13560,(5570,14856)),((1131,(9075,13463)),(((10293,(12119,((13777,((8613,10080),((342,7271),(4999,15425)))),(12376,((4025,(7121,13403)),(((((1122,2175),(2161,15087)),(234,(14874,(1769,(469,1294))))),((2567,(6670,(8717,(9902,10850)))),((1393,(4564,9424)),((7243,11489),((10217,((10178,10965),(2068,14321))),((1797,3406),(1491,12862))))))),(((2060,(1936,(14188,15040))),(11144,13023)),(4370,10816)))))))),((((11122,13719),((14143,(270,9615)),(((6311,8991),(3065,13511)),(7020,13730)))),(12893,13808)),(((3111,10050),(3323,14564)),((9622,(10760,(4476,9349))),(8102,(1883,10382)))))),((8045,8487),((11136,(8003,13261)),((11483,(5692,6548)),(10628,14136))))))));
(((((10157,(742,6972)),(10018,(5167,(2307,13983)))),(((14185,(10015,12654)),(8662,(5747,7926))),(((3250,13931),(1395,4414)),(14652,(6414,11856))))),((2660,10236),(566,(15052,((4662,8588),(3411,11530)))))),((777,(948,(1146,11471))),(((14155,15595),(7608,11354)),(14953,(3162,(((2945,(10205,(3586,((((2414,(4268,11731)),((2090,((9177,11695),(2042,9236))),((((6718,9331),(6811,8333)),(4074,(5668,(6119,15561)))),((((11178,(1839,8071)),(11040,15046)),((13649,(3559,9976)),(1278,13360))),(13600,(((3629,(9077,12844)),(9419,(1209,3346))),(13071,(10481,10960)))))))),((6222,7659),(((9543,(2211,3183)),((9636,(9358,12215)),((6022,9916),(1098,2173)))),(3051,6263)))),(2021,3726))))),(13019,(5209,5731))),((12493,13477),(9688,12586))))))));
(((2886,(5182,7422)),((6639,10774),((((8837,(1873,6291)),((4045,6983),(12941,14457))),(6309,11452)),((7696,((778,(2116,((((10351,(3595,5704)),((7728,(3549,14910)),(9847,((2873,14902),(11666,11874))))),(10973,11673)),((6928,(11875,(7015,14883))),(((((6756,(2299,(542,12792))),(((7645,(9114,10935)),((9706,(12552,15532)),(5190,(8391,15334)))),(6504,11596))),(9322,((697,(7221,(4821,(5615,15387)))),(5698,6313)))),((9958,12363),(10674,12815))),(5153,(2891,15421))))))),(13405,(8898,12596)))),((((((3703,6037),((3967,(5892,14378)),(6460,9646))),(1344,4758)),(11275,(5746,8222))),(14872,(3136,(97,4854)))),(6536,((1437,(2595,3564)),(1788,(7166,(1203,3472)))))))))),(6980,(((640,(12178,(2664,8545))),(518,15092)),(9691,14619))));
(((14840,(8564,(1049,(8830,(3464,8555))))),(13127,(3809,(11536,(4010,5288))))),((10055,(2557,11315)),((7988,(((9650,12075),(7822,((11160,15117),(7298,(4371,((10039,(15358,(4242,8476))),(11381,(5398,6278)))))))),((3914,(14625,(2855,((3639,(10417,(((8795,((6341,(2520,11177)),(3204,12580))),(4541,(9994,14086))),((8156,(((6039,10405),(3843,(1443,4654))),(1434,(15330,(5542,7154))))),(9686,10011))))),(6873,(1548,(2670,11209))))))),((((5123,(15141,(14298,14549))),(5973,(3489,(2179,6632)))),(13732,((9877,((3016,9166),(2388,(1167,12928)))),(8182,15357)))),(((320,1359),((((4772,(8405,11745)),(3509,(7379,(90,4465)))),((10116,13976),((14618,14682),((1216,13609),(2037,5819))))),(2120,9312))),(564,(14518,15588))))))),(4404,11753))));
(6011,(9370,(2228,((178,((((425,(4326,6859)),(1531,((14114,(3420,(947,2505))),(((3787,4456),(2734,(5140,14698))),(10089,10580))))),(11359,14984)),((13670,(12582,13896)),(12767,((10123,15100),((5228,7714),(((13620,(1158,(3035,((1516,12385),(((3045,(11400,(8919,(7453,(12662,(5109,13844)))))),((10887,(4636,(7978,12475))),(2394,(3213,(5855,(1695,(3749,(88,(2559,14423))))))))),((6673,(103,(5643,7759))),(((((9239,(1433,14934)),(2800,(25,15477))),((9348,10961),((6625,14474),(8956,14860)))),((3054,6421),(((3754,4181),((4604,11503),(9860,13695))),(7773,13002)))),(((3096,(3803,5162)),(6184,(3103,(2680,8592)))),(7788,14459))))))))),(7002,10458)),(3643,((6316,(2603,5781)),(581,2408)))))))))),(7077,(277,(10875,14224)))))));
(1134,(((((((12969,(454,3918)),(1136,(13645,(4943,(8109,13657))))),(1959,6443)),(13111,(((235,(1926,14194)),(6920,(((((5627,(10058,(4137,12171))),((((2139,2283),(6727,13197)),(((12956,(6989,8455)),(8641,13924)),(((6971,14089),(12485,(8967,11219))),(3388,9141)))),(7510,(3407,(8450,(124,2612)))))),(1280,(3948,6012))),(((11698,(11439,12397)),((8099,14580),(13413,(4220,7793)))),(2941,((4538,11074),(1446,12296))))),(1020,5878)))),(8818,(2896,((13,6497),((((8129,(9446,11049)),(((7181,(212,574)),(3553,12166)),(3152,4396))),(8551,((15456,(191,201)),(114,(8747,(4995,8409)))))),((1716,(1104,12752)),(((442,(13459,13787)),(9578,(82,10804))),(2122,3284)))))))))),(992,(3915,(1356,2308)))),(9012,15541)),(4266,4754)));
(6272,(((505,13425),((11727,(2782,6719)),(((((1160,14662),(8067,((((((15312,(8709,11188)),((5226,10169),((6651,13420),(3218,(4259,6711))))),(5046,(3680,13540))),(4323,(14464,(308,(3848,6264))))),(((14582,(4288,11722)),(12871,13936)),(3439,((2360,9824),(2350,(9712,14806)))))),(2457,(1077,11423))))),(9241,13918)),(2978,(10099,(1981,((((524,(1420,(5790,7140))),((1693,6667),(108,8081))),((9519,12525),(8966,(((2302,(689,7830)),(7286,8634)),((11738,(14737,(3473,5908))),(8132,((3280,(84,(5656,6878))),((6052,(3433,5940)),(14162,(((10026,14530),(15147,(5881,14320))),(4095,10931))))))))))),(360,(7913,11925))))))),(9260,9432)))),(((473,((2969,12577),(11735,11741))),(248,10531)),(((3881,5101),(1684,3479)),(7958,14733)))));
(6704,((13467,13907),(7968,((14122,(2840,(5675,7088))),((2375,(7362,15418)),((13711,((8426,(9083,(7223,(((13941,15192),(((9717,15244),(9190,12471)),(15232,(3981,4300)))),(15065,(((8225,((266,(8951,15003)),((6297,(8413,(3998,13702))),((6244,8987),(4190,4742))))),((((7277,((3463,(2587,8481)),((11697,(14068,15441)),(3060,10265)))),(11355,(2075,(11358,(13974,(5439,5463)))))),(3822,(4102,(6656,12959)))),(701,(10675,(1570,11396))))),(6273,(2839,(8284,9118))))))))),((10948,(748,6435)),(8526,(10247,((2237,(5882,7722)),((1015,(1953,13260)),(819,10220)))))))),(13335,((3138,13028),((9212,(((7920,12248),((13074,(12588,(9466,14939))),(7346,(5172,(3107,6108))))),(3072,9013))),(((1524,(12948,14175)),(8207,11688)),(2040,3175)))))))))));
(14544,((5679,11153),((3146,((3209,((5687,((3089,6587),((9571,14265),(12035,(4165,((7811,((6287,9560),(1837,12782))),(((340,7907),((6208,((1486,5311),(15085,(15039,(11636,(3839,13521)))))),(13995,((6072,(3125,7915)),(9898,(5677,(13903,(8303,11313)))))))),(((10045,13482),(15542,(7251,9008))),(10216,12509))))))))),((575,((7435,12842),(14153,(3229,5408)))),((11397,13816),(3263,((1003,(4823,10831)),((6710,(11594,(11149,(2352,7805)))),(((821,(5905,9930)),(7463,13432)),((5713,12015),(15435,(2786,(9929,(2493,3259))))))))))))),(((((11374,(3777,14256)),(13217,(932,(12492,((1102,8976),(1727,10650)))))),((901,(4586,11200)),(3935,(13562,(12811,(4606,10219)))))),(7246,(6250,14043))),(5626,(12401,(2962,(7337,8383))))))),(4608,4981))));
(156,(((9072,((6137,6546),(2424,(6646,(447,14447))))),((14405,((4966,14861),(5427,8648))),(8571,12096))),((((9786,((12846,(3431,12431)),(((9267,(6087,(7260,13367))),((4401,7067),(5234,13818))),((7407,13841),((11540,(483,14059)),(874,(((13726,(9842,15415)),((2342,(7554,15084)),(13381,((5471,(6349,7457)),(4279,(3370,3515)))))),(7486,10938)))))))),((9201,(3217,4205)),((2872,(15670,(5972,((15225,(14196,15475)),((4650,((13785,(5204,11819)),(((7300,11129),(4187,15692)),(((6319,11694),((13052,(15574,(5354,7475))),(14074,(9690,14221)))),(((13144,(8583,(12951,13771))),(2721,5357)),(9592,((749,14064),(5304,(1243,3927))))))))),(11794,(((6572,6988),(3335,7747)),(2620,11662)))))))),(7898,13163)))),(11817,15329)),(6809,(3413,5205)))));
(14370,(((5402,(2616,((1655,((1638,7513),(5884,((6131,10604),(2802,(3901,(((((9631,(6050,14433)),(53,12541)),(((4250,((8336,9499),(5405,((3819,((93,9098),(2052,(2321,9932)))),(7371,(1401,4319)))))),((15307,(2219,12163)),(1646,6371))),((12186,(9801,(6482,8113))),((3090,10727),(4176,(12912,(13969,14087))))))),((5651,(7306,11846)),(((227,2676),(6748,(10874,(2922,5810)))),(4292,15112)))),((2397,13806),((7374,11030),(1268,1608)))))))))),((14460,(10168,(5621,10912))),(((12327,(9553,14446)),(3232,(5168,(9306,12933)))),(7209,((((641,((11232,(4710,13944)),(((14009,(11508,13943)),(3202,10586)),(14020,(10275,14955))))),(11454,13355)),(848,7869)),(834,3022)))))))),(9016,9422)),(7955,((2508,11849),((282,8048),(3037,13082))))));
(7881,((((1545,6356),(2679,13085)),(1233,(4677,(8697,11097)))),((12831,(((535,(((6082,6260),(13440,(10118,((1211,(14346,(10536,(6156,6879)))),((1254,(321,14242)),(((5983,(14205,14497)),(3746,9420)),(((8064,(10687,(1238,11137))),((15674,(7198,(10723,14793))),(11704,15412))),((543,5074),(3208,10600))))))))),((13681,(3252,((832,(11516,13094)),((11860,(2130,5833)),(5824,(11972,(7629,10020))))))),((4527,(11163,11800)),((4421,9209),((9528,14686),(5839,6681))))))),(14485,((((2427,(8507,10758)),((12632,(3710,5164)),(6846,(531,3810)))),(9600,((((2813,((14669,(2671,10941)),(10344,(2762,9959)))),(10718,(8136,(1351,8939)))),(4048,(1438,10926))),(1772,12320)))),((3328,7595),(1271,12347))))),(7643,11706))),((8826,10861),(2206,10447)))));
(((3129,((14201,(1164,15028)),(11430,14566))),(8620,((912,5461),(144,5397)))),((((5465,(7921,((((5015,6121),(13145,(7700,12908))),(2131,(3488,15338))),((10454,(2384,(3851,(11522,12172)))),((15386,(339,8256)),(9495,14511)))))),(2752,((((9222,(4399,8038)),(8820,(6346,8326))),(8466,12834)),((8245,((6893,15209),(3392,((((1913,7308),(3359,11341)),(13273,(11679,14108))),((((2656,(1831,(15289,(3711,13399)))),(((8344,(2404,5389)),(4152,6801)),(8904,14964))),(((1961,5033),(((7953,11552),(14255,(8810,(5682,8636)))),(10546,((11009,(3391,5906)),(8353,15539))))),(((10361,(11249,11498)),(8025,10567)),(8047,13575)))),(8282,(2319,((9484,10040),(5967,(2376,4091)))))))))),(7724,(3290,14144)))))),(8294,(8403,(11589,14868)))),(5508,5596)));
((13242,(5744,((2147,8414),(9721,12922)))),((9047,((((8338,10787),(4625,7876)),((((3294,13416),(2227,(4013,(2184,((8689,13243),(8152,(9760,9971))))))),(8961,15676)),(7288,(4721,(9645,10812))))),(9230,((5048,(8656,(1670,(14368,(14361,(4075,(5233,((((775,((310,754),(((977,(4936,14699)),(1190,(5073,(1189,5039)))),(8497,(7203,8598))))),((((2369,9498),((5470,7480),(7987,12134))),((1932,13419),(13159,(3167,8050)))),(12203,(700,11687)))),(12976,(2334,(12946,(46,142))))),(5822,(5608,(2809,13822))))))))))),((((9502,(449,6779)),(12084,(6954,7798))),((5683,9486),(2344,15273))),(((11244,14841),(4271,9899)),(2496,((15619,(((4922,7789),(1105,1619)),((1543,4039),(5373,7489)))),(1275,11148))))))))),(8461,(1979,2280))));
(9205,((((13362,(740,((7709,(5869,(12068,(11478,(8986,((7320,12974),(4445,4552))))))),((3925,11306),(365,(15191,((3026,5059),(14135,(3773,(((((6567,11107),(2744,(14992,(6193,7060)))),((9262,(263,(7692,(7030,10937)))),(((10390,10969),(6353,12965)),((5110,9281),((11548,13967),(9343,14583)))))),((805,((10745,11102),(11569,(3466,8568)))),(2253,(2961,6502)))),(((5290,(4764,(7447,13208))),((3700,(12301,(839,9497))),((11664,14421),(3535,4269)))),(((3316,8116),(((2917,9960),(2561,(8415,8849))),((12324,13571),((11616,(6164,9220)),(3034,9544))))),(2,14193))))))))))))),(((10510,13900),(801,6610)),((232,4012),((2610,13982),(5176,8125))))),(3230,11092)),(9359,(((8726,9649),(14315,(756,8198))),(15427,(6379,(8549,8800)))))));
(3057,((11985,(6101,(9102,14333))),(((10139,(2831,(3451,14373))),((3143,((3222,(9333,((((13291,(2113,(11938,14903))),(2134,7214)),((((13329,(13804,(7836,(2061,7984)))),((((8185,(10060,(5239,13017))),(13753,(5758,13549))),(((10711,14651),(2433,3614)),(1801,9017))),((5725,10637),(10607,(10569,(9113,15401)))))),((8218,(13453,(3580,12315))),(4957,(8093,(4859,4948))))),(6663,(((902,9347),(11960,(2018,(9720,(2468,7539))))),(10508,15032))))),((9326,(((2902,15586),(915,13550)),(10993,15130))),((13940,(386,5849)),(((5112,(3311,5898)),(7431,(11663,(5708,7591)))),(2117,3047))))))),((4008,6509),(42,((928,((1647,13010),(216,(11598,12979)))),(9231,(3640,8737))))))),(14747,(12268,(7007,13280))))),(11559,((9517,14658),(11883,11931))))));
((3383,4691),((13898,((((((853,10295),(9895,(10323,12445))),(3723,(3676,12995))),((8000,(((2389,13789),(9779,12809)),((11557,(1304,11428)),(3613,12617)))),((1579,(7880,15563)),((((11373,(14252,(2627,4361))),(1004,(659,(3116,(2598,13408))))),(4107,15540)),(2486,8316))))),(1704,((1342,10152),(8475,(10841,((11106,(((((1541,(12177,(7101,14589))),(4724,15622)),(((1572,14597),(12972,(13473,15612))),(127,2725))),(((13140,(((12279,14055),(534,(5669,(262,13763)))),(7216,(10635,(8289,8912))))),(2353,8798)),((5655,11076),((((6093,(78,7698)),(6908,15618)),(2760,14575)),((609,10373),(4480,12462)))))),(5274,8490))),(9744,12079))))))),(((9291,9375),(6097,11561)),((13848,(1634,13005)),(1921,5503))))),((774,1450),(15654,(4719,15556)))));
((((11777,13580),((9866,12484),(4553,14911))),((6174,11278),(13430,(((12738,12885),(13321,(1464,2425))),(((7205,((6746,(3624,(706,15429))),(11330,15098))),(((6255,14095),((3953,(6116,(((4052,4470),(14871,(787,4004))),(6103,(6762,12432))))),(8698,11500))),((13963,(951,3519)),(4935,13714)))),((6355,((8774,(((11806,((1097,12089),((14240,(6946,(9155,15045))),(2475,6589)))),(((5722,8151),(11012,14681)),(((5489,(276,1514)),(8679,11547)),(((3395,7456),(3878,((13996,((1824,4158),(5799,9755))),((965,10070),(3786,7010))))),(14971,((5087,12118),(12521,(95,8184)))))))),(2529,(2733,(3076,(1765,(9442,11519))))))),((((5583,14815),(5988,(2694,(2297,10733)))),(10033,(2963,9807))),(4458,(1506,5360))))),(969,12775))))))),(2246,2644));
(7398,(4020,((3537,13377),(((((((((((4030,10911),(4433,((13258,(4134,13774)),(549,5367)))),((1173,1949),(3354,(2471,15197)))),(1231,(10304,11376))),((645,13371),(2814,9540))),(5705,8910)),(1800,(1242,15157))),(7004,(6824,8231))),(((8937,12677),(5492,(4569,(407,5171)))),(7430,(12370,(((3911,13096),((8448,((61,11291),(4380,14290))),(4309,(9040,14710)))),(2920,(13414,((6044,(2892,(8026,(14620,(15116,15452))))),((2326,((8792,((4964,(5375,13869)),(8202,15632))),(7561,((4184,11055),(12830,(4497,7177)))))),(((3038,8345),(8206,(8035,14671))),((((14550,(2222,8877)),(10661,(3300,5091))),(11499,((350,7854),(2275,10803)))),((14541,(5276,13056)),(((1852,12571),(4237,10944)),(8323,8718)))))))))))))),(2198,9006)),(1315,7847)))));
(2989,((13835,(10730,(((((1060,(7103,(10572,12138))),(13802,(((8147,13723),(((517,13866),(5251,13661)),(1347,6402))),(3737,(4443,15598))))),((6782,(650,(1255,(4576,11621)))),((9038,12727),((7394,9980),(6112,10273))))),(3572,((5196,((((((11613,(9995,((5575,(10068,(5532,(5352,12418)))),((13722,(3808,11404)),(4263,(8433,(4749,14428))))))),(1819,(7202,15296))),((3706,(4867,((52,(3789,15462)),(16,(2661,6301))))),(1609,(2822,4900)))),(273,(14350,(7031,11441)))),(4616,(6837,14417))),(478,6391))),((((1717,2343),(3304,5614)),((10867,11071),(4575,15102))),((6269,(427,13304)),(695,2796)))))),((11185,(4080,(4312,13581))),(8524,13167))))),((9512,(12469,(12136,15081))),((15428,(6424,9683)),((4453,(392,2808)),(4596,10506))))));
((5512,6312),(((15389,(6640,7786)),(10377,(1890,(((5741,((3189,10970),(15579,(3377,4556)))),(10467,((3641,(6036,(3973,14987))),(((4064,(((1825,3544),(14125,(5344,14921))),(((14509,(13602,(((10697,(7687,((7133,(((8748,(5062,10654)),(((7400,13858),(4278,11096)),(1398,7057))),((((((5103,((3436,14893),(7817,(846,10918)))),(1518,15560)),(15266,15468)),(4333,14312)),(3462,8928)),(4839,10878)))),(11348,(2546,10598))))),(1533,7795)),((10328,14831),((13908,14111),(10888,(7870,(2438,5887)))))))),((11575,(10319,13566)),((3597,11859),(6843,(14904,15665))))),((8166,(8582,12826)),(11963,13077))))),(614,4440)),((485,13300),((4885,7188),(3504,11712))))))),(10623,(9965,(1970,4781))))))),(1746,((633,(11470,(7169,(10334,11226)))),(7848,12961)))));
(11823,((13095,(4594,6478)),((((12896,(7415,(668,2888))),(7695,((9773,11098),((1265,((2252,2638),(7528,(526,((1321,(3561,((8642,(1836,11690)),((((4879,(3837,14919)),(5143,7946)),(1012,(1080,5991))),(((((12765,((12549,((9894,12704),(13803,(2231,6258)))),(1944,14131))),((4572,((5925,13471),(4037,5770))),((2972,(2472,8772)),((5487,13270),(4260,(2832,(5674,7062))))))),(9728,(8482,13278))),(1850,((893,(2830,6496)),((((491,9259),(2046,2115)),(6127,9891)),(3694,(8974,9356)))))),(13536,(9300,(9024,9727)))))))),((2318,(11022,13573)),(((4726,14002),(15200,(905,(7462,10891)))),((1721,(11776,(12310,(3969,4775)))),(8407,15351))))))))),(5280,7204))))),(15656,(10379,(2370,13814)))),((4637,(2418,13196)),(842,(3889,13921))))));
((((((6998,9588),((4032,11242),(3020,5457))),(14463,15635)),(11936,(4730,14063))),((6810,13856),(1885,(9610,12336)))),(((6997,10300),(1907,(2803,10208))),((9097,13344),((15552,(9518,12066)),((7100,8238),((3520,(3897,(11724,(414,((12895,((5119,12419),(8399,(15301,((((200,8947),(10953,12999)),(949,(13889,15395))),((9316,((8253,((13042,(11822,12513)),(3736,(6590,11567)))),((((7837,(63,(3268,10704))),(11061,(2571,7116))),(5472,(1742,13546))),(((4551,14614),(13428,13715)),(2688,4756))))),(((12801,(11016,(6745,(6501,13036)))),(4069,13834)),(10725,((((7937,(7123,(3498,(508,12232)))),(1780,14005)),(3533,6340)),(14486,(9488,14292))))))))))),(10809,(506,(1653,(7195,(2646,11123)))))))))),(14727,(7451,(14344,(4204,(1675,6507)))))))))));
(((14058,15581),(10422,((((((396,(10264,(154,11146))),(353,15511)),(1236,10881)),((7325,12989),(11311,(((((4160,7224),(1028,3540)),(5194,(3260,6395))),((13030,(10074,11558)),((7235,9168),(630,(12433,(5095,14988)))))),(12048,12292))))),((11531,12150),((813,(2181,((1447,14219),((8270,(15416,15659)),((12497,((5963,12981),((6066,(1228,(2012,10462))),((13186,14529),(11505,14972))))),((6096,9861),(((11409,(7368,8054)),(8197,(6469,(10779,11747)))),(1900,9514)))))))),((1365,9798),(12339,12781))))),(((14077,((1091,11266),(3425,13604))),(13122,((6090,15115),((160,2101),((10968,11933),(12014,(7572,(((1084,5437),(5127,12751)),(10928,(13966,(7418,10526))))))))))),(344,3841))))),((13153,(4890,7443)),((3235,10190),((6742,12241),(8089,11142)))));
(3831,((((15370,(4363,10497)),(10071,(1550,(2163,5421)))),((((4406,(12604,(9844,(((14560,(((12637,(14603,(400,13251))),((9352,((4447,(838,2682)),(202,6162))),(1884,(13216,(10353,(3166,4838)))))),((12033,(10029,12235)),((113,(2436,4217)),(280,9279))))),(2515,(5538,14237))),(11339,(6839,(4542,14013))))))),((((1169,(7562,14595)),(7962,10126)),(12197,(8673,(3353,4734)))),(((2968,(3064,5545)),((9803,14116),(4521,8084))),(7507,12686)))),(((8479,14794),((13821,(260,5418)),(8437,(((2673,(2420,10119)),(((5090,8850),(12822,12943)),(9996,(10519,((684,13286),(2865,6868)))))),(((255,3303),(10642,14804)),(5771,(2566,12698))))))),((11758,(14154,(11479,(4446,13050)))),(5783,9660)))),(8199,8710))),(4777,(13254,(3469,(14281,15219))))));
(7414,(((6535,(13569,14584)),((((2125,7717),(7439,15324)),(((394,6465),(652,(330,4468))),((7768,12694),(8566,(27,(11334,15037)))))),((((8599,(7738,14663)),((8428,(927,6364)),(1770,11288))),(15223,((12882,(5818,9850)),(12225,12919)))),(12603,(15013,((7488,(((11939,(9606,(4313,12618))),(((2053,(3811,7143)),(7665,(1286,5060))),(((13224,13332),((((1664,13534),(74,9238)),((4316,14917),(8715,11393))),(10630,(13658,(11951,14499))))),((1,((5265,(2997,(3312,15287))),((6623,(1476,2208)),(5331,(10856,14927))))),(9570,(6518,(8040,10640))))))),(10634,(13662,(4688,10170))))),(5530,((((8905,15515),(3956,14708)),(1480,5014)),((3048,(4146,(1528,1853))),(2702,(7587,9153))))))))))),(2849,((115,(291,14137)),(9556,(4031,5245))))));
(11999,((((11285,(13772,15174)),(11250,(11164,12714))),(9307,((((10433,(4927,15669)),(1348,((((12383,15027),(((14909,(9430,11802)),(1302,15547)),(7126,(11466,11511)))),(2069,11150)),((5107,((((((5580,11367),((7441,10193),((5158,(11446,(13101,(5242,5946)))),((13811,(4335,(3985,14899))),((8177,(5916,(1094,15391))),(11935,(5589,9869))))))),(7329,(278,3933))),(((3619,15681),(80,3321)),(2031,10450))),((2672,(6481,(10903,12158))),(5269,14576))),(5027,(5150,((4000,9103),(5332,(14435,(8014,(6575,8815))))))))),(1352,15382))))),(((12313,12904),(10527,10702)),(7581,13461))),((9296,11079),(((13099,(2160,13205)),(4188,10489)),(13087,((135,1758),(8355,(7746,(3962,13728)))))))))),(((2294,(1868,(5416,12564))),(4673,(6880,13862))),(5640,11186))));
((14392,(((((7019,13155),(8817,(3993,(9545,14271)))),(7775,15269)),(2987,10115)),(4247,((8097,((5645,(4114,12566)),((2315,(7610,10636)),(6331,(7980,(3127,6102)))))),(12366,(((12358,(2639,11445)),((((13271,((6074,10490),(13895,14364))),((14752,(4177,6561)),(6653,(14161,(1025,7023))))),(5930,(8309,10381))),(13203,14869))),(6034,((((3965,9178),(15668,(11490,15361))),(5104,(3637,4956))),(7662,((15423,(6828,((14225,(1496,1976)),(11792,(((7580,10067),(1908,((994,11909),(5368,(523,3131))))),(2578,(11748,(10700,(14782,(4066,(2288,(10602,(2347,(4773,11324)))))))))))))),(((15440,(477,13106)),(6850,(8122,(10363,14944)))),(6363,(((10726,((3870,4524),(3656,(7952,(9244,(225,15684)))))),(4605,15470)),(2278,8020)))))))))))))),(616,1421));
(((1805,((145,12819),(8781,8953))),(399,(966,(10085,12746)))),((7505,10873),(((8546,11018),((4540,8096),(7514,15239))),((8321,(((6554,9321),(2996,(2518,(((886,((1082,(2191,9458)),(7040,11622))),(9105,(((((6684,(5282,(((13925,14016),(3830,12641)),(3875,(9926,(8612,13302)))))),(5221,8609)),(((12021,13339),(((12814,((11865,12545),(2249,9531))),((2138,6612),((7405,13283),(10649,11492)))),(15463,(11382,(4631,(7215,13836)))))),(7566,(11821,12378)))),((2863,3525),(6867,(9060,14174)))),(14300,(954,4599))))),(11915,(7006,(2484,5700))))))),(7056,(8891,(678,4544))))),(4909,((2374,(6856,14384)),(197,((4987,14037),(((4717,(6248,13182)),(((13668,(9371,15149)),(3588,7065)),((6487,8786),(12399,14843)))),(4170,(3000,5662)))))))))));
(3148,((((1827,(3173,8402)),(1477,13240)),(9934,(11734,(3058,(8088,15531))))),((9404,(((1101,(6958,(2655,4016))),(4961,8570)),((6552,(10364,(7182,(7449,(2711,(275,(3497,((14567,(2089,(((4116,8657),(5259,10494)),(163,(5422,6812))))),(((12199,(7222,(727,12474))),(13712,(5666,6025))),(4785,(((4554,9067),(13855,(6033,(3243,7603)))),(((6369,(6077,11135)),((6736,11362),(179,2901))),(((11978,(2894,(1867,7794))),((11198,(((11284,15283),(7592,13590)),(6797,(2189,(1121,(9390,14097)))))),(12392,13051))),(((5022,(664,(3615,9162))),(6559,(9818,11422))),((12466,(9572,(4559,(2023,8708)))),(15218,(3445,12139))))))))))))))))),((11911,14796),(14901,((5277,(9379,(6708,14109))),(4285,(91,(7104,12143))))))))),(4164,(1281,7541)))));
(((3972,12736),(8840,(((((((10920,12980),(4978,(6064,7287))),((3165,9750),((9003,14250),(2931,7395)))),(3188,((10069,(15444,(1266,4198))),(1526,(1966,2573))))),((3077,((13142,((5886,8993),(1095,6836))),(3947,(((((141,13484),(298,8280)),(((4383,14273),(3592,(7436,14017))),(10662,(((8130,(744,(335,8678))),(8923,(6588,(8420,15284)))),((5051,10198),(2930,12330)))))),(((1374,7046),(5133,(13724,(6800,14024)))),(((14362,(12189,12226)),(11937,15381)),((11696,((6235,7107),(176,15036))),((4068,((780,2010),(5678,15240))),(2609,(647,5413))))))),(366,(9507,(8252,(6603,(9635,((3840,((9722,10053),(4725,10083))),(269,3607))))))))))),(2588,6520))),(5078,14189)),(4705,(379,2215))))),((6439,(2226,(8332,14301))),(3654,11352)));
(5374,(((5568,8410),(5982,(1985,(925,9737)))),((239,4682),(4009,(((5620,(3856,5035)),((13703,(3929,7168)),((662,(3964,10846)),(7857,(12074,((6029,7872),((2600,8128),((14642,(12020,(7119,8946))),((13110,(5458,14469)),((((1652,(79,1289)),(6700,15502)),(13312,(3355,8408))),((6822,(764,1870)),((((((11512,(11993,((2331,6089),(4944,7024)))),(9559,10416)),((5186,9692),(3104,(5599,12008)))),(4748,((11208,(1457,13981)),((5084,5737),(10440,(3422,13229)))))),(1708,14561)),((3868,(10578,14197)),(10087,((520,13345),((11162,(6761,10189)),(((11805,12797),(2266,(8687,13016))),(11647,(5018,(7997,15658)))))))))))))))))))),(4852,(11143,(8058,(((6772,10672),(12779,(7187,15460))),(((1702,15214),(10776,(2303,7417))),(10425,14349)))))))))));
((479,((12300,13613),(((7533,12441),(11678,14309)),(((9609,(10488,15048)),((3142,14276),(1595,2746))),((((4744,((4702,12028),(2536,8160))),((13506,(3772,4776)),(((14150,(1087,(2365,((14542,(252,(10345,((6775,(11300,(1422,3589))),(5927,9746))))),(490,(12036,(13729,(295,(((4281,(979,(13882,(11525,13183)))),((7200,14556),(3325,11902))),((5709,((9112,(6783,(11892,(13336,(10862,13177))))),((8769,13656),(869,9080)))),(8235,(906,1157)))))))))))),(807,6123)),((4651,((14502,(3814,8567)),(3503,6734))),(9496,(10329,11105)))))),(7763,(((1397,14536),((6407,(6422,8172)),(3526,6139))),((4949,(1764,7292)),((15274,(3859,(9202,(14156,15375)))),(1637,(1487,9508))))))),(((5270,6000),(476,13334)),(3606,(4034,12375)))))))),(2320,12322));
((((((9493,12218),(12499,(11161,(14387,(5895,(5844,13328)))))),((4179,(13946,(((((((6431,(6787,11914)),(2723,12755)),(8074,12175)),(2402,13492)),((8532,13226),(6362,6764))),((2212,(1552,(5648,10187))),(7628,(10203,(1350,4884))))),(1232,((11252,(11556,(327,(1989,13589)))),(9977,((7028,(13228,(426,(1110,2835)))),(2403,((3434,(8752,10825)),(3149,12929)))))))))),(((1370,((2795,13135),(8034,((6709,11028),(674,(458,10283)))))),(14573,(2707,3308))),((7185,(10335,((11008,(8271,9829)),((3087,(766,3899)),((10708,14818),(964,4665)))))),(14390,(((6021,(10336,13491)),(5597,(11908,(158,14723)))),(1135,(12009,(5235,12863))))))))),(159,12520)),(6169,(584,6786))),((3660,((4983,15648),(882,(6277,(5733,15524))))),(10094,(6725,12212))));
((4925,14316),(((12349,(5768,(432,13124))),((7131,((7230,(10889,12557)),(2437,(515,5836)))),(2608,(((14438,(1714,14468)),(3854,((1111,((((4106,((2387,10848),(570,2768))),((((1826,7330),(11417,(5455,(5903,11398)))),(12247,((4809,11350),(12650,(7557,15345))))),((12724,(((2540,14506),(7689,11828)),(5306,(4499,11797)))),(4727,(((1147,(3070,15172)),(2824,5759)),((10699,14183),(10724,15249))))))),(8944,((5928,9530),(4695,(2494,(4130,15236)))))),((1982,(6466,(2401,3766))),(15015,(617,14771))))),(10608,12127)))),(((((11894,(112,12368)),(2439,(3238,((1699,4795),(13975,(7370,(1250,6251))))))),((6420,(14450,(2982,12251))),(12382,(1691,((5477,13195),((243,(10616,10717)),(391,6343))))))),(472,7708)),(5776,11833)))))),(247,2348)));
((2574,11517),((6945,14264),((12487,14133),((((((((3532,7114),((12916,(9463,((14586,(6333,8995)),((10734,13346),(14746,(11977,14548)))))),(2127,3530))),(((12534,13264),(5218,(993,(6024,(3491,12422))))),(364,(492,11431)))),(6635,(3824,13840))),(9219,(877,15479))),(11218,(12838,((11630,((((14900,(5968,((3955,(8959,11329)),(3805,13018)))),(((10555,(2276,3298)),(3585,9121)),((8133,(5861,(11719,(12699,(8373,11524))))),((15025,(13387,(950,(9415,9533)))),(10845,(11551,15407)))))),(2998,4601)),(4089,(15489,((1114,(2648,10972)),(5359,((8871,10482),(15611,(13949,(331,15038)))))))))),((6769,(1744,10288)),((3661,(7099,(2953,8367))),((13871,((10171,14858),(11297,14745))),(5019,7894)))))))),(2079,7996)),((6206,15520),(6691,(12162,14578)))))));
(1874,((3568,11667),((5949,6031),((2722,4525),(((((9870,((12258,(879,7680)),((9058,15354),((593,10403),(9034,12715))))),(10893,(1174,2110))),((9325,(935,(150,6996))),((9739,(4381,12102)),(6132,12726)))),(13191,((2853,((((1116,15306),(5993,((8745,(8926,14363)),((15001,15536),(14667,(717,2488)))))),(((14816,(3309,(4582,12852))),(972,12069)),(((3340,(1512,6476)),((1796,2132),(11899,(57,8845)))),(((815,(13267,14535)),(10173,(5718,14974))),(9409,(1390,5505)))))),(15175,(9851,(12210,13486))))),((4522,11197),(4660,10852))))),(((12949,(7964,14285)),(765,(10556,(6271,(((((3690,8902),(4624,14334)),((4635,(2153,10507)),(5081,(1774,11625)))),(6798,10980)),((6410,14192),(8431,14015))))))),(249,(5716,(3866,(1689,14480))))))))));
((((4093,13439),((12536,((5264,(11520,(15317,((6405,(2724,6400)),(5875,12329))))),((((18,12592),(4955,9659)),(7098,12692)),(4156,11829)))),(((((4761,11641),(4203,(182,13401))),((13470,(15294,(3350,(4697,5454)))),(1223,(1056,8605)))),((7413,(8472,(((11053,15311),((2015,9159),(4533,(1230,9473)))),(10420,15133)))),(13478,14075))),(5556,((3279,((6881,11293),((2383,((12978,(4061,11215)),(1312,2690))),(((15111,15156),(10768,((9119,9257),(12889,13640)))),((15233,(1712,15160)),((((6601,(10991,12071)),(332,12742)),(7440,(7965,13415))),(((5885,14383),((6474,(10719,(5902,7354))),(7609,7616))),(12737,(11460,((1435,14332),(3761,6825))))))))))),(9285,(5997,(3750,6413)))))))),(11371,(1802,9569))),((6565,8325),(14202,(10644,(1165,8281)))));
(773,((7029,((((((12350,(((((6324,(5106,14218)),(((10592,15620),((5305,7790),(1471,(1354,7664)))),(8886,(7241,11171)))),(6373,(1079,9953))),((6732,(3946,(7552,(8141,15661)))),((2325,15603),(8260,10815)))),((10076,(2057,4580)),(4065,4442)))),(13003,14670)),((3867,8558),(2761,4996))),(1217,2300)),((5435,((6416,(13952,(4255,(7933,12667)))),(1793,((6330,(3119,((14736,(9156,(11493,(14288,(8916,((9993,11282),(208,10772))))))),(643,(1482,(10529,(8779,(1573,11962)))))))),((8770,((6817,(6406,8516)),(10998,(9723,(9164,10769))))),(2643,9576)))))),((12051,(1032,(14149,(878,7635)))),(3997,((2197,7637),((15571,((6151,6977),(11793,(1557,10008)))),(5507,7157))))))),(1078,12841))),(13327,(((1070,10499),(1355,10243)),(2238,15047)))));
((((10327,(963,5929)),(1991,(13460,15080))),((4584,14481),((((7433,(((((4548,(7265,9777)),((8496,10775),(10174,(8607,8668)))),(13301,(2268,(4820,8299)))),((11523,(5500,8234)),(3895,(601,(2531,5924))))),((663,(3046,10031)),((14113,((15067,((11964,(4990,(9019,((2241,8562),(3272,(11433,(3006,5442))))))),((1688,5338),(12224,(13154,(9355,(1963,2878))))))),((5217,(6351,(4627,8436))),(11238,(3940,9887))))),(1515,(1330,4328)))))),(5565,(3126,10248))),(11449,(1313,(9482,(6891,11068))))),((11710,(12388,(15302,(745,6581)))),((795,14684),((((2064,(1090,4846)),(1707,14640)),((3926,6935),(1213,8621))),(3659,(1054,(7089,14870))))))))),((7601,(8530,(547,5010))),(((7027,9709),(4001,7752)),(5480,(5166,(6924,(437,15636)))))));
(274,(((8676,(((11104,(((((7109,(10885,13138)),(9554,(256,14668))),((4686,(12073,15555)),(10530,((4441,(1920,11783)),(9046,15162))))),((6293,11623),(7408,7941))),((((((244,12749),(11949,15394)),((10324,((6930,(6392,11488)),(6668,13831))),(2143,(13610,14208)))),(((12914,(12680,13272)),(8005,(3062,7707))),(958,((13112,(5005,14730)),(87,(5066,5272)))))),((((15265,(293,(2162,(6571,12448)))),(8979,13717)),(((8092,(9699,(9972,(5553,(14920,15202))))),(8958,(8731,12455))),(1229,(14690,(2528,(5451,(3702,13833))))))),(1912,((13942,15055),((13760,14931),(6433,11868)))))),(11263,15137)))),(((5727,(1685,13784)),(13902,(3256,4273))),(11995,(4997,(14261,(6450,15487)))))),(13615,(6227,12691)))),(10851,(3302,9672))),(1010,(15553,(6872,11050)))));
(7328,((5431,(((((4532,10582),(4602,5607)),(12468,13684)),((15521,(6706,10698)),(13633,((((319,9625),((6094,15177),(7483,(6803,11025)))),(((((12297,(5334,((12683,(9173,(10260,11048))),(8874,((13608,(3689,(5037,14358))),(65,12334)))))),((3082,13166),(13147,15215))),(((13537,(3437,13032)),((12825,(4169,8899)),(3610,3905))),(2415,3494))),(6453,(13913,(1924,(410,12331))))),((13782,(13987,15467)),(((3834,(8896,10907)),((3487,9445),(1408,1629))),((9380,14590),(15155,15372)))))),((39,7276),(10474,14817)))))),(4238,(((14741,(2513,(8036,11036))),(1642,(10062,(1253,(8754,((13874,(10904,13887)),((((5863,((11481,14946),(8009,(8458,11971)))),(8603,(2645,12609))),(3847,11222)),(1066,1113)))))))),(10428,(11344,(6249,15205))))))),(10043,10808)));
(13817,((7644,(((((1786,11743),((9839,(9235,(2080,(((11591,(1694,((8150,(10046,(8860,10550))),((((11632,((4648,((12565,(9095,(14604,15210))),(3374,(8686,14677)))),((5353,(12318,14905)),(475,13113)))),(6456,(14163,(1205,(1998,2635))))),((13788,((5711,(4959,5710)),((((6741,9764),(2133,4192)),(1453,(8389,9523))),(1568,(1520,3930))))),((4484,(12404,(1497,2881))),(12884,(5769,12482))))),(7649,(11365,(11834,15466))))))),((8134,14732),(2489,(3257,(6143,(5285,6898)))))),(7524,(738,6390)))))),(784,4646))),((1967,(1112,((871,6848),((2282,(3988,4687)),((14643,(14406,(1299,5926))),(5249,(1958,7914))))))),(9948,13912))),(((974,10204),(14980,((4917,(8370,14520)),(4901,7434)))),(3862,11668))),(7530,8350))),(587,(2701,6671))));
(618,((4491,((((13343,(3313,8970)),(629,(((9791,12807),(12538,(4864,(119,15264)))),(4439,(5072,14808))))),((7281,9474),(11192,13648))),((1756,((5289,(((8639,12409),(598,(13212,13780))),(13885,(4131,(11770,14547))))),((11450,((10371,14967),((3536,11254),(1592,14774)))),((10411,((6781,10207),((14404,14410),(2918,7535)))),((3570,((((9450,(6107,14233)),(13352,(4206,14929))),(6959,12294)),(((3398,10720),(14762,(4892,(6819,9416)))),(4972,11328)))),((6586,(2050,(1601,1739))),(12345,(5278,12266)))))))),((6596,(7900,9605)),(((9127,(12505,14791)),(1187,(3771,8746))),(2545,((((180,11246),(883,((3557,7233),(8806,(13313,(3513,15043)))))),(((3623,9283),(1360,(3797,(2362,9361)))),(10437,13066))),(3027,(4630,4941))))))))),(19,5286)));
((8250,(11408,13932)),((15328,((((3215,11368),(4185,(1108,(2981,6608)))),(2111,((1624,13500),((4633,(3396,8485)),(1994,(388,1383)))))),(((6220,((13209,(2295,10081)),(((14914,((3842,11468),(1822,15059))),(2538,(8990,(3253,13363)))),(1341,((4148,5236),((3219,10921),(12010,(1679,(4895,12494))))))))),(4574,(7390,14140))),(15083,(((3963,(7345,(11757,(1392,(13396,(6427,14442)))))),((8203,9598),(6084,(1470,11014)))),(((((((470,12402),(9032,(5192,(1041,12673)))),(4199,14997)),((((12865,(4874,13618)),(6960,(746,2754))),((11060,11221),(11851,(7086,(3207,6176))))),(627,(7469,15034)))),(3664,(15471,(11638,13596)))),(1237,((899,4519),((5322,15187),(5873,(4167,7112)))))),((7471,7999),(889,5567)))))))),((10986,15637),(10625,11981))));
(305,((11744,(12353,13857)),((3783,5842),(((4379,(5468,8738)),((5302,(1983,((3829,9785),(996,(9719,(((3804,(10210,(2631,(2652,10430)))),(8749,(((4897,((2951,15333),(104,537))),((12901,((((15399,(4670,(2377,10683))),((8536,(1590,7574)),(6916,(10505,(5436,15613))))),(5533,10924)),((7424,(3555,(5630,9468))),(((7459,8764),(4448,5755)),(4365,(6376,9817)))))),(5661,(7560,(10261,((((10766,(1660,4050)),(13306,(11958,(3890,(1600,5390))))),((5899,(1180,1835)),(5324,(6245,15650)))),(7878,(((14577,((2209,9225),(1894,7144))),(1067,9821)),(1787,11890))))))))),(10097,(7685,11370))))),(4420,7682))))))),((12055,12504),(683,(423,(9023,(9163,11118))))))),(8841,(136,(((980,4769),(6925,10463)),((8997,15526),(3322,13956)))))))));
(((10337,12169),((((14296,(13947,(351,8531))),(496,((8595,(((6360,7034),(11760,(6913,8797))),((((11299,14687),(952,14825)),(8585,12800)),((806,6389),(611,8505))))),(2641,(2642,15088))))),((5201,(1880,7865)),(3645,(14999,(8342,(13452,(9762,10234))))))),((7473,((12813,((((((15476,(5684,(13457,13985))),(((989,14846),(3137,9025)),(2429,(5808,14319)))),((((((9247,15589),(13451,(1362,14294))),(10172,((12058,(10890,11631)),(9787,15649)))),((4482,7607),(13369,(8499,11707)))),(7559,12228)),((4706,8720),(4003,(5518,(5089,8921)))))),(13578,(7888,(2568,10176)))),(5464,(4639,((2332,3032),(10318,13523))))),(4808,(14713,(3123,(3276,(4359,(10771,15201)))))))),(8083,(10715,12214)))),(15139,((4967,(2446,9577)),(1701,15499)))))),(2083,14465));
((14437,(11065,11815)),(759,(6134,((10995,(10544,(7174,13156))),(((((2763,((7604,(5801,(2909,6585))),(120,(7,14307)))),((937,1083),(2933,4360))),(((1889,7052),(4191,(6270,(1489,13034)))),((3522,(15179,(4338,6274))),(7165,(2675,(6063,9092)))))),((4296,(((7499,(4493,(6299,(6381,(1565,3349))))),(((12065,(4684,7919)),(7393,12423)),(7130,((4119,14353),(7193,8952))))),(9248,(101,3369)))),((415,5504),(231,669)))),(15584,(((((13766,((12601,(8645,9644)),(2224,10947))),(12960,(13927,(5880,(3971,14065))))),(12970,(10746,(2416,12718)))),((4369,((6257,6938),(10269,10979))),(12516,(6295,15331)))),((((12839,(8548,11062)),(15680,(2440,(11461,12053)))),(2854,(10321,((2699,(5441,10249)),(872,(7677,13330)))))),(5773,7016)))))))));
(8179,(((10235,11257),((8227,(15472,((((3196,(2062,10027)),(2932,12117)),(4121,((406,4304),(11900,14235)))),((6468,((7317,8577),(9456,(944,(7711,8457))))),((7697,(1100,(10538,11155))),(2304,11855)))))),((9734,((11273,(986,((380,5540),(14244,(14866,((((((1206,(2277,(6636,8390))),((((554,9526),(89,(10278,11462))),(((8757,13697),(7175,8861)),(((2349,13429),(2359,8988)),(7382,15035)))),(12412,(15299,(9838,12910))))),((3583,5612),(5695,((((3716,5672),((3807,(9568,(3440,15570))),(12555,(4883,(1459,12861))))),(3618,4960)),(2417,(15646,(2605,(4078,8842)))))))),((1252,5561),(8456,(7282,14879)))),(10713,(5868,10476))),(3790,(7612,7954)))))))),(7578,(1465,8388)))),(11258,(3932,(10132,(8230,12286))))))),(3156,(3825,10238))));
(12314,((14948,(((13443,(((254,(11264,(8590,15464))),(2405,11006)),(5449,15454))),(2479,(4432,(3603,8917)))),(1606,(((((8933,(14706,(5184,9549))),(13614,(5515,11426))),(((8889,13026),(13262,(8743,12346))),(8196,(9702,(130,1337))))),(2146,6493)),(((3005,(2973,3007)),(((12902,(10184,(3609,14559))),(14030,15406)),(9353,(10006,(2560,7751))))),(14961,((2773,(6728,9511)),(((((14103,(723,9537)),(8672,12240)),((826,11277),((7229,13919),(6032,8955)))),((((315,((9187,((1493,8313),(2550,11019))),(957,6870))),((13626,15544),(48,724))),(11646,(14926,(7299,(5762,11101))))),(((7575,(13389,(3073,8039))),(3938,9292)),((1968,15510),((7148,13955),(2740,15575)))))),((12615,(6451,(8236,14718))),(5628,8968)))))))))),(3924,(7959,8174))));
(((4993,((4778,((((1933,(5212,14792)),(2107,11897)),(((3249,((4536,6963),(5312,(2045,6717)))),(5490,(5145,((4568,8702),(9705,11335))))),(2772,(9018,11526)))),((((245,(12955,14330)),(190,10007)),(13547,(4947,13999))),((((4989,12029),(2875,8998)),(8315,12913)),(10359,11642))))),((2341,(((11302,((7843,(5319,5571)),((5174,(14325,(9297,(13076,(9110,11333))))),((15053,(15164,(3184,7772))),(5213,(10655,12991)))))),(3246,6777)),((((12537,(10292,((6322,(3117,10796)),(3474,(5496,14735))))),(402,7152)),(11405,(11604,(12007,(4332,7208))))),((725,(498,(4801,11229))),((15211,(9880,(1052,7777))),(12843,(7885,(920,8114)))))))),(3979,((3884,6602),((10291,(4289,9362)),(10466,15573))))))),((4189,13676),(5231,11455))),(7478,(13054,13532)));
(1965,(9718,((770,(((9888,(((((2893,13210),(5511,(7071,14146))),(11112,(1810,9738))),((1738,(9597,(4182,6239))),(15662,((7809,11560),(10224,(10579,12638)))))),(10997,((6512,((6300,(10554,(3234,(2485,3980)))),((1863,(7945,(2503,(5057,12450)))),(283,(6361,10495))))),(8233,(6228,((2919,12606),(3289,4403)))))))),(((14418,(((4197,(4214,(7966,11169))),(((14326,((1710,10151),(11154,12754))),(788,(11921,14891))),(1030,(4460,(3728,15241))))),(4135,(5787,(12164,14837))))),((7967,9408),(11212,(8173,15355)))),(((2511,(8277,(1809,11635))),(10520,15445)),(7638,((12802,(10750,12453)),(7963,(10245,(3508,(9126,(49,9053)))))))))),(13244,((7438,(7484,(12769,(13068,13454)))),(2860,(959,(3444,9055))))))),(4513,(5635,(11270,(1621,8701)))))));
(12625,((1927,(15118,(12968,(14,5934)))),((12717,(12444,(9931,(8429,15152)))),(5370,((5273,14443),((851,(((8615,10790),(3477,4979)),((((1821,3226),(((9524,(13582,(2769,7874))),(12926,(3806,6158))),(2301,10670))),(10857,((9089,10352),((11394,15019),(573,4234))))),((15308,(7273,12253)),((3978,(((5403,12362),(7518,9054)),((9922,(6204,(929,(10242,((4672,(6048,9084)),(5800,(11337,((6246,(((9535,14813),(15261,(4405,14833))),(4252,(((((15282,(14053,(199,7943))),(((6905,10593),(11602,11605)),(5195,(3028,(1602,3752))))),(13663,(6138,8681))),(8404,(5539,(2311,10795)))),(6499,(6679,10686)))))),(8721,11005))))))))),(7369,(3575,12570))))),(13992,(5732,9937))))))),(5131,(((2562,(4709,(5086,10752))),(2686,4235)),(714,9873)))))))));
((8624,(2843,7384)),(15300,(((2357,(5594,8293)),(7474,10678)),(((13783,(6454,(250,3974))),((2279,13494),(840,2310))),(13577,((((11947,(13664,(15323,(12562,14743)))),(11211,((11286,((3468,7909),(3611,7691))),(9992,10854)))),(((11390,(14044,((((12867,((4492,(11010,(5369,(11438,((13370,13384),(9562,14047)))))),(((12196,((((9069,14173),(2698,15633)),(8371,(4847,(7624,12937)))),((6038,6821),(3024,(982,(9056,((11442,(11655,((14473,(9438,(4373,15675))),(11034,((3177,15154),(9620,14742)))))),(292,8925)))))))),(2381,2630)),(6124,(1249,12835))))),(698,(68,7074))),(6100,(11267,(1840,9007)))),((12126,13412),(9872,(10632,(4886,11853))))))),(1860,6580)),(7070,(14329,(1897,(7774,13682)))))),(((3604,8193),(3449,10558)),(10923,14415))))))));
(((15514,(1535,(9806,10511))),(2747,14168)),((13607,(((13950,(((1346,((7073,(14034,(8171,10164))),(9395,10828))),(((((2345,9494),(9198,11619)),(((((9125,(624,10117)),(12421,(4033,7935))),(1923,13365)),((8512,(2201,(5137,11458))),(4494,(4496,(5757,14975))))),(798,6279))),((6855,(8788,(5754,8580))),((((11568,15402),(3442,(12869,14042))),((4844,(8205,10587)),((2267,5616),(6359,13886)))),(2216,14336)))),(12528,(8554,(((4881,8940),(4246,(7887,((603,(7136,9653)),(2306,12006))))),(162,10778)))))),((4811,5092),(((4151,11447),(10982,11331)),((10222,(148,((15271,(7153,15014)),(1269,(1875,12821))))),(10905,(((580,12708),(15073,15628)),(1328,7375)))))))),(7041,(14977,(9529,13646)))),(6079,(1747,(5341,11640))))),(9179,(7257,13143))));
(4429,((12653,((((6758,((((2852,9465),(11383,14230)),(11066,(7767,(4426,15629)))),(((((1862,(2372,15604)),(4023,(6669,15189))),((1467,3502),((2613,5772),(5654,13721)))),(11130,(14695,(12194,15212)))),((9855,11876),((1065,13568),((8488,15497),(4561,11453))))))),(7669,13340)),(6384,12271)),((9237,(((820,((9648,(2836,8327)),((667,14335),((12780,(10936,14835)),(349,2490))))),(((648,(8082,13876)),(8264,(132,10128))),((12156,(12703,13385)),(14786,(5978,11372))))),((12622,(2868,(4308,4703))),(12670,(((1656,12643),((1361,13435),(10077,11832))),((3712,(12721,((10545,12696),(9534,15410)))),((2927,(7264,12820)),(4857,12502)))))))),(((571,((10296,14475),((7341,(10294,(791,3684))),(164,9391)))),(1848,11225)),(11807,13744))))),(86,9181)));
(3361,((12784,((2235,((1270,(3975,(10404,(11485,13311)))),(12593,(1073,2017)))),((2889,(110,2714)),((9299,12573),(((((2498,(7995,(4855,13997))),((5874,13325),(167,15242))),((13991,(5417,(1000,(4207,12319)))),((4201,(6974,10098)),(9039,11033)))),(2285,13060)),(((5697,(1224,((10917,13173),(11573,13331)))),((((9403,15364),((10010,(6015,11363)),(3344,(5525,15424)))),(1980,(6557,(7348,10615)))),(13538,((6201,9078),(3049,15596))))),(10211,((12934,((880,15061),(3108,((6774,(651,(11124,(565,(6298,6553))))),(7939,(15453,(1279,11271))))))),(545,9623))))))))),(13180,(5122,(10213,15129)))));
(3657,(10491,(13993,(((688,15293),((((2169,9374),(4514,(((6366,(4930,(9323,(1285,13341)))),(((((529,3785),(504,4836)),((4812,8319),((1005,5044),(1240,3721)))),(8037,13397)),(11082,(((4311,(6693,14950)),((462,(1295,(8495,(10303,15099)))),((3916,11919),(14033,(679,(15125,(11046,(((1522,7834),(4083,8852)),((7336,10999),((5291,(918,3130)),((636,(1752,(2751,5215))),(((9627,(3698,11553)),(12159,(12013,13297))),(7731,11764))))))))))))),(6464,(936,14112)))))),(((6146,10886),(860,7409)),(7419,15063))))),((14466,(4779,6419)),((6444,(3318,((1905,11058),(11265,12827)))),(3871,(11191,11620))))),(((9828,11943),(12157,(4845,10107))),(1785,(7596,(2371,(4560,11125))))))),(14227,((210,((5586,13100),(4343,10653))),(7671,11615)))))));
(((13688,((12213,(3275,9969)),(550,14093))),((((((8140,(4877,13354)),(4200,13665)),(15683,(((4397,12278),(3511,(4583,13222))),((13890,14278),(6547,12291))))),((5809,(4619,(2492,(2970,13239)))),(7310,((4073,(9093,10533)),(1604,(2925,12459)))))),(389,(11151,((8063,(12665,(13868,((8667,(7918,(7083,((3802,10589),(12817,13775))))),((10426,(3428,(2171,3646))),(11611,15449)))))),(15171,(((9182,(4241,6523)),(((10301,(8771,10002)),(6529,(14226,((6658,14228),(409,(8137,12964)))))),(2718,(12735,(3240,(9978,14040)))))),(((7719,(9392,(7173,7503))),(2317,(468,(12649,13564)))),(11260,14592)))))))),((1151,1951),((((8155,10514),(246,12449)),(6792,13045)),((7085,(779,10214)),((3601,7167),(8608,11280))))))),(7735,(12924,(9277,(1724,11549)))));
(6057,((11840,(((622,(12417,(15593,((4364,(3262,7367)),((7718,12144),(14697,(((4916,5520),(8669,(2462,4736))),((((4973,(15392,(467,12302))),((((11961,(6268,7467)),(1903,(916,10833))),((((6650,12223),(2541,3989)),(8767,(1498,5812))),(4543,5327))),(3874,12011))),(((10186,(10254,(4692,5609))),(31,(4729,(6526,14951)))),(10412,(10576,(1977,(10639,13823)))))),((8070,(6231,14025)),(2565,(7334,(1170,8216)))))))))))),((1517,13230),(8653,(553,(((4975,12574),(2442,13290)),(2807,14515)))))),((((14455,(14327,(10528,(14426,14998)))),(11318,(3014,10742))),((((11236,12380),(((3828,(2709,15158)),(3376,(5693,13689))),(2188,3666))),(((6254,(4685,6181)),(6726,9754)),(6735,11283))),(10419,(3582,4085)))),(6814,13434)))),(9218,(471,5400))));
((1194,6991),(11766,((7045,(((8365,(8259,(4464,(9602,13880)))),(((12507,(((10859,(26,9169)),(3617,(8498,11953))),(1775,(3823,5082)))),(4668,13734)),(13353,(2174,(14282,14399))))),(14199,(2454,6159)))),((12371,((7051,(10813,(7627,(3826,(817,11870))))),((((9251,(11272,(9662,14079))),(((11126,(4349,13524)),(10014,(10622,12384))),(4463,(12719,14419)))),(((3500,(2329,5070)),(10843,13535)),((1024,((9425,(6555,(9211,11782))),(((10571,14795),(5811,(7069,9268))),(347,7803)))),((8322,12753),(11582,((1995,(9565,14722)),((((12720,(8055,14050)),(750,13421)),(2236,(3801,(2784,8411)))),(2155,(7219,(6237,14711)))))))))),((12690,(5420,((5690,10879),(1282,10668)))),(14129,(192,7584)))))),(297,(((8212,11274),(12207,12687)),(12575,13612)))))));
(8535,((8989,9907),((((((11424,11599),(8090,((4155,4388),((((((8511,11407),(1658,(3338,6140))),(921,12581)),(11379,11825)),(14107,(9136,(12712,14318)))),((((13694,(13778,(14223,(1412,9604)))),(709,3367)),(9436,9795)),((4770,(6323,12410)),(4911,10894))))))),(5200,(8069,(253,((10349,15151),(11857,(1333,12510))))))),((((5181,(7448,7797)),((8208,(1340,6942)),((9505,11723),(9663,10380)))),(1492,12874)),((6976,12529),(((9094,12674),((4136,4856),(5657,(2966,8318)))),((((13069,(5719,12414)),(5918,((228,8625),(5315,8328)))),(5566,((8870,12208),(2625,4262)))),((((7890,11535),(5149,(6939,10230))),(2947,10751)),((14851,((1563,3066),(4863,15616))),(((2456,8243),(4005,(58,1992))),(1617,14375))))))))),(5100,5517)),(12367,12390))));
(14859,((9835,12898),((13119,(11968,(((3461,6380),((9919,(4585,7780)),(6844,(8565,10823)))),(((9875,((8468,14124),(10858,(11031,14788)))),(((1021,(3286,12107)),(9820,(8574,(12137,13592)))),(2805,7862))),(4558,((12725,(4408,10314)),(2523,11128))))))),((((13916,((3685,11301),(((14514,((2742,13245),(9145,15060))),(11863,(288,3071))),(((9065,(2579,7000)),(6521,9369)),(4216,8863))))),(8529,13809)),((15559,(3033,(1560,(6721,13250)))),(5959,(4509,6442)))),((8622,((7655,(10056,(2248,13314))),(((9311,13641),((7183,10690),(4302,10756))),((15278,(13097,15426)),(13359,14012))))),((7314,11808),((8876,(9520,10392)),(((10503,(12628,(10136,10992))),((8663,12472),(5572,(10158,(7979,9228))))),(((5165,11032),(14302,(5619,7916))),(2478,12205))))))))));
((2413,14067),(15590,(((10315,(6417,8268)),((7047,10606),((10215,12892),(3764,(12250,13493))))),(((8742,11041),((9320,(5600,12756)),(((7969,12145),(188,(8814,12231))),(6488,(6789,10898))))),(6759,(((2261,(708,14498)),((15411,((2065,7090),(10078,(12523,14635)))),((((((4193,(13027,15042)),((1686,(4868,7033)),((5865,(6005,8352)),(10737,(7522,10701))))),((577,14484),(11984,((11180,(6458,7829)),(5013,13379))))),(((2099,(7930,13756)),(((2027,12864),(15374,((1673,(2158,(2954,14680))),(3954,(4626,13433))))),((203,((1705,4611),(6707,8108))),(405,9826)))),(9923,(1215,4229)))),(8533,(6578,(2823,8120)))),(((11235,(2448,14940)),(12047,(12990,15267))),((15091,(3910,10464)),(10977,(4865,13188))))))),((15615,(9736,14828)),(7511,14630))))))));
((7279,((15377,((7563,14246),((5838,(13070,13660)),((14339,(337,(12381,13395))),(((696,5748),(5219,(3492,7912))),(((6664,(12076,(3141,(72,2993)))),(12518,(14342,(4782,(9232,12554))))),((((3860,(7944,(4071,7821))),((551,(5006,12734)),(1057,6056))),(13214,(9832,(5848,14760)))),((3869,11139),(1336,10104))))))))),(6606,(((837,(12108,((4006,5029),(358,(4394,4835))))),(((((195,563),(10763,(15159,(3516,13079)))),(5325,6326)),((8016,11982),(5263,13136))),((2731,(890,9836)),(((((11586,14925),(1036,11515)),(7199,8123)),((14626,(8791,10651)),(13322,(15101,(4210,10438))))),(8572,(4723,(3452,15263))))))),((4893,((13232,(8727,(1119,10684))),(9487,(9918,10127)))),(((5284,7586),(6461,13475)),(11056,(6943,9582)))))))),(7399,10054));
((15132,(4698,(359,7094))),((11587,((5952,(6377,11287)),(4483,11364))),((4444,11609),(((11674,(((14052,(3687,10942)),((809,7145),(9703,(3467,10895)))),(8950,11047))),(((10869,((((1380,8486),((539,3707),(5041,9595))),((5361,11345),((4745,6185),(1027,5366)))),(4466,(10883,(10110,15268))))),((5493,7102),((((5897,13595),(14070,(14807,15393))),((1720,(287,9254)),(9621,(1755,13450)))),((5499,10817),(2846,12621))))),(13204,((15190,(2712,4700)),(4743,6737))))),((((9859,14213),(13083,(2008,(7905,11945)))),(4866,(7666,(1448,5129)))),(((4567,((5969,10939),(3283,7504))),(4642,(385,4098))),((((7455,(10732,14601)),(7620,11650)),(9865,(32,126))),(4875,12905))))))));
(10810,(((13090,(8465,13733)),((((3282,(15033,(((24,(3753,14073)),(((6144,(2999,9192)),((5660,(6940,12122)),(5560,12994))),(6886,9107))),(((9628,(11571,((9128,(6723,(5531,14340))),((8192,((3725,(6563,6665)),(4597,(4878,(((5047,((10400,(9819,12204)),(13765,(489,7646)))),((6194,7197),(2141,11440))),((6793,9340),(621,((11193,13064),(((559,(4486,10821)),(14337,((2441,(15295,((6865,8374),(11496,(12547,(1382,6187)))))),(8575,(2826,5105))))),(5671,15138)))))))))),(8500,(6003,(11684,(1144,1576)))))))),(((13117,14838),(3759,8867)),(((6869,12935),(8104,14546)),(4084,(9858,(4667,(1546,10673))))))),((10522,13238),(4610,12612)))))),(9555,(9070,10347))),(7498,(2255,7766))),((2244,6970),(2985,9814)))),(7423,(14751,(540,1628)))));
((4153,((850,(9276,(((2591,9741),(12017,(139,15371))),(((7520,8419),((2292,(10231,(9871,(895,8019)))),(4495,9710))),((8719,10179),(1722,2509)))))),(((((5816,(7025,(4090,(8883,14765)))),(((((5742,(3362,7899)),(1418,2170)),(5987,(3270,10705))),(5355,(8722,(5329,5923)))),((((4739,5876),((14078,(5933,(4889,(7092,15305)))),((10125,12578),((3310,5079),(7026,(7305,7497)))))),((1553,(10436,12731)),((2677,(9581,9640)),(2810,(1589,13680))))),(15495,(2081,3400))))),((146,12762),(3686,9651))),(((10239,(13790,(8908,9491))),(6347,7238)),(11881,(2221,8683)))),(((5509,6335),(9800,(7212,(((14661,(2400,14440)),(12953,(6189,(3751,8382)))),(4221,15153))))),((3099,(5860,6696)),(9681,12428)))))),((13179,(3879,10956)),(1018,1452)));
(5287,((1461,7663),(10402,((7176,(((13169,(2741,14839)),(5456,12486)),(((3844,((1540,8517),(317,1945))),(9351,((3105,(3258,6733)),((726,1138),(463,7623))))),((8042,(7425,8893)),((14855,(3329,(4970,15446))),(1132,4628)))))),((3399,((5736,12771),(9275,((15409,(((14165,14554),(10847,(13757,(4629,8658)))),(((7571,(((1139,2026),(((6178,9599),(((841,12527),(12595,(7496,11838))),(8077,(7386,7770)))),(12180,(1561,(2669,13776))))),(6674,14884))),((12209,13579),((((12027,(11588,15447)),((1142,1358),(7319,9573))),(2293,((3994,14166),(13739,15431)))),(11585,(9303,12568))))),(11158,(3622,6739))))),((13078,((6695,12816),(7075,((8807,11732),(11932,12072))))),(3799,13390)))))),(4233,(10619,((1426,11648),((2036,5775),(5843,6404))))))))));
((7534,9170),(4798,((8693,10934),(1934,((((((4840,(703,12894)),((1877,10309),(10341,11693))),(12198,(2956,4853))),(4837,5393)),(((((206,8453),(4780,15279)),(8941,((1345,12563),(2151,11610)))),((1505,(4765,7831)),(2207,(8276,11114)))),((((3853,(3454,(5604,(1031,(8144,8438))))),((4055,14958),(11214,(284,(5309,(5406,8266)))))),(4409,(894,(7716,8215)))),(1891,(10366,(12216,(10682,(1039,6225)))))))),(((592,6253),(8262,8960)),(2035,(((7648,(((((560,((15645,(1645,8148)),(13706,15173))),((326,(3729,12761)),(1536,(15167,(8386,10256))))),((((2491,4367),(1454,4722)),((13758,14008),(5049,5497))),((2204,12917),(555,9057)))),(14968,(6315,8773))),((8762,(2937,6902)),(2182,2624)))),(11007,(7032,12546))),(8483,9020)))))))));
(2247,((6500,9266),((307,(((((((9033,(14875,(3547,4341))),(9483,(716,9946))),((1622,13637),(2460,3004))),(((1141,(15493,(9288,12190))),(10540,(6071,(675,13000)))),(((7293,13207),(329,15530)),(5534,(2903,(11,7727)))))),((978,(9753,15384)),(10161,12124))),((((5548,5753),(9120,15562)),(4720,((6645,(8836,(6117,15455))),((((3902,13442),(10147,11480)),(12551,(13652,(3552,(632,11733))))),((12634,(11401,(4613,13410))),(12101,12682)))))),(((5189,(7741,((3740,14021),(13109,(9748,15093))))),(6804,11637)),((5585,((6203,(8660,(1261,7536))),(4174,(1987,9160)))),(12652,(1842,(7983,(6724,9081)))))))),(((4728,14938),(1613,12257)),((((9988,(8460,(2390,9757))),(5610,7022)),(956,8308)),((2032,15492),(189,3693)))))),(733,1844))));
((12873,(6882,(9152,(2959,13422)))),(10539,(((((6652,(873,13131)),(5063,(8751,9134))),(4218,((9925,10469),(((9052,11699),(15564,(11843,13973))),(3527,14306))))),((((6283,(2335,15490)),(4913,(13235,(7807,15640)))),((9317,(6173,8688)),(5333,5410))),((((5714,(460,12012)),((1085,1226),((8936,12747),(8509,10594)))),(3912,12217)),(((((1946,(7776,10517)),((3098,(3182,(3186,7163))),(10121,(10368,(1389,6452))))),(((((6001,11934),(4100,5549)),(3987,(4461,11714))),((1409,(1339,11904)),(153,14501))),(8398,14522))),(7036,10612)),(3970,(823,6115)))))),(((15525,(7658,8366)),(10258,((2632,4132),(14672,(4707,8887))))),((11120,((4053,4346),(12034,15056))),(((14082,(8066,13298)),(8694,(4145,(2727,13585)))),(2382,(17,(7237,9249)))))))));
(3528,(9868,((8778,(10312,(((((10789,(1188,5784)),(12452,(2483,6080))),(1919,(1741,(11152,(102,7725))))),((3631,8853),(5995,(1400,(11708,12707))))),((6716,(1962,15064)),(5462,(9433,(940,(3992,15226)))))))),(((7485,(5443,6352)),(15631,((((3908,4410),(1245,8015)),((1385,(8010,12744)),((1051,(13081,(3877,8117))),((2703,(2695,10748)),((2517,12794),(1899,(9447,12925))))))),((10191,(4232,6796)),(1463,8194))))),(((9048,(7842,11929)),((((((8443,(5102,8855)),(6527,(10820,13202))),((1948,(6480,(3888,14142))),(8213,(8597,(4196,11550))))),(10057,10376)),((4457,(2524,7981)),(12531,((11418,12149),(6947,7736))))),((6308,(12533,(11685,14645))),(5460,11701)))),(((11227,13630),((5871,11026),(2205,2337))),(1387,(2900,(6897,14525)))))))));
((((((368,12282),((3094,14170),(1677,12515))),((1276,10930),(6448,(5846,7018)))),(((((2730,(5188,(5267,14352))),(6864,(2001,2934))),(13438,(9064,(2871,9886)))),((6729,((676,11504),((7625,(420,11831)),(8907,15378)))),(503,10166))),((((8459,9802),(8362,8803)),(7263,(2788,6633))),(10663,(2421,12962))))),(((4791,(7110,(3893,(3782,11726)))),((((9813,11020),(12598,(8789,14023))),(9967,(6262,(8541,10241)))),(1161,(3194,13227)))),((7117,((7081,(13366,(1396,(9776,(3632,11716))))),(((12077,(8647,(6383,((868,12633),(9970,(5603,11944)))))),((((15207,(5248,(12868,(1053,13666)))),(3569,(6217,12288))),(6396,(8716,12878))),(9624,(5220,14280)))),((5030,13820),(4750,12757))))),((12442,(5409,7343)),(892,9585))))),(1327,(11773,14215)));
(11196,(6592,((((5971,7231),(7005,9982)),((140,2753),(2819,(6148,11906)))),((((864,13643),((((10524,(836,7404)),(4042,(15614,(383,14071)))),(1234,(5001,(1735,13527)))),((8992,(9472,12975)),((6931,12950),(8816,11884))))),((((13219,(12284,(2519,10577))),(15484,(13431,(4377,11676)))),((15644,(3563,4982)),((856,(56,15020)),(4195,((15185,(316,(3510,13445))),(9208,(9313,10951))))))),((14761,15436),((7228,(10722,12244)),(6776,(13009,13654)))))),((10892,(2876,13263)),(((12872,(3360,5938)),(1711,5686)),((1942,1957),((7009,13994),(((12952,15237),(3675,5587)),(((((7827,11140),(10837,11342)),((15480,(2906,3025)),(1500,12206))),(3907,(3015,(1902,2449)))),((((6638,10346),(411,(12627,12851))),(12273,(11913,13587))),(3448,7622))))))))))));
(11360,((5258,5782),((((4490,5529),(9772,((10013,(10202,14666)),(12944,13543)))),(10137,(7322,(2250,6412)))),((((8162,(7318,11702)),((15344,(1413,15069)),(11476,(5735,12411)))),(8631,((1667,11391),(((7800,8637),(14395,(866,12040))),(((10461,11307),(251,(12437,(4713,(9682,12434))))),(7479,(9694,(15451,(4344,7672))))))))),(((((((2088,(2076,5483)),(9185,11316)),((6042,(6995,(8602,8665))),(((2271,5699),(5796,14959)),(3319,(8973,10509))))),(((9214,(511,13116)),(1698,6337)),(((7113,8957),(6992,11669)),((14062,(3642,10782)),(1799,2870))))),(1478,(9975,(10424,14960)))),(13825,(3343,(12044,(11769,((5857,(4578,5392)),(10105,12272))))))),((13853,(4848,(8183,9525))),((2584,(7280,(5043,8421))),((3490,7190),(13827,(3836,9342))))))))));
((((15557,((15126,((11847,(14890,(6987,11755))),(3042,4715))),(((579,(7758,14490)),(4590,(6818,7068))),((((15461,(13567,15565)),(((1293,7509),(8446,(4824,13815))),(11839,(15509,(169,3715))))),((((4284,10849),(2507,3255)),((5321,(13309,13468)),(13337,(77,(11051,14229))))),((6887,(5743,14814)),(14092,((346,3922),(5237,8424)))))),((9574,(11069,13773)),(5256,7303)))))),((((12125,(5813,(1759,9381))),(5371,(457,5199))),(3375,(6232,(11319,13639)))),(1391,7544))),(15208,(4965,((14610,(92,(1851,13659))),(12728,(13709,(7527,(9566,(11213,(2305,(3880,12774))))))))))),((9429,10201),(336,13519)));
(1876,((374,9435),(((8310,(5522,(507,((2059,4318),((6286,11336),(8346,(14297,(((1484,7755),(11607,13040)),(((3154,14104),(7207,7706)),((((2668,(3405,13988)),(9879,((11759,(30,6788)),(926,(5197,15217))))),(9029,(6871,8677))),((9763,(((10743,14380),(168,(5034,5707))),(((9042,11854),((1938,6495),(8542,(2356,15304)))),((10048,(7529,13347)),(1726,(4007,(1444,8422))))))),(7021,12304)))))))))))),(7864,(13481,(12056,((5947,(2192,4810)),(605,9827)))))),((((15414,(2102,8445)),(5227,5564)),(5429,(11804,(6763,13160)))),((1264,7715),(3023,((99,8076),(6576,(((459,(10012,15626)),((7442,13391),((3781,((9195,(8154,(11117,12355))),(3550,(4358,5021)))),(7192,(7634,(222,612)))))),((1372,6010),(10325,(474,11392))))))))))));
(((((299,((2533,(2118,((8444,11045),(3456,(10262,(5135,(5780,9104))))))),(15368,((12623,12776),((((10943,14495),(4417,14963)),(265,(3887,6292))),((((9768,10916),(13046,(2980,(((6111,7038),(3404,(10826,14360))),(6008,(3394,8527)))))),((2726,(9673,11083)),((741,((12465,(289,4530)),(6068,(1760,10233)))),((((12793,(8138,(919,15438))),(11820,(2164,5382))),((6618,8480),(2708,(369,9792)))),(3191,(1197,(988,3541))))))),((9671,(7799,10367)),(7262,9884)))))))),(1935,5459)),(94,(11165,((8190,(7304,(4595,(3682,10996)))),(9730,11502))))),(15660,(((1510,((11867,(1075,9784)),((7542,(14439,(4374,(6755,10165)))),(15090,(5347,(1274,14941)))))),(6367,9794)),((7753,(9687,(10906,12559))),((5298,5362),(4104,8753)))))),(7982,9952));
((((((7642,(12413,13698)),(((7838,14694),(((8306,(5966,(11015,(6528,8131)))),(11037,(5730,((3241,3677),(8744,11844))))),(3091,((13411,((10114,(797,7739)),(10406,(237,2911)))),((3457,9082),(3418,(1297,(5665,(9318,(6863,10313)))))))))),((12062,14701),(8965,(8985,13951))))),(14647,(2500,(4314,(2119,4787))))),(11386,(((((8022,(5117,15607)),(((6009,(8866,10588)),(9314,(852,10783))),(3041,(((3735,14123),(9243,15206)),((818,12709),(9707,(9346,12109))))))),(6445,(11133,13162))),((((2024,5573),(((14510,(8139,12620)),(4888,10657)),(11451,13631))),(3521,((((13751,14985),(5428,6218)),(1417,9617)),(1620,13510)))),(12221,(3206,((6647,9210),(9245,14678)))))),((10819,(3697,4842)),(1706,3931))))),(4766,(1750,4529))),(12094,(1845,5210)));
(7365,((((955,(((2481,(7516,12088)),(4942,(990,6294))),(2289,(3833,15227)))),((481,14758),(((14877,(3883,(4428,7519))),(11170,(2339,10372))),(((13770,((((137,(1462,(9383,13149))),(3671,7654)),(448,12610)),((9616,((5524,8068),((4451,10842),(7651,13655)))),((((3599,10549),(3576,10035)),(6956,8975)),(6831,(942,((5804,14913),(((14691,(5296,6236)),((4694,(14396,(14467,(((5618,11592),(10822,((13513,(6906,12359)),((12764,(1308,10051)),(((1519,5414),(466,2651)),(1776,14976)))))),((8317,12045),((13906,(2025,(7389,12514))),(106,11203))))))),(6095,8900))),(13126,(1488,(3543,(8175,(14881,(4681,9406)))))))))))))),(267,(6599,14120))),((13499,(9725,(3483,14222))),(6749,((2783,14204),(9108,13905)))))))),(8279,9696)),(1569,12669)));
(12491,(((14897,(((14956,(11216,((2779,(6157,6605)),(6692,(15608,(((((1072,6320),(1507,3214)),(7171,(5909,11013))),(((14445,(2787,3669)),(((2549,(11052,(5118,5975))),((((3995,8275),(544,7833)),(4144,(1168,12086))),((3068,8544),(2220,10794)))),(3029,((8596,(4342,6558)),((5852,9401),(10317,14057)))))),(((4825,(2801,14101)),((3558,13211),(3732,9809))),(11671,((4096,12659),((3849,((4679,(10735,(3864,13269))),(3161,8741))),((7050,(3649,(9175,(528,4534)))),(5473,((8924,(4215,9583)),(8439,(3470,4147))))))))))),((7925,8996),(5356,6519)))))))),(9000,(2636,5760))),(14462,(5241,6062)))),((4387,(8211,((5815,7403),(8839,(14781,(613,11926)))))),(7781,11534))),((4822,15148),((461,4110),(13779,(6334,(7012,(314,14011))))))));
(((13742,(8777,14061)),(((((((((10197,15442),((4653,(5633,7426)),(9011,15142))),((7344,9031),((7087,(6247,8065)),((2386,5240),(10330,(9657,(9100,15327))))))),(((2866,(3798,10000)),(5340,12812)),(8865,15689))),(((5617,(2732,9270)),(10694,(8314,12095))),(7172,(8492,(1633,(1607,2166)))))),(9444,(7234,((4040,(4952,5977)),((7856,(3653,6041)),(5160,(1648,2368))))))),((8675,(((11090,14453),(11309,(2938,10399))),(2758,11812))),(9459,(5632,10770)))),((2432,(2576,(4737,6852))),(3692,(14770,(707,((4452,5652),((9831,((7802,(2535,(2313,5096))),(4459,(4355,14740)))),(5985,13038)))))))),((11703,13933),((3080,(((5986,13736),(12921,(2450,(3958,(1472,8768))))),((557,8601),(11486,15538)))),(12325,(13476,(8186,13464))))))),(10627,10806));
((14688,(1901,12607)),(((7686,(13849,(6198,9521))),(((3770,14641),(((13498,((3501,((12120,(401,(1316,6827))),(14644,14892))),((8348,12309),(2477,7858)))),(6043,(2958,9987))),(((3337,7312),(686,7492)),(((((917,(4469,(1650,10259))),(7501,(10112,(334,13065)))),((7806,14262),(11601,(14151,14448)))),(12341,(1241,14674))),(((1369,1469),((1941,(11482,14821)),(3672,13749))),((14994,15430),((8086,13832),(7278,8135)))))))),(((((3647,((5132,14880),(1538,(8220,8228)))),(11791,14966)),(1405,(3009,(5179,5537)))),((2354,5957),((8292,(6014,7733)),(185,9647)))),(4105,(14598,(1754,7948)))))),(9157,(4322,(1204,3769)))));
(421,(((((((12259,((13093,(6750,15655)),(((5942,13574),(8181,13544)),(8864,(10741,11474))))),((1674,((11157,(5646,(6858,9515))),(4467,(11064,11742)))),(5275,5495))),(14617,(15448,(11942,(10415,11231))))),(4395,((5058,6714),(15519,(12100,12591))))),(12993,(7764,(((14696,15671),(1171,(1063,1866))),(1931,6130))))),(((311,(((8394,11816),(4598,(((((((4126,13181),(4674,(5577,10767))),((10100,10444),(5999,(11078,15005)))),((5797,13279),(11570,(1263,7679)))),((5555,(3441,9215)),(13080,((2473,8375),(1508,(13206,13731)))))),((11327,(2291,5412)),(3755,6503))),(9122,(2952,9124))))),(1584,2047))),(258,(14983,(9614,10681)))),((9207,10532),((1597,10516),((14832,(2458,15398)),(300,14629)))))),(4161,((2156,(3345,7693)),(6122,(2422,6830))))));
(2016,(((12026,12104),(1511,9740)),((((10285,(7875,(12890,13282))),(15176,(3438,6994))),(((3163,((3342,4526),(217,12389))),((3101,8337),(((658,(6205,(2897,13542))),((2887,12645),(5093,7338))),((8696,(2095,(1838,9388))),((8758,((2434,4929),((8051,(10277,(8563,((12706,13990),(6386,(7819,8611)))))),(10652,((129,(11901,12415)),(4076,((7877,((12024,14993),(12947,14850))),(13107,((((9364,12321),(10108,(4998,7851))),((2214,(6368,9541)),(((7267,8007),(2312,((2986,5789),(711,3145)))),(313,(867,10801))))),((1571,12133),(((3314,11842),(((6365,10666),(11824,12490)),(9780,((2780,4334),(6374,(8514,10860)))))),(9550,(4906,10374))))))))))))),(10703,11168)))))),(2821,((1855,10282),(7720,((15029,15537),(2129,4097))))))),(953,2521))));
(6537,((((((10435,13108),(14191,(2056,13926))),(14854,(501,5664))),((4125,9961),(6199,(1107,3124)))),((((((14212,15041),(5724,(4382,9666))),(13404,(3397,4362))),((9372,(799,2123)),(15682,(3776,5446)))),(15103,(1554,1925))),((2136,(3566,(4515,(7391,11314)))),(((((7823,15679),(14152,(6070,((4675,5098),(13020,15688))))),(6851,12298)),(12915,(5994,13800))),((5889,((6163,12387),(((10671,13013),(13627,(1152,10559))),(6409,11626)))),(751,11527)))))),(((1700,(11103,((8829,15657),(3779,12655)))),((3542,(509,1481)),(((7846,(5541,(3627,10398))),((732,(1564,10389)),((7357,(2104,9485)),(12858,(10573,(8484,11788)))))),((6919,(2623,4676)),(4386,11261))))),(11973,(2657,6961)))));
(((11183,13792),(5134,13644)),(((((12405,(7929,((11878,(12038,(2482,6849))),(1678,5136)))),(1849,8760)),(9184,11406)),(((15104,(1143,(((15168,(1357,(4094,(1212,10761)))),(261,12544)),((14750,(14408,(1539,(572,2038)))),(11220,(13769,(15318,(147,8501)))))))),(5726,(10446,((8894,10348),(1208,(4933,5535)))))),(((312,(12333,(6285,(11384,(2637,10209))))),(5121,(9319,(2964,6634)))),(9002,(12467,(85,8540)))))),((8934,(4283,8707)),(15643,(1092,(1290,14803))))));
((5636,10298),(((1513,12099),((1058,(((578,4592),((7506,(7097,14943)),(11746,13059))),((((10971,(11597,(2948,10798))),(3410,8056)),(14096,(2055,8827))),((1757,13893),(((14820,(13307,(81,(5203,14477)))),(15494,(12676,(913,14616)))),(9216,13418)))))),(4914,((1529,(5807,12689)),(11115,11402))))),(5853,(5488,((((8246,((5919,10456),((5377,14400),(7361,15184)))),(361,(3612,(11243,14606)))),(((((11795,((7841,11091),(682,12239))),((11262,(5185,7108)),(660,4711))),(((12829,(1611,(1259,11677))),(2007,(1322,1865))),(14558,(6045,(8164,15513))))),(8329,(226,(1076,4938)))),(((6076,9308),(13104,((8794,12386),(4510,10365)))),((4699,(1260,12200)),(3364,(134,11387)))))),(((1419,(10656,13845)),(456,12526)),(15474,(8785,(3691,14692)))))))));
((10626,13115),((((14585,(1210,12787)),(((((109,12911),((((12161,(7482,(7147,11042))),(14526,(4508,4638))),(((945,8862),(14377,(6325,9255))),(((11861,(2580,14685)),(2466,6926)),(12899,(3010,6375))))),(3551,(3085,(2286,2558))))),(5170,6441)),(4368,((7531,12081),(6215,(5253,(4115,10194)))))),(13199,13364))),(((7710,11922),(((1410,6415),(1182,14915)),(8633,(4258,4939)))),((499,13553),(7445,8467)))),((13265,((11916,12939),(((9413,11718),(1990,10143)),(((268,(5023,12128)),(12542,(10521,12357))),((138,5494),((728,1378),(3977,((2330,((5891,9796),(5313,(4535,7269)))),(((12722,12836),(3518,11811)),(66,6463)))))))))),((((7194,(3050,9453)),(7815,(9154,9885))),(5820,11998)),((3960,11228),(11388,(15627,(10501,(1734,14389)))))))));
((8729,12252),(((4918,(6099,11248)),((13737,(1562,5841)),(10025,14259))),(((((4887,(4751,(1267,4243))),(5526,((6177,12343),(6965,(3621,7406))))),((7922,(4587,12918)),(15397,(14126,(3598,15363))))),((6282,(7652,14568)),(((1943,(1828,8821)),((1429,1715),(4797,(11579,15473)))),(4516,(721,12360))))),(1183,(((229,10129),(4067,12903)),(12141,14000))))));
(11810,(2033,((4477,(694,(1287,8713))),((5339,(12264,(2140,(((13915,((11189,(9840,9853)),((8736,((15071,(3999,9999)),(6619,(1556,2696)))),(((532,((13986,(11850,(4425,((12713,(9928,(5067,10868))),(6907,6957))))),((2395,8735),(14991,(3409,(7859,14100)))))),(13914,(3265,14768))),(((((3371,(855,7039)),(909,1904)),(14615,(8929,12644))),(5146,8354)),(((((15500,((635,(13075,13398)),(494,6398))),(4600,(6233,11415))),(11084,(439,13310))),(10145,(6892,15108))),(11809,(9781,(14631,(2217,8416)))))))))),(11237,(6964,9005))),(11436,(9258,(12342,13559))))))),(1625,((14371,(10227,(9373,((2975,3227),(758,13930))))),(5894,(12543,(3332,15352)))))))));
(1458,(((((13865,(1567,4270)),(3427,10091)),((3055,((1319,13014),(5896,(3704,(1745,6053))))),((11340,((12954,(1218,12739)),(9908,(13705,15216)))),((8569,((8157,9984),(10034,14045))),(((5945,(9652,10480)),(1587,(5246,(5996,6951)))),((12488,12489),((14767,((1257,4303),(2858,(5802,14119)))),((2273,(10731,(831,12705))),(2258,(3315,11501)))))))))),((((13754,(6895,15076)),(8300,(6806,13501))),(213,(6933,(1201,14790)))),(7236,(11269,((4180,(8195,15639)),(2385,5453)))))),(((363,(3460,13489)),((4481,(12042,(561,(5020,11403)))),((3248,(443,15009)),(4704,(6190,14923))))),(((15365,(8873,11864)),(5649,6382)),((11159,((10518,15383),(((719,(4298,9522)),(2575,11131)),(14441,(2926,(2150,14756)))))),(11427,12891))))));
(2777,((((9586,(((13241,(4166,13351)),(1006,(2949,(12957,(10023,(1501,(15193,(4621,(1916,7588))))))))),((1490,(14379,(1690,10988))),(9461,(375,((6688,(3730,(5177,(7521,8954)))),(10266,12614))))))),(10017,(5147,12519))),(3820,(8331,(6621,14602)))),(5911,(7411,(2103,(4310,7569))))));
((((((8360,9378),(((1871,8610),((10855,13939),(3122,6984))),((4436,(10728,(6740,12730))),(9612,10167)))),((4511,((4057,(((10759,(5432,13164)),(9608,(5448,13716))),(12790,(11412,(13829,14648))))),((13839,((4937,5255),(13249,14600))),(((4958,((4643,(5837,7487)),(14483,((9001,(816,2585)),((8251,((2955,6950),(5297,((7295,(10113,(13972,(9481,(15326,(11039,11538)))))),(12098,14076))))),((4267,((677,1806),(7316,(3358,8776)))),(11514,((8290,(3288,5317)),(10984,((1329,12460),(5396,13319))))))))))),(9642,14528)),(6655,(13557,(((12770,14458),(7632,(6544,13693))),(6155,(15196,(3021,4282)))))))))),(9246,10710))),(((10493,(8341,15585)),(2845,(5053,(8593,(644,1402))))),(9618,((8557,13288),(4027,7297))))),(12983,(3719,5128))),(8518,15297));
(6698,(((((2899,((403,15512),(15016,(5915,(4124,10629))))),(808,5631)),(11541,(8396,12463))),(8664,((10884,(6530,(2757,11464))),(8630,((9674,((((3001,(3199,12854)),((((12971,15641),(15577,(8441,12548))),(3817,6230)),(12299,14970))),(((((5316,(548,3172)),(10009,(10478,(12351,(8239,15169))))),(5144,14826)),(8307,13198)),((722,5554),(8638,(5574,(4962,10445)))))),(10434,(11533,13358)))),(1181,12803)))))),(10297,12316)));
((((6823,(7380,(4870,11705))),(2020,15002)),((((2874,(7812,(2469,7825))),(3986,(14413,14608))),(((13105,(6861,9224)),(2126,11924)),(((968,(4826,13296)),(133,3634)),((((8105,(9849,10534)),(428,5658)),(493,9665)),(((((11343,(7606,8060)),(12532,15234)),(12701,(2586,9365))),(12443,(8363,(1248,4871)))),(2444,(12496,(11494,15667)))))))),(((1375,6428),(2654,5717)),((((8846,(7705,15483)),((40,(9936,(830,5637))),(2324,3109))),(7866,8552)),((((7810,(1156,2213)),(7253,(1300,(7397,8334)))),((3336,(1406,(10543,15051))),((5685,(3251,(10452,13710))),((9142,12664),((2265,(6944,(11672,13738))),((12179,(5998,14779)),(8149,14844))))))),((12936,((9171,11156),(10156,(1366,12977)))),((11281,11491),(2459,13022)))))))),(4109,12464));
(13048,(((((3081,4462),((((10863,(896,3731)),(22,(7232,(4337,13021)))),((2792,15663),(6083,11435))),(13634,(9350,14646)))),(((15405,((14038,14704),(6918,(165,4615)))),((1782,(10964,14167)),(2611,12639))),(((1159,14132),(3904,12112)),((281,3591),(5474,(10180,10648)))))),(5379,((7311,(6348,10908)),(6973,7801)))),((8463,12337),((8844,14517),(13588,(8906,(29,7892)))))));
(13558,(((((9227,(924,11304)),(4402,8440)),(2599,3366)),((11634,(7656,((5606,((11389,((3153,(15252,(13170,((((7014,((2856,10160),(1697,11763))),(15576,(1225,10679))),(12540,(6929,7576))),((((1137,5380),(6690,(1978,13570))),(343,2570)),(233,(14341,((8935,(1668,15672)),(187,5349))))))))),((2048,8380),((11245,15551),(13647,(538,11509)))))),((3419,((((13541,(608,8165)),((4571,(2789,8001)),(5584,(1162,1829)))),((12060,(1331,7540)),(14049,(5208,5343)))),(6510,((4173,5478),(3743,(691,5407)))))),(7940,(14019,(11303,(4014,12661))))))),((7927,((656,8918),(14876,(7184,8655)))),((7135,(5795,12289)),(2542,15534)))))),(6321,10016))),((11469,(14873,(8302,(6214,(12106,(7258,13586)))))),(14933,(3794,11141)))));
(8857,((7756,(1200,(5961,(12589,(1035,(3876,15089)))))),((3128,6202),(((6627,(338,10685)),(5279,12624)),(14003,(13383,(((151,7678),(355,13888)),((4059,(7191,(5467,5481))),(12090,(8176,((623,3118),((13043,(13496,15529)),(((((12306,(1442,14085)),((713,(10451,(5452,12426))),(10150,14540))),(9596,(9613,11000))),((15314,(13437,(10385,11414))),((5223,9501),(2596,(3455,(10838,(8080,(527,11554)))))))),(((1596,8909),(2594,(14725,(36,10638)))),(6534,(((((5139,7120),(1858,5365)),(15400,(1379,14637))),((3201,4908),(372,(5914,6229)))),((12881,(11067,12151)),(1456,9536))))))))))))))))));
(9793,(((((1911,15248),((4528,13294),(5602,10409))),(10280,(12480,((14565,15031),(8930,(10749,11692)))))),(((((5224,(10395,13606)),(12425,(6183,9172))),((41,(14338,(3401,15144))),(7115,12932))),(10664,(((6785,10148),((7210,7813),(2750,4771))),(2735,7008)))),(3636,(10754,(3174,11546))))),(8274,15251)));
(((((4503,(4689,11127)),(8491,(8825,(4520,5193)))),((4159,(2262,4082)),(14849,((((597,(2705,11475)),(8078,13891)),(1494,13842)),(((2923,3195),(13220,(4297,6192))),(6985,(13591,(14827,(1940,3157))))))))),(((2074,13516),(9109,12785)),(6862,(960,12558)))),((((10183,10525),(11063,12276)),(13246,(171,(2086,4531)))),(1789,((((((((525,4294),(6002,15057)),(7828,11004)),(2532,(4860,(5440,(296,7283))))),(6027,(((10709,(6616,(5055,15044))),((6007,13132),((9194,(6701,(3792,10583))),(7853,(11969,14739))))),(9338,(6047,13423))))),(3341,(10457,13373))),(10232,(13934,14649))),((((11910,15119),((5157,13086),(5173,7076))),((3827,4202),(9558,(5623,14605)))),(100,(10963,(585,8868))))))));
((3088,7240),((73,2693),((8643,((2465,12732),(14409,(1662,4393)))),(((15485,((7366,9584),(20,15549))),(((9935,12984),(2764,6981)),((14159,(9043,(5990,9143))),(1019,6394)))),(9132,((2006,6172),((3084,9957),(2013,(198,11691)))))))));
((((5229,15258),(((184,(3758,(12267,(8884,15121)))),((8018,12997),(2178,8680))),((((((4112,(((7270,10443),(5054,10872)),((2640,(11089,13899)),(536,3845)))),(5955,13708)),(11347,11895)),(2137,(7961,13148))),(((8011,((((14633,(934,(6344,14412))),(15188,(4391,15309))),(((((8765,12393),(2435,6243)),(9506,(9041,10952))),(11513,(9470,15647))),((9912,(4523,8796)),(6853,(15528,(4985,11813)))))),(4103,((12476,(3356,10957)),(7745,(7683,(785,13750))))))),(7791,9713)),(4873,(941,9376)))),(6065,(1814,((1423,4154),(14470,(5624,8493)))))))),(1817,(((13935,13978),(15253,(8685,12165))),((13007,13797),(14402,(2314,(1783,(6613,(1811,13268))))))))),(4178,((2128,5715),(487,(8349,(12174,15298))))));
((((6927,(7372,14456)),(10276,(6549,7373))),(((((8539,11649),(10306,(2914,(9477,14655)))),(15527,(((2882,11294),((3203,6078),((2539,(12594,(328,10059))),(6179,11326)))),((12154,(2749,(865,9846))),((5115,5673),(10994,(1272,9045))))))),(7594,((1377,4537),(15569,(7547,13488))))),((655,9903),((7570,9822),(6666,12900))))),(((10483,(7239,(11321,11457))),((6073,14248),(6051,(12986,14367)))),((9603,10958),(10338,(7064,15230)))));
(((14769,((6372,((14091,(13838,(7703,13035))),(12583,(6694,(((888,9716),(4562,11869)),(10621,12495)))))),(1191,4833))),(10044,(12416,14935))),((((7549,15072),(5138,(5830,(5536,(6685,6799))))),(12524,(680,11002))),((14574,(4327,6339)),((5394,(11207,(((3384,(7125,(6004,8787))),((12777,(3382,7249)),((173,15347),(5625,(1324,(6682,10289)))))),((1499,(11021,(6560,(7227,12153)))),(7421,8478))))),(((530,(9580,14257)),(5642,(3083,3327))),(((7818,(5009,9698)),((9344,12185),(7301,7742))),((3539,14187),(12805,14385))))))));
((13184,(((1002,11356),(434,8118)),(5821,10286))),((((10853,14254),(((4905,7481),(4249,5547)),((((4607,(1016,3481)),(2907,(408,1918))),(5384,6023)),((6479,10350),(7972,(1665,11682)))))),((5064,(12875,((10738,13392),(7675,13954)))),(((4354,12022),(2526,(121,1823))),(((1719,2406),(2495,(221,2935))),(((11653,12897),(37,7272)),((1320,(10591,(4213,4226))),(6120,11416))))))),(((4894,(8790,10966)),(14822,(1127,1128))),((987,(3920,5510)),(8295,12985)))));
((((3780,(3950,(5293,10739))),((((370,(12305,15630)),(2797,(14824,(5364,14527)))),((2910,11241),(14830,(8799,9345)))),(7290,13091))),(9448,(2547,(((6813,(1394,5681)),(4240,12877)),(9035,9805))))),(((4843,(4261,7832)),((7201,(2607,(2665,12847))),((12167,(64,8895)),(6889,(8209,14537))))),((8442,(11954,(4024,9431))),(7743,((2230,(4478,(8226,13062))),(((7769,13342),(8031,13526)),((7957,14834),((8892,(8644,11217)),(1527,12671)))))))));
(((1551,4143),(1317,(7446,((10835,13791),(((2563,8822),(((((2774,9743),(11268,(5085,11167))),((11054,(1014,11361)),(14451,(((5502,11444),(3373,(7333,12052))),(4022,(11035,13295)))))),(7567,(((14391,(8244,14703)),((((12973,(4994,8286)),(9310,(1043,15022))),(5300,(1415,14898))),((207,6088),(362,(1521,5764))))),(8107,13530)))),((15587,(11375,12958)),(((11310,(8971,11385)),(11099,(482,5778))),(5155,11353))))),((3254,(6955,(8761,(999,2869)))),(4212,(5404,14543)))))))),(((15290,((1635,(8659,(9883,13565))),(1692,9480))),((2537,5703),(4375,12992))),(((10037,((8920,(14729,(1153,4128))),(10229,(5266,14482)))),(10042,(6962,8258))),((11377,12254),(4546,12130)))));
((3324,((((9561,(3921,(3578,(10914,15567)))),((9783,(8267,(8385,(3708,6345)))),((10990,(9564,10791)),(4712,13505)))),((8395,14004),(12365,((15691,(1376,13883)),(((5835,11577),(7934,13447)),(12054,15677)))))),((1676,(15522,(3269,15543))),(13248,((1009,4991),(7500,11751)))))),(9273,((4208,(6914,(1791,15203))),((2148,7973),(4649,7660)))));
((((((6687,12635),(8219,14534)),(8915,15367)),(1436,(1474,(938,7259)))),(1309,(14749,((7546,(3092,9400)),((7159,(14291,15058)),(1007,14207)))))),(((12461,(((((((7778,(849,995)),(1199,11132)),(7495,9670)),(((7458,8285),((9771,12996),(9788,15491))),(13372,(4228,(2729,15134))))),(13394,((594,2689),((44,9966),((4645,9049),(10477,13189)))))),(5479,(4581,6876))),(2066,8508))),(10063,(1773,5856))),(3648,10807)));
((((8126,14036),((519,6305),(12103,((((5696,(8623,9901)),(14398,(1737,6620))),((8948,12783),(((4474,10302),(9443,9951)),(((1751,(14374,15685)),((2776,(183,2905)),(2100,11399))),((2965,(9305,(1318,1577))),(5038,8101)))))),(2199,2663))))),(15408,((12679,(6030,(9811,(435,4317)))),((6327,12105),(2812,((10342,(1841,13292)),(6770,12202))))))),(((2070,5521),(3996,9852)),((177,3063),(7993,((9775,(11740,13699)),(1736,2499))))));
((((3330,((1761,11627),(2924,13349))),(4818,(5992,9770))),(((131,((4419,(1055,10267)),(286,12758))),((5910,(5261,13008)),((3347,(9221,13713)),((((111,14759),(2336,7839)),(3159,7553)),(6978,(7093,(11432,(2029,7401)))))))),(7985,13628))),((6142,(8454,8801)),(7771,(15288,(((2380,15339),(9593,(13768,14217))),(((416,(3517,8730)),(5956,8210)),(12745,(4163,(4876,8537)))))))));
((((6743,(((((4352,14562),(14046,(4915,9165))),(8616,15617)),(755,12849)),((1681,(12019,(10431,15017))),(8024,(2548,12429))))),(4350,(((3412,5183),(1502,10049)),(4828,12030)))),((1258,7383),((((6223,14845),(9527,(5254,8062))),(2691,15221)),((3339,15349),(2940,12140))))),(((9158,(7095,12611)),(9733,(51,9111))),((7886,9426),(8519,(12234,14081)))));
((((14041,(9658,14138)),(14493,(10244,12501))),((8587,((14594,15687),(3291,(4800,9272)))),(((10542,(5793,(4141,(11510,12059)))),((8085,(7364,13120)),(9915,11784))),((9149,14422),(4411,10500))))),(((3181,8684),(961,10316)),(10486,((((13266,(((568,705),(8538,(11814,(4788,7583)))),(11994,(446,10646)))),((((1523,2159),(8981,12584)),(5840,10092)),(((800,8589),(1071,11172)),(9138,11256)))),((1332,(7178,10182)),(3934,(445,10729)))),(8400,(3368,8932))))));
((8494,((3067,8061),((7339,(14996,(1427,11629))),((((10226,13798),(5,8714)),(((3928,5953),(15095,(562,9837))),(10799,((8882,(452,9037)),(10253,(3036,(7416,(10131,14811)))))))),(13948,(306,7001)))))),(((14492,(7762,((2194,2683),((7681,12599),(11487,13767))))),((1748,15610),(4018,11786))),(13406,((3357,11121),(9843,11665)))));
(((2455,14268),(6697,12083)),(7924,((6642,(7429,7550)),(14394,((((7410,(6219,(3718,15545))),(11882,(654,(1781,(4340,6211))))),((7242,9989),(((1729,6630),(11323,(3331,5169))),(3941,13376)))),((11093,(2316,3663)),(930,2452)))))));
(((((1869,(4019,(12113,13917))),(14472,(2597,7754))),(10237,13962)),(((((8347,((4485,((5581,(1022,2423)),(6522,(15319,(14274,15419))))),((464,4557),(9464,14949)))),(8704,14324)),(6303,13764)),(15335,(3019,9724))),(10421,(702,13462)))),(11181,(12001,(772,5108))));
((6832,10473),((((981,2366),(6791,12436)),((1542,8384),(((13859,((1879,(3493,(8146,(720,5069)))),(12274,(3655,13901)))),((6713,(1099,10073)),(8013,10448))),(7991,(4992,6582))))),(6903,(10913,13427))));
((((((1861,3193),(15199,(6438,13761))),(((8189,12446),(397,(10154,(5426,9509)))),(6210,12173))),((3652,(12766,(2692,12183))),(13400,(8808,9101)))),(2028,3133)),(((((5550,13875),(3775,(12037,(11555,14169)))),(((6049,(10689,(14035,(238,8556)))),((794,(1038,1096)),(891,7641))),(8242,(10800,(12963,(1089,5345)))))),(1843,7323)),(3917,(736,3976))));
(((2885,(10836,(4656,(11967,13635)))),(23,5659)),(((10871,14478),((6276,(5283,14245)),((((4923,8878),(2225,7444)),(3625,(2522,9539))),((12850,(((7017,(5913,((2766,11959),(3709,7532)))),(7335,10866)),((12290,12602),(13667,(2626,(4455,4789)))))),((757,10384),(4398,9668)))))),(1124,(2984,8875))));
((((6209,15583),(9504,12550)),(5232,(12512,((1574,14010),(((9823,10175),(4175,12170)),(6075,7452)))))),((2916,((13417,(1956,(2778,((586,11305),(5007,8417))))),(8287,(4740,(2281,12791))))),(9756,(2913,4086))));
(((((303,13441),(5419,15623)),((4786,8522),((1247,2264),((3458,4384),(14425,(2554,9825)))))),(649,3403)),(14444,(((6310,14805),(((5198,10177),(7206,(7565,(1973,12695)))),(((4011,(43,14853)),(9942,(13407,(5827,14894)))),(45,5890)))),(((8351,14084),((5415,10252),(9387,(1803,8576)))),(13495,(6513,12866))))));
((((15128,(((10978,(7358,9440)),((11325,(3443,14819)),(10101,(1411,6533)))),(2904,14734))),(7986,12182)),((15508,(7256,11539)),(8763,(6778,9973)))),(((7949,(13629,(10949,15606))),(9147,(4015,((11580,14234),((152,11289),(3416,12684)))))),((((4,(10496,(7721,11975))),((341,(9309,(1449,4869))),(10839,(13223,13303)))),(10659,(2647,4043))),((12832,(5445,14508)),(6744,11600)))));
((((14613,(10414,(7704,14731))),(5080,12374)),(((7600,12237),(8017,(333,(302,(522,12675))))),(6921,9732))),(((5378,(6152,(10459,14094))),((((9882,10086),(7266,9538)),(3898,(8942,14665))),(6573,((8023,9638),(3788,13923))))),(2243,4858)));
((5777,(13231,(2180,12702))),((((14286,(3943,14434)),(5798,15690)),(12508,(13759,(11108,12535)))),((6847,6915),(11081,((1154,11803),(3095,((1566,15277),((7003,(13696,(1718,10909))),((1816,9812),(1808,6834))))))))));
((8504,(12597,((3372,12700),((1713,14295),((((4862,6826),(1878,3292)),(3295,10695)),(3176,9557)))))),((((((10004,15316),(6098,(1790,4539))),((6266,(1723,9229)),(10378,12663))),((8094,13480),(((438,2041),(7296,(5310,11233))),((9091,15554),(12681,(10465,11952)))))),(15276,(1251,(14864,(5476,6437))))),(3579,(11429,((13024,(3220,14211)),(619,11918))))));
(((((6953,(9086,(2190,9278))),(9489,(4038,8983))),(7508,(2619,12823))),(8343,(6338,12394))),((2847,(546,8793)),((14728,14802),(((4400,11848),(2790,6055)),(1504,(8661,((15030,(3296,(13474,(3285,3733)))),(12880,13938))))))));
(2921,(1972,(715,((((3587,((2583,(704,5563)),(11956,14115))),((((1929,15496),(2373,9897)),((3722,10561),(11234,15638))),(943,(14621,15600)))),((3813,(5178,10343)),(599,(1834,9904)))),(8813,(2551,7589))))));
(((15337,(7180,((15624,(7713,13533)),(((1988,(13745,14210)),(1246,3858)),((5024,6440),(5025,(4026,11113))))))),(8087,(1807,(7895,10084)))),((6252,11421),((((8221,(9532,(3432,(13801,15548)))),(((9418,(75,3760)),(1549,(6397,14028))),(6857,7896))),(10658,(3534,8811))),(7427,(11689,((8977,(10439,(3984,6508))),(13424,15086)))))));
(((15,642),((((12326,(4070,(5941,13194))),(7359,15673)),((9490,12799),(9250,(4902,15054)))),((8288,(4222,9790)),(14712,(12275,(9968,(8330,(1530,2883)))))))),(((5387,12870),((6909,(6491,13375)),(6446,7082))),(5745,(4498,5689))));
(((4907,((1042,(12629,(653,3774))),((4231,(4392,((8004,13720),(4293,(5688,12567))))),((2720,9452),(8723,12242))))),(1088,11885)),(7860,11680));
(4805,((15166,(12630,(4954,13970))),((4345,15597),((6712,((14632,(3,13672)),(3796,5126))),((5740,(8914,14570)),(6979,((1728,1922),(12685,14778))))))));
(((3333,(5207,10181)),(6790,9334)),((4056,9099),((14022,(15010,(4716,(4813,(6815,12590))))),(6506,14636))));
(((10987,((3293,5045),(96,10669))),(2942,(3720,(440,14783)))),((((6948,13593),(2791,14376)),(((11147,13274),(69,6411)),(8427,(15105,(5562,6968))))),(6475,(1176,3800))));
((1149,((911,(7470,14593)),(2898,13619))),(15074,((626,4910),(3408,(13651,(12168,(3538,5523)))))));
((15135,(3221,((7661,13539),(((12619,14862),((12763,(15161,(10326,(2544,11790)))),(10927,13810))),(3102,(3180,(4142,12613))))))),((9924,(1762,9950)),(730,(10130,15602))));
((240,((13514,((5728,(1431,1881)),(9062,(6105,6370)))),(10218,(((2108,7667),((5954,6624),((1325,11886),(6304,((5050,15478),(3990,10566)))))),((6982,12338),(214,10716)))))),(4049,7381));
((8881,10103),(((7852,10274),((10773,(5214,(15303,(7466,13455)))),((4183,7355),(5076,13653)))),(6703,9282)));
((768,3317),((9200,(13234,(3039,8163))),(((((9051,(7385,9146)),(382,15634)),(8477,9050)),(12942,(3596,13025))),(2480,12438))));
((11983,13114),(((1859,(9363,(3673,11184))),((2145,6092),(13015,(6126,(8888,9274))))),(5766,(8943,(9513,(15591,(13192,15599)))))));
(((3471,6969),(7814,(4029,5976))),(9476,(((6525,9271),(1219,(12688,(4799,9552)))),(6591,8879))));
(((9030,(3242,14148)),(14981,(4021,4680))),(12379,((6884,(4945,(8700,(2994,(7307,(6566,15006)))))),(11043,14347))));
((10484,(11456,(699,6314))),(3495,3957));
((10005,(631,(((1914,4647),(9854,(3748,5372))),(9834,(8854,(6517,15183)))))),(9940,(3665,10423)));
((10575,((15255,(881,10185)),(10133,13813))),(3100,3475));
((3795,8858),(11279,(10386,(3052,(9180,(8049,15145))))));
((((2168,11230),(5238,5491)),(7340,(8241,13725))),(1292,6773));
((15194,((567,(3937,14721)),(444,(9594,12364)))),(4899,(6221,(14714,(8897,9315)))));
(13152,((1367,(6795,13316)),(3386,(5244,13466))));
(((5859,14744),(8091,15245)),((2410,14139),(4306,7573)));
(15340,(2884,(6280,(9697,12631))));
(14990,((5828,(14524,(1588,6604))),(9063,14359)));
((685,9890),(5323,8167));
(1999,(1086,7971));
(10162,(9336,9963));
